osm_id,latitude,longitude,source_type,name,industrial,power,plant_source,landuse,man_made,operator
node_431288185,29.9541629,77.4496894,INDUSTRIAL,Bidvi Sugar Mill,,,,,works,
node_496730218,28.7786707,77.1428523,INDUSTRIAL,Pyare Lal Ashok Leyland,,,,,works,
node_568506755,28.2620915,83.9573112,INDUSTRIAL,Carpet Factory,,,,,works,
node_597102382,30.3716034,76.4746896,INDUSTRIAL,Milkfed,,,,,works,
node_597104344,30.6995724,76.7928206,INDUSTRIAL,Central Warehouse,,,,,works,
node_778367081,30.739732,75.6872398,INDUSTRIAL,Brick Kiln,,,,,works,
node_818438933,31.3794525,75.8255419,INDUSTRIAL,GNA,,,,,works,
node_916542416,30.8648284,75.8654946,INDUSTRIAL,Dashmesh nickeling industry,,,,,works,
node_917866068,30.8702514,75.868472,INDUSTRIAL,Komal Metal Works,,,,,works,
node_918130248,30.8661711,75.8609915,INDUSTRIAL,Krishna Industries,,,,,works,
node_918130250,30.8667056,75.8605343,INDUSTRIAL,Nippi Motors,,,,,works,
node_918130295,30.8661154,75.8613538,INDUSTRIAL,Rattan Industries Corporation,,,,,works,
node_918130321,30.8660066,75.8609962,INDUSTRIAL,Sharma Industries,,,,,works,
node_918130324,30.8670816,75.8614438,INDUSTRIAL,A.B Machine Tools(Shaper-Lathe-Planner),,,,,works,
node_918137567,30.8658053,75.861395,INDUSTRIAL,Bharat computer Dharam Kandha,,,,,works,
node_918309756,30.8612447,75.8660297,INDUSTRIAL,Hatth Khaddi,,,,,works,
node_918520857,30.86779,75.8624991,INDUSTRIAL,Cycle Parts Manufactures,,,,,works,
node_918520880,30.8678516,75.8625056,INDUSTRIAL,BBH Gears,,,,,works,
node_918521019,30.8676548,75.8624957,INDUSTRIAL,Deep Press Tools(Office),,,,,works,
node_918521020,30.867272,75.8628543,INDUSTRIAL,Depot(Government),,,,,works,
node_918521049,30.8658628,75.8624743,INDUSTRIAL,Jaspal Boaring Company,,,,,works,
node_918521091,30.8680394,75.8624767,INDUSTRIAL,Dayal Enterprises,,,,,works,
node_918521111,30.8664709,75.8628097,INDUSTRIAL,Shukdev Singh & Son's,,,,,works,
node_919346282,30.8693565,75.8645714,INDUSTRIAL,Rattan International Steel Works,,,,,works,
node_919347333,30.8688986,75.8645644,INDUSTRIAL,Mocsow Bicycle Company,,,,,works,
node_919393140,30.8719316,75.8613636,INDUSTRIAL,Industry,,,,,works,
node_919601744,30.8660587,75.8667381,INDUSTRIAL,Kanda Oil & Mill Stone,,,,,works,
node_919601756,30.8664462,75.866777,INDUSTRIAL,A-One Traders,,,,,works,
node_919601760,30.8690976,75.8668644,INDUSTRIAL,Shiv Motors,,,,,works,
node_919601782,30.8667536,75.8668042,INDUSTRIAL,Jay Ess Enterprises,,,,,works,
node_919601792,30.8657694,75.8654348,INDUSTRIAL,Major Singhs & Bros Machine Pvt. Ltd,,,,,works,
node_919601811,30.8669412,75.8669356,INDUSTRIAL,Patna Sahib Computer Kanda(Capacity 60 ton),,,,,works,
node_919601817,30.8673496,75.8640787,INDUSTRIAL,Blue Stallon Equipment,,,,,works,
node_919601819,30.8661155,75.8636119,INDUSTRIAL,Walia Traders(Cycle parts),,,,,works,
node_919601820,30.8658937,75.8635639,INDUSTRIAL,Sohal Auto Spare Parts,,,,,works,
node_919601827,30.8667128,75.864979,INDUSTRIAL,Hardeep Electricals Work,,,,,works,
node_919605066,30.8701513,75.8592698,INDUSTRIAL,Khurana Computer Dharam Kanda,,,,,works,
node_919687893,30.8697182,75.8593413,INDUSTRIAL,Balco Manufacturers,,,,,works,
node_919687896,30.8684259,75.8592804,INDUSTRIAL,Ahmedgarh Bricks & Sales Office,,,,,works,
node_919687923,30.8674098,75.8592662,INDUSTRIAL,Bharat Industrial Corporation,,,,,works,
node_928527387,30.7086666,75.9442975,INDUSTRIAL,village bekhi - brick klin,,,,,works,
node_939131964,30.8627007,75.9203043,INDUSTRIAL,Prem Steels,,,,,works,
node_939131972,30.8620281,75.9193136,INDUSTRIAL,Shiv Company,,,,,works,
node_939131998,30.8617542,75.9213062,INDUSTRIAL,Gahir Dharm Khanda,,,,,works,
node_949885001,30.8651037,75.8713275,INDUSTRIAL,Main Chimney ESS-WAY Industries,,,,,works,
node_976413365,30.8612244,75.9206512,INDUSTRIAL,Technocoat Industries,,,,,works,
node_976455811,30.8620187,75.9181578,INDUSTRIAL,Standred House Industries,,,,,works,
node_1008530963,30.9294894,77.1142253,INDUSTRIAL,Solan Brewery,,,,,works,
node_1335878279,30.9261312,74.6124908,INDUSTRIAL,Commisioner's Office,,,,,works,
node_1336000164,30.9503731,74.6104792,INDUSTRIAL,PUDA office Ferozepur,,,,,works,
node_1344435665,30.923183,74.6212996,INDUSTRIAL,Bhagwan Soap Mills,,,,,works,
node_1392920951,27.6944516,84.4223298,INDUSTRIAL,SPARC Incorporation,,,,,works,
node_1743108333,30.8748863,75.85941,INDUSTRIAL,Super Stamp,,,,,works,
node_1743115559,30.8861494,75.8581383,INDUSTRIAL,Sukhneel Printer,,,,,works,
node_1830611262,30.7117482,76.6929751,INDUSTRIAL,Amson Transformers,,,,,works,
node_1830612202,30.7141211,76.6897966,INDUSTRIAL,AVON,,,,,works,
node_1830613521,30.7137636,76.6895554,INDUSTRIAL,EON INFOTECH LTD.,,,,,works,
node_3092649927,27.2085922,78.0433102,INDUSTRIAL,Gatte Ki Factory,,,,,works,
node_3092751625,27.2064921,78.0422154,INDUSTRIAL,Janrater Factory,,,,,works,
node_3141255552,28.0457698,83.7435944,INDUSTRIAL,Grinding Centre,,,,,works,
node_3329652244,30.4202512,74.5216376,INDUSTRIAL,Setia Paper Mill,,,,,works,
node_3431050306,30.4547321,76.56603,INDUSTRIAL,Mukat Pipes Pvt. Ltd.,,,,,works,
node_3431050325,30.5038179,76.6245051,INDUSTRIAL,Shahi Furniture Works and Hotel,,,,,works,
node_3431050334,30.5076902,76.6358197,INDUSTRIAL,Wood Works,,,,,works,
node_3886020110,30.5570903,77.7968301,INDUSTRIAL,Chibro Power Plant,,plant,hydro,,,Uttarakhand Jal Vidyut Nigam Limited
node_3972678475,28.691576,76.954694,INDUSTRIAL,Rohit Industries Group Private Limited,,,,,works,
node_4191190753,28.2131469,83.9851873,INDUSTRIAL,Hanger and Dummy House,,,,,works,
node_4356767290,30.8904826,75.862385,INDUSTRIAL,K B Machine Tools,,,,,works,
node_4457846504,27.8370706,84.9615026,INDUSTRIAL,Iron Hitting Place,,,,,works,
node_4597704995,30.9659912,76.8055639,INDUSTRIAL,VIOWN Mettube,,,,,works,
node_4711379875,25.4802743,78.5590933,INDUSTRIAL,Baidyanath,,,,,works,
node_4713935389,30.8920568,75.8558286,INDUSTRIAL,,,,,,works,
node_4714556291,30.8752122,75.9355782,INDUSTRIAL,Power Transmission Industries,,,,,works,
node_4976468647,28.7361944,76.8878048,INDUSTRIAL,Ramdas Bhatta,,,,,works,Ramdas
node_4976487056,28.7340981,76.8953483,INDUSTRIAL,Barahi Main Power Station,,plant,,,,
node_4976496445,28.7341159,76.8953765,INDUSTRIAL,Mini Power Stataion,,plant,,,,
node_4999032223,23.5024536,77.0794642,INDUSTRIAL,,,,,,works,
node_5059714879,26.6231943,76.0149477,INDUSTRIAL,RMC SWITCH GEARS LIMITED,,,,,works,
node_5132132358,27.6038201,83.4732493,INDUSTRIAL,Gandaki Chiura Udhyog,,,,,works,
node_5293574643,27.1844098,83.2519015,INDUSTRIAL,Brick Factory,,,,,works,
node_5301754360,31.2148204,75.1974776,INDUSTRIAL,Dhawan Ice Factory,,,,,works,
node_5309822929,27.1860372,83.2629576,INDUSTRIAL,Brick Factory,,,,,works,
node_5334575312,27.1573766,83.188536,INDUSTRIAL,Brick Factory,,,,,works,
node_5420522961,28.0701189,81.673919,INDUSTRIAL,Krishna Rice Mill,grinding_mill,,,industrial,,
node_5431594927,28.2777452,83.9349742,INDUSTRIAL,Pandab Metal engineering,,,,,works,
node_5434552548,28.291264,83.8773644,INDUSTRIAL,Sanjog Block Udhyog,,,,,works,
node_5440501120,28.2660391,83.9751095,INDUSTRIAL,Jivan Metal Industries,,,,,works,
node_5440501727,28.2624624,83.9729543,INDUSTRIAL,Pathi Vara Metal Udhyog,,,,,works,
node_5470204418,28.217688,83.9846957,INDUSTRIAL,Suva Buddha Darsan Furniture Industry,,,,industrial,,
node_5470204420,28.2172496,83.9841136,INDUSTRIAL,P.K Agro Industry,,,,industrial,,
node_5517629160,28.1419717,84.0881297,INDUSTRIAL,Majdhur Furniture Udoyog,,,,,works,
node_5517629198,28.13516,84.0802447,INDUSTRIAL,OM Shiva Sakti Etta Dipo,,,,,works,
node_5517629205,28.1343951,84.0811263,INDUSTRIAL,Jaya Shree Ganesh Kapas Udoyog,,,,,works,
node_5550645146,28.1912448,83.9572594,INDUSTRIAL,Bhandari Chaumin Udhyog,,,,,works,
node_5552008195,28.236409,83.9851188,INDUSTRIAL,Narayani Bread Factory,,,,,works,
node_5571115941,28.2320332,83.9840131,INDUSTRIAL,Panchakanya Aluminium Industries,,,,,works,
node_5598644135,28.2174623,84.0319253,INDUSTRIAL,Lk Block Udhyog,,,,,works,
node_5712632666,30.4537626,75.345376,INDUSTRIAL,Gobind coach builders,,,,,works,GC
node_5755951121,30.3360187,76.8804009,INDUSTRIAL,Global Marketing Empire,,,,,works,
node_6016490290,25.1955377,84.9964862,INDUSTRIAL,brickworks,,,,,works,
node_6029912416,27.1493022,84.9711111,INDUSTRIAL,Nuplast Industries Private Limited,,,,,works,Ms. Pragya Baid
node_6029912417,27.1489072,84.9717079,INDUSTRIAL,Ganapati Vanaspati Pvt. Ltd.,,,,,works,Mr. Pawan Kandel
node_6029912418,27.1489292,84.9729814,INDUSTRIAL,Nandan Ghee And Oil Industries Pvt. Ltd.,,,,,works,
node_6038799488,28.2683277,83.7213249,INDUSTRIAL,Mill,,,,,works,
node_6139812901,28.2476306,81.2827957,INDUSTRIAL,Taratal Itta Udhyog,,,,,works,Tanka Prasaad Paudel
node_6439721471,30.8963227,75.8612429,INDUSTRIAL,Jaura Street,,,,,works,Jaura Electroplating Works
node_6468953783,28.4149485,77.0534208,INDUSTRIAL,,,,,,works,
node_6587421898,28.4643523,77.3073518,INDUSTRIAL,Himgiri Textiles,,,,,works,Ajay Saboo
node_6830349472,28.2722059,83.8764538,INDUSTRIAL,Coffee Processing Center,,,,,works,
node_6830349482,28.2705246,83.8784198,INDUSTRIAL,Sahakari Rice Mill,,,,,works,
node_6830428827,28.2758236,83.8576596,INDUSTRIAL,Rice Mill,,,,,works,
node_6833846860,28.2812943,83.7867352,INDUSTRIAL,Salyan Rice Mill,,,,,works,
node_6835548385,28.5369029,77.4108464,INDUSTRIAL,SPM MEDICARE PVT. LTD.,,,,,works,
node_6901961046,28.2825839,83.8352081,INDUSTRIAL,Rice Mill,,,,,works,
node_6901961057,28.28087,83.8314594,INDUSTRIAL,Rice Mill,,,,,works,
node_6901961066,28.2787054,83.8332193,INDUSTRIAL,Tika Rice Mill,,,,,works,
node_6904934415,28.2695194,83.8136297,INDUSTRIAL,Rice Mill,,,,,works,Padam Bahadur Gurung
node_6905117246,28.2654078,83.8257768,INDUSTRIAL,Rice Mill,,,,,works,
node_6907751232,28.2663066,83.8258204,INDUSTRIAL,Aaran,,,,,works,
node_6907784487,28.2682704,83.8166459,INDUSTRIAL,Manisha Sellar Rice Mill,,,,,works,
node_6911459268,28.3262651,83.7501606,INDUSTRIAL,Rice Mill,,,,,works,
node_6911701111,28.299311,83.8014089,INDUSTRIAL,New BUddha Rice Mill,,,,,works,
node_6915291178,28.2872452,83.8314745,INDUSTRIAL,Ishwor Rice Mill,,,,,works,
node_6961468738,30.9237746,74.9584904,INDUSTRIAL,Zira Sugar Mill,,,,,works,
node_6968340300,28.2971052,83.7673516,INDUSTRIAL,Sirjana Metal Works Aluminium & Steel,,,,,works,
node_6968340301,28.2969393,83.7674689,INDUSTRIAL,Lamgadhe Aluminium & Metal Udhyog,,,,,works,
node_6968340303,28.2966157,83.7671725,INDUSTRIAL,Ankit ALuminium Ghrill Udhyog,,,,,works,
node_6968340313,28.2959541,83.7665841,INDUSTRIAL,Sai Ghrill Udhyog,,,,,works,
node_6968340325,28.2956498,83.7671296,INDUSTRIAL,R P Motercycle Workshop,,,,,works,
node_6972226624,28.300193,83.7869076,INDUSTRIAL,Durga Concrete Block Factory,,,,,works,
node_6972767122,28.298629,83.7997144,INDUSTRIAL,Furniture,,,,,works,
node_6972767127,28.2980174,83.8014163,INDUSTRIAL,Dhaneko Furniture,,,,,works,
node_6972767132,28.2972864,83.8029894,INDUSTRIAL,Bishal Furniture Factory,,,,,works,
node_6972997173,28.2999032,83.7970926,INDUSTRIAL,Jiwan Joti Rice Mill & Cold Stores,,,,,works,
node_6978890698,28.3249606,83.7931457,INDUSTRIAL,,,,,,works,
node_6978890988,28.3592579,83.8110987,INDUSTRIAL,Mira Rice Mill,,,,,works,
node_6979083222,28.3154096,83.7920514,INDUSTRIAL,Tomijung Mothers Rice Mill,,,,,works,
node_6998159097,28.2971943,83.786113,INDUSTRIAL,Rice Mill,,,,,works,
node_7000700462,28.2986031,83.7675172,INDUSTRIAL,Dudhey Pauroti Udhyog,,,,,works,
node_7000701357,28.2947795,83.7707097,INDUSTRIAL,Rice Work,,,,,works,
node_7005597792,28.2808998,83.7815934,INDUSTRIAL,Rice Mill,,,,,works,
node_7005598093,28.2766788,83.7979435,INDUSTRIAL,Rice Mill,,,,,works,
node_7040617844,30.8419412,76.1873088,INDUSTRIAL,Baraf da karkhana,,,,,works,
node_7171375206,30.2364485,74.9108692,INDUSTRIAL,"Jay Bee Industries, Malout Road, Bathinda",,,,,works,
node_7362086085,30.7884221,75.917675,INDUSTRIAL,,,,,,works,
node_7731231285,30.7136761,76.6945946,INDUSTRIAL,Rockpecker Pvt Ltd,,,,,works,Tushar Dhawan
node_7799730063,30.8793504,75.9365414,INDUSTRIAL,Ganpati Metal Products,,,,,works,Tejas Jindal
node_7847783226,29.7035452,77.860741,INDUSTRIAL,,,plant,,,,
node_7931468932,25.3424117,82.4816491,INDUSTRIAL,Prabhat International,,,,,works,Carpet Manufacturing and Exporting
node_8047596086,28.8462874,76.188954,INDUSTRIAL,Sri Sai Spintex,,,,,works,
node_8189734005,27.9605324,83.8007089,INDUSTRIAL,Ek Brand,,,,,works,
node_8189774392,27.9752783,83.7411157,INDUSTRIAL,Indreni Bangur Palan Udhyog,,,,,works,
node_8189795766,27.9707751,83.7314206,INDUSTRIAL,Adhikhola Crusher Udhyog,,,,,works,
node_8189797797,28.0030494,83.7700918,INDUSTRIAL,Pragati Itta Udhyog Dauwa,,,,,works,
node_8384011590,27.6398787,84.3929919,INDUSTRIAL,Bhawani Dairy,,,,,works,BDC Foods
node_8458445091,28.7596812,80.5768592,INDUSTRIAL,Jay Durga Itta Udhyog,,,,,works,
node_8460552570,28.740151,80.5808739,INDUSTRIAL,HMT Fruit Processing Center,factory,,,industrial,,
node_8460751951,28.7437713,80.5776835,INDUSTRIAL,Nepal M.D. Food,,,,industrial,,government
node_8460751954,28.7552954,80.5647,INDUSTRIAL,Nabin Dana Udhyog,,,,,works,
node_8460751955,28.7369723,80.5712813,INDUSTRIAL,Kailali Concreate Udhyog,,,,,works,
node_8463781453,28.7650116,80.5577069,INDUSTRIAL,RP Agro Industry,,,,,works,
node_8463781463,28.747578,80.5650263,INDUSTRIAL,Lamsal Dana Udhyog,,,,,works,
node_8463781466,28.7362651,80.5684391,INDUSTRIAL,Godawari Floor Mill,,,,,works,
node_8463925010,28.747865,80.5751559,INDUSTRIAL,Shiv Shikhar Agro Pvt Ltd,,,,,works,
node_8463925011,28.747265,80.5747356,INDUSTRIAL,laxmi Roto Packing,,,,,works,
node_8463925014,28.7500454,80.5950945,INDUSTRIAL,Bramha Ayurved Uddhyog Pvt.Ltd,,,,,works,
node_8463925016,28.7540547,80.5953604,INDUSTRIAL,Kalpana Trinetra Krishi Firm,,,,,works,
node_8464290318,28.750559,80.6702378,INDUSTRIAL,Swasthik Itta Bhatta,,,,,works,
node_8464399515,28.7464412,80.6701554,INDUSTRIAL,Icchya Rice Mill,,,,,works,
node_8464399516,28.7523044,80.6686787,INDUSTRIAL,Bhagrathi Itta Udhyog,,,,,works,
node_8614223517,30.8116519,76.0089058,INDUSTRIAL,Yerik,,,,,works,
node_8620783397,29.3739531,76.9683004,INDUSTRIAL,Mehak Handloom Industries,,,,,works,
node_8665936347,27.8469867,78.3259738,INDUSTRIAL,,,,,industrial,,
node_8665936358,27.7649764,78.3126249,INDUSTRIAL,,,,,industrial,,
node_8665936359,27.8242549,78.3264518,INDUSTRIAL,,,,,industrial,,
node_8665936360,27.8328034,78.3248053,INDUSTRIAL,,,,,industrial,,
node_8665936361,27.8378601,78.3213884,INDUSTRIAL,,,,,industrial,,
node_8665936362,27.8462823,78.3154222,INDUSTRIAL,,,,,industrial,,
node_8665936365,27.8392847,78.311846,INDUSTRIAL,,,,,industrial,,
node_8665936366,27.8392064,78.3095798,INDUSTRIAL,,,,,industrial,,
node_8665936367,27.8460951,78.310719,INDUSTRIAL,,,,,industrial,,
node_8665936368,27.8481439,78.3047361,INDUSTRIAL,,,,,industrial,,
node_8665936369,27.8481898,78.3018137,INDUSTRIAL,,,,,industrial,,
node_8665936371,27.8499175,78.2877382,INDUSTRIAL,,,,,industrial,,
node_8665936372,27.8535409,78.2685096,INDUSTRIAL,,,,,industrial,,
node_8665936373,27.8492371,78.2768529,INDUSTRIAL,,,,,industrial,,
node_8665936374,27.8504373,78.2747866,INDUSTRIAL,,,,,industrial,,
node_8665936375,27.8439546,78.2670312,INDUSTRIAL,,,,,industrial,,
node_8665936376,27.8453842,78.2704982,INDUSTRIAL,,,,,industrial,,
node_8665936378,27.8913122,78.3089898,INDUSTRIAL,,,,,industrial,,
node_8665936379,27.9227298,78.2949316,INDUSTRIAL,,,,,industrial,,
node_8665936380,27.925098,78.2923205,INDUSTRIAL,,,,,industrial,,
node_8681472939,31.055959,77.8225297,INDUSTRIAL,Sawra Kuddu hydro power station,,plant,hydro,,,
node_8703128547,27.8638528,78.2418196,INDUSTRIAL,,,,,industrial,,
node_8703128548,27.8314777,78.2109817,INDUSTRIAL,,,,,industrial,,
node_8703128549,27.8174355,78.2327199,INDUSTRIAL,,,,,industrial,,
node_8703128550,27.8133566,78.2359285,INDUSTRIAL,,,,,industrial,,
node_8807203235,27.0328361,84.7698949,INDUSTRIAL,,,,,,works,
node_8834022653,28.8936463,77.1009379,INDUSTRIAL,CORONET ENGRS FACTORY,,,,,works,
node_8891960405,27.9156023,78.2337972,INDUSTRIAL,,,,,industrial,,
node_8891960406,27.916581,78.2291195,INDUSTRIAL,,,,,industrial,,
node_8909248300,30.836909,76.9693694,INDUSTRIAL,Hanoor,,,,,works,
node_8909948278,27.6226265,75.1612927,INDUSTRIAL,Wood Factory,,,,,works,
node_9116608937,28.1500542,81.5753632,INDUSTRIAL,NBI brick industry,,,,,works,
node_9116656805,28.1540171,81.5899738,INDUSTRIAL,OPC Brick Industry,,,,,works,
node_9184096670,28.007834,78.0525018,INDUSTRIAL,,,,,industrial,,
node_9188355361,27.9857897,77.7407706,INDUSTRIAL,,,,,industrial,,
node_9189667732,28.0770732,77.9697749,INDUSTRIAL,,,,,industrial,,
node_9200975006,27.963558,77.8670528,INDUSTRIAL,,,,,industrial,,
node_9205692722,28.0895106,78.3343691,INDUSTRIAL,,,,,industrial,,
node_9212287567,29.4342997,77.4035096,INDUSTRIAL,,,,,industrial,,
node_9212307959,29.4711642,77.4051726,INDUSTRIAL,,,,,industrial,,
node_9212307960,29.4709494,77.4012136,INDUSTRIAL,,,,,industrial,,
node_9212308365,29.346307,77.3682225,INDUSTRIAL,,,,,industrial,,
node_9212308368,29.3695348,77.3537063,INDUSTRIAL,,,,,industrial,,
node_9214210540,29.5288165,77.3795307,INDUSTRIAL,,,,,industrial,,
node_9214440236,29.6064932,77.2784597,INDUSTRIAL,,,,,industrial,,
node_9242508976,28.0132656,81.7075036,INDUSTRIAL,Salman Gril Udhyog,,,,,works,
node_9243670181,28.012863,81.7126101,INDUSTRIAL,Rice Mill,,,,,works,
node_9249691195,28.0665617,81.6884287,INDUSTRIAL,Jay Nepal Udhyog Crasar,,,,,works,
node_9252032673,27.9135619,84.8894892,INDUSTRIAL,new block udyog,,,,,works,
node_9406917370,28.108285,84.2163192,INDUSTRIAL,,,plant,solar,,,
node_9406917371,28.1107503,84.2235575,INDUSTRIAL,,,plant,solar,,,
node_9498406680,25.3821158,83.5417809,INDUSTRIAL,,,,,industrial,,
node_9498406684,25.402295,83.4953833,INDUSTRIAL,,,,,industrial,,
node_9498406687,25.3911497,83.4934295,INDUSTRIAL,,,,,industrial,,
node_9498406688,25.3904457,83.5133848,INDUSTRIAL,,,,,industrial,,
node_9498406689,25.3945311,83.5114309,INDUSTRIAL,,,,,industrial,,
node_9498449599,25.2407265,83.3968069,INDUSTRIAL,,,,,industrial,,
node_9498449600,25.2399865,83.3948411,INDUSTRIAL,,,,,industrial,,
node_9498449601,25.2306424,83.3984065,INDUSTRIAL,,,,,industrial,,
node_9498491133,25.2520433,83.3990831,INDUSTRIAL,,,,,industrial,,
node_9498491134,25.2503385,83.3988749,INDUSTRIAL,,,,,industrial,,
node_9498491135,25.2502097,83.3978393,INDUSTRIAL,,,,,industrial,,
node_9498491136,25.2509927,83.3967873,INDUSTRIAL,,,,,industrial,,
node_9498491137,25.2507548,83.3959873,INDUSTRIAL,,,,,industrial,,
node_9498491138,25.2519046,83.3951435,INDUSTRIAL,,,,,industrial,,
node_9505671691,25.3713905,83.3678072,INDUSTRIAL,,,,,industrial,,
node_9505671692,25.2465072,83.3762265,INDUSTRIAL,,,,,industrial,,
node_9505671693,25.2434013,83.3866194,INDUSTRIAL,,,,,industrial,,
node_9505671694,25.2374782,83.3823071,INDUSTRIAL,,,,,industrial,,
node_9505671695,25.2373234,83.3841552,INDUSTRIAL,,,,,industrial,,
node_9505671696,25.2358167,83.3872241,INDUSTRIAL,,,,,industrial,,
node_9505671697,25.2347745,83.387726,INDUSTRIAL,,,,,industrial,,
node_9505671698,25.2348157,83.3813602,INDUSTRIAL,,,,,industrial,,
node_9505671699,25.233598,83.3825125,INDUSTRIAL,,,,,industrial,,
node_9505671700,25.2327931,83.3803107,INDUSTRIAL,,,,,industrial,,
node_9505671701,25.2288612,83.3849082,INDUSTRIAL,,,,,industrial,,
node_9505671702,25.2283658,83.3838929,INDUSTRIAL,,,,,industrial,,
node_9505671703,25.2282059,83.3821246,INDUSTRIAL,,,,,industrial,,
node_9505671704,25.2297694,83.3781887,INDUSTRIAL,,,,,industrial,,
node_9505671705,25.227726,83.3777096,INDUSTRIAL,,,,,industrial,,
node_9505671706,25.2257239,83.3822957,INDUSTRIAL,,,,,industrial,,
node_9505671707,25.2191496,83.3815085,INDUSTRIAL,,,,,industrial,,
node_9505671708,25.2189845,83.3763292,INDUSTRIAL,,,,,industrial,,
node_9505671709,25.2195315,83.3743099,INDUSTRIAL,,,,,industrial,,
node_9505671710,25.213184,83.3487326,INDUSTRIAL,,,,,industrial,,
node_9505671711,25.2169822,83.3603234,INDUSTRIAL,,,,,industrial,,
node_9505671712,25.2273957,83.3568096,INDUSTRIAL,,,,,industrial,,
node_9505671713,25.2283246,83.3556346,INDUSTRIAL,,,,,industrial,,
node_9505671714,25.2306053,83.3557372,INDUSTRIAL,,,,,industrial,,
node_9505671715,25.229501,83.3525315,INDUSTRIAL,,,,,industrial,,
node_9505671716,25.2316786,83.351037,INDUSTRIAL,,,,,industrial,,
node_9505671717,25.230982,83.3472039,INDUSTRIAL,,,,,industrial,,
node_9505671718,25.2604675,83.3413058,INDUSTRIAL,,,,,industrial,,
node_9505671719,25.2589508,83.3396402,INDUSTRIAL,,,,,industrial,,
node_9505671720,25.2605294,83.3376551,INDUSTRIAL,,,,,industrial,,
node_9505671721,25.2617984,83.3344266,INDUSTRIAL,,,,,industrial,,
node_9505671722,25.2955415,83.3376437,INDUSTRIAL,,,,,industrial,,
node_9505671723,25.3130025,83.338659,INDUSTRIAL,,,,,industrial,,
node_9505671724,25.3148485,83.3438498,INDUSTRIAL,,,,,industrial,,
node_9505671725,25.3194067,83.3451389,INDUSTRIAL,,,,,industrial,,
node_9505671726,25.3225106,83.3346319,INDUSTRIAL,,,,,industrial,,
node_9505671727,25.326027,83.3445115,INDUSTRIAL,,,,,industrial,,
node_9505671728,25.3257899,83.3364573,INDUSTRIAL,,,,,industrial,,
node_9505671729,25.3310591,83.3418077,INDUSTRIAL,,,,,industrial,,
node_9505671730,25.332482,83.3357613,INDUSTRIAL,,,,,industrial,,
node_9505671731,25.3621027,83.333685,INDUSTRIAL,,,,,industrial,,
node_9505671732,25.3744431,83.3360225,INDUSTRIAL,,,,,industrial,,
node_9505671733,25.3815005,83.3497506,INDUSTRIAL,,,,,industrial,,
node_9505671734,25.3815206,83.348536,INDUSTRIAL,,,,,industrial,,
node_9505671736,25.4747584,83.3749113,INDUSTRIAL,,,,,industrial,,
node_9507712798,27.3677098,81.7739647,INDUSTRIAL,,,,,industrial,,
node_9507712799,27.367819,81.770943,INDUSTRIAL,,,,,industrial,,
node_9507713651,27.3305199,81.8082176,INDUSTRIAL,,,,,industrial,,
node_9507713652,27.3298494,81.8027799,INDUSTRIAL,,,,,industrial,,
node_9507713653,27.3324095,81.8024369,INDUSTRIAL,,,,,industrial,,
node_9562270615,28.5363177,77.3952322,INDUSTRIAL,MR Utility,,,,,works,
node_9791595163,28.181276,83.9722831,INDUSTRIAL,Everest Masala Udhyog,,,,,works,
node_9805300322,27.5072496,83.4444728,INDUSTRIAL,sales depo,,,,,works,
node_9805754256,27.5179282,83.4500148,INDUSTRIAL,Hira Itta Udhyog,,,,,works,
node_9806016396,27.508584,83.4545606,INDUSTRIAL,Ali Kureshi Meat Shop,slaughterhouse,,,industrial,,
node_9807246391,27.5083717,83.4285084,INDUSTRIAL,Mohommad Rice Mill,rice mill,,,,works,
node_9807246400,27.5087335,83.433491,INDUSTRIAL,Siddhartha Foam Industries,,,,,works,
node_9807673159,27.5129413,83.4507968,INDUSTRIAL,,,,,,works,
node_9807688334,27.5161979,83.4526716,INDUSTRIAL,Madhav Singh Rice Mill,,,,,works,
node_9808340669,27.5178513,83.4461839,INDUSTRIAL,Barasi trally Udhyog,,,,,works,
node_9811885799,27.5023823,83.4490042,INDUSTRIAL,Jai Gurudev Box & Packaging,,,,,works,
node_9814181777,27.505805,83.3668654,INDUSTRIAL,Jagadamba Cement,,,,,works,
node_9814313728,27.5060028,83.3662555,INDUSTRIAL,Brij Cement Industries Pvt.Ltd.,,,,,works,
node_9815788267,27.5122375,83.4028544,INDUSTRIAL,Grill Udhyog,,,,,works,
node_9826900978,27.5079648,83.4396031,INDUSTRIAL,Nepal Brick Factory,,,,,works,
node_9956333046,30.5341921,75.5715933,INDUSTRIAL,Sohal Steel Works,,,,,works,Narinder Singh Sohal
node_10015635629,27.0385179,75.8984643,INDUSTRIAL,Hero Motocorp. - Centre of Innovation and Technology,,,,,works,
node_10137779675,28.5750868,84.6811775,INDUSTRIAL,Hydroelectric Plant Shyala,,plant,,,,
node_10228035994,28.4918112,77.3030891,INDUSTRIAL,Gladico Motocorp,,,,,works,
node_10284613604,28.3673354,77.3019004,INDUSTRIAL,TECH MACH SHEET METAL COMPONENTS,,,,,works,
node_10542618526,26.4536694,80.2839615,INDUSTRIAL,Mars auto PVT. LTD.,,,,,works,MANOJ AGARWAL
node_10567105067,28.6085816,78.4145827,INDUSTRIAL,Munipal Mint Oil Factory,,,,,works,Munipal
node_10585906708,25.8577271,84.7821934,INDUSTRIAL,A1 BRICKS UDYOG,,,,,works,TUNTUN PRASAD CHOURASIA
node_10594092417,28.8330245,78.8164151,INDUSTRIAL,JK Exim,,,,,works,
node_10699380298,25.1211711,82.59053,INDUSTRIAL,Mayank Industries,,,,,works,Santoshkumar singh
node_10793826874,26.4515362,74.6481863,INDUSTRIAL,Dayal Bidi House,,,,,works,Deepak Chouhan
node_10824050401,26.4822619,80.3376007,INDUSTRIAL,Sharp Incorporation,,,,,works,
node_10852518962,29.399201,76.9517085,INDUSTRIAL,FABFETCH,,,,,works,
node_10915229179,30.2317109,74.7912469,INDUSTRIAL,Bhogal Engineering Works,,,,,works,
node_10939758192,28.7521263,77.1618505,INDUSTRIAL,,,,,,works,
node_10960124162,25.4641122,81.8681275,INDUSTRIAL,,slaughterhouse,,,industrial,,
node_10989528395,28.7443758,77.1538854,INDUSTRIAL,Hansraj and Sons,,,,,works,
node_11013496985,30.1821945,78.231986,INDUSTRIAL,Dhanya Dhenu Ice Cream Factory,,,,,works,Hariom Nautiyal
node_11021593710,28.7476917,77.1645738,INDUSTRIAL,Himalayan Engineering Services,,,,,works,
node_11047602105,28.0874802,76.5786672,INDUSTRIAL,NTN NEI Manufacturing,,,,,works,
node_11254376543,28.6334253,77.4659834,INDUSTRIAL,TATA Steel,,,,,works,
node_11283459279,27.4361968,84.9932471,INDUSTRIAL,Nappy And Paste Pvt. Ltd.,,,,,works,
node_11366033880,30.4085344,76.6694441,INDUSTRIAL,Kasa Feed Mills India Private Limited,,,,,works,
node_11417499115,24.6198457,82.7878123,INDUSTRIAL,Santosh Aata Chakki,,,,,works,
node_11576245278,30.3310054,76.397464,INDUSTRIAL,DS Enterprises,,,,,works,Divneet Singh
node_11687957974,28.8265908,77.5682731,INDUSTRIAL,modi distillery,,,,,works,
node_11687957975,28.8271769,77.5683709,INDUSTRIAL,modi sugar mill,,,,,works,
node_11691324184,26.0166117,76.3424867,INDUSTRIAL,green plastic pipe factory,,,,,works,
node_11693042557,28.6577793,77.4545042,INDUSTRIAL,Bharat Industrial Corporation,,,,,works,
node_11697361830,28.657292,77.4564315,INDUSTRIAL,Shri Vaishno Nuts Factory Pvt Ltd,,,,,works,
node_11697434758,28.656702,77.4557592,INDUSTRIAL,Hindon Electricals,,,,,works,
node_11697458847,28.6586553,77.4572678,INDUSTRIAL,SURYA INDUSTRIES,,,,,works,
node_11697458885,28.657238,77.4561815,INDUSTRIAL,G.N Surgicals,,,,,works,
node_11697459894,28.6556372,77.4539637,INDUSTRIAL,RC Industries,,,,,works,
node_11697462786,28.6567919,77.4566816,INDUSTRIAL,Swadeshi Polytex,,,,,works,
node_11697483417,27.8599089,75.6853154,INDUSTRIAL,saini stone cutting udhyog padewa,,,,,works,
node_11697496760,28.6577812,77.4571325,INDUSTRIAL,Rail Inox Steel Pvt. Ltd.,,,,,works,
node_11697651133,28.7358805,77.2898996,INDUSTRIAL,,,,,,works,
node_11698020410,26.0950391,76.4641542,INDUSTRIAL,,,,,,works,
node_11698020438,26.0959495,76.462286,INDUSTRIAL,shyam plastic recycle,,,,,works,
node_11698050895,28.5047341,77.2766133,INDUSTRIAL,ishant container line,,,,,works,
node_11698529211,25.2809375,82.9862242,INDUSTRIAL,Samar Jeet Scrap Shop,scrap_yard,,,industrial,,
node_11698620524,25.2578741,82.9905237,INDUSTRIAL,IMC FACTORY,,,,,works,
node_11717322082,28.1068465,79.1181647,INDUSTRIAL,Peppermint Factory,,,,,works,
node_11718351092,28.0808462,79.133683,INDUSTRIAL,Agarwal Manthol Plant,,,,,works,
node_11718394718,28.0677372,79.1326549,INDUSTRIAL,Maheshwari Stainless,,,,,works,
node_12150999931,23.8245637,78.6850051,INDUSTRIAL,Dyoday Gousala,slaughterhouse,,,industrial,,
node_12171240927,28.2057348,77.2120458,INDUSTRIAL,V-Mart Palwal Warehouse,warehouse,,,industrial,,V-Mart
node_12321336611,25.4245928,81.9313222,INDUSTRIAL,Indian Oil LPG Bottling Plant,,,,,works,
node_12595612069,28.155322,76.1121205,INDUSTRIAL,Om Prakash Mill,,,,,works,
node_12595614796,28.1516464,76.1233314,INDUSTRIAL,Mill,,,,,works,
node_12595673759,29.1399679,78.2473406,INDUSTRIAL,KP bricks,,,,,works,
node_12595799103,27.1412062,78.008797,INDUSTRIAL,hydrogen factory,,,,,works,
node_12595834842,27.5443885,76.6256538,INDUSTRIAL,,,,,,works,
node_12595849538,27.6319606,75.1938955,INDUSTRIAL,Sharda Piping System,,,,,works,Rohitas kumar
node_12595985728,27.6333518,75.1958169,INDUSTRIAL,Ola Baraf Factory,,,,,works,
node_12596129836,27.3954342,75.977092,INDUSTRIAL,,,,,,works,
node_12596162404,27.6307746,75.1886725,INDUSTRIAL,Maheshwari Electricals (Pole Factory),,,,,works,
node_12596178001,29.1575198,76.6946432,INDUSTRIAL,SAINI NIWAR FACTORY,,,,,works,
node_12596184913,28.0597097,76.0993737,INDUSTRIAL,Banana Republic,,,,,works,AMUL FACTORY
node_12596216074,28.797559,76.163066,INDUSTRIAL,Century non woven fabric Shri Ram,,,,,works,
node_12596219470,28.0582536,76.0995201,INDUSTRIAL,Biggest Patties Factory,,,,,works,
node_12596268782,26.7001841,82.8466799,INDUSTRIAL,Saurabh cups,,,,,works,onkar nath chaudhary
node_12596380132,28.0471127,76.0952664,INDUSTRIAL,Nidhi Steel Co,,,,,works,
node_12596411190,27.6297017,75.1890113,INDUSTRIAL,Pole Factory,,,,,works,
node_12596411200,27.6475961,75.1713733,INDUSTRIAL,Kamla RO Water Plant & Ice Factory,,,,,works,
node_12613232778,25.7791522,84.7688624,INDUSTRIAL,AMAR FLOUR MILL,,,,,works,
node_12631221827,25.6266373,83.760217,INDUSTRIAL,Pepsi  Agency,,,,,works,
node_12631285457,25.6214081,83.754494,INDUSTRIAL,Indian cooler house,,,,,works,
node_12698411271,28.5541847,77.0529077,INDUSTRIAL,Cluster Bus Depot Dwarka Sector 22,depot,,,industrial,,
node_12713991931,28.6236193,77.2910357,INDUSTRIAL,Servotron,,,,,works,
node_12955600413,26.6141294,84.9174064,INDUSTRIAL,Aastha Engineering Works,,,,,works,
node_13146724911,28.7140702,77.1720676,INDUSTRIAL,Shershah Cold Storage,depot,,,industrial,,
node_13195267311,29.2757166,82.18747,INDUSTRIAL,Kailash Chaumin Factory,,,,,works,
node_13228761474,28.2871093,83.8318872,INDUSTRIAL,Dhruba Rice Mill,,,,,works,
node_13244943876,26.4351026,74.6996568,INDUSTRIAL,Radha Krishna Machine Tools,,,,,works,Kapil Sharma
node_13245154429,30.8804255,75.8697529,INDUSTRIAL,Kalsi Metal Craft,,,,,works,Pawan Kalsi
node_13255484801,23.7956396,80.3799057,INDUSTRIAL,Shankar Dall Udyog Katni M.P,,,,,works,Mukesh Kumar Panjwani
node_13277183148,27.8853522,82.8069316,INDUSTRIAL,हत्चेरी उद्योग,,,,,works,
node_13345181398,31.0417705,78.0600393,INDUSTRIAL,Naitwar Mori Hydro Power Station,,plant,hydro,,,SJVN
node_13358835717,27.4161431,83.9137358,INDUSTRIAL,Triveni power plant,,plant,,,,
node_13383595703,27.6715801,83.4920179,INDUSTRIAL,Butwal slaughter house,slaughterhouse,,,industrial,,
node_13394350761,27.691507,83.468586,INDUSTRIAL,Sakura Pipe Udhyog Pvt. Ltd.,,,,,works,
node_13403769102,27.5841005,78.0533696,INDUSTRIAL,BOMBAY PACKS,,,,,works,
node_13413957328,28.6198939,76.996541,INDUSTRIAL,Aaradhya Enterpeises,,,,,works,
node_13612192484,27.4855541,82.9460477,INDUSTRIAL,नमकिन उद्योग,,,,,works,
node_13666308591,28.2348565,83.9854165,INDUSTRIAL,Malla Rice Mill,,,,,works,
node_13903711879,28.656577,77.2022327,INDUSTRIAL,Pune Bag Factory,,,,,works,
node_14051781564,28.7271872,77.749473,INDUSTRIAL,Merino Industries Limited,,,,,works,Merino Group
node_14051781565,28.7259738,77.7478086,INDUSTRIAL,Merino Industries Limited,,,,,works,Merino Group
way_26632313,25.2793212,83.1399984,INDUSTRIAL,,,,,industrial,,
way_26643216,25.2798455,83.106209,INDUSTRIAL,,,,,industrial,,
way_26662521,25.2867961,83.0690542,INDUSTRIAL,,,,,industrial,,
way_26674958,25.2992397,83.0732446,INDUSTRIAL,,,,,industrial,,
way_26685581,25.243245,83.0652129,INDUSTRIAL,Ramnagar industrial area,,,,industrial,,
way_26692964,25.2908218,82.9592353,INDUSTRIAL,Banaras Loco Works - DLW Varanasi,factory,,,industrial,,Indian Railway
way_26732765,25.2989397,82.9961642,INDUSTRIAL,,,,,industrial,,
way_26781005,25.3603631,82.9413623,INDUSTRIAL,,,,,industrial,,
way_26781017,25.3588778,82.9473662,INDUSTRIAL,,,,,industrial,,
way_27035476,28.4698736,77.0530328,INDUSTRIAL,,,,,industrial,,
way_28208819,28.588873,77.3216761,INDUSTRIAL,Sector 5,,,,industrial,,
way_28240487,28.5835275,77.3230302,INDUSTRIAL,Sector 4,,,,industrial,,
way_28291496,30.1134738,77.2409285,INDUSTRIAL,Steel auto industries,,,,industrial,,
way_28353855,25.4197795,82.8736322,INDUSTRIAL,Babat Pur Gas Plant,,,,industrial,,
way_28396309,30.1054227,77.3264173,INDUSTRIAL,Deenbandhu Chhotu Ram Thermal Power Station,,plant,coal,industrial,,Haryana Power Generation Corporation Limited
way_28731276,25.2715587,82.8321811,INDUSTRIAL,,,,,industrial,,
way_28732569,25.2719867,82.8408402,INDUSTRIAL,,,,,industrial,,
way_28766936,25.4823675,81.9741073,INDUSTRIAL,,,,,industrial,,
way_28767494,25.497754,82.00186,INDUSTRIAL,,,,,industrial,,
way_28767497,25.4974753,82.0033106,INDUSTRIAL,,,,,industrial,,
way_28767512,25.4978975,82.0054761,INDUSTRIAL,,,,,industrial,,
way_28768302,25.4341056,81.9158853,INDUSTRIAL,,,,,industrial,,
way_28769957,25.424093,81.9315285,INDUSTRIAL,Indian Oil LPG Plant,,,,industrial,,
way_32552695,31.4036025,76.4127505,INDUSTRIAL,gwalthai industrial area,,,,industrial,,
way_39266250,28.3608755,77.3217461,INDUSTRIAL,,,,,,works,
way_39266288,28.3637228,77.3199924,INDUSTRIAL,,,,,,works,
way_39347588,28.3765774,77.2994212,INDUSTRIAL,,,,,,works,
way_40837973,28.97156,77.0886186,INDUSTRIAL,Neesa Foods,,,,industrial,,
way_40837974,28.9716174,77.0886019,INDUSTRIAL,Bush Foods Warehouse,,,,industrial,,
way_43194596,28.2333962,76.8054591,INDUSTRIAL,Hero Honda,,,,industrial,,
way_43194600,28.2558178,76.8238842,INDUSTRIAL,AtoTech,,,,industrial,,
way_44350312,28.4560139,77.0064114,INDUSTRIAL,,,,,industrial,,
way_45059289,26.4709381,80.3654629,INDUSTRIAL,Ordinance Equipment Factory,,,,industrial,,
way_48416609,28.6051004,77.6079771,INDUSTRIAL,,,,,industrial,,
way_48416618,28.6051511,77.6067776,INDUSTRIAL,,,,,industrial,,
way_51969254,26.1414779,83.8738717,INDUSTRIAL,,,,,industrial,,
way_57358832,28.5410575,77.3989321,INDUSTRIAL,Noida Special Economic Zone,,,,industrial,,
way_65453989,28.3454961,77.3599278,INDUSTRIAL,Faridabad Thermal Power Plant,,plant,gas,industrial,,NTPC
way_66679147,25.3265879,78.5227036,INDUSTRIAL,BHEL,,,,industrial,,
way_66679150,24.4756799,77.1519587,INDUSTRIAL,,,,,industrial,,
way_66984987,31.310777,75.3389428,INDUSTRIAL,Rail Coach Factory - RCF Kapurthala,factory,,,industrial,,
way_67195450,25.1709673,75.8144493,INDUSTRIAL,Kota Thermal Power Station,,plant,coal,industrial,,Rajasthan Rajya Vidyut Utpadan Nigam
way_70534891,28.5903783,77.3322077,INDUSTRIAL,AMPM Fashions Private Limited,textile,,,industrial,,
way_70534913,28.5807818,77.318855,INDUSTRIAL,Ansumiti Technosoft Pvt Ltd,digital_marketing_agency,,,industrial,,
way_70534966,28.5868583,77.3273927,INDUSTRIAL,Sector 9,,,,industrial,,
way_71221209,28.5987051,77.3346276,INDUSTRIAL,Sector 11,,,,industrial,,
way_71295897,28.5944591,77.3265003,INDUSTRIAL,Sector 8,,,,industrial,,
way_71297383,28.5950136,77.3165751,INDUSTRIAL,Sector 7,,,,industrial,,
way_71435176,28.5849574,77.315235,INDUSTRIAL,Sector 2,,,,industrial,,
way_71444961,28.5903643,77.3123914,INDUSTRIAL,Sector 1,,,,industrial,,
way_71621507,28.6049742,77.353527,INDUSTRIAL,Sector 57,,,,industrial,,
way_71644071,28.6023902,77.3670379,INDUSTRIAL,Sector 60,,,,industrial,,
way_71649651,28.6080843,77.3676234,INDUSTRIAL,Sector 59,,,,industrial,,
way_71651922,28.6059961,77.3579644,INDUSTRIAL,Sector 58,,,,industrial,,
way_71686902,28.6118101,77.3853307,INDUSTRIAL,Sector 65,,,,industrial,,
way_71834192,28.6050721,77.3848883,INDUSTRIAL,Sector 67,,,,industrial,,
way_71834194,28.6227336,77.3867554,INDUSTRIAL,,,,,industrial,,
way_71866019,28.5324433,77.4075752,INDUSTRIAL,Sector 84A,,,,industrial,,
way_71866024,28.5246068,77.3983223,INDUSTRIAL,Sector 83,,,,industrial,,
way_72004862,28.6511075,77.3299054,INDUSTRIAL,,,,,industrial,,
way_74168430,28.6554478,77.335979,INDUSTRIAL,,,,,industrial,,
way_76700057,28.6550939,77.3269787,INDUSTRIAL,,,,,industrial,,
way_76849193,28.6207551,77.3009568,INDUSTRIAL,,depot,,,industrial,,
way_77001373,28.6010841,77.3011768,INDUSTRIAL,M.E.A. Stores,,,,industrial,,
way_77160913,24.450833,82.9815099,INDUSTRIAL,Obra Thermal Power Station,,plant,coal,industrial,,Uttar Pradesh Rajya Vidyut Utpadan Nigam Limited
way_78502882,31.2143696,75.4230619,INDUSTRIAL,uggi adda,,,,industrial,,
way_78503299,31.2141388,75.4238172,INDUSTRIAL,uggi adda,,,,industrial,,
way_78542610,28.7330743,77.101785,INDUSTRIAL,Rithala Power Plant,,plant,gas,industrial,,
way_78799847,28.7279486,77.1857227,INDUSTRIAL,Wastewater Treatment Plant,,,,industrial,wastewater_plant,L&T Construction; Passavant
way_80511305,28.5471299,77.2834582,INDUSTRIAL,Sewage Treatment Plant - Okhla,,,,industrial,wastewater_plant,
way_80511312,28.5090709,77.2890381,INDUSTRIAL,Tughlakabad Inland Container Depot,,,,industrial,,
way_81511974,28.3891428,77.2225463,INDUSTRIAL,Pali Stone Crusher Zone II,grinding_mill,,,industrial,,
way_88004014,26.0844504,83.5020951,INDUSTRIAL,Sarai Sadi,,plant,solar,,,
way_93076075,28.9305141,77.0901312,INDUSTRIAL,Rai Industrial Area,,,,industrial,,
way_94527537,26.0650495,83.7070052,INDUSTRIAL,,,,,industrial,,
way_95392794,26.0803906,83.6970687,INDUSTRIAL,,,,,industrial,,
way_95459991,26.0685201,83.675866,INDUSTRIAL,,,,,industrial,,
way_97363540,30.7831379,75.8337837,INDUSTRIAL,Mini Power Plant,,plant,hydro,,,
way_101225505,26.8203856,80.9045804,INDUSTRIAL,Internal Street,,,,industrial,,
way_101225597,26.8247628,80.9031759,INDUSTRIAL,,,,,industrial,,
way_101848549,24.5955414,80.8591955,INDUSTRIAL,,,,,industrial,,
way_101848551,24.5951649,80.8473346,INDUSTRIAL,,,,,industrial,,
way_102702941,30.7983537,75.9339703,INDUSTRIAL,Hot Mix Plant,,,,,works,
way_103164993,30.843696,76.93006,INDUSTRIAL,,,,,industrial,,
way_103170664,28.7399156,77.7707813,INDUSTRIAL,FCI,,,,industrial,,
way_103170709,28.5926623,77.6157433,INDUSTRIAL,Dadri Powerplant,,plant,coal;gas,industrial,,NTPC
way_104222937,28.2261167,79.2480543,INDUSTRIAL,IFFCO,,,,industrial,,
way_104418717,26.0650907,83.6893196,INDUSTRIAL,,,,,industrial,,
way_104567860,28.1553228,78.4079725,INDUSTRIAL,Narora Atomic Power Station,,plant,nuclear,industrial,,
way_104688380,29.9757414,78.2216394,INDUSTRIAL,,,,,industrial,,
way_104799261,30.2490082,74.9176468,INDUSTRIAL,National Fertilizer Limited,,,,industrial,,
way_104799276,30.2329438,74.9128123,INDUSTRIAL,,,,,industrial,,
way_104805109,30.1615872,74.9824422,INDUSTRIAL,Hindustan Petroleum Oil Depot,,,,industrial,,
way_105646132,30.350802,77.6017407,INDUSTRIAL,Khara Power Plant,,plant,hydro,,,Uttar Pradesh Rajya Vidyut Utpadan Nigam Limited
way_109300867,31.2151886,75.4241342,INDUSTRIAL,,,,,industrial,,
way_110443748,24.2236153,83.0283276,INDUSTRIAL,Hindalco Industries Ltd.,,,,industrial,,
way_110443766,24.4501358,83.0404465,INDUSTRIAL,Cement Factory,cement,,,industrial,,
way_111515218,27.6634121,78.2504739,INDUSTRIAL,,,,,industrial,,
way_114014331,28.1954772,83.9678014,INDUSTRIAL,Phewa dam,,plant,hydro,,,
way_116034783,26.1417253,83.533612,INDUSTRIAL,,,,,industrial,,
way_118923129,30.1697255,78.1230386,INDUSTRIAL,,,,,industrial,,
way_118932630,29.5999566,78.3295983,INDUSTRIAL,,,,,industrial,,
way_119157167,23.8013056,80.4330662,INDUSTRIAL,,,,,industrial,,
way_119157170,24.5724328,80.8270765,INDUSTRIAL,,,,,industrial,,
way_119221866,24.2274606,83.8830613,INDUSTRIAL,,,,,industrial,,
way_119238612,23.8623245,79.426028,INDUSTRIAL,,,,,industrial,,
way_119242828,26.0338048,76.3677206,INDUSTRIAL,,,,,industrial,,
way_119242832,26.0454307,76.3754163,INDUSTRIAL,,,,,industrial,,
way_120015461,26.948814,81.1891474,INDUSTRIAL,,,,,industrial,,
way_120020056,26.2303968,81.2695192,INDUSTRIAL,,,,,industrial,,
way_120363864,26.2258595,84.3280082,INDUSTRIAL,,,,,industrial,,
way_120666186,29.7921769,78.4094417,INDUSTRIAL,,,,,industrial,,
way_122030564,31.2131453,76.5491663,INDUSTRIAL,Kotla Power House,,plant,hydro,,,Bhakra Beas Management Board
way_122030566,31.2713678,76.493939,INDUSTRIAL,Anandpur Sahib Power House I,,plant,hydro,,,Punjab State Power Corporation
way_122030588,31.2677387,76.4920627,INDUSTRIAL,Ganguwal Power House,,plant,hydro,,,Bhakra Beas Management Board
way_122068537,31.3681751,76.3467226,INDUSTRIAL,,chemical,,,industrial,,
way_122068538,31.3667313,76.3568503,INDUSTRIAL,National Fertilizers Limited,,,,industrial,,
way_123138594,31.3438878,75.6154078,INDUSTRIAL,,,,,industrial,,
way_123138598,31.3446256,75.6180095,INDUSTRIAL,,,,,industrial,,
way_123138600,31.337143,75.6157767,INDUSTRIAL,,,,,industrial,,
way_123144609,31.3678458,75.5784623,INDUSTRIAL,,,,,industrial,,
way_124654974,30.2728538,75.1657407,INDUSTRIAL,,,,,industrial,,
way_124655029,30.2631745,75.1706868,INDUSTRIAL,Guru Hargobind Thermal Plant,,plant,coal,industrial,,Punjab State Power Corporation
way_125040613,30.3734378,76.1303674,INDUSTRIAL,,,,,industrial,,
way_125096216,30.3494366,76.123998,INDUSTRIAL,Indian Oil Corporation Ltd. LPG Bootling Plant,,,,industrial,,Indian Oil Corporation Ltd.
way_126128324,28.0831836,75.3989627,INDUSTRIAL,,,,,industrial,,
way_126759810,29.9440233,78.1063343,INDUSTRIAL,BHEL Haridwar,,,,industrial,,
way_127716296,28.2217252,77.3013059,INDUSTRIAL,,,,,industrial,,
way_127716297,28.2206398,77.3015292,INDUSTRIAL,,,,,industrial,,
way_127716932,28.3404115,77.3066406,INDUSTRIAL,,,,,industrial,,
way_128763600,24.4798282,74.8675464,INDUSTRIAL,,,,,industrial,,
way_129029623,30.6700422,76.7321764,INDUSTRIAL,,,,,industrial,,
way_129029630,30.6693393,76.7392474,INDUSTRIAL,,,,,industrial,,
way_129029631,30.709825,76.7045788,INDUSTRIAL,Sector 72,,,,industrial,,
way_129029632,30.7174895,76.6987595,INDUSTRIAL,Sector 73,,,,industrial,,
way_129040914,30.702601,76.6926648,INDUSTRIAL,Sector 75,,,,industrial,,
way_129130258,30.7220875,76.711068,INDUSTRIAL,Sector 58,,,,industrial,,
way_129167820,30.7299851,76.7068102,INDUSTRIAL,Sector 57,,,,industrial,,
way_129450339,30.6987227,76.7874204,INDUSTRIAL,Phase 2,,,,industrial,,
way_129537097,28.4071565,79.380049,INDUSTRIAL,Bareilly Sleeper Treatment Plant,,,,industrial,,
way_129554980,25.1490533,76.1810699,INDUSTRIAL,,,,,industrial,,
way_129559799,30.7214911,76.7679601,INDUSTRIAL,,,,,industrial,,
way_129559800,30.7087134,76.7858093,INDUSTRIAL,,,,,industrial,,
way_129560578,24.8004857,84.967954,INDUSTRIAL,,,,,industrial,,
way_129571171,28.1823439,76.6072911,INDUSTRIAL,Inland Container Depot,,,,industrial,,
way_129573773,30.7045354,76.8042492,INDUSTRIAL,Phase 1,,,,industrial,,
way_129776264,30.7415884,76.784494,INDUSTRIAL,,,,,industrial,,
way_129884960,30.6808377,76.8340421,INDUSTRIAL,Industrial Area Phase 2,,,,industrial,,
way_129885309,30.6716608,76.8412549,INDUSTRIAL,Industrial Area Phase 1,,,,industrial,,
way_130001666,28.3176226,77.2979528,INDUSTRIAL,,,,,industrial,,
way_130001856,28.4372618,77.3070804,INDUSTRIAL,Sanden Vikas Ltd.,,,,industrial,,
way_130283855,30.6885122,76.8296863,INDUSTRIAL,Bharat Electronics,,,,industrial,,
way_131444280,26.6115193,76.3280813,INDUSTRIAL,,,,,industrial,,
way_131485576,25.7878851,84.7464921,INDUSTRIAL,,,,,industrial,,
way_133507527,27.6937426,75.7291443,INDUSTRIAL,,,,,industrial,,
way_134518626,24.2056791,83.052312,INDUSTRIAL,,chemical,,,industrial,,
way_134899668,30.2226687,75.8021243,INDUSTRIAL,,,,,industrial,,
way_134905859,29.6049454,78.1762121,INDUSTRIAL,,,,,industrial,,
way_135724935,25.3251719,81.8211181,INDUSTRIAL,,,,,industrial,,
way_135724937,29.7735051,78.4297191,INDUSTRIAL,,,,,industrial,,
way_135724938,25.3757084,81.8792904,INDUSTRIAL,Triveni Structurals Limited (TSL),,,,industrial,,
way_135724941,28.7244504,77.8132744,INDUSTRIAL,,,,,industrial,,
way_135724942,25.3614284,81.8898189,INDUSTRIAL,ITI Limited,factory,,,industrial,,
way_136505853,24.5493556,83.9645663,INDUSTRIAL,Sone Valley Cements Limited,,,,industrial,,
way_136505854,24.6704768,83.9882914,INDUSTRIAL,Cement Factory,,,,industrial,,
way_137191065,28.412729,77.3051942,INDUSTRIAL,Imperial Auto,,,,industrial,,
way_137192511,28.3581873,77.3085819,INDUSTRIAL,PYN Precision Components,,,,industrial,,
way_137215556,28.3479363,77.3085434,INDUSTRIAL,,,,,industrial,,
way_138894569,30.5211939,77.6608601,INDUSTRIAL,,,,,industrial,,
way_138911686,31.3957932,76.3279949,INDUSTRIAL,,,,,industrial,,
way_138959060,30.8423702,76.9541501,INDUSTRIAL,,,,,industrial,,
way_138959062,30.778624,76.9065095,INDUSTRIAL,HMT,,,,industrial,,
way_139071683,28.6167647,77.2524477,INDUSTRIAL,Pragati-I Combined Cycle Gas Power Station,,plant,gas,industrial,,Pragati Power Corporation Limited
way_139071684,28.587865,77.2656932,INDUSTRIAL,,,,,industrial,,
way_139071685,28.6190348,77.2502162,INDUSTRIAL,Indraprastha Gas Turbine Power Station,,plant,gas,industrial,,Indraprastha Power Generation Company Limited
way_139071814,28.6241058,77.2498267,INDUSTRIAL,,,,,industrial,,
way_143074974,28.2168123,77.2984061,INDUSTRIAL,,,,,industrial,,
way_143527646,28.3455404,77.0877823,INDUSTRIAL,Sigma Corporation,,,,,works,
way_143527647,28.3456453,77.0869169,INDUSTRIAL,Tratec Engineering,,,,,works,
way_143527652,28.3455234,77.0871302,INDUSTRIAL,,,,,industrial,,
way_143605492,28.3311669,77.3366053,INDUSTRIAL,,,,,industrial,,
way_143605499,28.3529908,77.2688185,INDUSTRIAL,,,,,industrial,,
way_143671274,28.495985,77.0779102,INDUSTRIAL,,,,,industrial,,
way_143683328,28.3858107,77.2838213,INDUSTRIAL,Godown Food Corporation,,,,industrial,,
way_143856295,28.3681962,77.3195571,INDUSTRIAL,Anil Rubber,,,,industrial,,
way_143933242,28.4184354,77.3143228,INDUSTRIAL,Ice factory,,,,industrial,,
way_143947187,28.2739282,77.2688859,INDUSTRIAL,,,,,industrial,,
way_143947188,28.2629066,77.2857106,INDUSTRIAL,,,,,industrial,,
way_143947194,28.2735449,77.2675965,INDUSTRIAL,,,,,industrial,,
way_143947195,28.2749094,77.27462,INDUSTRIAL,,,,,industrial,,
way_143947197,28.2723436,77.2675211,INDUSTRIAL,,,,,industrial,,
way_143947203,28.2751514,77.2734299,INDUSTRIAL,,,,,industrial,,
way_143947205,28.2743795,77.2726981,INDUSTRIAL,,,,,industrial,,
way_147228470,26.5631597,80.526458,INDUSTRIAL,,,,,industrial,,
way_147517878,26.0098557,80.723945,INDUSTRIAL,,,,,industrial,,
way_148452693,25.909167,81.3254367,INDUSTRIAL,Feroze Gandhi Unchahar Thermal Power Station,,plant,coal,industrial,,NTPC
way_148465218,26.455309,80.3062365,INDUSTRIAL,ICD CONCOR Kanpur,port,,,industrial,,
way_148465221,26.4546707,80.2455502,INDUSTRIAL,,,,,industrial,,
way_148465222,26.4501233,80.2638515,INDUSTRIAL,,,,,industrial,,
way_148465227,26.4555094,80.2396519,INDUSTRIAL,,,,,industrial,,
way_148465231,26.4479217,80.2743373,INDUSTRIAL,,,,,industrial,,
way_148465234,26.4433897,80.2529393,INDUSTRIAL,,,,,industrial,,
way_148465235,26.4591037,80.3094622,INDUSTRIAL,,,,,industrial,,
way_148465244,26.4511135,80.2572337,INDUSTRIAL,,,,,industrial,,
way_148465246,26.4588043,80.2792406,INDUSTRIAL,,,,,industrial,,
way_148465250,26.4654558,80.2811881,INDUSTRIAL,,,,,industrial,,
way_148465251,26.4589768,80.2583248,INDUSTRIAL,,,,,industrial,,
way_148465252,26.4534072,80.2816789,INDUSTRIAL,,,,,industrial,,
way_148585006,30.5216317,77.4749288,INDUSTRIAL,Valley Iron & Steel Co.,steelmaking,,,industrial,,
way_148585008,28.8895811,75.8484653,INDUSTRIAL,,,,,industrial,,
way_148585009,29.3152284,76.2918356,INDUSTRIAL,,,,,industrial,,
way_148585011,28.8912785,75.8718242,INDUSTRIAL,,,,,industrial,,
way_148585012,28.89875,75.8815559,INDUSTRIAL,,,,,industrial,,
way_148585014,28.9136179,75.8521039,INDUSTRIAL,,,,,industrial,,
way_148585016,30.4519993,77.5865831,INDUSTRIAL,,,,,industrial,,
way_149118778,27.0200892,84.8502584,INDUSTRIAL,Sirsiya Inland Container Depot,,,,industrial,,
way_149118795,26.9872833,84.8522233,INDUSTRIAL,,,,,industrial,,
way_149118796,26.9859078,84.8494891,INDUSTRIAL,,,,,industrial,,
way_149118797,26.9874916,84.8457603,INDUSTRIAL,,,,,industrial,,
way_149118798,26.9894722,84.8520394,INDUSTRIAL,,,,,industrial,,
way_149118803,26.9869322,84.8544096,INDUSTRIAL,,,,,industrial,,
way_149118804,26.9922773,84.8375387,INDUSTRIAL,,,,,industrial,,
way_149118805,26.9936339,84.8601117,INDUSTRIAL,,,,,industrial,,
way_149140391,28.2074367,77.0595627,INDUSTRIAL,,,,,industrial,,
way_149140403,28.2004319,76.8641333,INDUSTRIAL,,,,,industrial,,
way_149140406,28.2126213,76.8657333,INDUSTRIAL,,,,,industrial,,
way_149942585,28.4854431,77.5331921,INDUSTRIAL,Wipro,,,,industrial,,
way_150083080,28.0337822,77.2546394,INDUSTRIAL,,,,,industrial,,
way_150528511,28.6474245,77.4334914,INDUSTRIAL,,,,,industrial,,
way_150528513,28.8761295,77.1097783,INDUSTRIAL,,,,,industrial,,
way_150528519,28.6966526,77.5798737,INDUSTRIAL,,,,,industrial,,
way_150532645,28.6773094,77.0228998,INDUSTRIAL,,,,,industrial,,
way_153527243,28.3856047,77.3162475,INDUSTRIAL,Texco Tools Ltd.,,,,industrial,,
way_153965502,28.6844696,77.3306448,INDUSTRIAL,Seemapuri Depot,depot,,,industrial,,Delhi Transport Corporation
way_153965554,28.686214,77.4350285,INDUSTRIAL,Meerut Road Industrial Area,,,,industrial,,
way_153965563,28.6849656,77.1147218,INDUSTRIAL,,,,,industrial,,
way_153965565,28.6775017,77.1283588,INDUSTRIAL,,,,,industrial,,
way_155711866,28.3088584,74.9481732,INDUSTRIAL,,,,,industrial,,
way_155859394,25.3218324,74.5896333,INDUSTRIAL,,,,,industrial,,
way_157387104,28.3580588,77.3081666,INDUSTRIAL,Husaka Refractoris,,,,industrial,,
way_157388358,28.310689,77.3091989,INDUSTRIAL,Kochar Agro Industries,,,,industrial,,
way_157393250,28.3587323,77.3050813,INDUSTRIAL,Krishna Fabricators,,,,industrial,,
way_158716382,26.9577038,81.2003247,INDUSTRIAL,,,,,industrial,,
way_160106058,28.3486267,77.3029389,INDUSTRIAL,,,,,industrial,,
way_161472157,28.4786985,76.3753981,INDUSTRIAL,,,,,industrial,,
way_161472419,28.4822247,76.3756969,INDUSTRIAL,Indira Gandhi Super Thermal Power Project,,plant,coal,industrial,,
way_161478975,28.4910807,76.3495557,INDUSTRIAL,Mahatma Gandhi Thermal Power Project,,plant,coal,industrial,,
way_162108186,28.2204554,76.5797985,INDUSTRIAL,,,,,industrial,,
way_162212407,28.1417261,76.5976494,INDUSTRIAL,,,,,industrial,,
way_162411850,28.7994991,76.1628391,INDUSTRIAL,,,,,industrial,,
way_162411859,28.7992669,76.1536763,INDUSTRIAL,,,,,industrial,,
way_162431345,28.8063667,76.1235339,INDUSTRIAL,,,,,industrial,,
way_162431346,28.8080135,76.124431,INDUSTRIAL,,,,,industrial,,
way_164358075,28.8952427,76.5471352,INDUSTRIAL,,,,,industrial,,
way_164467442,29.851037,77.2621208,INDUSTRIAL,,,,,industrial,,
way_164467445,29.9561793,77.5347064,INDUSTRIAL,,,,,industrial,,
way_164467446,29.938128,77.5693597,INDUSTRIAL,,,,,industrial,,
way_165938682,29.7979109,77.9447105,INDUSTRIAL,,,,,industrial,,
way_166502316,29.1248787,77.7038164,INDUSTRIAL,Daurala Sugar Works,,,,industrial,works,
way_166517679,27.5021938,79.7896675,INDUSTRIAL,,,,,industrial,,
way_167357031,28.3670503,77.3036103,INDUSTRIAL,Royal Tools,,,,,works,
way_167422298,28.4353881,77.3060605,INDUSTRIAL,Otsuka Venus Automotive India Pvt. Ltd.,,,,industrial,,
way_167422299,28.2284891,77.3091316,INDUSTRIAL,Venus Ind. Co. Ltd.,,,,industrial,,
way_168237666,31.1360054,76.1053738,INDUSTRIAL,,,,,industrial,,
way_168237668,31.2524414,76.9290692,INDUSTRIAL,Ambuja Cements Limited,,,,industrial,,
way_168237669,31.1331956,76.1110456,INDUSTRIAL,,,,,industrial,,
way_168237670,31.3226151,76.2938857,INDUSTRIAL,,,,,industrial,,
way_168567450,28.2089941,77.0617955,INDUSTRIAL,Bright Autoplast Ltd.,,,,industrial,,
way_168567460,28.3655916,76.8803738,INDUSTRIAL,,,,,industrial,,
way_168567461,28.3656018,76.8796016,INDUSTRIAL,,,,,industrial,,
way_168713830,29.5341566,75.0767693,INDUSTRIAL,,,,,industrial,,
way_168729180,29.5301932,75.0545558,INDUSTRIAL,,,,,industrial,,
way_169119650,27.1133552,84.460169,INDUSTRIAL,,,,,industrial,,
way_169365538,29.1379641,77.012722,INDUSTRIAL,,,,,industrial,,
way_169828864,31.351285,76.7582204,INDUSTRIAL,,,,,industrial,,
way_170571039,28.5097481,77.4211588,INDUSTRIAL,Sector 140A,,,,industrial,,
way_170571042,28.5187081,77.4046834,INDUSTRIAL,Sector 85,,,,industrial,,
way_170571043,28.5287624,77.4245504,INDUSTRIAL,Sector 88,,,,industrial,,
way_170571044,28.5135914,77.4122605,INDUSTRIAL,Sector 90,,,,industrial,,
way_170619138,28.4464453,77.5355022,INDUSTRIAL,Honda,factory,,,industrial,,
way_170619139,28.449327,77.5414841,INDUSTRIAL,,,,,industrial,,
way_170654106,28.4541214,77.5367811,INDUSTRIAL,,,,,industrial,,
way_170654108,28.4513476,77.5299278,INDUSTRIAL,,,,,industrial,,
way_170654109,28.4561637,77.5268003,INDUSTRIAL,,,,,industrial,,
way_171015321,28.3071648,77.2981814,INDUSTRIAL,,,,,industrial,,
way_171500938,28.6857512,77.0990254,INDUSTRIAL,,,,,industrial,,
way_171606293,28.680936,77.1470055,INDUSTRIAL,,,,,industrial,,
way_171606321,28.6938707,77.1560145,INDUSTRIAL,Wazirpur Depot,depot,,,industrial,,
way_171640519,28.6858702,77.0891596,INDUSTRIAL,,,,,industrial,,
way_171738134,30.5693087,77.2914451,INDUSTRIAL,BIROJA FACTORY,,,,industrial,,
way_172301971,28.7964571,77.0717398,INDUSTRIAL,Pragati-III Combined Cycle Power Plant,,plant,gas,industrial,,
way_172320149,28.4350808,77.3072521,INDUSTRIAL,Sector 27A,,,,industrial,,
way_172396532,28.3918024,77.3134717,INDUSTRIAL,,,,,industrial,,
way_172396533,28.3896791,77.3147572,INDUSTRIAL,Escorts Tractor Plant,,,,industrial,,
way_172497990,28.3613249,77.319053,INDUSTRIAL,Sector 6,,,,industrial,,
way_172502499,28.3510557,77.3201718,INDUSTRIAL,Sector 4,,,,industrial,,
way_172511908,28.3088154,77.3078101,INDUSTRIAL,Sector 59,,,,industrial,,
way_172528116,28.3456758,77.3143338,INDUSTRIAL,,,,,industrial,,
way_172532166,28.3377006,77.3143625,INDUSTRIAL,,,,,industrial,,
way_172532169,28.3351152,77.3079925,INDUSTRIAL,Sector 25,,,,industrial,,
way_172544803,28.359065,77.3049549,INDUSTRIAL,Sector 24,machine_shop,,,industrial,,
way_172544925,28.3727584,77.3117597,INDUSTRIAL,Yamaha Motor India,,,,industrial,,
way_172573188,28.374927,77.2937587,INDUSTRIAL,,,,,industrial,,
way_172573190,28.3753819,77.3024362,INDUSTRIAL,,,,,industrial,,
way_172701685,28.5044447,77.3079125,INDUSTRIAL,Badarpur Thermal Power Station,,,coal,industrial,,
way_174037452,26.6438071,79.4907785,INDUSTRIAL,,,,,industrial,,
way_174037453,26.631137,79.5278234,INDUSTRIAL,Auraiya Thermal Power Station,,plant,gas,industrial,,
way_174093115,26.1896705,81.7079172,INDUSTRIAL,,,,,industrial,,
way_174497293,28.6219244,77.2875443,INDUSTRIAL,Mother Dairy,,,,industrial,,
way_174639087,24.6360519,77.0423516,INDUSTRIAL,Chhabra Thermal Power Station,,plant,coal,industrial,,Rajasthan Rajya Vidyut Utpadan Nigam
way_174639100,24.7787075,76.7352332,INDUSTRIAL,Kawai Thermal Power Station,,plant,coal,industrial,,Adani Power
way_175153854,24.575439,74.8022129,INDUSTRIAL,Khor Thermal Power Plant,,plant,coal,,,Grasim Industries
way_175161223,24.7013783,75.5539386,INDUSTRIAL,Gandhi Sagar,,plant,hydro,,,Madhya Pradesh Power Generating Company Limited
way_175347138,24.8837647,75.6103363,INDUSTRIAL,Heavy Water Plant,,,,industrial,,
way_177337970,31.2058887,76.5594219,INDUSTRIAL,Anandpur Sahib Power House II,,plant,hydro,,,Punjab State Power Corporation
way_177696300,30.3706188,76.7726738,INDUSTRIAL,,,,,industrial,,
way_177698651,30.328071,76.839693,INDUSTRIAL,Indian Oil,,,,industrial,,
way_177754498,30.2893685,76.9725212,INDUSTRIAL,,,,,industrial,,
way_177821274,30.392199,76.8006963,INDUSTRIAL,,,,,industrial,,
way_177828871,30.3999622,76.7927498,INDUSTRIAL,,,,,industrial,,
way_177837988,30.3982325,76.8105202,INDUSTRIAL,,,,,industrial,,
way_177946850,30.1946238,74.9420918,INDUSTRIAL,,,,,industrial,,
way_177946852,30.1862959,74.9434151,INDUSTRIAL,,,,,industrial,,
way_177946854,30.1726994,74.9607905,INDUSTRIAL,Industrial Growth Centre,,,,industrial,,
way_177963544,30.3348132,76.8818883,INDUSTRIAL,,,,,industrial,,
way_178708224,24.523947,81.2596043,INDUSTRIAL,,,,,industrial,,
way_179920262,26.7461302,83.2357035,INDUSTRIAL,,,,,industrial,,
way_179920263,26.7497924,83.242864,INDUSTRIAL,,,,,industrial,,
way_180059093,27.6610271,84.4525139,INDUSTRIAL,Bottlers Nepal Terai,,,,industrial,,
way_180140690,28.6754982,77.3743877,INDUSTRIAL,Rajendra Nagar Industrial Area,,,,industrial,,
way_183281940,29.1047222,75.8569571,INDUSTRIAL,,,,,industrial,,
way_183288904,29.1151857,75.8146703,INDUSTRIAL,,,,,industrial,,
way_183290617,29.1286472,75.7966641,INDUSTRIAL,,,,,industrial,,
way_183433275,29.1261817,75.7771282,INDUSTRIAL,,,,,industrial,,
way_183433276,29.1287538,75.7641277,INDUSTRIAL,,,,,industrial,,
way_183433284,29.1272868,75.7798609,INDUSTRIAL,,,,,industrial,,
way_183434509,29.122261,75.7720708,INDUSTRIAL,,,,,industrial,,
way_183444776,29.1316719,75.7552055,INDUSTRIAL,,,,,industrial,,
way_183444779,29.1320116,75.749357,INDUSTRIAL,,,,,industrial,,
way_183444785,29.1247195,75.7696893,INDUSTRIAL,,,,,industrial,,
way_183636457,29.1673924,75.7565684,INDUSTRIAL,,,,,industrial,,
way_183654258,29.1340564,75.7722984,INDUSTRIAL,,,,,industrial,,
way_183894202,29.3490858,75.8627398,INDUSTRIAL,Rajiv Gandhi Thermal Power Project,,plant,coal,industrial,,Haryana Power Generation Corporation Limited
way_184465240,29.3214613,76.2947959,INDUSTRIAL,,,,,industrial,,
way_185491813,30.2658692,75.2254377,INDUSTRIAL,STELCO Limited,,,,industrial,,
way_185778688,30.2350364,74.9259011,INDUSTRIAL,Guru Nanak Dev Thermal Power Plant,power,plant,coal,industrial,,GNDTP
way_185779194,30.2338406,74.9109666,INDUSTRIAL,Ambuja Fly Ash Cement Plant,,,,industrial,,
way_185791778,30.2045392,74.9447766,INDUSTRIAL,PRTC Workshop,depot,,,industrial,,
way_186168187,27.7028513,84.4113887,INDUSTRIAL,Bhrikuti Paper Factory,,,,industrial,,
way_187895579,30.2551889,75.9686832,INDUSTRIAL,Indian Acrylics Limited,,,,industrial,,
way_188594023,28.4511644,77.3113269,INDUSTRIAL,Sector 32,,,,industrial,,
way_188594928,28.4689049,77.3041174,INDUSTRIAL,Sector 27C,,,,industrial,,
way_188594930,28.4650015,77.3093904,INDUSTRIAL,Sector 35,,,,industrial,,
way_188600067,28.4813559,77.3028035,INDUSTRIAL,Sector 27D,,,,industrial,,
way_188603028,28.4734011,77.2984969,INDUSTRIAL,,,,,industrial,,
way_189047262,28.3656299,76.8815174,INDUSTRIAL,,,,,industrial,,
way_189598819,28.8223449,77.1260113,INDUSTRIAL,All India Radio SW,communication,,,industrial,,
way_190049556,28.4355872,77.0148197,INDUSTRIAL,Hero MotoCorp,factory,,,industrial,,
way_190049557,28.4324639,77.0171732,INDUSTRIAL,,,,,industrial,,
way_193194772,25.1805579,76.3188247,INDUSTRIAL,Anta Thermal Power Station,,plant,gas,industrial,,NTPC
way_193255401,27.2357736,77.5030529,INDUSTRIAL,Cimmco Wagon Factory,,,,industrial,,
way_193255402,26.7234872,77.8838372,INDUSTRIAL,,,,,industrial,,
way_193255403,26.7339256,77.8944222,INDUSTRIAL,,,,,industrial,,
way_193330836,29.0615351,79.523881,INDUSTRIAL,Century Pulp And Paper Mill,factory,,,industrial,,
way_193345030,27.1592128,81.9640301,INDUSTRIAL,,,,,industrial,,
way_194040818,25.5623287,77.8349001,INDUSTRIAL,Marhikheda,,plant,hydro,,,Madhya Pradesh Power Generating Company Limited
way_194040819,25.1002237,78.3719185,INDUSTRIAL,Matatila,,plant,hydro,,,Uttar Pradesh Rajya Vidyut Utpadan Nigam Limited
way_194040861,24.7635714,78.2321225,INDUSTRIAL,Rajghat powerhouse,,plant,hydro,,,Madhya Pradesh Power Generating Company Limited
way_194616237,28.2090107,77.0590536,INDUSTRIAL,Hyline Auto Pvt. Ltd.,,,,industrial,,
way_195614906,28.7467641,77.7296575,INDUSTRIAL,,,,,industrial,,
way_195665277,24.8596521,81.313704,INDUSTRIAL,Bansagar-I,,plant,hydro,industrial,,
way_195665279,24.4848692,81.2961667,INDUSTRIAL,Bansagar-II,,plant,hydro,industrial,,Madhya Pradesh Power Generating Company Limited
way_195665280,24.1873668,81.2856621,INDUSTRIAL,Bansagar-III,,plant,hydro,,,Madhya Pradesh Power Generating Company Limited
way_195665281,24.2229477,81.2746864,INDUSTRIAL,Bansagar-IV,,plant,hydro,,,Madhya Pradesh Power Generating Company Limited
way_195665346,24.0063057,82.4079897,INDUSTRIAL,Mahan Thermal Power Plant,,plant,coal,industrial,,Adani Power
way_195828543,24.1260544,82.6491752,INDUSTRIAL,,,,,industrial,,
way_195828544,24.1250466,82.6418377,INDUSTRIAL,,,,,industrial,,
way_196019571,24.1050321,82.6740608,INDUSTRIAL,Vindhyachal,,plant,coal,industrial,,NTPC
way_196365370,27.0315104,74.7229624,INDUSTRIAL,,,,,industrial,,
way_196365372,27.0304085,74.6983408,INDUSTRIAL,,,,,industrial,,
way_196411761,24.1053291,82.7065171,INDUSTRIAL,Singrauli Super Thermal Power Station,,plant,coal,industrial,,NTPC
way_196441523,24.1384112,82.6568207,INDUSTRIAL,Field WorkShop,,,,,works,
way_196524169,24.1816572,82.7910858,INDUSTRIAL,Renusagar Coal Power Plant,,plant,coal,industrial,,Hindalco Industries Limited
way_196663594,24.0280727,82.7935912,INDUSTRIAL,Rihand Thermal Power Station,,plant,coal,industrial,,NTPC
way_196766842,25.5346189,78.507846,INDUSTRIAL,,,,,industrial,,
way_196766845,27.223215,78.2023262,INDUSTRIAL,,,,,industrial,,
way_196969812,28.2801365,79.8083363,INDUSTRIAL,,,,,industrial,,
way_196969813,28.2454266,79.9963529,INDUSTRIAL,,,,,industrial,,
way_197026340,28.8111677,78.225706,INDUSTRIAL,,,,,industrial,,
way_197026343,28.8314656,78.2485234,INDUSTRIAL,,,,,industrial,,
way_197026417,28.8332031,78.230077,INDUSTRIAL,,,,,industrial,,
way_197026420,28.8207815,78.2287607,INDUSTRIAL,,,,,industrial,,
way_197044642,27.2187818,78.0445469,INDUSTRIAL,,,,,industrial,,
way_197187432,25.4989702,78.7109887,INDUSTRIAL,,,,,industrial,,
way_197187433,26.11775,79.7579071,INDUSTRIAL,,,,,industrial,,
way_197187434,25.5136804,78.7578375,INDUSTRIAL,Parichha Thermal Power Station,,plant,coal,industrial,,Uttar Pradesh Rajya Vidyut Utpadan Nigam Limited
way_197202067,24.2238599,82.4547023,INDUSTRIAL,Mahan Aluminium Bargawan Coal Power Plant,,plant,coal,industrial,,Hindalco Industries Limited
way_197202073,24.2328569,82.4368228,INDUSTRIAL,,,,,industrial,,
way_198156215,26.3623952,78.2872325,INDUSTRIAL,,,,,industrial,,
way_198159364,28.5153696,77.5060237,INDUSTRIAL,,,,,industrial,,
way_198159367,28.5161225,77.5177007,INDUSTRIAL,Surajpur Industrial Area,,,,industrial,,
way_198159368,28.5217246,77.4654532,INDUSTRIAL,,,,,industrial,,
way_198160834,28.6185427,77.4741798,INDUSTRIAL,,,,,industrial,,
way_198160836,28.568255,77.5411132,INDUSTRIAL,,,,,industrial,,
way_198160837,28.6105362,77.4972006,INDUSTRIAL,,,,,industrial,,
way_198160838,28.6320515,77.4646035,INDUSTRIAL,,,,,industrial,,
way_203076101,26.9653397,81.1885846,INDUSTRIAL,,,,,industrial,,
way_203076102,26.4900877,81.5577768,INDUSTRIAL,,,,,industrial,,
way_203076103,26.9540238,81.1899294,INDUSTRIAL,,,,,industrial,,
way_203111503,28.2929034,76.8555165,INDUSTRIAL,,,,,industrial,,
way_203111504,28.228825,76.8061127,INDUSTRIAL,,,,,industrial,,
way_203111506,28.2146529,76.7829779,INDUSTRIAL,,,,,industrial,,
way_203111508,28.2336609,76.8033423,INDUSTRIAL,,,,,industrial,,
way_203111509,28.7788088,79.5068506,INDUSTRIAL,Kesar Sugar Mill,sugar_manufacturing,,,industrial,,
way_203111510,28.0072716,76.4611632,INDUSTRIAL,,,,,industrial,,
way_203111511,28.3118486,76.8765355,INDUSTRIAL,,,,,industrial,,
way_203111512,28.3952845,76.8539248,INDUSTRIAL,,,,,industrial,,
way_203111513,28.0148243,76.4704727,INDUSTRIAL,,,,,industrial,,
way_203151423,24.0535784,80.6107077,INDUSTRIAL,,,,,industrial,,
way_203915174,25.6514489,82.2285262,INDUSTRIAL,Abhavani Steels Power plant,,plant,coal,industrial,,
way_203915176,27.8187503,79.9370254,INDUSTRIAL,Rosa Thermal Power Plant,,plant,coal,industrial,,Reliance
way_204007350,29.516921,78.757622,INDUSTRIAL,Ramganga Hydroelectric Power Plant,,plant,hydro,,,Uttarakhand Jal Vidyut Nigam Limited
way_204957222,28.7583168,77.5158685,INDUSTRIAL,,,,,industrial,,
way_204957223,28.6360672,77.7768856,INDUSTRIAL,,,,,industrial,,
way_204969676,28.5173529,77.2850181,INDUSTRIAL,,,,,industrial,,
way_204969700,28.5793518,77.2303329,INDUSTRIAL,Kushak Nallah Bus Depot,depot,,,industrial,,Delhi Transport Corporation
way_204980207,28.8228243,77.5650472,INDUSTRIAL,,,,,industrial,,
way_204980210,28.7746815,77.1206587,INDUSTRIAL,,,,,industrial,,
way_204980211,28.7958383,77.1480303,INDUSTRIAL,,,,,industrial,,
way_204980214,28.8469353,77.5814519,INDUSTRIAL,,,,,industrial,,
way_204980217,28.7759479,77.1456212,INDUSTRIAL,,,,,industrial,,
way_206113656,26.7896379,81.6891902,INDUSTRIAL,,,,,industrial,,
way_206119994,28.4179206,80.5700897,INDUSTRIAL,,,,,industrial,,
way_206134072,26.5101025,80.4210195,INDUSTRIAL,,,,,industrial,,
way_206134074,26.5274205,80.4499359,INDUSTRIAL,,,,,industrial,,
way_206134076,26.4860726,80.4631725,INDUSTRIAL,,,,,industrial,,
way_206137785,28.5507896,79.2158987,INDUSTRIAL,,,,,industrial,,
way_206152771,28.6893744,76.9838305,INDUSTRIAL,,,,,industrial,,
way_206152775,28.7096077,76.8880318,INDUSTRIAL,,,,,industrial,,
way_206152781,28.6987843,76.9207197,INDUSTRIAL,,,,,industrial,,
way_206152782,28.6970213,76.9378825,INDUSTRIAL,,,,,industrial,,
way_206152783,28.8018358,77.1298422,INDUSTRIAL,,,,,industrial,,
way_206564484,28.6434112,77.1815835,INDUSTRIAL,,,,,industrial,,
way_206932312,28.6779445,77.3811609,INDUSTRIAL,,,,,industrial,,
way_206933067,28.6779302,77.3803256,INDUSTRIAL,,,,,industrial,,
way_206934011,28.677976,77.3796224,INDUSTRIAL,,,,,industrial,,
way_207270413,27.6222718,84.52158,INDUSTRIAL,"NEPAL ELECTRICITY AUTHORITY, TANDI",,,,industrial,,
way_207271789,27.6126235,84.5480271,INDUSTRIAL,Factory,,,,industrial,,
way_209278333,26.778273,80.8920254,INDUSTRIAL,Transport Nagar,,,,industrial,,
way_209432852,26.823154,80.9109822,INDUSTRIAL,,,,,industrial,,
way_209432853,26.8275909,80.9274446,INDUSTRIAL,,,,,industrial,,
way_209432854,26.8263784,80.9167845,INDUSTRIAL,,,,,industrial,,
way_209791002,27.2762921,84.9873262,INDUSTRIAL,Nepal Oil Corporation,,,,industrial,,
way_209990802,28.5893735,81.6335868,INDUSTRIAL,Birendranagar Industrial Area,,,,industrial,,
way_210624446,31.0417401,76.5646905,INDUSTRIAL,Guru Gobind Singh Super Thermal Power Plant,,plant,coal,industrial,,Punjab State Power Corporation
way_211461010,26.8606517,80.9694464,INDUSTRIAL,,,,,industrial,,
way_211514985,26.8720918,81.0034881,INDUSTRIAL,,,,,industrial,,
way_211514988,26.8672759,81.0092279,INDUSTRIAL,,,,,industrial,,
way_211514991,26.8630422,81.0113612,INDUSTRIAL,,,,,industrial,,
way_211514997,26.8646028,81.0007644,INDUSTRIAL,,,,,industrial,,
way_211516398,26.8691384,80.9918677,INDUSTRIAL,,,,,industrial,,
way_212085631,26.9176179,80.94852,INDUSTRIAL,,,,,industrial,,
way_212766358,26.8744696,80.9214363,INDUSTRIAL,Mohan Meakin Limited,,,,industrial,,
way_212846780,26.8602949,80.9609121,INDUSTRIAL,,,,,industrial,,
way_212846781,26.8589275,80.9653334,INDUSTRIAL,,,,,industrial,,
way_213490217,26.8365865,80.8896929,INDUSTRIAL,,,,,industrial,,
way_213490219,26.8412933,80.8866709,INDUSTRIAL,,,,,industrial,,
way_213814188,26.8506027,80.8818526,INDUSTRIAL,,,,,industrial,,
way_213889207,26.847768,80.9004314,INDUSTRIAL,,,,,industrial,,
way_213889212,26.8409884,80.909397,INDUSTRIAL,,,,,industrial,,
way_213889215,26.8447297,80.9056412,INDUSTRIAL,,,,,industrial,,
way_213889218,26.8430664,80.8961017,INDUSTRIAL,,,,,industrial,,
way_213889219,26.839069,80.9023042,INDUSTRIAL,,,,,industrial,,
way_214272568,26.838197,80.9023744,INDUSTRIAL,,,,,industrial,,
way_214272572,26.8410073,80.8957159,INDUSTRIAL,,,,,industrial,,
way_214272573,26.8479012,80.8923639,INDUSTRIAL,,,,,industrial,,
way_214272574,26.8393035,80.8973057,INDUSTRIAL,,,,,industrial,,
way_214274090,26.8409445,80.8920988,INDUSTRIAL,,,,,industrial,,
way_214274092,26.839564,80.8906817,INDUSTRIAL,,,,,industrial,,
way_214304483,26.8473519,80.9088833,INDUSTRIAL,,,,,industrial,,
way_214308154,26.8347228,80.9049551,INDUSTRIAL,,,,,industrial,,
way_214308159,26.837453,80.8969647,INDUSTRIAL,,,,,industrial,,
way_214308168,26.8378676,80.9073867,INDUSTRIAL,,,,,industrial,,
way_214308170,26.8374014,80.906021,INDUSTRIAL,,,,,industrial,,
way_214308174,26.838158,80.8938814,INDUSTRIAL,,,,,industrial,,
way_214318478,26.8335822,80.8940886,INDUSTRIAL,,,,,industrial,,
way_214467353,26.9177759,81.0653982,INDUSTRIAL,,,,,industrial,,
way_214848691,26.7769367,80.8633671,INDUSTRIAL,,,,,industrial,,
way_214848692,26.7682898,80.8680466,INDUSTRIAL,,,,,industrial,,
way_214848693,26.770448,80.8722925,INDUSTRIAL,,,,,industrial,,
way_214848694,26.7774879,80.8678318,INDUSTRIAL,,,,,industrial,,
way_214848696,26.7764675,80.8676764,INDUSTRIAL,,,,,industrial,,
way_214848697,26.7739551,80.8675238,INDUSTRIAL,,,,,industrial,,
way_214848698,26.764763,80.8716705,INDUSTRIAL,,,,,industrial,,
way_215069454,28.620259,76.9741432,INDUSTRIAL,Anaj Mandi,,,,industrial,,
way_215325214,26.8716302,80.8868873,INDUSTRIAL,,,,,industrial,,
way_217789459,26.7687122,80.8359389,INDUSTRIAL,,,,,industrial,,
way_217851355,26.7667455,80.8408169,INDUSTRIAL,,,,,industrial,,
way_217851356,26.7301932,80.8477543,INDUSTRIAL,,,,,industrial,,
way_217851357,26.7313916,80.8494631,INDUSTRIAL,,,,,industrial,,
way_217851358,26.76861,80.8386948,INDUSTRIAL,,,,,industrial,,
way_217851359,26.7363414,80.8518958,INDUSTRIAL,,,,,industrial,,
way_217961416,28.6190846,76.9737578,INDUSTRIAL,,depot,,,industrial,,
way_222108709,27.0692161,84.894975,INDUSTRIAL,,,,,industrial,,
way_222370755,23.5446697,74.5059224,INDUSTRIAL,Mahi Power House I,,plant,hydro,,,Rajasthan Rajya Vidyut Utpadan Nigam
way_222636867,30.6943855,76.2452732,INDUSTRIAL,,,,,industrial,,
way_223150876,30.6948646,76.2355643,INDUSTRIAL,,,,,industrial,,
way_223672954,27.0793716,82.0839749,INDUSTRIAL,Kundarkhi Thermal Power Station,,plant,coal,industrial,,Bajaj Energy Limited
way_225138391,24.5258055,76.0957413,INDUSTRIAL,Kalisindh Thermal Power Station,,plant,coal,industrial,,Rajasthan Rajya Vidyut Utpadan Nigam
way_226989223,30.4076309,78.45489,INDUSTRIAL,,,,,industrial,,
way_226996662,31.4098824,76.3445779,INDUSTRIAL,,,,,industrial,,
way_227028506,31.3861301,76.3698234,INDUSTRIAL,,,,,industrial,,
way_227229472,30.8582455,79.4704069,INDUSTRIAL,,,,,industrial,,
way_227274945,30.0697882,78.24806,INDUSTRIAL,,,,,industrial,,
way_227300962,30.5081926,79.0862714,INDUSTRIAL,,,,,industrial,,
way_228132578,30.3634704,79.3101111,INDUSTRIAL,,,,,industrial,,
way_228446618,29.7078599,77.0088028,INDUSTRIAL,,,,,industrial,,
way_228532354,29.6709125,76.9995729,INDUSTRIAL,,,,,industrial,,
way_228532355,29.6792369,77.0064572,INDUSTRIAL,,,,,industrial,,
way_228540999,29.6663211,76.9852241,INDUSTRIAL,Sector 3,,,,industrial,,
way_228702099,29.6900322,76.9869944,INDUSTRIAL,Karnal Bus Depot,bus_depot,,,industrial,,Haryana Roadways
way_228705318,29.6712524,76.9931069,INDUSTRIAL,,,,,industrial,,
way_228716150,29.6715392,76.9908417,INDUSTRIAL,,,,,industrial,,
way_228800997,29.6799877,76.9731978,INDUSTRIAL,,,,,industrial,,
way_228800999,29.6819432,76.9812606,INDUSTRIAL,,,,,industrial,,
way_228950487,29.6536182,76.9708212,INDUSTRIAL,,,,,industrial,,
way_228950488,29.6579913,76.9721267,INDUSTRIAL,,,,,industrial,,
way_228950489,29.6506666,76.9672238,INDUSTRIAL,,,,,industrial,,
way_228950490,29.6539568,76.97318,INDUSTRIAL,,,,,industrial,,
way_229463867,30.4065794,79.3925297,INDUSTRIAL,,,,,industrial,,
way_231256968,26.1458097,83.5377386,INDUSTRIAL,,factory,,,industrial,,
way_231256969,26.1523277,83.4664387,INDUSTRIAL,,factory,,,industrial,,
way_231256970,26.1528016,83.4647619,INDUSTRIAL,,factory,,,industrial,,
way_231256972,26.1448032,83.5339403,INDUSTRIAL,,factory,,,industrial,,
way_231256973,26.0795813,83.5491793,INDUSTRIAL,,factory,,,industrial,,
way_231256974,26.163126,83.4572298,INDUSTRIAL,,factory,,,industrial,,
way_231256975,26.1311314,83.5287628,INDUSTRIAL,,factory,,,industrial,,
way_231256978,26.1062368,83.5529487,INDUSTRIAL,,factory,,,industrial,,
way_231256979,26.0837671,83.5466239,INDUSTRIAL,,factory,,,industrial,,
way_231256980,26.1670788,83.4820967,INDUSTRIAL,,factory,,,industrial,,
way_231256981,26.1591997,83.448819,INDUSTRIAL,,factory,,,industrial,,
way_231256982,26.115496,83.5220144,INDUSTRIAL,,factory,,,industrial,,
way_231256983,26.0677497,83.5768278,INDUSTRIAL,,factory,,,industrial,,
way_231256984,26.0673633,83.582498,INDUSTRIAL,,factory,,,industrial,,
way_231256986,26.0674624,83.5622898,INDUSTRIAL,,factory,,,industrial,,
way_231256987,26.0468303,83.565356,INDUSTRIAL,,brickyard,,,industrial,,
way_231256988,26.1164678,83.526383,INDUSTRIAL,,factory,,,industrial,,
way_231256989,26.1458209,83.5191125,INDUSTRIAL,,factory,,,industrial,,
way_231256990,26.1545706,83.4653162,INDUSTRIAL,,factory,,,industrial,,
way_231256991,26.1172723,83.5241396,INDUSTRIAL,,factory,,,industrial,,
way_231256992,26.1436812,83.522132,INDUSTRIAL,,factory,,,industrial,,
way_231256993,26.0769531,83.545746,INDUSTRIAL,,factory,,,industrial,,
way_231256994,26.1524979,83.5463448,INDUSTRIAL,,factory,,,industrial,,
way_231256995,26.1419599,83.5220082,INDUSTRIAL,,factory,,,industrial,,
way_231265587,25.8978123,83.7581366,INDUSTRIAL,,factory,,,industrial,,
way_231265588,25.8899483,83.7629685,INDUSTRIAL,,factory,,,industrial,,
way_231265589,25.91726,83.7612784,INDUSTRIAL,,factory,,,industrial,,
way_231265590,25.9334385,83.7704574,INDUSTRIAL,,factory,,,industrial,,
way_231265591,25.9206601,83.7602331,INDUSTRIAL,,factory,,,industrial,,
way_231265592,25.9312168,83.7663955,INDUSTRIAL,,factory,,,industrial,,
way_231265593,25.915143,83.7411985,INDUSTRIAL,,factory,,,industrial,,
way_233092244,30.7216972,78.3610617,INDUSTRIAL,,,,,industrial,,
way_233092260,30.7182741,78.3548209,INDUSTRIAL,,,,,industrial,,
way_233107850,30.4143063,79.088633,INDUSTRIAL,,,,,industrial,,
way_233107852,30.4022301,79.0861887,INDUSTRIAL,,,,,industrial,,
way_233107862,30.4442819,79.0750897,INDUSTRIAL,,,,,industrial,,
way_233107864,30.4441031,79.0862154,INDUSTRIAL,,,,,industrial,,
way_233107873,30.4339551,79.0886631,INDUSTRIAL,,,,,industrial,,
way_233107879,30.4209728,79.0814982,INDUSTRIAL,,,,,industrial,,
way_233107881,30.3896189,79.0692188,INDUSTRIAL,,,,,industrial,,
way_233107897,30.4323251,79.0882911,INDUSTRIAL,,,,,industrial,,
way_233107906,30.4324919,79.0918405,INDUSTRIAL,,,,,industrial,,
way_233107907,30.4225976,79.0933967,INDUSTRIAL,,,,,industrial,,
way_233107921,30.412242,79.090697,INDUSTRIAL,,,,,industrial,,
way_233107946,30.4221268,79.0906447,INDUSTRIAL,,,,,industrial,,
way_233107949,30.4038461,79.0448517,INDUSTRIAL,,,,,industrial,,
way_233107953,30.4352276,79.0915108,INDUSTRIAL,,,,,industrial,,
way_233107961,30.4166823,79.0894919,INDUSTRIAL,,,,,industrial,,
way_233107981,30.4077785,79.0873393,INDUSTRIAL,,,,,industrial,,
way_233107989,30.404901,79.0787718,INDUSTRIAL,,,,,industrial,,
way_233108048,30.4289687,79.0970885,INDUSTRIAL,,,,,industrial,,
way_233108058,30.388651,79.0734894,INDUSTRIAL,,,,,industrial,,
way_233108070,30.3913174,79.0677247,INDUSTRIAL,,,,,industrial,,
way_233108077,30.4249613,79.0969132,INDUSTRIAL,,,,,industrial,,
way_233108095,30.4371677,79.0909634,INDUSTRIAL,,,,,industrial,,
way_233108105,30.4166693,79.0815253,INDUSTRIAL,,,,,industrial,,
way_233108111,30.4243917,79.0874388,INDUSTRIAL,,,,,industrial,,
way_233108120,30.3931433,79.0796957,INDUSTRIAL,,,,,industrial,,
way_233108133,30.4307076,79.0961027,INDUSTRIAL,,,,,industrial,,
way_233108139,30.4309299,79.0845346,INDUSTRIAL,,,,,industrial,,
way_233108144,30.4402108,79.0937066,INDUSTRIAL,,,,,industrial,,
way_233108156,30.4269069,79.0979804,INDUSTRIAL,,,,,industrial,,
way_233108158,30.4418694,79.0939379,INDUSTRIAL,,,,,industrial,,
way_233108163,30.3889567,79.0782349,INDUSTRIAL,,,,,industrial,,
way_233108170,30.4232391,79.0854072,INDUSTRIAL,,,,,industrial,,
way_233234797,30.3030166,79.0082645,INDUSTRIAL,,,,,industrial,,
way_233234809,30.3022222,78.9928192,INDUSTRIAL,,,,,industrial,,
way_233234816,30.3037463,78.9946532,INDUSTRIAL,,,,,industrial,,
way_234855157,27.9763881,77.4917951,INDUSTRIAL,,,,,industrial,,
way_234855831,27.9659107,77.4782298,INDUSTRIAL,Brick Kiln,,,,industrial,,
way_234858802,28.2204369,77.4378058,INDUSTRIAL,,,,,industrial,,
way_234947521,30.2572913,78.0269987,INDUSTRIAL,,,,,industrial,,
way_234948037,30.447697,77.6655727,INDUSTRIAL,,,,,industrial,,
way_234949920,30.4355708,77.6820158,INDUSTRIAL,Dhalipur Power Plant,,plant,hydro,,,Uttarakhand Jal Vidyut Nigam Limited
way_234950739,30.428742,77.6296318,INDUSTRIAL,Kulhal Power Plant,,plant,hydro,,,Uttarakhand Jal Vidyut Nigam Limited
way_234963928,27.083055,84.9181003,INDUSTRIAL,,,,,industrial,,
way_237962886,27.0326311,75.8928854,INDUSTRIAL,Ericsson Assembly line factory,,,,industrial,,
way_239448730,30.8121198,76.3325806,INDUSTRIAL,,,,,industrial,,
way_239534922,28.4441765,77.305352,INDUSTRIAL,,,,,industrial,,
way_240313011,28.3697942,76.8189172,INDUSTRIAL,,,,,industrial,,
way_240313013,28.3806475,76.8357624,INDUSTRIAL,,,,,industrial,,
way_240313014,28.1206385,76.7900649,INDUSTRIAL,Industrial Area Khushkhera,,,,industrial,,
way_240313018,28.1846245,76.8772427,INDUSTRIAL,,,,,industrial,,
way_240313021,28.2051424,76.7477502,INDUSTRIAL,,,,,industrial,,
way_240313023,28.0533272,76.8290324,INDUSTRIAL,,,,,industrial,,
way_240343656,29.0269474,79.6811271,INDUSTRIAL,,,,,industrial,,
way_244846805,28.9481874,77.2346935,INDUSTRIAL,,,,,industrial,,
way_245097373,27.690024,84.4578255,INDUSTRIAL,,,,,industrial,,
way_245689054,27.6331989,84.4328004,INDUSTRIAL,,,,,industrial,,
way_249680465,27.6083114,83.6447947,INDUSTRIAL,Lumbini Sugar Mills,,,,,works,
way_255035532,29.9168901,75.2316807,INDUSTRIAL,Talwandi Sabo Power Limited,,plant,coal,industrial,,
way_255910666,29.3052024,82.1792257,INDUSTRIAL,Jumla Hydro Power Station,,plant,hydro,,,
way_256704079,29.0057275,80.0948579,INDUSTRIAL,power house,,plant,hydro,,,
way_256704104,28.993556,80.0983537,INDUSTRIAL,,,,,industrial,,
way_256814369,29.0058797,80.1440353,INDUSTRIAL,,,,,industrial,,
way_257070705,28.9473109,80.2694199,INDUSTRIAL,,brickyard,,,industrial,,
way_257074840,28.9454446,80.2363667,INDUSTRIAL,,,,,industrial,,
way_257074852,28.9395381,80.2357014,INDUSTRIAL,,,,,industrial,,
way_257074886,28.9454059,80.2367074,INDUSTRIAL,,,,,,works,
way_257104876,31.001376,76.45149,INDUSTRIAL,Centrient,,,,industrial,,
way_258357247,29.9531912,76.895341,INDUSTRIAL,,,,,industrial,,
way_258359724,29.9733217,76.8888125,INDUSTRIAL,,,,,industrial,,
way_258374575,29.9518735,76.8444026,INDUSTRIAL,,,,,industrial,,
way_258541343,29.8570647,77.0383829,INDUSTRIAL,Best Foods Int.,,,,industrial,,
way_258563474,28.6897995,80.3623333,INDUSTRIAL,,brickyard,,,industrial,,
way_258577573,29.9054184,76.9814282,INDUSTRIAL,,,,,industrial,,
way_258577575,29.9940268,77.0520881,INDUSTRIAL,,,,,industrial,,
way_258942212,28.6514203,80.4258077,INDUSTRIAL,,,,,,works,
way_258977342,29.4000438,76.9561799,INDUSTRIAL,,,,,industrial,,
way_258977343,29.4037537,76.9536605,INDUSTRIAL,Industrial area,,,,industrial,,
way_258977344,29.4023013,76.9586259,INDUSTRIAL,Industrial Area,,,,industrial,,
way_258977345,29.4023047,76.9512635,INDUSTRIAL,Industrial Area,,,,industrial,,
way_258977347,29.3986521,76.9606919,INDUSTRIAL,,,,,industrial,,
way_259043717,28.6599857,80.4679077,INDUSTRIAL,,,,,industrial,,
way_259078106,28.6515311,80.4260754,INDUSTRIAL,,,,,industrial,,
way_259079492,28.6404028,80.3923887,INDUSTRIAL,,brickyard,,,industrial,,
way_259090316,26.8941453,80.2173933,INDUSTRIAL,,,,,industrial,,
way_259231233,29.4012322,76.9468087,INDUSTRIAL,Industrial area,,,,industrial,,
way_259231234,29.3977244,76.9532471,INDUSTRIAL,Industrial Area,,,,industrial,,
way_259231235,29.402555,76.9475706,INDUSTRIAL,,,,,industrial,,
way_259250052,29.3731014,76.9579751,INDUSTRIAL,Panipat Co-op. Sugar Mills Ltd.,,,,industrial,,
way_259251249,29.3652657,76.955804,INDUSTRIAL,,,,,industrial,,
way_259251252,29.3672111,76.9585113,INDUSTRIAL,,,,,industrial,,
way_259254315,29.3658594,76.9533266,INDUSTRIAL,,,,,industrial,,
way_259254316,29.3695384,76.9552044,INDUSTRIAL,,,,,industrial,,
way_259342125,29.356305,76.9606217,INDUSTRIAL,National Fertilizer Limited,,,,industrial,,
way_259358155,29.3550717,76.9953891,INDUSTRIAL,,,,,industrial,,
way_259358156,29.3561969,76.982062,INDUSTRIAL,,,,,industrial,,
way_259358157,29.345116,76.9853711,INDUSTRIAL,,,,,industrial,,
way_259358158,29.3584078,76.9876357,INDUSTRIAL,,,,,industrial,,
way_259358159,29.3391495,76.9847403,INDUSTRIAL,,,,,industrial,,
way_259365236,29.3507563,76.9851317,INDUSTRIAL,,,,,industrial,,
way_259365237,29.3684805,76.9800435,INDUSTRIAL,Sector 25,,,,industrial,,
way_259416257,29.4096205,76.9700476,INDUSTRIAL,,,,,industrial,,
way_259587456,29.3968857,76.8798411,INDUSTRIAL,Panipat Thermal Power Station,,plant,coal,industrial,,Haryana Power Generation Corporation Limited
way_259618921,29.3965289,76.8900345,INDUSTRIAL,Jaypee Cement Grinding Unit,,,,industrial,,
way_259618943,29.4524818,76.8688877,INDUSTRIAL,Panipat Refinery,refinery,,,industrial,,
way_259627688,28.6116817,80.4952206,INDUSTRIAL,,,,,industrial,,
way_259635547,29.4399847,76.877023,INDUSTRIAL,,,,,industrial,,
way_259635548,29.466769,76.8613481,INDUSTRIAL,,,,,industrial,,
way_259651714,29.4772809,76.8851528,INDUSTRIAL,,,,,industrial,,
way_259651720,29.4733669,76.8854831,INDUSTRIAL,,,,,industrial,,
way_259651725,29.4749155,76.8908588,INDUSTRIAL,Panipat Refinery,refinery,,,industrial,,
way_259660137,29.4635733,76.8956161,INDUSTRIAL,,,,,industrial,,
way_259662844,29.4706236,76.878157,INDUSTRIAL,Panipat Refinery,refinery,,,industrial,,
way_259754620,29.4862635,76.8892104,INDUSTRIAL,,,,,industrial,,
way_259754621,29.4833039,76.8899146,INDUSTRIAL,,,,,industrial,,
way_259759814,29.4949095,76.9305657,INDUSTRIAL,Indian Oil Karnal Bottling Plant,,,,industrial,,
way_260795607,26.256816,81.2554823,INDUSTRIAL,,,,,industrial,,
way_260795612,26.2521292,81.2550455,INDUSTRIAL,,,,,industrial,,
way_260803118,29.2894974,76.8098653,INDUSTRIAL,,,,,industrial,,
way_260803219,29.2768721,76.8033354,INDUSTRIAL,,,,,industrial,,
way_260851313,29.2182379,76.99691,INDUSTRIAL,,,,,industrial,,
way_260851314,29.2213575,77.0072958,INDUSTRIAL,,,,,industrial,,
way_260851315,29.1701346,77.011363,INDUSTRIAL,,,,,industrial,,
way_261137889,28.9879308,77.0410131,INDUSTRIAL,,,,,industrial,,
way_261137890,28.9891016,77.0389675,INDUSTRIAL,,,,,industrial,,
way_261546480,28.7467127,77.132046,INDUSTRIAL,,,,,industrial,,
way_261665829,28.6952785,77.0310516,INDUSTRIAL,DSIIDC MLM Hub,,,,industrial,,
way_262038315,28.6201931,76.9300966,INDUSTRIAL,Kair Depot,depot,,,industrial,,Delhi Transport Corporation
way_262081042,30.7739712,76.5158643,INDUSTRIAL,,,,,industrial,,
way_262081044,30.8007297,76.5027269,INDUSTRIAL,,,,,industrial,,
way_262501903,28.6560941,77.1478844,INDUSTRIAL,,,,,industrial,,
way_262501904,28.6552529,77.1495428,INDUSTRIAL,Scooters India Ltd,,,,industrial,,
way_262501905,28.6575865,77.1459261,INDUSTRIAL,,,,,industrial,,
way_262647904,28.6715747,77.0788232,INDUSTRIAL,Jwalapuri PVC Market,,,,industrial,,
way_262673255,28.670842,77.1139479,INDUSTRIAL,,,,,industrial,,
way_262717867,28.6529379,77.088924,INDUSTRIAL,Keshavpur Depot,depot,,,industrial,,Delhi Transport Corporation
way_263369123,28.5275475,77.0541652,INDUSTRIAL,L-Band Radar and HF Transmitting Station,communication,,,industrial,,
way_263592614,28.6692156,76.9626741,INDUSTRIAL,,,,,industrial,,
way_263667533,28.681379,76.9829522,INDUSTRIAL,,,,,industrial,,
way_263667538,28.6876606,77.0071638,INDUSTRIAL,,,,,industrial,,
way_264282209,28.54097,77.0588499,INDUSTRIAL,Delhi Jal Board,water,,,industrial,,
way_264746031,28.6889489,77.1338483,INDUSTRIAL,,,,,industrial,,
way_264768124,30.66688,75.7575346,INDUSTRIAL,Macro Dairy,,,,industrial,,
way_265015896,28.522042,77.1653199,INDUSTRIAL,Bawa Potteries,,,,industrial,,
way_265031889,28.5638923,77.2756915,INDUSTRIAL,Delhi Jal Board,,,,industrial,wastewater_treatment,
way_265165726,28.6525467,77.1204826,INDUSTRIAL,,,,,industrial,,
way_265401583,28.6571673,77.0516554,INDUSTRIAL,,,,,industrial,wastewater_plant,
way_265426119,28.5513728,77.2702101,INDUSTRIAL,Okhla Ph III,,,,industrial,,
way_265426120,28.5529175,77.2797222,INDUSTRIAL,,,,,industrial,,
way_267573776,29.0152286,77.0137425,INDUSTRIAL,,,,,industrial,,
way_269027348,28.8698471,76.6729999,INDUSTRIAL,,,,,industrial,,
way_269435883,28.6928592,76.9552533,INDUSTRIAL,"Modern Industrial Estate, Part-A",,,,industrial,,
way_269435884,28.6835976,76.9533438,INDUSTRIAL,"Modern Industrial Estate, Part-B",,,,industrial,,
way_270044352,28.384753,76.940302,INDUSTRIAL,Minda Industries,,,,industrial,,
way_270044353,28.3863,76.9401583,INDUSTRIAL,Mindarika,,,,industrial,,
way_272245403,28.3716505,76.9377978,INDUSTRIAL,Uno Minda,automotive_parts,,,industrial,,
way_277894737,28.6750676,77.3305742,INDUSTRIAL,,,,,industrial,,
way_277955572,28.6776449,77.202605,INDUSTRIAL,British Era Textile Industry,,,,industrial,,
way_283807712,28.6231219,77.3237051,INDUSTRIAL,Bio-Gas Plant,,plant,biogas,,,
way_283808810,28.6297662,77.3321596,INDUSTRIAL,Cold Storage,,,,industrial,,
way_283842167,29.7972654,77.8062973,INDUSTRIAL,,,,,industrial,,
way_286839232,25.3234693,74.6314585,INDUSTRIAL,Modern Woollens,,,,industrial,,
way_287054776,28.6364928,77.3168548,INDUSTRIAL,Inland Container Depot,,,,industrial,,
way_287054778,28.6374653,77.3157829,INDUSTRIAL,,,,,industrial,,Tata Motors Limited
way_287054784,28.6401521,77.3163257,INDUSTRIAL,,,,,industrial,,
way_287054787,28.6397075,77.3157997,INDUSTRIAL,,,,,industrial,,
way_287054788,28.640478,77.3160381,INDUSTRIAL,,,,,industrial,,
way_287882194,30.4939402,76.6087681,INDUSTRIAL,,,,,industrial,,
way_288480124,24.2247912,83.0057332,INDUSTRIAL,River Pump House,,,,industrial,,
way_290150874,28.7110716,77.2297433,INDUSTRIAL,Delhi Jal Board,,,,industrial,,
way_290486331,27.8762861,84.5393265,INDUSTRIAL,Marsyangdi Hydro Power,,plant,hydro,,,Nepal Electricity Authority
way_290620909,28.7033437,77.1975221,INDUSTRIAL,MCD Workshop,,,,industrial,,
way_290664335,28.7120556,77.1992096,INDUSTRIAL,All India Radio,communication,,,industrial,,
way_290692665,30.4590169,76.8578921,INDUSTRIAL,,,,,industrial,,
way_291408829,28.6801699,77.1920747,INDUSTRIAL,,,,,industrial,,
way_291408830,28.6780745,77.1932624,INDUSTRIAL,,,,,industrial,,
way_291654386,28.6352896,77.1298784,INDUSTRIAL,Delhi Transport Corporation Mayapuri Depot,depot,,,industrial,,
way_291719141,28.6568483,77.1556573,INDUSTRIAL,Delhi Milk Scheme,,,,industrial,,
way_291719142,28.6538078,77.1561708,INDUSTRIAL,Shadipur DTC Depot,depot,,,industrial,,
way_293954351,31.4558461,75.4407015,INDUSTRIAL,,,,,industrial,,
way_296184740,28.52794,77.4654247,INDUSTRIAL,,,,,industrial,,
way_296571981,28.7823211,77.2690486,INDUSTRIAL,B-2,,,,industrial,,
way_296571983,28.7854837,77.2608444,INDUSTRIAL,A-3/4,,,,industrial,,
way_296571986,28.7879761,77.2552995,INDUSTRIAL,A-5/6,,,,industrial,,
way_296571990,28.7809061,77.2623312,INDUSTRIAL,B-3,,,,industrial,,
way_296571991,28.78805,77.2627188,INDUSTRIAL,A-2,,,,industrial,,
way_296648865,28.678251,77.3906638,INDUSTRIAL,,,,,industrial,,
way_296653621,28.6401031,77.4407837,INDUSTRIAL,,,,,industrial,,
way_296659103,28.7468793,77.3114592,INDUSTRIAL,Inland Container Depot,,,,industrial,,
way_296659105,28.7527529,77.3137264,INDUSTRIAL,Inland Container Depot,,,,industrial,,
way_296659108,28.718078,77.2874167,INDUSTRIAL,,,,,industrial,,
way_296733621,28.7879694,77.2721345,INDUSTRIAL,A-1,,,,industrial,,
way_296733622,28.7873587,77.2419824,INDUSTRIAL,A-7,,,,industrial,,
way_296733623,28.785682,77.2744326,INDUSTRIAL,B-1,,,,industrial,,
way_298102443,30.1264968,77.2832712,INDUSTRIAL,Ballarpur Paper Mill,,,,industrial,,
way_298102456,30.1284728,77.2767675,INDUSTRIAL,,,,,industrial,,
way_298140688,30.196875,77.3300608,INDUSTRIAL,HSIDC Industrial Area,,,,industrial,,
way_298622733,30.1407461,77.2463253,INDUSTRIAL,Jagadhri Workshop,,,,industrial,,
way_298622735,30.1420826,77.2382949,INDUSTRIAL,Jagadhri Workshop,,,,industrial,,
way_298665919,30.1350388,77.2333639,INDUSTRIAL,,,,,industrial,,
way_298842704,30.1177949,77.2744014,INDUSTRIAL,Isgec Heavy Engineering Ltd.,,,,industrial,,
way_298842712,30.1187584,77.2795024,INDUSTRIAL,,,,,industrial,,
way_298847727,30.1210113,77.2781965,INDUSTRIAL,Saraswati Sugar Mill,,,,industrial,,
way_299881709,30.3032941,77.568373,INDUSTRIAL,WY.CANAL A -D,,plant,hydro,,,Haryana Power Generation Corporation Limited
way_299881712,30.2812268,77.5304614,INDUSTRIAL,,,plant,hydro,,,Haryana Power Generation Corporation Limited
way_299881714,30.2627831,77.488387,INDUSTRIAL,,,plant,hydro,,,Haryana Power Generation Corporation Limited
way_299881715,30.2488337,77.4514304,INDUSTRIAL,,,plant,hydro,,,Haryana Power Generation Corporation Limited
way_299891653,30.5307033,77.4969538,INDUSTRIAL,,,plant,hydro,,,
way_300260618,28.7157573,77.1121261,INDUSTRIAL,Rohini - 1 DTC Depot,depot,,,industrial,,DTC
way_300700031,30.3494338,77.0315875,INDUSTRIAL,,,,,industrial,,
way_300852660,30.0562877,76.8814421,INDUSTRIAL,,,,,industrial,,
way_301543368,28.663286,80.6167564,INDUSTRIAL,,,,,,works,
way_301556639,28.6792501,80.6179676,INDUSTRIAL,,,,,,works,
way_302407863,31.4128107,76.8599685,INDUSTRIAL,,,,,industrial,,
way_302407864,31.4118059,76.8367406,INDUSTRIAL,Gagal Cement Works,,,,industrial,,ACC
way_302529070,27.1618666,84.9734402,INDUSTRIAL,Surya Nepal,,,,industrial,,
way_302529071,27.1713338,84.9739388,INDUSTRIAL,Jagadamba Industries,,,,industrial,,
way_302529739,27.1666632,84.9744431,INDUSTRIAL,Hama Industries,,,,industrial,,
way_302599881,28.6718113,80.6753816,INDUSTRIAL,,,,,,works,
way_304482032,27.1894282,77.983671,INDUSTRIAL,Doctor Soap Factory,,,,,works,
way_304700853,28.0043387,79.092058,INDUSTRIAL,,,,,industrial,,
way_304707655,28.8401831,78.7580894,INDUSTRIAL,CONCOR,,,,industrial,,
way_304708973,28.8245717,78.7287187,INDUSTRIAL,,,,,industrial,,
way_305103551,27.2105502,78.0430022,INDUSTRIAL,Yadav Crain Office,,,,industrial,,
way_305221797,27.1861425,78.0058531,INDUSTRIAL,Upper India Cable Factory,,,,industrial,,
way_305259841,31.3282389,76.894684,INDUSTRIAL,Jaypee Cements,,,,industrial,,
way_310230368,26.4624577,80.2545626,INDUSTRIAL,Indian Oil Coorporation,,,,industrial,,
way_310313886,26.4764098,80.2409909,INDUSTRIAL,Panki Thermal Power Station,,,coal,industrial,,Uttar Pradesh Rajya Vidyut Utpadan Nigam Limited
way_311130978,23.9709238,82.6243262,INDUSTRIAL,Sasan UMPP,,plant,coal,industrial,,Reliance
way_311506893,27.9104457,84.5440886,INDUSTRIAL,Gorakhkali Rubber Factory,,,,industrial,,
way_312278295,30.773596,75.7636909,INDUSTRIAL,Mini Hydal Plant,,plant,hydro,,,
way_313573246,27.9683027,76.3662461,INDUSTRIAL,,,,,industrial,,
way_315169707,27.2105282,78.0961238,INDUSTRIAL,,,,,industrial,,
way_315169708,27.2190656,78.1020461,INDUSTRIAL,,,,,industrial,,
way_316447376,29.062213,77.7046644,INDUSTRIAL,Modi Industries,,,,industrial,,
way_316449838,29.351512,77.7174165,INDUSTRIAL,,,,,industrial,,
way_319414989,24.3172186,78.135934,INDUSTRIAL,Bina TPS,,plant,coal,industrial,,Jaiprakash Power Ventures Limited
way_319619332,26.4412162,74.6434129,INDUSTRIAL,,,,,industrial,,
way_319865364,24.8766056,75.6235709,INDUSTRIAL,Rajasthan Atomic Power Station,,plant,nuclear,industrial,,
way_320397653,25.1458915,75.8564318,INDUSTRIAL,Instrumentation Ltd.,,,,industrial,,
way_320968288,25.145189,75.8724981,INDUSTRIAL,J. K. Synthetics Ltd.,,,,industrial,,
way_320968290,25.155322,75.8683497,INDUSTRIAL,Multimetals,,,,industrial,,
way_320968291,25.1525422,75.8670651,INDUSTRIAL,Paliwal Steels,,,,industrial,,
way_320987864,25.2289591,75.8920911,INDUSTRIAL,Railway Workshop,,,,industrial,,
way_320998777,25.2320538,75.884376,INDUSTRIAL,Gopal Mill,,,,industrial,,
way_321002645,25.1467953,75.8757029,INDUSTRIAL,,,,,industrial,,
way_321002646,25.1494389,75.8776636,INDUSTRIAL,,,,,industrial,,
way_321002647,25.1485116,75.8791777,INDUSTRIAL,,,,,industrial,,
way_321002648,25.1502466,75.8759563,INDUSTRIAL,,,,,industrial,,
way_321002649,25.1532101,75.8712028,INDUSTRIAL,,,,,industrial,,
way_321024975,25.1452001,75.8625405,INDUSTRIAL,Food Corporation of India,,,,industrial,,
way_321025127,25.1852404,75.79886,INDUSTRIAL,Paryavaran Industrial Area,,,,industrial,,
way_321045982,25.1861768,75.8589083,INDUSTRIAL,All India Radio,,,,industrial,,
way_321045999,25.1823659,75.8680415,INDUSTRIAL,Rajasthan State Seeds Corporation Ltd.,,,,industrial,,
way_321104664,31.1078764,77.2115911,INDUSTRIAL,HRTC Workshop,,,,industrial,,
way_321844061,29.3537049,75.6500903,INDUSTRIAL,,,,,industrial,,
way_321844076,29.3531575,75.6519521,INDUSTRIAL,,,,,industrial,,
way_322101106,29.5020665,75.4409209,INDUSTRIAL,,,,,industrial,,
way_323810615,29.1473985,76.6846877,INDUSTRIAL,New Grain Market,,,,industrial,,
way_323817100,29.1186002,77.0168417,INDUSTRIAL,Wastewater treatment facility,,,,industrial,,
way_324059199,24.702005,84.0908206,INDUSTRIAL,Nabinagar Thermal Power Project,,plant,coal,industrial,,Bhartiya Rail Bijlee Company Limited
way_324738943,24.9184216,84.1918774,INDUSTRIAL,Rothas Industries,,,,industrial,,
way_325065883,29.4733547,77.7396724,INDUSTRIAL,Agarwal Paper Mill,,,,industrial,,
way_325066752,29.4433724,77.7031818,INDUSTRIAL,Trikoot Iron and Casting,,,,industrial,,
way_325066754,29.4636662,77.7230792,INDUSTRIAL,Cold Storage,,,,industrial,,
way_325495847,29.4735201,77.7415711,INDUSTRIAL,,,,,industrial,,
way_327318726,27.409163,83.9076894,INDUSTRIAL,Eastern Gandak Canal H.E. Project,,plant,hydro,,,
way_327318808,27.183957,84.9781101,INDUSTRIAL,,,,,industrial,,
way_327552558,27.7470485,84.442699,INDUSTRIAL,Chitwan milk,,,,industrial,,
way_328522396,27.6883206,84.4161055,INDUSTRIAL,Gautam Khadya Udhyog,,,,,works,
way_328548849,24.1536074,81.9089763,INDUSTRIAL,Jaypee Nigrie Super Thermal Power Plant,,plant,coal,industrial,,Jaiprakash Power Ventures Limited
way_328809720,27.4570125,83.8736394,INDUSTRIAL,Khandsari Sugar Mill,,,,industrial,,
way_329101200,27.6716228,84.2700093,INDUSTRIAL,,,,,industrial,,
way_330267981,31.3821876,76.876183,INDUSTRIAL,Koldam Dam Powerhouse,,plant,hydro,,,NTPC Limited
way_330278458,31.4130832,76.8686122,INDUSTRIAL,,,plant,hydro,,,Bhakra Beas Management Board
way_330388003,31.4956767,78.1887691,INDUSTRIAL,Baspa 2,,plant,hydro,industrial,,JSW Energy
way_330864120,29.2898005,77.4941281,INDUSTRIAL,,,,,industrial,,
way_331976548,27.6994862,84.4459701,INDUSTRIAL,narayani pipe factory,,,,industrial,,
way_332137127,27.6153157,83.9560617,INDUSTRIAL,,,,,industrial,,
way_332642434,28.1787965,84.0331073,INDUSTRIAL,Bijayapur Hydropower,,,,industrial,,
way_334885474,28.5270595,83.6592349,INDUSTRIAL,,,plant,,,,
way_335541442,27.5410124,84.8097182,INDUSTRIAL,Syangtan Mill,,,,industrial,mill,
way_336772131,27.5227418,84.8092884,INDUSTRIAL,,,,,industrial,works,
way_336772576,27.5239179,84.8086274,INDUSTRIAL,,,,,industrial,works,
way_336772577,27.5246996,84.8085009,INDUSTRIAL,,,,,industrial,works,
way_337127751,27.5253392,84.8100927,INDUSTRIAL,Bartaula Block Udhyog,,,,industrial,,
way_337127752,27.5252962,84.8094417,INDUSTRIAL,Bartaula Wash Plan,,,,industrial,,
way_338632598,27.68351,84.5108668,INDUSTRIAL,vimboli kagaj,,,,industrial,,gopal bhattari
way_338728677,27.6899896,84.5294756,INDUSTRIAL,Block Udhyog,,,,industrial,,Jitnarayan Chaudhary
way_339312975,27.6655175,84.5049029,INDUSTRIAL,,,,,industrial,kiln,
way_339325086,27.6332844,84.5333012,INDUSTRIAL,,,,,industrial,kiln,
way_339325089,27.6367515,84.5292229,INDUSTRIAL,,,,,industrial,kiln,
way_339325106,27.6351587,84.545,INDUSTRIAL,,,,,industrial,kiln,
way_340585680,28.008305,84.9166065,INDUSTRIAL,आंखुखोला जलविद्युत परियोजना,,plant,hydro,industrial,,
way_340876613,27.8234878,84.0877304,INDUSTRIAL,,,,,industrial,,
way_340883050,27.9076127,84.5221215,INDUSTRIAL,,,,,industrial,,
way_340883056,27.9147946,84.5134229,INDUSTRIAL,,,,,industrial,,
way_340896058,27.5849032,84.5851421,INDUSTRIAL,,,,,industrial,,
way_341012744,27.7070199,84.2614712,INDUSTRIAL,,,,,industrial,,
way_341389614,27.9938919,84.1871015,INDUSTRIAL,,,,,industrial,,
way_341389615,27.9908951,84.1835116,INDUSTRIAL,,,,,industrial,,
way_341454180,27.7681515,84.4685132,INDUSTRIAL,,,,,industrial,,
way_341476490,28.2733577,84.3407233,INDUSTRIAL,,,,,industrial,,
way_342087362,27.6435577,84.504696,INDUSTRIAL,,,,,industrial,,
way_342113182,28.1360193,84.6879244,INDUSTRIAL,,,,,industrial,,
way_342113219,28.1336201,84.686024,INDUSTRIAL,,,,,industrial,,
way_342113229,28.1317893,84.684399,INDUSTRIAL,,,,,industrial,,
way_342117706,28.1298391,84.682844,INDUSTRIAL,,,,,industrial,,
way_342292846,27.6377912,84.49605,INDUSTRIAL,,,,,industrial,,
way_342344876,28.1491296,84.080913,INDUSTRIAL,Arun Rice Mill,grinding_mill,,,industrial,,
way_342398254,27.9670357,84.6147935,INDUSTRIAL,,,,,industrial,,
way_342698791,28.1315369,84.379935,INDUSTRIAL,"Judging by the layout, most likely an industrial area.",,,,industrial,,
way_342755597,27.58666,84.6026188,INDUSTRIAL,,rice_mill,,,industrial,,
way_343314635,27.9686286,84.6278934,INDUSTRIAL,,,,,industrial,,
way_343321085,27.9606504,84.6593648,INDUSTRIAL,,,,,industrial,,
way_343426406,27.5014668,83.3492014,INDUSTRIAL,,,,,industrial,,
way_343426407,27.5081031,83.3620418,INDUSTRIAL,,,,,industrial,,
way_343426408,27.5041406,83.365407,INDUSTRIAL,,,,,industrial,,
way_343426409,27.5074777,83.3750185,INDUSTRIAL,,,,,industrial,,
way_343426410,27.5003913,83.3722055,INDUSTRIAL,,,,,industrial,,
way_343593006,28.0216663,81.4752353,INDUSTRIAL,,,,,industrial,,
way_343723348,27.6672173,84.2228817,INDUSTRIAL,,,,,,works,
way_343918557,27.9849561,84.2747368,INDUSTRIAL,,,,,industrial,,
way_344253532,27.6650933,84.3855528,INDUSTRIAL,,,,,industrial,,
way_344388955,27.6122915,84.2613863,INDUSTRIAL,,,,,industrial,,
way_344388956,27.6123612,84.2588944,INDUSTRIAL,,,,,industrial,,
way_344388957,27.612101,84.2612358,INDUSTRIAL,,,,,industrial,,
way_344388958,27.6120473,84.2588597,INDUSTRIAL,,,,,industrial,,
way_344431240,27.912564,84.6696398,INDUSTRIAL,,,,,industrial,,
way_344478422,24.9024965,84.9999128,INDUSTRIAL,Brick yards,,,,industrial,,
way_344481224,28.3142933,83.6718255,INDUSTRIAL,Rice Mill,rice_mill,,,industrial,,
way_344533702,27.6781276,84.3797078,INDUSTRIAL,Everest Color Factory,,,,,works,
way_344929803,27.9865024,84.0803359,INDUSTRIAL,,,,,industrial,,
way_345666867,28.6111631,77.3370342,INDUSTRIAL,"Delhi Jal Board, Booster Pump station",,,,industrial,,
way_345839475,27.6252857,84.0843582,INDUSTRIAL,,,,,industrial,,
way_345955665,27.218561,78.0934437,INDUSTRIAL,,,,,industrial,,
way_345994524,27.9310015,83.615009,INDUSTRIAL,Kaligandaki A Hydropower Plant,,plant,hydro,,,Nepal Electricity Authority
way_346378074,27.6675845,84.2231776,INDUSTRIAL,,,,,industrial,,
way_346870278,28.0212545,84.1118581,INDUSTRIAL,Surya Nepal Cigarette Factory,factory,,,industrial,,
way_348337970,28.0775947,83.5399989,INDUSTRIAL,,,,,industrial,,
way_348337976,28.0773312,83.5431231,INDUSTRIAL,,,,,industrial,,
way_348339896,28.0762401,83.5427648,INDUSTRIAL,,,,,industrial,,
way_348339899,28.0754399,83.54312,INDUSTRIAL,,,,,industrial,,
way_348339901,28.0749866,83.5417967,INDUSTRIAL,,,,,industrial,,
way_348339906,28.0738937,83.5416526,INDUSTRIAL,,,,,industrial,,
way_348339907,28.0738578,83.5415416,INDUSTRIAL,,,,,industrial,,
way_348341518,28.0783175,83.547572,INDUSTRIAL,,,,,industrial,,
way_349283259,27.665585,84.5122458,INDUSTRIAL,,,,,industrial,,
way_349849256,24.5455813,84.7806708,INDUSTRIAL,,,,,industrial,,
way_349849257,24.5456852,84.7830852,INDUSTRIAL,,,,,industrial,,
way_349849259,24.5448542,84.7888913,INDUSTRIAL,,,,,industrial,,
way_349849261,24.5469142,84.7924634,INDUSTRIAL,,,,,industrial,,
way_349849262,24.5474578,84.7955706,INDUSTRIAL,,,,,industrial,,
way_349850036,24.5507027,84.8043405,INDUSTRIAL,,,,,industrial,,
way_349852118,24.5556235,84.8078472,INDUSTRIAL,,,,,industrial,,
way_349961576,27.6891155,84.2572583,INDUSTRIAL,,,,,industrial,,
way_350799361,24.8988706,84.8652834,INDUSTRIAL,,,,,industrial,,
way_350799368,24.9633035,84.8547284,INDUSTRIAL,,,,,industrial,,
way_350799369,24.9633537,84.8591469,INDUSTRIAL,,,,,industrial,,
way_350909297,24.4662041,84.5800943,INDUSTRIAL,,,,,industrial,,
way_350909299,24.4677085,84.5845324,INDUSTRIAL,,,,,industrial,,
way_351103395,24.6083566,84.8233353,INDUSTRIAL,,,,,industrial,,
way_351107500,24.5946961,84.834096,INDUSTRIAL,,,,,industrial,,
way_351107502,24.5964695,84.8328625,INDUSTRIAL,,,,,industrial,,
way_351107504,24.6016076,84.8315635,INDUSTRIAL,,,,,industrial,,
way_351107511,24.6250396,84.8117585,INDUSTRIAL,,,,,industrial,,
way_351107512,24.627829,84.8135368,INDUSTRIAL,,,,,industrial,,
way_351107513,24.6282748,84.8157348,INDUSTRIAL,,,,,industrial,,
way_351110834,28.5259301,77.0937325,INDUSTRIAL,,,,,industrial,,
way_351138236,28.6032018,77.3661699,INDUSTRIAL,,,,,,works,
way_351408689,27.5635767,83.6656326,INDUSTRIAL,,,,,industrial,,
way_351424491,28.5246081,77.289765,INDUSTRIAL,,,,,,works,
way_352026982,27.9223191,83.6961414,INDUSTRIAL,,brickyard,,,industrial,,
way_352287112,28.3906154,77.3020554,INDUSTRIAL,Yatharthriti IT Services Private Ltd | Learning Management System|LMS Platform | LMS Software|LMS Provider| Moodle LMS| Elearning Solution,,,,industrial,,
way_352430551,28.4800771,77.3001042,INDUSTRIAL,Campari Exports Pvt. Ltd.,,,,,works,
way_352430598,28.4799591,77.3006433,INDUSTRIAL,MG Furnaces,,,,,works,
way_352430604,28.4804938,77.3005223,INDUSTRIAL,Gopal Threads,,,,,works,
way_352595745,24.5762287,84.8126191,INDUSTRIAL,,,,,industrial,,
way_352599366,24.6008275,84.8263666,INDUSTRIAL,,,,,industrial,,
way_352599368,24.596892,84.8270849,INDUSTRIAL,,,,,industrial,,
way_352840196,24.5775284,84.7927922,INDUSTRIAL,,,,,industrial,,
way_352840203,24.5861702,84.7939401,INDUSTRIAL,,,,,industrial,,
way_352840205,24.5805705,84.7945854,INDUSTRIAL,,,,,industrial,,
way_352927458,28.6713246,77.4597003,INDUSTRIAL,Power Sub Station & Billing Counter,,substation,,industrial,,
way_352987998,24.66959,84.8698751,INDUSTRIAL,,,,,industrial,,
way_353073939,27.6833951,84.2199573,INDUSTRIAL,,,,,,works,
way_353166447,24.574407,84.9740868,INDUSTRIAL,,,,,industrial,,
way_353166448,24.5740548,84.9757025,INDUSTRIAL,,,,,industrial,,
way_353166449,24.5715812,84.9748319,INDUSTRIAL,,,,,industrial,,
way_353166944,24.5964249,84.9946461,INDUSTRIAL,,,,,industrial,,
way_353212568,24.5597511,84.7422253,INDUSTRIAL,,,,,industrial,,
way_353212570,24.561123,84.7450099,INDUSTRIAL,,,,,industrial,,
way_353264424,27.7037215,84.0625191,INDUSTRIAL,,,,,industrial,,
way_353792832,28.479642,77.2982971,INDUSTRIAL,Ben & Gaws Pvt Ltd,,,,,works,
way_353842019,24.6029,84.8216296,INDUSTRIAL,,,,,industrial,,
way_353842027,24.6013594,84.814578,INDUSTRIAL,,,,,industrial,,
way_353842028,24.6001045,84.8114317,INDUSTRIAL,,,,,industrial,,
way_353842029,24.5980128,84.8117077,INDUSTRIAL,,,,,industrial,,
way_353842037,24.5849342,84.8207735,INDUSTRIAL,,,,,industrial,,
way_353847094,24.5489002,84.7953705,INDUSTRIAL,,,,,industrial,,
way_354199885,27.5951679,84.08613,INDUSTRIAL,,,,,,works,
way_354317173,27.5989217,84.0840473,INDUSTRIAL,,,,,,works,
way_354329538,24.6777802,84.817443,INDUSTRIAL,,,,,industrial,,
way_354329596,24.5882661,84.8046442,INDUSTRIAL,,,,,industrial,,
way_354329597,24.5884536,84.8088079,INDUSTRIAL,,,,,industrial,,
way_354329600,24.5830067,84.8059246,INDUSTRIAL,,,,,industrial,,
way_354345184,27.6043705,84.1045338,INDUSTRIAL,,,,,,works,
way_354529829,24.5669361,84.7413447,INDUSTRIAL,,,,,industrial,,
way_354529830,24.5695218,84.7467827,INDUSTRIAL,,,,,industrial,,
way_354695215,27.6668071,84.2044652,INDUSTRIAL,,,,,,works,
way_354720275,28.5047388,77.508179,INDUSTRIAL,,,,,industrial,,
way_354933818,27.7061323,84.4099315,INDUSTRIAL,Tarapi Facroty,,,,,works,
way_355326091,24.326359,81.3296209,INDUSTRIAL,,,,,industrial,,
way_357481072,28.6130007,77.3770883,INDUSTRIAL,Sector 64,,,,industrial,,
way_358909519,24.9186682,84.9904187,INDUSTRIAL,,,,,industrial,,
way_358909521,24.9213936,84.9878623,INDUSTRIAL,,,,,industrial,,
way_358909523,24.9246204,84.9868645,INDUSTRIAL,,,,,industrial,,
way_358909524,24.9261218,84.9837223,INDUSTRIAL,,,,,industrial,,
way_358909525,24.9306589,84.9851115,INDUSTRIAL,,,,,industrial,,
way_358909527,24.9328877,84.9931759,INDUSTRIAL,,,,,industrial,,
way_361257538,29.6658878,75.6773063,INDUSTRIAL,,,,,industrial,,
way_361259155,29.6427282,75.7209701,INDUSTRIAL,,,,,industrial,,
way_361260672,29.6503714,75.6895449,INDUSTRIAL,,,,,industrial,,
way_361260673,29.6485817,75.6984702,INDUSTRIAL,,,,,industrial,,
way_361260675,29.6549945,75.7013168,INDUSTRIAL,,,,,industrial,,
way_361264408,29.6131241,75.621348,INDUSTRIAL,,,,,industrial,,
way_361264409,29.6147804,75.6224449,INDUSTRIAL,,,,,industrial,,
way_361581169,24.6591855,84.8107955,INDUSTRIAL,,,,,industrial,,
way_361581171,24.6569532,84.8116394,INDUSTRIAL,,,,,industrial,,
way_361690783,30.8822524,75.9366685,INDUSTRIAL,,,,,industrial,,
way_361697520,24.7057565,84.8246233,INDUSTRIAL,,,,,industrial,,
way_361697530,24.7295174,84.799803,INDUSTRIAL,,,,,industrial,,
way_361697548,24.7013574,84.7886598,INDUSTRIAL,,,,,industrial,,
way_361875506,24.7326604,84.8349861,INDUSTRIAL,Brick yards,,,,industrial,,
way_362057941,24.6440287,84.7049912,INDUSTRIAL,,,,,industrial,,
way_362057951,24.5354703,84.7565203,INDUSTRIAL,,,,,industrial,,
way_362057992,24.4355149,84.803558,INDUSTRIAL,,,,,industrial,,
way_362279741,29.6665819,75.5696996,INDUSTRIAL,,,,,industrial,,
way_362279742,29.6722112,75.5960605,INDUSTRIAL,,,,,industrial,,
way_362279751,29.6668546,75.5685602,INDUSTRIAL,,,,,industrial,,
way_362279753,29.6552251,75.5625893,INDUSTRIAL,,,,,industrial,,
way_362279754,29.6541052,75.5625773,INDUSTRIAL,,,,,industrial,,
way_362279757,29.655745,75.5626737,INDUSTRIAL,,,,,industrial,,
way_362279758,29.666845,75.5718609,INDUSTRIAL,,,,,industrial,,
way_362279759,29.6568177,75.5628926,INDUSTRIAL,,,,,industrial,,
way_362279760,29.656583,75.5635082,INDUSTRIAL,,,,,industrial,,
way_362279762,29.6587601,75.5645402,INDUSTRIAL,,,,,industrial,,
way_362280800,29.657891,75.5721014,INDUSTRIAL,,,,,industrial,,
way_362280802,29.6604571,75.5708125,INDUSTRIAL,,,,,industrial,,
way_362280803,29.6586684,75.5721978,INDUSTRIAL,,,,,industrial,,
way_362280804,29.6600731,75.5715014,INDUSTRIAL,,,,,industrial,,
way_362280805,29.6586582,75.5714924,INDUSTRIAL,,,,,industrial,,
way_362293023,29.6139089,75.5593998,INDUSTRIAL,,,,,industrial,,
way_362845263,29.5570747,75.4819389,INDUSTRIAL,,,,,industrial,,
way_363742068,28.8104269,76.0640324,INDUSTRIAL,Water Works,,,,industrial,,
way_363758657,28.224198,83.9722157,INDUSTRIAL,S.S Diet And Food Factory,,,,industrial,,
way_363767145,29.5411061,75.7449141,INDUSTRIAL,,,,,industrial,,
way_363767147,29.5381192,75.7406837,INDUSTRIAL,,,,,industrial,,
way_363767151,29.5355425,75.73678,INDUSTRIAL,,,,,industrial,,
way_363767153,29.5571778,75.8140695,INDUSTRIAL,,,,,industrial,,
way_363767156,29.5365907,75.7343956,INDUSTRIAL,,,,,industrial,,
way_363769775,29.5652284,75.7136041,INDUSTRIAL,The Bhuna Co-op. Sugar Mills Ltd.,,,,industrial,,
way_363887260,29.5556844,75.7321075,INDUSTRIAL,,,,,industrial,,
way_363887265,29.5599423,75.7328562,INDUSTRIAL,,,,,industrial,,
way_363908387,29.5689667,75.7487009,INDUSTRIAL,,,,,industrial,,
way_363908422,29.5732652,75.7553612,INDUSTRIAL,,,,,industrial,,
way_363908428,29.573533,75.7581408,INDUSTRIAL,,,,,industrial,,
way_364208251,29.6008999,75.7876134,INDUSTRIAL,,,,,industrial,,
way_364208255,29.6082374,75.7972365,INDUSTRIAL,,,,,industrial,,
way_364208256,29.6022046,75.7939134,INDUSTRIAL,,,,,industrial,,
way_364499556,30.8152767,75.2540153,INDUSTRIAL,Grandfather Food Processing,,,,industrial,,
way_364530443,29.6682506,75.739796,INDUSTRIAL,,,,,industrial,,
way_364537743,29.6567428,75.7596836,INDUSTRIAL,,,,,industrial,,
way_364572237,29.618188,75.8067971,INDUSTRIAL,,,,,industrial,,
way_364576785,29.691287,75.8106632,INDUSTRIAL,,,,,industrial,,
way_364735618,29.7023631,75.8478157,INDUSTRIAL,,,,,industrial,,
way_365619621,24.5794494,74.8035833,INDUSTRIAL,,,,,industrial,,
way_365937792,25.6713274,76.1892334,INDUSTRIAL,Lakheri Cement Works,,,,industrial,,
way_366907800,29.8335214,78.1458403,INDUSTRIAL,,,,,industrial,,
way_366907802,29.8003424,78.1513181,INDUSTRIAL,,,,,industrial,,
way_366907803,29.7827458,78.1471457,INDUSTRIAL,,,,,industrial,,
way_366907805,29.7939197,78.1553621,INDUSTRIAL,,,,,industrial,,
way_366907806,29.8192979,78.1581855,INDUSTRIAL,,,,,industrial,,
way_366907807,29.778733,78.1482868,INDUSTRIAL,,,,,industrial,,
way_366907808,29.7891472,78.1487464,INDUSTRIAL,,,,,industrial,,
way_366907809,29.8451115,78.1463583,INDUSTRIAL,,,,,industrial,,
way_366907810,29.7747014,78.1482922,INDUSTRIAL,,,,,industrial,,
way_366907811,29.7999248,78.1469272,INDUSTRIAL,,,,,industrial,,
way_366907812,29.8099379,78.1523076,INDUSTRIAL,,,,,industrial,,
way_366907813,29.7967713,78.148079,INDUSTRIAL,,,,,industrial,,
way_366907814,29.8049267,78.1516966,INDUSTRIAL,,,,,industrial,,
way_367355521,27.4839925,80.9956704,INDUSTRIAL,,,,,industrial,,
way_367355522,27.5030659,80.9869824,INDUSTRIAL,,,,,industrial,,
way_367355524,27.4802144,80.9882717,INDUSTRIAL,,,,,industrial,,
way_367355526,27.5007399,80.9808539,INDUSTRIAL,,,,,industrial,,
way_367355529,27.4812873,80.9857965,INDUSTRIAL,,,,,industrial,,
way_368257672,29.3844252,78.1492095,INDUSTRIAL,Sugar Factory,,,,industrial,,
way_368623112,24.6731459,84.9807264,INDUSTRIAL,,,,,industrial,,
way_368623113,24.674485,84.9894012,INDUSTRIAL,,,,,industrial,,
way_369522598,28.2606762,77.319126,INDUSTRIAL,,,,,industrial,,
way_370105210,27.6390147,84.5661932,INDUSTRIAL,,,,,industrial,,
way_370145930,28.5503012,77.4019493,INDUSTRIAL,Samsung,,,,industrial,,
way_372699638,24.2517068,78.1618428,INDUSTRIAL,Bina Refinery,refinery,,,industrial,,
way_373190527,29.7265456,75.5743455,INDUSTRIAL,,,,,industrial,,
way_373190528,29.7294608,75.5800708,INDUSTRIAL,,,,,industrial,,
way_373190530,29.7372146,75.5652776,INDUSTRIAL,,,,,industrial,,
way_373190531,29.724834,75.5705801,INDUSTRIAL,,,,,industrial,,
way_373190532,29.7273117,75.5730059,INDUSTRIAL,,,,,industrial,,
way_373190534,29.7269554,75.5766095,INDUSTRIAL,,,,,industrial,,
way_373190536,29.7254866,75.5659224,INDUSTRIAL,,,,,industrial,,
way_374303213,27.186872,77.9583054,INDUSTRIAL,Washan Factory,,,,industrial,,
way_374397559,26.1668173,80.3712682,INDUSTRIAL,,,,,industrial,,
way_375244407,26.9158231,75.8461814,INDUSTRIAL,Surajpole Anaj Mandi,,,,industrial,,
way_375265436,26.8783243,75.7527097,INDUSTRIAL,Metro Depot,,,,industrial,,
way_375273518,26.7762845,75.8353992,INDUSTRIAL,Sitapura Industrial Area,,,,industrial,,
way_375273519,26.7736746,75.8518461,INDUSTRIAL,,,,,industrial,,
way_375890431,26.9258326,75.7765429,INDUSTRIAL,,,,,industrial,,
way_377193890,30.4665008,76.7862372,INDUSTRIAL,Bharat Petroleum Gas Plant,,,,industrial,,
way_378928701,29.4485717,74.6560856,INDUSTRIAL,Food Corporation of India,,,,industrial,,
way_379301492,30.3782603,75.8496097,INDUSTRIAL,,,,,industrial,,
way_380800656,28.2720406,83.7361778,INDUSTRIAL,Mill,,,,,works,Padam Bahadur Adhikari
way_385247308,30.5085043,77.7999839,INDUSTRIAL,Khodri Power Plant,,plant,hydro,,,
way_388172025,28.0575906,81.6149767,INDUSTRIAL,Nepalgunj Industrial Zone,,,,industrial,,
way_388183576,27.0393064,84.8938758,INDUSTRIAL,Birgunj Sugar Mills,,,,industrial,,
way_390949462,30.335434,77.9705858,INDUSTRIAL,Amitabh Textile Mill,,,,industrial,,
way_391618708,31.036039,77.1091989,INDUSTRIAL,,,,,industrial,,
way_392090790,30.5547477,76.5694192,INDUSTRIAL,Rajpura Thermal Power Plant,,plant,coal,industrial,,Larsen & Toubro
way_392094386,29.8719247,75.6275764,INDUSTRIAL,Gobindpura,,plant,solar,,,
way_392354786,24.7213523,75.0384958,INDUSTRIAL,Suntholi,,plant,solar,,,
way_392354793,24.7875131,75.0878578,INDUSTRIAL,Padliya,,plant,solar,industrial,,
way_392354797,24.6899479,75.1295707,INDUSTRIAL,Welspun Solar MP project Bhagwanpura,,plant,solar,,,
way_393038006,25.8592472,74.6566768,INDUSTRIAL,Gulabpura,,plant,solar,industrial,,
way_394947469,23.9294184,76.1210381,INDUSTRIAL,Amla Nankar-Susner,,plant,solar,,,
way_394947474,23.8847863,75.8972771,INDUSTRIAL,Kachhaliya,,plant,solar,,,
way_394947475,23.7486344,75.6398523,INDUSTRIAL,Goyalkhedi,,plant,solar,,,
way_395092415,27.3544222,81.5175249,INDUSTRIAL,,,,,industrial,,
way_395104376,30.3566969,76.3594332,INDUSTRIAL,Biogas Plant,,,,industrial,,
way_395290084,26.475712,81.5611546,INDUSTRIAL,,,,,industrial,,
way_395590774,29.6597063,75.6944231,INDUSTRIAL,,,,,industrial,,
way_395590781,29.6605808,75.7134547,INDUSTRIAL,,,,,industrial,,
way_395592725,29.6609756,75.7193602,INDUSTRIAL,,,,,industrial,,
way_395752130,29.3706063,75.8936951,INDUSTRIAL,,,,,industrial,,
way_395752131,29.36505,75.8681471,INDUSTRIAL,,,,,industrial,,
way_395752132,29.3723091,75.8907484,INDUSTRIAL,,,,,industrial,,
way_395752134,29.3720336,75.8923537,INDUSTRIAL,,,,,industrial,,
way_395788395,29.4035882,75.8894165,INDUSTRIAL,,,,,industrial,,
way_396398745,28.0596425,81.6353508,INDUSTRIAL,Ashok Steel Industries,,,,industrial,,
way_396417352,28.0589769,81.6412495,INDUSTRIAL,Verma Chappal Udhyog,,,,industrial,,
way_397576094,28.0486317,81.6213591,INDUSTRIAL,Rice Mill,grinding_mill,,,industrial,,
way_397576149,28.0481908,81.6225271,INDUSTRIAL,Chaudhary Rice Mill,,,,industrial,,Kaushal Kumar Kurmi
way_398225658,28.4817915,77.6481768,INDUSTRIAL,,,,,industrial,,
way_398225659,28.4677093,77.6646085,INDUSTRIAL,,,,,industrial,,
way_398225660,28.4819239,77.6616671,INDUSTRIAL,,,,,industrial,,
way_398818043,27.6459451,79.7917838,INDUSTRIAL,,,,,industrial,works,
way_398818045,27.6809877,79.7976871,INDUSTRIAL,,,,,industrial,works,
way_398889070,25.9570627,80.8406524,INDUSTRIAL,,,,,industrial,works,
way_400936782,28.2080683,83.996132,INDUSTRIAL,Himal Ice Udhyog,,,,,works,
way_401067494,27.5004315,83.347031,INDUSTRIAL,,brickworks,,,industrial,,
way_401067534,27.5080932,83.3460252,INDUSTRIAL,,,,,industrial,,
way_401612148,27.5245487,83.3494683,INDUSTRIAL,,,,,industrial,,
way_401612152,27.5676152,83.4894189,INDUSTRIAL,,,,,industrial,,
way_401612157,27.5259569,83.3492859,INDUSTRIAL,,,,,industrial,,
way_401612163,27.5349832,83.329915,INDUSTRIAL,,,,,industrial,,
way_401612166,27.5211651,83.3330572,INDUSTRIAL,,,,,industrial,,
way_401612171,27.5160948,83.3436076,INDUSTRIAL,,,,,industrial,,
way_401612173,27.5307234,83.350678,INDUSTRIAL,,,,,industrial,,
way_401612183,27.5239493,83.3332248,INDUSTRIAL,,,,,industrial,,
way_401612185,27.5300122,83.3440878,INDUSTRIAL,,,,,industrial,,
way_401835210,27.5107974,83.3749512,INDUSTRIAL,,brickworks,,,industrial,,
way_401835211,27.506861,83.3590552,INDUSTRIAL,,brickworks,,,industrial,,
way_401835214,27.5634571,83.524416,INDUSTRIAL,,brickworks,,,industrial,,
way_401835215,27.5222806,83.4250589,INDUSTRIAL,,brickworks,,,industrial,,
way_401835216,27.4853738,83.4577781,INDUSTRIAL,,brickworks,,,industrial,kiln,
way_401835217,27.5173793,83.4097073,INDUSTRIAL,,brickworks,,,industrial,,
way_401835218,27.5196343,83.4172282,INDUSTRIAL,,brickworks,,,industrial,,
way_401835223,27.5549991,83.5173564,INDUSTRIAL,,brickworks,,,industrial,,
way_401835224,27.5175529,83.4118517,INDUSTRIAL,,brickworks,,,industrial,,
way_401835228,27.5671557,83.410795,INDUSTRIAL,,brickworks,,,industrial,,
way_401835229,27.5427618,83.5263633,INDUSTRIAL,,brickworks,,,industrial,,
way_401835233,27.5247972,83.4222185,INDUSTRIAL,,brickworks,,,industrial,,
way_401835249,27.4841333,83.3961676,INDUSTRIAL,,brickworks,,,industrial,,
way_401835251,27.4867085,83.3956961,INDUSTRIAL,,brickworks,,,industrial,,
way_401835255,27.5069812,83.4680145,INDUSTRIAL,,brickworks,,,industrial,,
way_401835256,27.5535533,83.5136926,INDUSTRIAL,,brickworks,,,industrial,,
way_401839626,27.4700566,83.4391117,INDUSTRIAL,,brickworks,,,industrial,,
way_401850949,27.4993908,83.3925084,INDUSTRIAL,,brickworks,,,industrial,,
way_401850950,27.5019912,83.3958021,INDUSTRIAL,,brickworks,,,industrial,,
way_401854849,27.4460509,83.4013823,INDUSTRIAL,,brickworks,,,industrial,,
way_401854850,27.468959,83.3961828,INDUSTRIAL,,brickworks,,,industrial,,
way_401967932,27.5098784,83.3285974,INDUSTRIAL,,,,,industrial,kiln,
way_401967934,27.4771537,83.3350991,INDUSTRIAL,,brickworks,,,industrial,,
way_401975955,27.6129616,83.356926,INDUSTRIAL,,brickworks,,,industrial,,
way_401998390,27.6246674,83.4163597,INDUSTRIAL,,brickworks,,,industrial,,
way_401998393,27.6304135,83.4180804,INDUSTRIAL,,brickworks,,,industrial,,
way_401998398,27.6058716,83.4067896,INDUSTRIAL,,brickworks,,,industrial,,
way_401998401,27.5918128,83.3559161,INDUSTRIAL,,brickworks,,,industrial,,
way_402032460,27.6843429,83.3874192,INDUSTRIAL,,,,,industrial,,
way_402032462,27.685692,83.3313919,INDUSTRIAL,,brickworks,,,industrial,,
way_402032466,27.682792,83.354941,INDUSTRIAL,,brickworks,,,industrial,,
way_403447939,28.5047441,77.2767645,INDUSTRIAL,,,,,industrial,,
way_403529186,27.506865,83.2251455,INDUSTRIAL,,brickworks,,,industrial,,
way_403546120,27.5991296,83.5538862,INDUSTRIAL,,brickworks,,,industrial,,
way_403546122,27.5964282,83.5335312,INDUSTRIAL,,brickworks,,,industrial,,
way_403546124,27.597612,83.5600069,INDUSTRIAL,,,,,industrial,,
way_403660776,27.6280274,83.5907126,INDUSTRIAL,,brickworks,,,industrial,,
way_403881410,27.5791149,83.542478,INDUSTRIAL,,brickworks,,,industrial,,
way_403881412,27.5535323,83.5137141,INDUSTRIAL,,brickworks,,,industrial,,
way_403881415,27.5555176,83.5881843,INDUSTRIAL,,brickworks,,,industrial,,
way_403881419,27.5504419,83.5589747,INDUSTRIAL,,brickworks,,,industrial,,
way_403881462,27.5550065,83.5173535,INDUSTRIAL,,brickworks,,,industrial,,
way_404002803,28.1971716,84.0286699,INDUSTRIAL,Div karkhana,,,,industrial,,
way_404097085,27.5780013,83.4564212,INDUSTRIAL,,brickworks,,,industrial,,
way_404123835,27.6062576,83.4746204,INDUSTRIAL,soap factiry,,,,industrial,,
way_404130335,27.5731453,83.4717751,INDUSTRIAL,,,,,industrial,,
way_404130343,27.5785945,83.4870288,INDUSTRIAL,,,,,industrial,,
way_404130344,27.5798487,83.4855499,INDUSTRIAL,,,,,industrial,,
way_404138341,27.5289717,83.4541907,INDUSTRIAL,,,,,industrial,,
way_404138358,27.5400304,83.4614991,INDUSTRIAL,,,,,industrial,,
way_404138380,27.5443347,83.4624047,INDUSTRIAL,,,,,industrial,,
way_404477073,27.4906119,83.721477,INDUSTRIAL,,brickworks,,,industrial,,
way_404698441,27.5607869,83.6734405,INDUSTRIAL,,brickworks,,,industrial,,
way_404698444,27.5638053,83.6742906,INDUSTRIAL,,brickworks,,,industrial,,
way_404729355,28.4316886,77.2002892,INDUSTRIAL,,,,,industrial,,
way_404984041,27.8549967,82.5438966,INDUSTRIAL,,brickworks,,,industrial,,
way_404984044,27.8575414,82.552839,INDUSTRIAL,,brickworks,,,industrial,,
way_404984046,27.8575417,82.5546063,INDUSTRIAL,,brickworks,,,industrial,,
way_404985691,27.8564438,82.5764065,INDUSTRIAL,,brickworks,,,industrial,,
way_404985692,27.867032,82.57131,INDUSTRIAL,,brickworks,,,industrial,,
way_405011305,27.4961274,83.5449207,INDUSTRIAL,,brickworks,,,industrial,,
way_405011306,27.5006991,83.5720614,INDUSTRIAL,,brickworks,,,industrial,,
way_405011308,27.5438564,83.5954435,INDUSTRIAL,,brickworks,,,industrial,,
way_405011310,27.5501191,83.6625174,INDUSTRIAL,,brickworks,,,industrial,,
way_405011311,27.5163386,83.5690349,INDUSTRIAL,,brickworks,,,industrial,,
way_405011314,27.4892238,83.5489374,INDUSTRIAL,,brickworks,,,industrial,,
way_405011331,27.5164445,83.5628009,INDUSTRIAL,,brickworks,,,industrial,,
way_405011366,27.5472681,83.6660277,INDUSTRIAL,,brickworks,,,industrial,,
way_405011369,27.5055203,83.5879869,INDUSTRIAL,,brickworks,,,industrial,,
way_405030307,27.5556944,83.6897881,INDUSTRIAL,,brickworks,,,industrial,,
way_409621305,29.1415087,78.9645215,INDUSTRIAL,Gama Infraprop Private Limited,,plant,gas,industrial,,Gama Infraprop Private Limited
way_409621306,29.137646,78.9555448,INDUSTRIAL,,,plant,,,,
way_409621335,29.155098,78.9752716,INDUSTRIAL,Kashipur Sravanthi power station,,plant,gas,industrial,,Sravanthi Energy Private Limited
way_410063414,28.116863,76.8114378,INDUSTRIAL,Honda Cars India Ltd.,,,,industrial,,
way_410063420,28.1249426,76.811332,INDUSTRIAL,,,,,industrial,,
way_410063422,28.1229043,76.8095706,INDUSTRIAL,,,,,industrial,,
way_410106651,28.1266909,76.8208384,INDUSTRIAL,,,,,industrial,,
way_410106652,28.1280752,76.8196124,INDUSTRIAL,,,,,industrial,,
way_410106653,28.1259746,76.8167931,INDUSTRIAL,,,,,industrial,,
way_410106654,28.1136288,76.7987657,INDUSTRIAL,,,,,industrial,,
way_410106655,28.1173953,76.8000397,INDUSTRIAL,,,,,industrial,,
way_410106656,28.1191831,76.8006821,INDUSTRIAL,,,,,industrial,,
way_410106657,28.1318562,76.8172694,INDUSTRIAL,,,,,industrial,,
way_410106658,28.1118005,76.7984187,INDUSTRIAL,,,,,industrial,,
way_410106659,28.1297889,76.8144003,INDUSTRIAL,,,,,industrial,,
way_410106660,28.1137112,76.7968,INDUSTRIAL,,,,,industrial,,
way_410106661,28.1282714,76.812429,INDUSTRIAL,,,,,industrial,,
way_410106662,28.1191344,76.7988745,INDUSTRIAL,,,,,industrial,,
way_410106663,28.1169662,76.7981199,INDUSTRIAL,,,,,industrial,,
way_410106664,28.1157941,76.7994346,INDUSTRIAL,,,,,industrial,,
way_410106665,28.1296105,76.8179232,INDUSTRIAL,,,,,industrial,,
way_410226639,28.1291287,76.7768727,INDUSTRIAL,,,,,industrial,,
way_410226640,28.1237997,76.7824917,INDUSTRIAL,,,,,industrial,,
way_410226641,28.1251726,76.786878,INDUSTRIAL,,,,,industrial,,
way_410226642,28.1205463,76.7843613,INDUSTRIAL,,,,,industrial,,
way_410226643,28.1214349,76.7840036,INDUSTRIAL,,,,,industrial,,
way_410226645,28.1237609,76.784902,INDUSTRIAL,,,,,industrial,,
way_410226646,28.1229194,76.7852836,INDUSTRIAL,,,,,industrial,,
way_410226648,28.1249555,76.7889919,INDUSTRIAL,,,,,industrial,,
way_410226649,28.1225348,76.7851371,INDUSTRIAL,,,,,industrial,,
way_410226651,28.119307,76.7831778,INDUSTRIAL,,,,,industrial,,
way_410226653,28.1188299,76.7836952,INDUSTRIAL,,,,,industrial,,
way_410226655,28.1241943,76.7887324,INDUSTRIAL,,,,,industrial,,
way_410226659,28.1213904,76.7816218,INDUSTRIAL,,,,,industrial,,
way_410226661,28.1190195,76.7830662,INDUSTRIAL,,,,,industrial,,
way_410226662,28.1209367,76.7845127,INDUSTRIAL,,,,,industrial,,
way_410226664,28.1234404,76.785477,INDUSTRIAL,,,,,industrial,,
way_410226666,28.1219536,76.7842048,INDUSTRIAL,,,,,industrial,,
way_410226668,28.1198624,76.7833935,INDUSTRIAL,,,,,industrial,,
way_410226669,28.1201509,76.7842078,INDUSTRIAL,,,,,industrial,,
way_410226671,28.1226061,76.7844597,INDUSTRIAL,,,,,industrial,,
way_410226673,28.1195906,76.783288,INDUSTRIAL,,,,,industrial,,
way_410226675,28.1222176,76.7843073,INDUSTRIAL,,,,,industrial,,
way_410226677,28.1211677,76.7838999,INDUSTRIAL,,,,,industrial,,
way_410226679,28.1222699,76.78503,INDUSTRIAL,,,,,industrial,,
way_410226680,28.1263122,76.7900209,INDUSTRIAL,,,,,industrial,,
way_410226683,28.1216959,76.7841049,INDUSTRIAL,,,,,industrial,,
way_410226685,28.1219989,76.7849248,INDUSTRIAL,,,,,industrial,,
way_410226687,28.1192353,76.7838526,INDUSTRIAL,,,,,industrial,,
way_410226689,28.1198886,76.7841061,INDUSTRIAL,,,,,industrial,,
way_410226691,28.1232398,76.7847031,INDUSTRIAL,,,,,industrial,,
way_410226693,28.1201255,76.7834955,INDUSTRIAL,,,,,industrial,,
way_410226695,28.1217315,76.7848211,INDUSTRIAL,,,,,industrial,,
way_410226698,28.1196288,76.7840053,INDUSTRIAL,,,,,industrial,,
way_410226700,28.1254398,76.7899806,INDUSTRIAL,,,,,industrial,,
way_410226702,28.1206455,76.7836973,INDUSTRIAL,,,,,industrial,,
way_410226703,28.121334,76.7846669,INDUSTRIAL,,,,,industrial,,
way_410226704,28.1265735,76.7873748,INDUSTRIAL,,,,,industrial,,
way_410226705,28.122342,76.778396,INDUSTRIAL,,,,,industrial,,
way_410226706,28.1249233,76.7787098,INDUSTRIAL,,,,,industrial,,
way_410247113,28.1188337,76.7856266,INDUSTRIAL,,,,,industrial,,
way_410247114,28.1204444,76.7861958,INDUSTRIAL,,,,,industrial,,
way_410247115,28.1210043,76.7858383,INDUSTRIAL,,,,,industrial,,
way_410247116,28.1200268,76.7860487,INDUSTRIAL,,,,,industrial,,
way_410247117,28.1185636,76.784429,INDUSTRIAL,,,,,industrial,,
way_410247118,28.1233705,76.786207,INDUSTRIAL,,,,,industrial,,
way_410247119,28.1212115,76.785914,INDUSTRIAL,,,,,industrial,,
way_410247120,28.1185059,76.785511,INDUSTRIAL,,,,,industrial,,
way_410247121,28.1202311,76.7861213,INDUSTRIAL,,,,,industrial,,
way_410247122,28.1231687,76.7871679,INDUSTRIAL,,,,,industrial,,
way_410247123,28.1195838,76.7858916,INDUSTRIAL,,,,,industrial,,
way_410247124,28.1218347,76.7856327,INDUSTRIAL,,,,,industrial,,
way_410247125,28.1215384,76.786583,INDUSTRIAL,,,,,industrial,,
way_410247126,28.1229448,76.7865307,INDUSTRIAL,,,,,industrial,,
way_410247127,28.120768,76.7863112,INDUSTRIAL,,,,,industrial,,
way_410247128,28.1198094,76.7859715,INDUSTRIAL,,,,,industrial,,
way_410247129,28.1227363,76.7870238,INDUSTRIAL,,,,,industrial,,
way_410247130,28.1220723,76.7862187,INDUSTRIAL,,,,,industrial,,
way_410247131,28.1191574,76.7857406,INDUSTRIAL,,,,,industrial,,
way_410247132,28.1210811,76.786424,INDUSTRIAL,,,,,industrial,,
way_410247133,28.1193688,76.7858151,INDUSTRIAL,,,,,industrial,,
way_410247134,28.1188448,76.7850767,INDUSTRIAL,,,,,industrial,,
way_410247135,28.1182874,76.7854339,INDUSTRIAL,,,,,industrial,,
way_410247136,28.1220877,76.7868078,INDUSTRIAL,,,,,industrial,,
way_410247137,28.1232335,76.7866334,INDUSTRIAL,,,,,industrial,,
way_410247138,28.1214202,76.7859879,INDUSTRIAL,,,,,industrial,,
way_410247139,28.1206832,76.785727,INDUSTRIAL,,,,,industrial,,
way_410247140,28.1193913,76.7847325,INDUSTRIAL,,,,,industrial,,
way_410247141,28.1226179,76.7864148,INDUSTRIAL,,,,,industrial,,
way_410247142,28.1223039,76.7868797,INDUSTRIAL,,,,,industrial,,
way_410247143,28.1196048,76.7848112,INDUSTRIAL,,,,,industrial,,
way_410247144,28.1213626,76.7854603,INDUSTRIAL,,,,,industrial,,
way_410247145,28.1218715,76.7867357,INDUSTRIAL,,,,,industrial,,
way_410247146,28.119815,76.7848886,INDUSTRIAL,,,,,industrial,,
way_410247147,28.120146,76.7855361,INDUSTRIAL,,,,,industrial,,
way_410247148,28.1229525,76.7870959,INDUSTRIAL,,,,,industrial,,
way_410247149,28.120363,76.7856146,INDUSTRIAL,,,,,industrial,,
way_410247152,28.1197172,76.7853846,INDUSTRIAL,,,,,industrial,,
way_410247154,28.1222903,76.7862931,INDUSTRIAL,,,,,industrial,,
way_410247156,28.121289,76.7864953,INDUSTRIAL,,,,,industrial,,
way_410247158,28.1192785,76.7852302,INDUSTRIAL,,,,,industrial,,
way_410247160,28.1200278,76.7849671,INDUSTRIAL,,,,,industrial,,
way_410247162,28.119496,76.7853077,INDUSTRIAL,,,,,industrial,,
way_410247164,28.1206842,76.7852089,INDUSTRIAL,,,,,industrial,,
way_410247166,28.1190592,76.7851529,INDUSTRIAL,,,,,industrial,,
way_410247167,28.1202444,76.7850477,INDUSTRIAL,,,,,industrial,,
way_410247169,28.1204642,76.7851273,INDUSTRIAL,,,,,industrial,,
way_410247171,28.119929,76.7854614,INDUSTRIAL,,,,,industrial,,
way_410247172,28.1230289,76.7875556,INDUSTRIAL,,,,,industrial,,
way_410247174,28.1225201,76.7869519,INDUSTRIAL,,,,,industrial,,
way_410247176,28.1223546,76.787371,INDUSTRIAL,,,,,industrial,,
way_410247178,28.1215995,76.785544,INDUSTRIAL,,,,,industrial,,
way_410247181,28.1210225,76.7853301,INDUSTRIAL,,,,,industrial,,
way_410247183,28.1213857,76.7870123,INDUSTRIAL,,,,,industrial,,
way_410247185,28.118518,76.7849631,INDUSTRIAL,,,,,industrial,,
way_410247187,28.1225825,76.7859108,INDUSTRIAL,,,,,industrial,,
way_410247190,28.1229589,76.7860506,INDUSTRIAL,,,,,industrial,,
way_410247192,28.122205,76.7857714,INDUSTRIAL,,,,,industrial,,
way_410247194,28.1217442,76.7861016,INDUSTRIAL,,,,,industrial,,
way_410247196,28.1226734,76.7874557,INDUSTRIAL,,,,,industrial,,
way_410247199,28.1220153,76.7872715,INDUSTRIAL,,,,,industrial,,
way_410247201,28.1189767,76.7845782,INDUSTRIAL,,,,,industrial,,
way_411279698,30.1135373,78.2955358,INDUSTRIAL,,depot,,,industrial,,
way_415074790,28.2003075,83.9977883,INDUSTRIAL,Santa Furniture Udhyog,,,,industrial,,
way_415074819,28.200332,83.9986546,INDUSTRIAL,Janasewa Rice Mill,grinding_mill,,,industrial,,
way_416377974,24.715621,75.9535075,INDUSTRIAL,Mangalam Cements,,,,industrial,,
way_416664418,28.2707504,83.9803687,INDUSTRIAL,Basnet Block Factory,,,,industrial,,
way_416678547,28.1741662,84.0277996,INDUSTRIAL,S.K Block Udyog,,,,industrial,,
way_416823543,28.2665305,83.9798593,INDUSTRIAL,S n S Block Factory,,,,industrial,,
way_416823951,28.2707796,83.9816186,INDUSTRIAL,old paper factory,,,,industrial,,
way_416890279,28.1738576,84.0282231,INDUSTRIAL,B.S Aluminium,,,,industrial,,
way_416896998,28.177828,84.0227187,INDUSTRIAL,,rice_mill,,,industrial,,
way_416999025,30.693989,76.2912377,INDUSTRIAL,B.S. Machine Tools,,,,industrial,,
way_417173613,28.2900905,83.9528271,INDUSTRIAL,,,,,industrial,,
way_417173614,28.2898091,83.9541026,INDUSTRIAL,,,,,industrial,,
way_417201510,28.2116499,83.9791692,INDUSTRIAL,Pokhara Biscuit Factory,,,,industrial,,
way_417220665,28.1903196,84.0317852,INDUSTRIAL,Jaya Confectionary,,,,industrial,,
way_417224487,28.2221136,83.9772008,INDUSTRIAL,,,,,industrial,,
way_417509217,28.2704832,83.9601406,INDUSTRIAL,Block Udhyog,,,,industrial,,
way_417834615,28.2247903,83.9820146,INDUSTRIAL,,,,,industrial,,
way_417861060,30.2643701,75.1629464,INDUSTRIAL,,,plant,oil,industrial,,
way_418085382,28.2337649,83.9848018,INDUSTRIAL,Sanu Feed Industry,,,,industrial,,
way_418512888,28.2203593,83.9969615,INDUSTRIAL,Shree Krishna Rice Mill,grinding_mill,,,industrial,,
way_418534261,28.2192408,83.999536,INDUSTRIAL,Annapurna Kutikhelo Mill,grinding_mill,,,industrial,,
way_419164558,28.4327057,77.1019995,INDUSTRIAL,Sector 54 Gurgaon Metro Rail Depot,depot,,,industrial,,Rapid Metro Rail Gurgaon South Limited
way_419656566,28.4955945,77.0694729,INDUSTRIAL,Maruti Suzuki India Limited,,,,industrial,works,
way_420238075,28.2210697,83.9957733,INDUSTRIAL,Indu Rice Mill,grinding_mill,,,industrial,,
way_420464281,28.2209923,83.9958444,INDUSTRIAL,Shree Narayan Rice Mill,grinding_mill,,,industrial,,
way_420464286,28.2210381,83.9956702,INDUSTRIAL,Shree Purna Rice Mill,grinding_mill,,,industrial,,
way_421305036,28.2290528,84.0003123,INDUSTRIAL,Nischal and Nitya Rice Mill,grinding_mill,,,industrial,,
way_421316044,28.1921544,83.9774621,INDUSTRIAL,Masala Pisne Thau,grinding_mill,,,industrial,,
way_421941698,28.1851235,84.0003673,INDUSTRIAL,Satye Sai Concrete Block Factory,,,,industrial,,private
way_422180992,25.143354,81.952578,INDUSTRIAL,Meja Thermal Power Station,,plant,coal,industrial,,Meja Urja Nigam Private Limited
way_422204221,25.1982506,81.6552633,INDUSTRIAL,Prayagraj Super Thermal Power Station,,plant,coal,industrial,,Prayagraj Power Generation Company
way_423567577,28.1856784,83.9986541,INDUSTRIAL,Santa Furniture Udhyog,,,,industrial,,
way_423702259,24.7935639,78.6466009,INDUSTRIAL,Lalitpur Thermal Power Station,,plant,coal,industrial,,Lalitpur Power Generation Company Limited
way_423702260,24.7695669,78.4444951,INDUSTRIAL,Amarpur,,plant,solar,,,Solar Power Plant-Jackson Group-30 MW
way_424485075,28.1927423,84.0248342,INDUSTRIAL,,,,,industrial,,
way_426758393,28.2008332,84.0016763,INDUSTRIAL,Amarsingh Concrete Block Udhyog,,,,industrial,,
way_427397128,29.1360585,76.6852983,INDUSTRIAL,FCI,,,,industrial,,
way_427406071,28.6870334,77.0229374,INDUSTRIAL,,,,,industrial,,
way_427406073,28.6710092,77.051664,INDUSTRIAL,,,,,industrial,,
way_427406076,28.6764612,77.0409932,INDUSTRIAL,,,,,industrial,,
way_427406079,28.6854494,77.0377563,INDUSTRIAL,Mundka Industrial Area,,,,industrial,,
way_427406083,28.6918818,77.0263485,INDUSTRIAL,,,,,industrial,,
way_427406085,28.6809453,77.0496477,INDUSTRIAL,,,,,industrial,,
way_427474907,25.4527509,75.6338005,INDUSTRIAL,,,,,industrial,,
way_427934691,28.2060442,84.0134617,INDUSTRIAL,Arati Paints,,,,industrial,,
way_427934692,28.2067074,84.0109679,INDUSTRIAL,Bajra and Bel,,,,industrial,,
way_427934693,28.2068784,84.0104712,INDUSTRIAL,Bishwo Dana Udhyog,,,,industrial,,
way_427934695,28.2056092,84.0134614,INDUSTRIAL,Gandaki Hume Pipe Udhyog Pvt. Ltd.,,,,industrial,,
way_427934698,28.2064891,84.0108168,INDUSTRIAL,Global Shaishik Samagri Kendra Pvt. Ltd.,,,,industrial,,
way_427934700,28.2072598,84.0108675,INDUSTRIAL,Hillton Wrought Iron and Engineering Industires,,,,industrial,,
way_427934701,28.2063439,84.0129546,INDUSTRIAL,Jaya Packaging,,,,industrial,,
way_427934703,28.2064505,84.0103581,INDUSTRIAL,Paan-Ji Dairy,,,,industrial,,
way_427934705,28.2066517,84.0104166,INDUSTRIAL,Pokhara Insense Industires,,,,industrial,,
way_427934707,28.2062126,84.0102888,INDUSTRIAL,Prakash Woolen Industry,,,,industrial,,
way_427934709,28.2068678,84.0119335,INDUSTRIAL,Sikles Hydropower Pvt. Ltd.,,,,industrial,,
way_427934710,28.2057834,84.0122383,INDUSTRIAL,Sujal Dairy Pvt. Ltd,,,,industrial,,
way_427934711,28.2064847,84.0112426,INDUSTRIAL,Sujal Plastic,,,,industrial,,
way_427939800,28.2050696,84.0102249,INDUSTRIAL,Everest Metal,,,,industrial,,
way_427939801,28.2056015,84.0105006,INDUSTRIAL,Gandaki Tile Udhyog,,,,industrial,,
way_427939802,28.2045872,84.012716,INDUSTRIAL,Gauri Shanker Foods Pvt. Ltd.,,,,industrial,,
way_427939803,28.205348,84.0131525,INDUSTRIAL,Himalaya Engineering Company Nepal Pvt. Ltd.,,,,industrial,,
way_427939804,28.2050318,84.0129311,INDUSTRIAL,"Jaya Techno, Machinery (leeth)",,,,industrial,,
way_427939805,28.2056529,84.0097336,INDUSTRIAL,Kaligandaki Oxygen Gas Pvt. Ltd.,gas,,,industrial,,
way_427939806,28.2050541,84.0109024,INDUSTRIAL,Machhpuchhre Metal & Machinery Work Pvt. Ltd.,,,,industrial,,
way_427939807,28.2061561,84.0107747,INDUSTRIAL,Milan Bhada Udhyog,,,,industrial,,
way_427939808,28.2060393,84.0111491,INDUSTRIAL,Nepal Himalayan Beverage Pvt. Ltd.,,,,industrial,,
way_427939809,28.2052809,84.0113258,INDUSTRIAL,Nepal Neatware Industries Pvt. Ltd.,,,,industrial,,
way_427939810,28.204844,84.0090503,INDUSTRIAL,Panthi Dairy,,,,industrial,,
way_427939811,28.2050895,84.0117106,INDUSTRIAL,Phewa pauroti Pvt. Ltd.,,,,industrial,,
way_427939812,28.2046741,84.0118245,INDUSTRIAL,Pokhara Noodles Pvt. Ltd.,,,,industrial,,
way_427939813,28.2057883,84.0098451,INDUSTRIAL,Sajal metal industry,,,,industrial,,
way_427940419,28.2027054,84.0070428,INDUSTRIAL,Advanced Engineering,,,,industrial,,
way_427940421,28.2039817,84.0121888,INDUSTRIAL,Arunodaya metal industries,,,,industrial,,
way_427940428,28.2027929,84.007942,INDUSTRIAL,Goseli Print Pack (cartoon),,,,industrial,,
way_427940429,28.2042644,84.0119703,INDUSTRIAL,Goshali packaging industries pvt.ltd,,,,industrial,,
way_427940431,28.2032428,84.0089551,INDUSTRIAL,Himalayan Life Plastic Pvt. Ltd,,,,industrial,,
way_427940433,28.2040487,84.0087374,INDUSTRIAL,New Link Copy Industries Pvt. Ltd.,,,,industrial,,
way_427940434,28.203576,84.0079327,INDUSTRIAL,Niraj Kastha Udhyog,,,,industrial,,
way_427940435,28.2032635,84.0073206,INDUSTRIAL,Panchakanya Metal Engineering,,,,industrial,,
way_427940438,28.20239,84.0099397,INDUSTRIAL,Shree Vijay Engineering pvt.ltd,,,,industrial,,
way_427940439,28.2036368,84.0119752,INDUSTRIAL,Shree krishna dairy udhyog,,,,industrial,,
way_427940442,28.2031023,84.0092786,INDUSTRIAL,Taja Bread Karkhana,,,,industrial,,
way_427940443,28.2033991,84.0084236,INDUSTRIAL,Pokhara Foods Pvt.Ltd,,,,industrial,,
way_427940444,28.2026069,84.0090509,INDUSTRIAL,Pokhara Form Industries and Trading House Pvt Ltd,,,,industrial,,
way_428124421,28.2021328,84.008922,INDUSTRIAL,Pokhara Kastha Udhyog,furniture,,,industrial,,
way_428231369,30.4963287,76.6129178,INDUSTRIAL,Amrit Banaspati Pvt. Ltd.,,,,industrial,works,
way_428231371,30.4952829,76.6100184,INDUSTRIAL,Hindustan Lever Limited,,,,industrial,works,
way_428231372,30.5012445,76.6201115,INDUSTRIAL,Jalan Cryogenics,,,,industrial,works,
way_428313267,29.3929439,75.7969916,INDUSTRIAL,,,,,industrial,,
way_428313268,29.3911932,75.796093,INDUSTRIAL,,,,,industrial,,
way_428330209,29.4256294,75.8237173,INDUSTRIAL,,,,,industrial,,
way_428330213,29.4229624,75.8160687,INDUSTRIAL,,,,,industrial,,
way_428330214,29.4230719,75.8121979,INDUSTRIAL,,,,,industrial,,
way_428407898,28.2039428,84.0101875,INDUSTRIAL,Global Cable Industries Pvt.Ltd,,,,industrial,,
way_428407900,28.2035639,84.009202,INDUSTRIAL,Himalayan Plastic Industry,,,,industrial,,
way_428407901,28.2042426,84.010756,INDUSTRIAL,Machhapuchre Metal And Industry,,,,industrial,,
way_428407902,28.2040787,84.011103,INDUSTRIAL,Machhapuchre Metal And Industry,,,,industrial,,
way_428407905,28.2038052,84.0115011,INDUSTRIAL,Pokhara Kapas Udhyog,,,,industrial,,
way_428407906,28.2036534,84.0107733,INDUSTRIAL,Pokhara Textile Miles,,,,industrial,,
way_428407907,28.2045574,84.0098817,INDUSTRIAL,Shankar Shakti Engineering And Metal Industries Pvt.ltd,,,,industrial,,
way_428407908,28.2035357,84.0118901,INDUSTRIAL,Singha khani Udhyog Pvt.ltd,,,,industrial,,
way_429049964,28.2047729,84.010386,INDUSTRIAL,Chandradaya Engineering And aluminium Pvt.ltd,,,,industrial,,
way_429548142,31.4945902,77.7084874,INDUSTRIAL,Nathpa Jhakri Hydro Power station,,plant,hydro,,,SJVN
way_429548144,31.4993602,78.1784715,INDUSTRIAL,,,plant,hydro,,,
way_429570225,29.7459343,78.0298655,INDUSTRIAL,,,,,industrial,,
way_429714426,30.2600714,78.498931,INDUSTRIAL,Koteshwar Dam power plant,,plant,hydro,,,
way_429714428,30.3700235,78.4793839,INDUSTRIAL,Tehri Dam Power House,,plant,hydro,,,Tehri Hydro Development Corporation Limited
way_429776295,29.9253386,80.5713486,INDUSTRIAL,Dhauliganga power house,,plant,hydro,,,NHPC
way_433052782,23.7085512,84.7737493,INDUSTRIAL,Tori Power Project,,,coal,industrial,,Essar Power Ltd
way_433278182,24.7703771,84.1600811,INDUSTRIAL,Nabinagar Super Thermal Power Project,,plant,coal,industrial,,Nabinagar Power Generating Company
way_434450101,27.0797044,84.6994521,INDUSTRIAL,,brickworks,,,industrial,,
way_434450102,27.0410294,84.6625658,INDUSTRIAL,,,,,industrial,,
way_434450104,27.0771899,84.6962191,INDUSTRIAL,,,,,industrial,,
way_434450120,27.0401015,84.6637937,INDUSTRIAL,,brickworks,,,industrial,,
way_434923753,27.0870406,84.6968021,INDUSTRIAL,,brickworks,,,industrial,,
way_435005063,27.1355942,84.7090084,INDUSTRIAL,,brickworks,,,industrial,,
way_435025122,27.0530458,84.7498437,INDUSTRIAL,,brickworks,,,industrial,,
way_435570752,27.3415292,80.154181,INDUSTRIAL,,,,,industrial,,
way_435570755,27.3472962,80.1512915,INDUSTRIAL,,,,,industrial,,
way_435570759,27.3433874,80.1104071,INDUSTRIAL,,,,,industrial,,
way_435570762,27.3413478,80.1082807,INDUSTRIAL,,,,,industrial,,
way_435627652,28.2830979,77.3176775,INDUSTRIAL,Jajru,,plant,solar,,,
way_436194818,29.519335,75.4425663,INDUSTRIAL,,,,,industrial,,
way_436332978,29.0790068,79.1759777,INDUSTRIAL,,,,,industrial,,
way_436332981,29.0806935,79.1733799,INDUSTRIAL,,,,,industrial,,
way_436817594,25.0608729,75.8424135,INDUSTRIAL,,,,,industrial,,
way_438743796,29.4663105,75.2642548,INDUSTRIAL,,,,,industrial,,
way_438743799,29.471037,75.2668941,INDUSTRIAL,,,,,industrial,,
way_438989412,27.0463789,84.7683356,INDUSTRIAL,,brickworks,,,industrial,,
way_438989421,27.0477161,84.7719625,INDUSTRIAL,,brickworks,,,industrial,,
way_439383997,27.1144149,84.7226026,INDUSTRIAL,,brickworks,,,industrial,,
way_439700097,31.3900472,75.1524946,INDUSTRIAL,Goindwal Sahib thermal Power plant,,plant,coal,industrial,,GVK
way_440172479,26.9934657,84.8620547,INDUSTRIAL,,,,,industrial,,
way_441868818,28.1634915,84.0704844,INDUSTRIAL,Paschimanchal Kapas Udyog,,,,industrial,,
way_442406927,30.9227711,76.8273871,INDUSTRIAL,,,,,industrial,,
way_442406928,30.9504201,76.8208774,INDUSTRIAL,,,,,industrial,,
way_442406930,30.9271014,76.8262392,INDUSTRIAL,,,,,industrial,,
way_442406931,30.9241447,76.8290394,INDUSTRIAL,,,,,industrial,,
way_442406934,30.9410768,76.8172216,INDUSTRIAL,,,,,industrial,,
way_442406936,30.9489916,76.8176561,INDUSTRIAL,,,,,industrial,,
way_442406938,30.9546985,76.8167925,INDUSTRIAL,,,,,industrial,,
way_442406939,30.953247,76.8226344,INDUSTRIAL,,,,,industrial,,
way_442406940,30.9178488,76.8354982,INDUSTRIAL,,,,,industrial,,
way_442411480,30.9347123,76.7913383,INDUSTRIAL,,,,,industrial,,
way_442411481,30.9291491,76.8280175,INDUSTRIAL,,,,,industrial,,
way_442411482,30.9655317,76.7627486,INDUSTRIAL,,,,,industrial,,
way_442411483,30.928903,76.831389,INDUSTRIAL,,,,,industrial,,
way_442411484,30.9786962,76.7938314,INDUSTRIAL,,,,,industrial,,
way_442411485,30.919365,76.8490005,INDUSTRIAL,,,,,industrial,,
way_442411486,30.9312429,76.8381992,INDUSTRIAL,,,,,industrial,,
way_442411487,30.9241079,76.800441,INDUSTRIAL,,,,,industrial,,
way_442411488,30.9103773,76.8310082,INDUSTRIAL,,,,,industrial,,
way_442411489,30.995978,76.7515182,INDUSTRIAL,,,,,industrial,,
way_442411490,30.9454146,76.8449717,INDUSTRIAL,,,,,industrial,,
way_442411491,30.9889606,76.7743009,INDUSTRIAL,,,,,industrial,,
way_442411492,30.9392537,76.7849792,INDUSTRIAL,,,,,industrial,,
way_442411493,30.9617161,76.8090462,INDUSTRIAL,,,,,industrial,,
way_442411494,30.9608289,76.760458,INDUSTRIAL,,,,,industrial,,
way_442411495,30.9884696,76.7682766,INDUSTRIAL,,,,,industrial,,
way_442411496,30.9915519,76.7627285,INDUSTRIAL,,,,,industrial,,
way_442411497,30.9868078,76.7600209,INDUSTRIAL,,,,,industrial,,
way_442411498,30.9140546,76.829313,INDUSTRIAL,,,,,industrial,,
way_442411499,30.9647636,76.7582479,INDUSTRIAL,,,,,industrial,,
way_442411500,30.9618909,76.8158751,INDUSTRIAL,,,,,industrial,,
way_442411501,30.9542706,76.7807462,INDUSTRIAL,,,,,industrial,,
way_442411502,30.9785853,76.7560913,INDUSTRIAL,,,,,industrial,,
way_442411503,30.9784399,76.7623692,INDUSTRIAL,,,,,industrial,,
way_442411504,30.9758993,76.7619708,INDUSTRIAL,,,,,industrial,,
way_442411505,30.953622,76.7887976,INDUSTRIAL,,,,,industrial,,
way_442411506,30.9300982,76.8333068,INDUSTRIAL,,,,,industrial,,
way_442411507,30.9952146,76.7720425,INDUSTRIAL,,,,,industrial,,
way_442411508,30.9446599,76.7830342,INDUSTRIAL,,,,,industrial,,
way_442411509,30.9589767,76.7679052,INDUSTRIAL,,,,,industrial,,
way_442411511,30.9826415,76.7823797,INDUSTRIAL,,,,,industrial,,
way_442411512,30.9374293,76.8404158,INDUSTRIAL,,,,,industrial,,
way_442411513,30.9259946,76.8440195,INDUSTRIAL,,,,,industrial,,
way_442411514,30.920997,76.8023059,INDUSTRIAL,,,,,industrial,,
way_442411515,30.9221544,76.8007421,INDUSTRIAL,,,,,industrial,,
way_442411516,30.9230817,76.7989826,INDUSTRIAL,,,,,industrial,,
way_442411517,30.971635,76.764763,INDUSTRIAL,,,,,industrial,,
way_442411518,30.9640115,76.8015226,INDUSTRIAL,,,,,industrial,,
way_442411519,30.9283692,76.8358147,INDUSTRIAL,,,,,industrial,,
way_442413611,25.6591645,84.9570462,INDUSTRIAL,Brickyards,brickyard,,,industrial,,
way_442983693,27.703742,84.4199198,INDUSTRIAL,Lumbini Gas Pvt Ltd,,,,industrial,,
way_443015399,28.2695494,77.4564888,INDUSTRIAL,,,,,industrial,,
way_443015400,28.2727033,77.4499481,INDUSTRIAL,,,,,industrial,,
way_443015401,28.2780589,77.456158,INDUSTRIAL,,,,,industrial,,
way_443072112,28.0901515,82.3789607,INDUSTRIAL,Sonapur Minerals & Oil Pvt. Ltd.,cement,,,industrial,,
way_443222599,28.3944954,77.4293798,INDUSTRIAL,,,,,industrial,,
way_443222600,28.4111711,77.4098855,INDUSTRIAL,,,,,industrial,,
way_443299076,28.4354776,81.0969093,INDUSTRIAL,Rajapur Food Storage - Supported by Japan Government,,,,industrial,,
way_443299078,28.4320249,81.0953399,INDUSTRIAL,Rajapur Rice Mill,,,,industrial,rice,
way_444863695,26.5765193,82.5852829,INDUSTRIAL,JP Cement Factory,,,,industrial,,
way_444869127,26.4734115,82.4159092,INDUSTRIAL,Akbarpur Sugar Mill,,,,industrial,,
way_446909091,27.1161686,84.7543926,INDUSTRIAL,,brickworks,,,industrial,,
way_446909092,27.1068177,84.7644939,INDUSTRIAL,,brickworks,,,industrial,,
way_446909098,27.1147493,84.7550564,INDUSTRIAL,,brickworks,,,industrial,,
way_446962316,27.1156046,84.780556,INDUSTRIAL,,brickworks,,,industrial,,
way_446962317,27.1079188,84.6999843,INDUSTRIAL,,brickworks,,,industrial,,
way_446982758,27.0923175,84.796089,INDUSTRIAL,,brickworks,,,industrial,,
way_447028405,27.0877691,84.812922,INDUSTRIAL,,brickworks,,,industrial,,
way_447070005,27.0959496,84.8530871,INDUSTRIAL,,brickworks,,,industrial,,
way_447070007,27.099882,84.8615683,INDUSTRIAL,,brickworks,,,industrial,,
way_447492243,27.0627069,84.8252854,INDUSTRIAL,,brickworks,,,industrial,,
way_447524521,27.0471458,84.8180474,INDUSTRIAL,,,,,industrial,,
way_447524527,27.0453596,84.8196862,INDUSTRIAL,,,,,industrial,,
way_447524536,27.0565641,84.8198178,INDUSTRIAL,,brickworks,,,industrial,,
way_447524540,27.0476658,84.8193423,INDUSTRIAL,,,,,industrial,,
way_447524542,27.048132,84.8173162,INDUSTRIAL,,,,,industrial,,
way_447551683,27.0477038,84.8471034,INDUSTRIAL,,brickworks,,,industrial,,
way_447551704,27.0431434,84.8464299,INDUSTRIAL,,brickworks,,,industrial,,
way_447551705,27.0485627,84.8515034,INDUSTRIAL,,brickworks,,,industrial,,
way_447570953,27.1270257,84.8302583,INDUSTRIAL,,brickworks,,,industrial,,
way_448278284,28.2536561,83.980569,INDUSTRIAL,Sun Star Solar And Grill Workshop,,,,industrial,,
way_449446107,24.4053347,75.8158509,INDUSTRIAL,,,,,industrial,,
way_451352022,25.5566512,84.8580897,INDUSTRIAL,Oil Depot,,,,industrial,,
way_454071765,26.7450181,82.1422964,INDUSTRIAL,,,,,industrial,,
way_454449948,27.3869011,80.1551569,INDUSTRIAL,,,,,industrial,,
way_454449949,27.3871091,80.1399366,INDUSTRIAL,,,,,industrial,,
way_454449964,27.4107614,80.1216569,INDUSTRIAL,,,,,industrial,,
way_454450022,27.4423704,80.0654278,INDUSTRIAL,,,,,industrial,,
way_454450040,27.4667361,80.0819661,INDUSTRIAL,,,,,industrial,,
way_454450066,27.4292826,80.1242071,INDUSTRIAL,,,,,industrial,,
way_454450067,27.4377736,80.1244097,INDUSTRIAL,,,,,industrial,,
way_454450071,27.4163702,80.1331161,INDUSTRIAL,,,,,industrial,,
way_454450072,27.422308,80.1384518,INDUSTRIAL,,,,,industrial,,
way_454450095,27.3609634,80.1789578,INDUSTRIAL,,brickyard,,,industrial,,
way_454450096,27.356497,80.1653016,INDUSTRIAL,,,,,industrial,,
way_454453496,27.3525229,80.2620333,INDUSTRIAL,,,,,industrial,,
way_454460116,27.4455245,80.1778307,INDUSTRIAL,,,,,industrial,,
way_454460130,27.4544546,80.148517,INDUSTRIAL,,,,,industrial,,
way_454460132,27.468328,80.1482181,INDUSTRIAL,,,,,industrial,,
way_454460153,27.527316,80.2113565,INDUSTRIAL,,,,,industrial,,
way_454460194,27.6172324,80.2148047,INDUSTRIAL,,,,,industrial,,
way_454465911,27.6339195,79.9994974,INDUSTRIAL,,,,,industrial,,
way_454465913,27.6387021,80.0253972,INDUSTRIAL,,,,,industrial,,
way_454465921,27.6737956,80.0155715,INDUSTRIAL,,,,,industrial,,
way_454471238,28.3218654,79.7370447,INDUSTRIAL,,,,,industrial,,
way_454481545,27.9158814,80.0116395,INDUSTRIAL,,,,,industrial,,
way_454481585,27.8594838,79.9565589,INDUSTRIAL,,,,,industrial,,
way_454481587,27.8739339,79.9322374,INDUSTRIAL,,,,,industrial,,
way_454481591,27.8842098,79.9564229,INDUSTRIAL,,,,,industrial,,
way_454488967,27.8277861,79.9310789,INDUSTRIAL,,,,,industrial,,
way_454488970,27.8322415,79.9305054,INDUSTRIAL,,,,,industrial,,
way_454488974,27.8310539,79.9371634,INDUSTRIAL,,,,,industrial,,
way_454488975,27.8318451,79.9396768,INDUSTRIAL,,,,,industrial,,
way_454495216,27.828776,79.9198225,INDUSTRIAL,,,,,industrial,,
way_454495217,27.8325628,79.9205091,INDUSTRIAL,,,,,industrial,,
way_454495218,27.8232947,79.9155444,INDUSTRIAL,,,,,industrial,,
way_454495224,27.8378534,79.9242,INDUSTRIAL,,,,,industrial,,
way_454495225,27.8394173,79.9216555,INDUSTRIAL,,,,,industrial,,
way_454495261,27.8358398,79.9201551,INDUSTRIAL,,,,,industrial,,
way_454495262,27.8388412,79.9190985,INDUSTRIAL,,,,,industrial,,
way_454500733,27.9889379,79.7478158,INDUSTRIAL,,brickyard,,,industrial,,
way_454526495,27.8433193,79.8529116,INDUSTRIAL,,,,,industrial,,
way_454526500,27.831523,79.8487249,INDUSTRIAL,,,,,industrial,,
way_454526524,27.8347908,79.8280752,INDUSTRIAL,,,,,industrial,,
way_454526561,27.8539638,79.8384405,INDUSTRIAL,,,,,industrial,,
way_454526564,27.8515814,79.8246044,INDUSTRIAL,,,,,industrial,,
way_454533963,27.8143205,79.7371529,INDUSTRIAL,,,,,industrial,,
way_454533991,27.8255392,79.7512243,INDUSTRIAL,,,,,industrial,,
way_454533993,27.8180319,79.7740502,INDUSTRIAL,,,,,industrial,,
way_454534029,27.9845406,79.7106075,INDUSTRIAL,,,,,industrial,,
way_454534040,27.9593212,79.6687325,INDUSTRIAL,,,,,industrial,,
way_454544439,27.7621533,79.8006634,INDUSTRIAL,,,,,industrial,,
way_454588491,27.3496094,79.595251,INDUSTRIAL,,,,,industrial,,
way_454588506,27.3704368,79.5952726,INDUSTRIAL,,,,,industrial,,
way_454595100,27.3557769,79.5622973,INDUSTRIAL,,,,,industrial,,
way_454670317,27.3196212,79.5029507,INDUSTRIAL,,,,,industrial,,
way_454772238,27.2180422,78.9910711,INDUSTRIAL,,,,,industrial,,
way_454772239,27.222117,78.9761031,INDUSTRIAL,,,,,industrial,,
way_454772247,27.1917575,79.0051038,INDUSTRIAL,,,,,industrial,,
way_454779494,26.8367048,79.074061,INDUSTRIAL,,,,,industrial,,
way_454779496,26.856426,79.0687151,INDUSTRIAL,,,,,industrial,,
way_454781764,26.8575493,78.9866915,INDUSTRIAL,Mother Dairy,factory,,,industrial,,
way_454783027,26.9352566,78.8574249,INDUSTRIAL,,,,,industrial,,
way_454783042,26.953473,78.8573817,INDUSTRIAL,,,,,industrial,,
way_454792837,26.9744827,78.7804521,INDUSTRIAL,,,,,industrial,,
way_454939309,27.2223152,79.0036906,INDUSTRIAL,,,,,industrial,,
way_454964306,27.7096098,78.9715857,INDUSTRIAL,,,,,industrial,,
way_454982452,26.3423285,79.9796507,INDUSTRIAL,,,,,industrial,,
way_454982470,26.3424545,79.9614952,INDUSTRIAL,,,,,industrial,,
way_454982475,26.3270336,79.9734281,INDUSTRIAL,,,,,industrial,,
way_454982477,26.3384662,79.9957119,INDUSTRIAL,,,,,industrial,,
way_454982486,26.4188204,80.1086865,INDUSTRIAL,,,,,industrial,,
way_455151793,27.9319876,78.3939515,INDUSTRIAL,,,,,industrial,,
way_455339464,26.683993,79.2598747,INDUSTRIAL,,,,,industrial,,
way_455370306,26.6547145,79.1310447,INDUSTRIAL,,,,,industrial,,
way_455370307,26.6602013,79.1296883,INDUSTRIAL,,,,,industrial,,
way_455370333,26.6522227,79.1004493,INDUSTRIAL,,,,,industrial,,
way_455385981,26.5853473,79.2864408,INDUSTRIAL,,,,,industrial,,
way_455385982,26.5843343,79.272464,INDUSTRIAL,,,,,industrial,,
way_455385983,26.5872677,79.2690737,INDUSTRIAL,,,,,industrial,,
way_455392188,26.4928335,79.4341028,INDUSTRIAL,,,,,industrial,,
way_455408239,27.7634573,78.3010514,INDUSTRIAL,,,,,industrial,,
way_455422348,27.1762866,78.8142878,INDUSTRIAL,,,,,industrial,,
way_455513424,26.7827039,79.0911918,INDUSTRIAL,,,,,industrial,,
way_455710816,27.5526273,78.6881767,INDUSTRIAL,"Naveen Mandi,Etah",,,,industrial,,
way_455731151,27.7699275,78.6264401,INDUSTRIAL,,,,,industrial,,
way_455954235,27.5059909,78.5970874,INDUSTRIAL,,,,,industrial,,
way_456013029,27.5584653,78.4734494,INDUSTRIAL,,,,,industrial,,
way_456093189,27.1994387,78.3963191,INDUSTRIAL,,,,,industrial,,
way_456112401,27.1018683,78.4919302,INDUSTRIAL,,,,,industrial,,
way_456120849,27.1791552,78.3547629,INDUSTRIAL,,,,,industrial,,
way_456120850,27.1746815,78.3617067,INDUSTRIAL,,,,,industrial,,
way_456129020,27.2117863,78.30448,INDUSTRIAL,,,,,industrial,,
way_456136331,27.171283,78.3728103,INDUSTRIAL,,,,,industrial,,
way_456136332,27.1699282,78.3687808,INDUSTRIAL,,,,,industrial,,
way_456136334,27.1646018,78.3739149,INDUSTRIAL,,,,,industrial,,
way_456136335,27.168211,78.3703201,INDUSTRIAL,,,,,industrial,,
way_456152895,27.9277583,78.042962,INDUSTRIAL,,,,,industrial,,
way_456152901,27.9539341,78.0800741,INDUSTRIAL,,,,,industrial,,
way_456152909,27.9617371,78.0774414,INDUSTRIAL,,,,,industrial,,
way_456156664,27.8624891,78.0426749,INDUSTRIAL,,,,,industrial,,
way_456156668,27.8604726,78.036662,INDUSTRIAL,,,,,industrial,,
way_456156670,27.8579819,78.0375077,INDUSTRIAL,,,,,industrial,,
way_456156672,27.8555593,78.0356701,INDUSTRIAL,,,,,industrial,,
way_456156691,27.8595418,78.0488869,INDUSTRIAL,,,,,industrial,,
way_456168408,27.8937546,78.028518,INDUSTRIAL,,,,,industrial,,
way_456172774,27.9740206,77.9980779,INDUSTRIAL,,,,,industrial,,
way_456178777,27.8514176,78.1617939,INDUSTRIAL,,,,,industrial,,
way_456178863,27.9367504,78.1394458,INDUSTRIAL,"UPSIDC Industrial Area, Talanagri",factory,,,industrial,,
way_456178919,27.9788905,78.2031523,INDUSTRIAL,,,,,industrial,,
way_456185098,27.9894939,78.1367529,INDUSTRIAL,,,,,industrial,,
way_456185165,28.0127554,78.1328049,INDUSTRIAL,H'duaganj,,plant,coal,industrial,,Uttar Pradesh Rajya Vidyut Utpadan Nigam Limited
way_456185171,28.0058237,78.1312552,INDUSTRIAL,,,,,industrial,,
way_456185192,27.9780744,78.1114409,INDUSTRIAL,,,,,industrial,,
way_456667201,27.1800933,78.5291313,INDUSTRIAL,,,,,industrial,,
way_456667262,27.0921628,78.6029373,INDUSTRIAL,,,,,industrial,,
way_456667266,27.0882848,78.6065369,INDUSTRIAL,,,,,industrial,,
way_456667270,27.0787251,78.6217362,INDUSTRIAL,,,,,industrial,,
way_456667280,27.090954,78.6287004,INDUSTRIAL,,,,,industrial,,
way_456667281,27.0828319,78.6209965,INDUSTRIAL,,,,,industrial,,
way_456667284,27.0835311,78.6280859,INDUSTRIAL,,,,,industrial,,
way_456667285,27.0858444,78.6235683,INDUSTRIAL,,,,,industrial,,
way_456667286,27.0851106,78.6121233,INDUSTRIAL,,,,,industrial,,
way_457594838,26.8808487,78.3701047,INDUSTRIAL,,,,,industrial,,
way_457600712,27.2262678,77.9406977,INDUSTRIAL,,,,,industrial,,
way_457620249,27.2357526,77.5220013,INDUSTRIAL,,,,,industrial,,
way_457620253,27.2407151,77.4913451,INDUSTRIAL,Printing Press Dainik Bhaskar,printing,,,industrial,,
way_457625665,27.1909942,77.4839614,INDUSTRIAL,,,,,industrial,,
way_457628147,26.6161787,79.5421061,INDUSTRIAL,,,,,industrial,,
way_464283160,28.6375535,77.2549769,INDUSTRIAL,Rajghat Thermal Power Station,,,coal,industrial,,Indraprastha Power Generation Company Limited
way_464283162,28.6424527,77.2532476,INDUSTRIAL,Rajghat Bus Depot,bus_depot,,,industrial,,Delhi Transport Corporation
way_465131187,25.3539663,83.0424566,INDUSTRIAL,Brickyard,,,,industrial,,
way_465131188,25.3547254,83.0466383,INDUSTRIAL,Brickyard,,,,industrial,,
way_465142418,25.2993144,82.9269018,INDUSTRIAL,Brickyard,,,,industrial,,
way_465151431,25.3746755,83.054125,INDUSTRIAL,Brickyards,,,,industrial,,
way_466695692,25.3975149,81.8668269,INDUSTRIAL,Cotton Mill,,,,industrial,,
way_466876438,25.2319439,83.0479611,INDUSTRIAL,Brick works,,,,industrial,,
way_466910257,25.2210794,83.0417333,INDUSTRIAL,Brickworks,,,,industrial,,
way_466911966,25.2149008,83.0387935,INDUSTRIAL,Brickworks,,,,industrial,,
way_466911967,25.2019612,83.0342015,INDUSTRIAL,Brickworks,,,,industrial,,
way_466911968,25.1979351,83.0391912,INDUSTRIAL,Brickworks,,,,industrial,,
way_466911971,25.1970263,83.037396,INDUSTRIAL,Brickworks,,,,industrial,,
way_466911973,25.2038673,83.0395313,INDUSTRIAL,Brickworks,,,,industrial,,
way_466911976,25.2073449,83.0404487,INDUSTRIAL,Brickworks,,,,industrial,,
way_466911977,25.2130548,83.0473232,INDUSTRIAL,Brickworks,,,,industrial,,
way_467182509,24.6388567,83.1025295,INDUSTRIAL,Churk Cement Factory,,,,industrial,,
way_467409730,25.1647457,82.9946273,INDUSTRIAL,Brickworks,,,,industrial,,
way_467409731,25.1637258,82.9982813,INDUSTRIAL,Brickworks,,,,industrial,,
way_467409732,25.1619926,82.9992258,INDUSTRIAL,Brickworks,,,,industrial,,
way_467409733,25.160843,83.0001116,INDUSTRIAL,Brickworks,,,,industrial,,
way_467409734,25.1558377,82.9973629,INDUSTRIAL,Brickworks,,,,industrial,,
way_467409735,25.1583315,82.998822,INDUSTRIAL,Brickworks,,,,industrial,,
way_467409736,25.1599528,82.9968028,INDUSTRIAL,Brickworks,,,,industrial,,
way_467409737,25.1574826,83.0032901,INDUSTRIAL,Brickworks,,,,industrial,,
way_467409738,25.1585615,83.000333,INDUSTRIAL,Brickworks,,,,industrial,,
way_467409739,25.1571403,83.0011902,INDUSTRIAL,Brickworks,,,,industrial,,
way_467409740,25.1542928,82.9929992,INDUSTRIAL,Brickworks,,,,industrial,,
way_467409741,25.1525299,82.9929536,INDUSTRIAL,Brickworks,,,,industrial,,
way_467409746,25.168424,83.0165062,INDUSTRIAL,Brickworks,,,,industrial,,
way_467409747,25.1700275,83.0174311,INDUSTRIAL,Brickworks,,,,industrial,,
way_467409748,25.1658597,83.0191637,INDUSTRIAL,Brickworks,,,,industrial,,
way_467409749,25.1680114,83.022466,INDUSTRIAL,Brickworks,,,,industrial,,
way_467409750,25.1668382,83.0245308,INDUSTRIAL,Brickworks,,,,industrial,,
way_467409751,25.1659137,83.0213941,INDUSTRIAL,Brickworks,,,,industrial,,
way_467409754,25.1699042,83.0221217,INDUSTRIAL,Brickworks,,,,industrial,,
way_467409755,25.1725239,83.0244904,INDUSTRIAL,Brickworks,,,,industrial,,
way_467409756,25.1715146,83.0242214,INDUSTRIAL,Brickworks,,,,industrial,,
way_467409759,25.1729319,83.0272782,INDUSTRIAL,Brickworks,,,,industrial,,
way_468409814,25.1313978,82.9289316,INDUSTRIAL,Brickworks,,,,industrial,,
way_471428320,25.115167,82.5668723,INDUSTRIAL,,,,,industrial,,
way_471428321,25.114985,82.5687482,INDUSTRIAL,,,,,industrial,,
way_475161496,28.4374087,77.5261084,INDUSTRIAL,,,plant,solar,,,
way_475312660,25.0924981,82.5106258,INDUSTRIAL,,,,,industrial,,
way_477833799,25.1362679,82.9403696,INDUSTRIAL,Brickworks,,,,industrial,,
way_477833804,25.168799,82.9608469,INDUSTRIAL,Brickworks,,,,industrial,,
way_478811340,28.6613007,77.5766006,INDUSTRIAL,,,,,industrial,,
way_478811341,28.6554645,77.5713328,INDUSTRIAL,,,,,industrial,,
way_478811342,28.6495331,77.5813535,INDUSTRIAL,,,,,industrial,,
way_479660309,30.5964458,76.8484699,INDUSTRIAL,slacimehca ingas,,,,industrial,,
way_479731910,25.0612285,82.8826408,INDUSTRIAL,,,,,industrial,,
way_479980889,28.6763708,77.3095282,INDUSTRIAL,BSES,,plant,,,,
way_481606227,25.0916406,82.8968277,INDUSTRIAL,,,,,industrial,,
way_481716797,28.8672971,76.5139469,INDUSTRIAL,,,,,industrial,,
way_481785335,28.4285796,81.0899799,INDUSTRIAL,pragati babio udhog,,,,industrial,,
way_481786090,28.2085541,81.342332,INDUSTRIAL,Rice mill,,,,industrial,,
way_482761622,30.576872,76.4417463,INDUSTRIAL,,agriculture,,,industrial,,
way_485121440,28.11789,84.1271185,INDUSTRIAL,Sugarcane Factory,,,,industrial,,
way_485837240,27.6947152,84.3999747,INDUSTRIAL,,,,,,works,
way_485837241,27.6946238,84.4001222,INDUSTRIAL,,,,,,works,
way_485837242,27.6944706,84.4002402,INDUSTRIAL,,,,,,works,
way_486086931,27.6166288,83.1376035,INDUSTRIAL,,,,,industrial,,
way_486311188,28.2489546,84.0107893,INDUSTRIAL,,grinding_mill,,,industrial,,
way_486731344,28.5355036,81.1146094,INDUSTRIAL,,,,,industrial,,
way_486828934,27.232326,80.2929754,INDUSTRIAL,,brickyard,,,industrial,,
way_486839793,27.0714544,80.4987428,INDUSTRIAL,,brickyard,,,industrial,,
way_486843438,27.1465953,80.3932803,INDUSTRIAL,,brickyard,,,industrial,,
way_486843439,27.1501384,80.3952571,INDUSTRIAL,,brickyard,,,industrial,,
way_486844919,27.1637069,80.3538384,INDUSTRIAL,,brickyard,,,industrial,,
way_487059648,27.0966547,80.5035894,INDUSTRIAL,,brickyard,,,industrial,,
way_487520500,27.265721,80.2256378,INDUSTRIAL,,brickyard,,,industrial,,
way_487772882,28.3325974,79.5078159,INDUSTRIAL,,brickyard,,,industrial,,
way_487772888,28.3293971,79.4920424,INDUSTRIAL,,brickyard,,,industrial,,
way_487772890,28.3324876,79.4949734,INDUSTRIAL,,brickyard,,,industrial,,
way_487772891,28.3302401,79.5001903,INDUSTRIAL,,brickyard,,,industrial,,
way_487772895,28.3336515,79.5004452,INDUSTRIAL,,brickyard,,,industrial,,
way_487772896,28.3337247,79.4971594,INDUSTRIAL,,brickyard,,,industrial,,
way_487772897,28.3356209,79.4993508,INDUSTRIAL,,brickyard,,,industrial,,
way_487772911,28.299914,79.5226351,INDUSTRIAL,,brickyard,,,industrial,,
way_487812202,28.2462243,79.4414247,INDUSTRIAL,,brickyard,,,industrial,,
way_488010941,28.1546587,79.5758559,INDUSTRIAL,,,,,industrial,,
way_488016486,28.3147112,79.5924627,INDUSTRIAL,,brickyard,,,industrial,,
way_488016487,28.3116155,79.5922522,INDUSTRIAL,,brickyard,,,industrial,,
way_488116522,28.2207797,79.5306689,INDUSTRIAL,,brickyard,,,industrial,,
way_488116523,28.2184896,79.5321333,INDUSTRIAL,,brickyard,,,industrial,,
way_488116524,28.219403,79.5336407,INDUSTRIAL,,brickyard,,,industrial,,
way_488116525,28.2212075,79.5326591,INDUSTRIAL,,brickyard,,,industrial,,
way_488116526,28.2285762,79.5178157,INDUSTRIAL,,brickyard,,,industrial,,
way_488116527,28.2315444,79.5190951,INDUSTRIAL,,brickyard,,,industrial,,
way_488116528,28.2334585,79.5206481,INDUSTRIAL,,brickyard,,,industrial,,
way_488116531,28.2424662,79.5143584,INDUSTRIAL,,brickyard,,,industrial,,
way_488116532,28.2449733,79.5138347,INDUSTRIAL,,brickyard,,,industrial,,
way_488116533,28.2488837,79.519362,INDUSTRIAL,,,,,industrial,,
way_488116534,28.2493207,79.5182194,INDUSTRIAL,,brickyard,,,industrial,,
way_488116539,28.2530445,79.5118786,INDUSTRIAL,,brickyard,,,industrial,,
way_488116540,28.2579918,79.5148183,INDUSTRIAL,,brickyard,,,industrial,,
way_488116541,28.258476,79.5198233,INDUSTRIAL,,brickyard,,,industrial,,
way_488116543,28.2616028,79.5119175,INDUSTRIAL,,brickyard,,,industrial,,
way_488286330,28.1703573,79.5378986,INDUSTRIAL,,,plant,solar,,,
way_488326610,28.0754059,79.6295926,INDUSTRIAL,,brickyard,,,industrial,,
way_488326612,28.0773302,79.6227006,INDUSTRIAL,,brickyard,,,industrial,,
way_488326613,28.078311,79.6222956,INDUSTRIAL,,brickyard,,,industrial,,
way_488532888,27.9234114,79.8356663,INDUSTRIAL,,,,,industrial,,Indian Oil
way_488749777,28.2796906,79.8418119,INDUSTRIAL,,brickyard,,,industrial,,
way_488749778,28.2798023,79.8335177,INDUSTRIAL,,brickyard,,,industrial,,
way_488749780,28.2835586,79.8223965,INDUSTRIAL,,brickyard,,,industrial,,
way_488749781,28.2821236,79.8311851,INDUSTRIAL,,brickyard,,,industrial,,
way_488749782,28.281521,79.8276336,INDUSTRIAL,,brickyard,,,industrial,,
way_488753996,28.274909,79.8657025,INDUSTRIAL,,brickyard,,,industrial,,
way_488917126,28.3206325,79.8001186,INDUSTRIAL,,brickyard,,,industrial,,
way_488917127,28.3255666,79.8004192,INDUSTRIAL,,brickyard,,,industrial,,
way_488944487,28.3341142,79.7993255,INDUSTRIAL,,brickyard,,,industrial,,
way_488949503,28.1031681,79.8783371,INDUSTRIAL,,brickyard,,,industrial,,
way_488951722,28.1870894,79.8404485,INDUSTRIAL,,brickyard,,,industrial,,
way_488951729,28.1839753,79.8391093,INDUSTRIAL,,brickyard,,,industrial,,
way_488951730,28.1788225,79.8395852,INDUSTRIAL,,brickyard,,,industrial,,
way_488951731,28.1783578,79.8418403,INDUSTRIAL,,brickyard,,,industrial,,
way_489268819,28.1195685,84.0918509,INDUSTRIAL,Griha Laxmi gas,,,,industrial,,
way_489441497,28.0846352,83.8432066,INDUSTRIAL,,,,,industrial,,
way_489760217,28.2839809,84.3628011,INDUSTRIAL,Upper Marsyangdi A Power Station,,,,industrial,,Sinohydro-Sagarmatha Power Company (P) Ltd.
way_489772975,28.2831726,84.3628215,INDUSTRIAL,Upper Marsyangdi A Hydroelectric Station,,plant,hydro,,,
way_490049618,25.5567068,83.4055254,INDUSTRIAL,,,,,industrial,,
way_491250837,28.2145115,83.974408,INDUSTRIAL,Sampada Block Udyog,,,,industrial,,
way_492060620,24.4102743,83.8429275,INDUSTRIAL,,brickyard,,,industrial,,
way_492159096,29.7575881,78.0640413,INDUSTRIAL,,,,,industrial,,
way_492363576,24.4459489,83.0745824,INDUSTRIAL,,cement,,,industrial,,
way_492363592,24.4506548,83.0290561,INDUSTRIAL,,,,,industrial,,
way_492365184,24.462578,83.0394128,INDUSTRIAL,,,,,industrial,,
way_492512078,24.5073638,83.0172906,INDUSTRIAL,,,,,industrial,,
way_494295632,26.92124,84.8271633,INDUSTRIAL,,brickyard,,,industrial,,
way_494295639,26.9298998,84.8231779,INDUSTRIAL,,brickyard,,,industrial,,
way_494295643,26.9316322,84.8159634,INDUSTRIAL,,brickyard,,,industrial,,
way_494295645,26.9293052,84.8178405,INDUSTRIAL,,brickyard,,,industrial,,
way_494364002,24.5658798,81.1749414,INDUSTRIAL,Jaypee Rewa Plant Ltd.,cement,,,industrial,,
way_494368526,24.5493095,81.1785042,INDUSTRIAL,Jaypee Soya & Mustard Processing Unit,,,,industrial,,
way_494368527,24.5492149,81.1818127,INDUSTRIAL,,,,,industrial,,
way_494368528,24.5515569,81.1817798,INDUSTRIAL,,,,,industrial,,
way_494375548,24.5303071,81.1682745,INDUSTRIAL,Jaypee Bela Plant,,,,industrial,,
way_494384358,24.5495268,81.1397251,INDUSTRIAL,,,,,industrial,,
way_494758942,27.1990763,83.7845336,INDUSTRIAL,,brickyard,,,industrial,,
way_494758943,27.1968393,83.7834083,INDUSTRIAL,,brickyard,,,industrial,,
way_494758944,27.1986526,83.7803853,INDUSTRIAL,,brickyard,,,industrial,,
way_494758945,27.1944383,83.7792463,INDUSTRIAL,,brickyard,,,industrial,,
way_494758946,27.1953449,83.7769842,INDUSTRIAL,,brickyard,,,industrial,,
way_494758947,27.1923243,83.777474,INDUSTRIAL,,brickyard,,,industrial,,
way_494758948,27.1927867,83.7751254,INDUSTRIAL,,brickyard,,,industrial,,
way_494758949,27.1874813,83.7762058,INDUSTRIAL,,brickyard,,,industrial,,
way_494758950,27.187208,83.7799548,INDUSTRIAL,,brickyard,,,industrial,,
way_495269631,27.3726275,83.3983186,INDUSTRIAL,,brickworks,,,industrial,,
way_495273288,27.3391756,83.3748419,INDUSTRIAL,,brickworks,,,industrial,,
way_495273297,27.3475291,83.3790221,INDUSTRIAL,,brickworks,,,industrial,,
way_495273314,27.3440847,83.420058,INDUSTRIAL,,brickworks,,,industrial,,
way_495834664,27.11048,78.5885475,INDUSTRIAL,Paddy Mill,,,,industrial,,
way_496078199,28.2588898,83.9777967,INDUSTRIAL,metal industry,,,,industrial,,
way_496366758,30.7713713,75.4820265,INDUSTRIAL,,brickworks,,,industrial,,
way_496366759,30.7683803,75.4884766,INDUSTRIAL,,brickworks,,,industrial,,
way_496366760,30.7698485,75.4890006,INDUSTRIAL,,brickworks,,,industrial,,
way_496767568,31.3525259,74.7384459,INDUSTRIAL,,brickworks,,,industrial,,
way_496767573,31.3232854,74.7181182,INDUSTRIAL,,brickworks,,,industrial,,
way_496767577,31.2460635,74.7728689,INDUSTRIAL,,brickworks,,,industrial,,
way_496767578,31.2450156,74.7666385,INDUSTRIAL,,brickworks,,,industrial,,
way_496767579,31.244314,74.7751081,INDUSTRIAL,,brickworks,,,industrial,,
way_497002508,30.9368875,74.6392197,INDUSTRIAL,,brickworks,,,industrial,,
way_498373862,31.4636991,75.1454176,INDUSTRIAL,,brickworks,,,industrial,,
way_498373863,31.4657334,75.1471353,INDUSTRIAL,,brickworks,,,industrial,,
way_498373864,31.4636262,75.1418389,INDUSTRIAL,,brickworks,,,industrial,,
way_498373865,31.4837865,75.1772732,INDUSTRIAL,,brickworks,,,industrial,,
way_498373867,31.4566419,75.206648,INDUSTRIAL,,brickworks,,,industrial,,
way_498373870,31.4712416,75.2090582,INDUSTRIAL,,brickworks,,,industrial,,
way_498373892,31.4896843,75.2092814,INDUSTRIAL,,brickworks,,,industrial,,
way_498373893,31.490067,75.2593588,INDUSTRIAL,,brickworks,,,industrial,,
way_498373894,31.4861488,75.2397428,INDUSTRIAL,,brickworks,,,industrial,,
way_498378315,31.4993066,75.2422167,INDUSTRIAL,,brickworks,,,industrial,,
way_498582476,24.5648191,81.0000381,INDUSTRIAL,Prism Cement Plant,,,,industrial,,
way_498582487,24.5624884,81.0085907,INDUSTRIAL,,,,,industrial,,
way_498823967,24.6097955,80.9044126,INDUSTRIAL,,,,,industrial,,
way_500432974,25.7950928,84.7493693,INDUSTRIAL,,,,,industrial,,
way_500448610,25.5756112,83.5750043,INDUSTRIAL,,,,,industrial,,
way_501076406,31.1866223,74.7864178,INDUSTRIAL,,brickyard,,,industrial,works,
way_501079569,31.1922637,74.7871059,INDUSTRIAL,,brickyard,,,industrial,works,
way_501079570,31.1964356,74.781827,INDUSTRIAL,,brickyard,,,industrial,works,
way_501083613,31.2295704,74.8521843,INDUSTRIAL,,brickyard,,,industrial,works,
way_501786872,28.6767469,77.1446644,INDUSTRIAL,,,,,industrial,,
way_503744992,28.7409575,80.5670482,INDUSTRIAL,Sharada Rice Mill,factory,,,,works,
way_503745313,28.7360103,80.5688488,INDUSTRIAL,pathak rice mill,,,,,works,
way_503771559,24.2536669,80.7979434,INDUSTRIAL,KJS Cement Factory,,,,industrial,,
way_504750029,24.1998255,80.7978892,INDUSTRIAL,Maihar Cement,,,,industrial,,
way_504774101,24.263269,80.8206167,INDUSTRIAL,,,,,industrial,,
way_504793709,24.3133721,80.9535478,INDUSTRIAL,,,,,industrial,,
way_504986953,25.2858399,80.5792953,INDUSTRIAL,,,,,industrial,,
way_506689492,26.4592853,80.2184826,INDUSTRIAL,,,,,industrial,,
way_507537388,24.1611045,81.9143228,INDUSTRIAL,,,plant,,,,
way_507538149,24.16518,81.9069647,INDUSTRIAL,,,,,industrial,,
way_507543445,24.1667826,81.909706,INDUSTRIAL,,,,,industrial,,
way_508582664,30.7261592,78.4447928,INDUSTRIAL,Maneri Bhali I Power Station,,plant,hydro,,,Uttarakhand Jal Vidyut Nigam Limited
way_508949466,28.67311,80.4621117,INDUSTRIAL,,,,,industrial,,
way_508949469,28.67305,80.4621479,INDUSTRIAL,,brickworks,,,industrial,,
way_508950019,28.7347434,76.8594587,INDUSTRIAL,,,,,industrial,,
way_508950020,28.7316645,76.8579714,INDUSTRIAL,Hindustan petroleum corporation limited,,,,industrial,,
way_509644489,29.954029,75.5418516,INDUSTRIAL,,,,,industrial,,
way_509644491,29.9527624,75.5425155,INDUSTRIAL,,,,,industrial,,
way_509652046,29.9445237,75.5423646,INDUSTRIAL,,,,,industrial,,
way_509897654,29.9387569,75.5661153,INDUSTRIAL,,,,,industrial,,
way_509897655,29.9384982,75.5674367,INDUSTRIAL,,,,,industrial,,
way_511550301,28.2897295,78.4249673,INDUSTRIAL,TATA Chemicals,,,,industrial,,
way_512082422,29.9412485,75.5432944,INDUSTRIAL,,,,,industrial,,
way_513038150,29.9093632,75.5400637,INDUSTRIAL,,,,,industrial,,
way_514131270,26.2505494,81.5120088,INDUSTRIAL,,,,,industrial,,
way_514194230,26.2636098,81.4983651,INDUSTRIAL,,,,,industrial,,
way_514669772,28.282273,83.9239965,INDUSTRIAL,Hemja Block Company,,,,industrial,,
way_515133153,28.1517381,84.0315954,INDUSTRIAL,Global Plastic Udhyog,,,,industrial,,
way_515194845,25.9272724,83.5676998,INDUSTRIAL,Swadeshi Cotton Mill,,,,industrial,,
way_515318009,25.9625629,83.5731421,INDUSTRIAL,New Sabji Mandi,,,,industrial,,
way_517379463,29.5425143,84.6260564,INDUSTRIAL,,,,,industrial,,
way_517386254,29.6751658,84.1532391,INDUSTRIAL,,,,,industrial,,
way_517646367,29.2556383,80.9324535,INDUSTRIAL,"कृषी कार्यालय तथा तालिम केन्द्र,भागेतडा दिपायल",,,,industrial,,
way_517653525,29.2663246,80.9337469,INDUSTRIAL,सिताराम कुखुरफाम,,,,industrial,,
way_517762743,28.2363585,77.8249021,INDUSTRIAL,,,,,industrial,,
way_518357404,30.1127212,80.8345246,INDUSTRIAL,,,,,industrial,,
way_518567579,29.9386252,75.5572821,INDUSTRIAL,,,,,industrial,,
way_518567581,29.9380991,75.5586453,INDUSTRIAL,,,,,industrial,,
way_518567845,29.9406355,75.5545915,INDUSTRIAL,,,,,industrial,,
way_518567846,29.9437338,75.5387977,INDUSTRIAL,,,,,industrial,,
way_518568220,29.9109628,75.5376395,INDUSTRIAL,,,,,industrial,,
way_518568894,29.9091786,75.5494059,INDUSTRIAL,,,,,industrial,,
way_518755712,26.6236417,76.0156547,INDUSTRIAL,RMC Switchgears Ltd.,,,,,works,
way_519130809,25.3200958,79.8117846,INDUSTRIAL,Karahra Kalan,,plant,solar,,,
way_519130810,25.3170124,79.8134161,INDUSTRIAL,Mauja,,plant,solar,,,
way_519130814,27.7498015,77.4861906,INDUSTRIAL,Usher Eco Power Limited,,plant,biomass,,,
way_519269253,28.0687504,82.802409,INDUSTRIAL,,,plant,hydro,,,
way_519478940,27.6461566,84.5732444,INDUSTRIAL,,brickyard,,,industrial,yes,
way_519485353,27.6509367,84.5823151,INDUSTRIAL,,brickyard,,,industrial,yes,
way_519492713,27.5667676,84.5518296,INDUSTRIAL,,,,,industrial,,
way_519521352,27.567429,84.730503,INDUSTRIAL,,,,,industrial,,
way_519576019,27.6467591,84.5743586,INDUSTRIAL,,brickyard,,,industrial,,
way_519586550,27.4747062,84.9010542,INDUSTRIAL,,,,,industrial,,
way_519612749,28.0677128,82.7991265,INDUSTRIAL,"बुटवल पावर स्टेशन,दारिमचौर प्युठान",,plant,hydro,,,
way_520501107,26.6117059,75.9300482,INDUSTRIAL,Indian Oil Corporation Chaksu Station,,,,industrial,,
way_520501110,26.2763475,74.8986375,INDUSTRIAL,,,,,industrial,,
way_521141400,26.8970161,75.7909064,INDUSTRIAL,Sudershanpura Industrial Area,warehouse,,,industrial,,
way_522359991,27.9134722,84.8895617,INDUSTRIAL,Shrestha Grill Factory,,,,industrial,,
way_522976720,24.9612837,74.6581059,INDUSTRIAL,,,,,industrial,,
way_523712874,24.3250549,82.2930451,INDUSTRIAL,Brickworks,,,,industrial,,
way_523731846,24.1595547,82.4006366,INDUSTRIAL,,,,,industrial,,
way_525596222,28.7412838,80.5654749,INDUSTRIAL,Raj Shree Food Industries,factory,,,,works,Private
way_529395226,24.7645347,74.6074893,INDUSTRIAL,TPP Aditya Cement Works UltraTech Cement Works,,,,industrial,,
way_531645005,27.9094561,84.8918326,INDUSTRIAL,Bakery Factory,,,,industrial,,
way_531678149,28.6626251,80.616655,INDUSTRIAL,,,,,industrial,,
way_531678151,28.6628886,80.6172955,INDUSTRIAL,,,,,industrial,,
way_531680123,28.6619731,80.6171983,INDUSTRIAL,,,,,industrial,,
way_531797586,28.7370697,80.5872845,INDUSTRIAL,Unique Seed,warehouse,,,,works,private
way_532198310,28.7792003,80.6208661,INDUSTRIAL,,,,,industrial,,
way_532212455,28.5513185,80.8283602,INDUSTRIAL,,,,,industrial,,
way_532252038,28.5816551,80.7692735,INDUSTRIAL,,,,,industrial,,
way_532252041,28.5839375,80.7607649,INDUSTRIAL,,,,,industrial,,
way_532252042,28.583994,80.7614904,INDUSTRIAL,,,,,industrial,,
way_532865707,27.9136358,84.8890209,INDUSTRIAL,,,,,industrial,works,
way_532865710,27.9136529,84.8887811,INDUSTRIAL,radheka bade reparing center,repair_vehicle,,,industrial,,
way_535518351,28.11231,84.0952453,INDUSTRIAL,Shakti Gas,gas,,,industrial,,
way_535518352,28.1132126,84.0952011,INDUSTRIAL,Mustang Gi Wire Industry And Suppliers,,,,industrial,,
way_537093113,27.896844,84.7183342,INDUSTRIAL,Blacksmith,,,,,works,
way_541672537,26.4917004,74.5590207,INDUSTRIAL,,,,,industrial,,
way_543431749,28.2028632,84.0106236,INDUSTRIAL,Him Shree Foods Private Limited,,,,industrial,,
way_543440829,28.2033612,84.0098143,INDUSTRIAL,Gandaki Machinery Products,,,,industrial,,
way_543609913,30.0552961,79.5839219,INDUSTRIAL,,,plant,hydro,,,
way_544555993,27.5382215,82.9823483,INDUSTRIAL,,brickworks,,,industrial,,
way_544555995,27.5470901,82.9863674,INDUSTRIAL,,brickworks,,,industrial,,
way_544555999,27.548676,82.9874697,INDUSTRIAL,,brickworks,,,industrial,,
way_544556004,27.5520315,82.9891015,INDUSTRIAL,,brickworks,,,industrial,,
way_544556005,27.554419,82.9891957,INDUSTRIAL,,brickworks,,,industrial,,
way_544556006,27.5670382,82.9720785,INDUSTRIAL,,brickworks,,,industrial,,
way_544556010,27.5523389,82.9436539,INDUSTRIAL,,brickworks,,,industrial,,
way_544556013,27.5530861,82.93942,INDUSTRIAL,,brickworks,,,industrial,,
way_544556019,27.5042844,82.8919048,INDUSTRIAL,,brickworks,,,industrial,,
way_544556025,27.5585282,82.8081841,INDUSTRIAL,,brickyard,,,industrial,,
way_544556032,27.5753817,82.9435421,INDUSTRIAL,,brickyard,,,industrial,,
way_544556039,27.626943,82.8654581,INDUSTRIAL,,brickyard,,,industrial,,
way_544556042,27.6294489,82.8655694,INDUSTRIAL,,brickworks,,,industrial,,
way_544556045,27.6150158,82.8736572,INDUSTRIAL,,brickyard,,,industrial,,
way_544556047,27.61538,82.8722186,INDUSTRIAL,,brickyard,,,industrial,,
way_544556050,27.6095879,82.8699709,INDUSTRIAL,,brickworks,,,industrial,,
way_544556053,27.6095714,82.8555915,INDUSTRIAL,,brickworks,,,industrial,,
way_544556056,27.5611469,82.8460979,INDUSTRIAL,,brickworks,,,industrial,,
way_544556058,27.5568941,82.8356768,INDUSTRIAL,,brickworks,,,industrial,,
way_544556070,27.5266506,82.7726907,INDUSTRIAL,,brickworks,,,industrial,,
way_544600161,25.821519,84.8500715,INDUSTRIAL,,,,,industrial,,
way_544698674,28.0988339,84.460205,INDUSTRIAL,,,,,industrial,kiln,
way_545903691,27.6001742,83.0053661,INDUSTRIAL,,brickworks,,,industrial,,
way_545903692,27.6035411,83.0110283,INDUSTRIAL,,brickworks,,,industrial,,
way_545903693,27.6132195,83.0109538,INDUSTRIAL,,brickworks,,,industrial,,
way_546111308,29.9181696,74.9522387,INDUSTRIAL,Guru Gobind Singh Refinery,refinery,,,industrial,,
way_546118628,27.3971663,77.6810056,INDUSTRIAL,,,,,industrial,,
way_546118629,27.4001537,77.6790181,INDUSTRIAL,,,,,industrial,,
way_546118631,27.3811057,77.6861823,INDUSTRIAL,Mathura Refinery,refinery,,,industrial,,
way_546173722,26.6582845,76.0752931,INDUSTRIAL,,,,,industrial,,
way_546521371,28.9170405,77.6508148,INDUSTRIAL,Bhalla International - Vinex,,,,industrial,,
way_547839956,24.8405848,74.5851383,INDUSTRIAL,Saras Dairy,,,,industrial,,
way_549466353,27.8905783,84.87225,INDUSTRIAL,,,,,industrial,works,
way_549686180,27.1857305,83.2620672,INDUSTRIAL,Brick Yard,,,,industrial,,
way_550120176,28.0737002,82.8151819,INDUSTRIAL,Jhimruk Hydropower,,plant,hydro,industrial,,Butwal Power Company
way_550121889,27.7360934,83.4647911,INDUSTRIAL,,,plant,,,,Butwal Power Company
way_550518363,26.4612183,80.1914473,INDUSTRIAL,,,,,industrial,,
way_550920405,26.4810313,76.9870886,INDUSTRIAL,,,,,industrial,,
way_550944978,24.4975512,77.1478279,INDUSTRIAL,,,,,industrial,,
way_551052320,30.0027695,76.5310668,INDUSTRIAL,,,,,industrial,,
way_551605174,28.1186501,81.6413965,INDUSTRIAL,Daataram Grinding Mill,grinding_mill,,,industrial,,
way_551687831,28.1882939,76.6091676,INDUSTRIAL,New Grain Market,,,,industrial,,
way_551845484,28.1337561,81.6781106,INDUSTRIAL,,brickyard,,,industrial,,
way_551845489,28.132713,81.6774882,INDUSTRIAL,,brickyard,,,industrial,,
way_551845496,28.1387102,81.6734334,INDUSTRIAL,,brickyard,,,industrial,,
way_551853980,28.13108,81.6743139,INDUSTRIAL,,grinding_mill,,,industrial,,
way_551853995,28.1350843,81.6810295,INDUSTRIAL,,brickyard,,,industrial,,
way_551910507,28.1909932,77.7744598,INDUSTRIAL,,,,,industrial,,
way_552076362,24.6587909,74.6575535,INDUSTRIAL,Vibrant Polymers LLP,,,,industrial,,
way_552293833,30.0702299,74.9240116,INDUSTRIAL,,,,,industrial,,
way_552293899,30.0721023,74.8735475,INDUSTRIAL,,,,,industrial,,
way_552477185,28.7809517,76.0448607,INDUSTRIAL,,,,,industrial,,
way_552536974,29.4240048,74.6578502,INDUSTRIAL,,,,,industrial,,
way_553322674,27.0207056,84.8848557,INDUSTRIAL,,,,,industrial,,
way_553322675,27.0548978,84.906599,INDUSTRIAL,,,,,industrial,,
way_553322676,27.0588519,84.9098379,INDUSTRIAL,,,,,industrial,,
way_553322677,27.0607639,84.9118897,INDUSTRIAL,,,,,industrial,,
way_553322679,27.0660644,84.9140529,INDUSTRIAL,,,,,industrial,,
way_553322680,27.0497095,84.9050232,INDUSTRIAL,,,,,industrial,,
way_553322681,27.0524135,84.9029312,INDUSTRIAL,,,,,industrial,,
way_553322682,27.0642811,84.9100201,INDUSTRIAL,,,,,industrial,,
way_553322683,27.078596,84.9195689,INDUSTRIAL,,,,,industrial,,
way_553322684,27.0801627,84.9243781,INDUSTRIAL,,,,,industrial,,
way_553322685,27.0886642,84.9159432,INDUSTRIAL,,,,,industrial,,
way_553322686,27.0882391,84.9221304,INDUSTRIAL,,,,,industrial,,
way_553322687,27.0936167,84.93747,INDUSTRIAL,,,,,industrial,,
way_553322688,27.0909064,84.9346456,INDUSTRIAL,,,,,industrial,,
way_553322689,27.0906211,84.940592,INDUSTRIAL,,,,,industrial,,
way_553322690,27.0923449,84.9445563,INDUSTRIAL,,,,,industrial,,
way_553322691,27.0943486,84.9414354,INDUSTRIAL,,,,,industrial,,
way_553322692,27.096067,84.9473317,INDUSTRIAL,,,,,industrial,,
way_553322693,27.0975537,84.9458198,INDUSTRIAL,,,,,industrial,,
way_553322694,27.0991595,84.9485421,INDUSTRIAL,,,,,industrial,,
way_553322695,27.099966,84.9467834,INDUSTRIAL,,,,,industrial,,
way_553322696,27.0986994,84.942423,INDUSTRIAL,,,,,industrial,,
way_553322698,27.1077828,84.9385636,INDUSTRIAL,,,,,industrial,,
way_553322699,27.1103032,84.94036,INDUSTRIAL,,,,,industrial,,
way_553322700,27.1081921,84.9424233,INDUSTRIAL,,,,,industrial,,
way_553322701,27.1103624,84.9452345,INDUSTRIAL,,,,,industrial,,
way_553322702,27.1060799,84.9454,INDUSTRIAL,,,,,industrial,,
way_553322703,27.1126187,84.960634,INDUSTRIAL,,,,,industrial,,
way_553322704,27.1150516,84.9582993,INDUSTRIAL,,,,,industrial,,
way_553322705,27.1172939,84.9587827,INDUSTRIAL,,,,,industrial,,
way_553322707,27.1186306,84.9567577,INDUSTRIAL,,,,,industrial,,
way_553322708,27.1178148,84.9533158,INDUSTRIAL,,,,,industrial,,
way_553322710,27.2788711,84.9924977,INDUSTRIAL,,,,,industrial,,
way_553407030,28.1070817,81.6432747,INDUSTRIAL,Khan Etta Udyog,brickyard,,,industrial,kiln,
way_553411116,28.1099969,81.6523921,INDUSTRIAL,Kasturi Food Products,factory,,,industrial,,
way_553455304,24.6268009,80.8319815,INDUSTRIAL,,,,,industrial,,
way_553455315,24.6090054,80.8502716,INDUSTRIAL,,,,,industrial,,
way_553729332,28.0907652,81.6667494,INDUSTRIAL,Siddhibinayak Bricks Factory,brickyard,,,industrial,,
way_553729333,28.0911048,81.6635858,INDUSTRIAL,New Kishan Bricks Factory,brickyard,,,industrial,,
way_553729334,28.0872123,81.6632076,INDUSTRIAL,Meraj Eeta Udhyog,brickyard,,,industrial,,
way_554798782,28.0438949,81.6331172,INDUSTRIAL,,,,,industrial,kiln,
way_555658213,28.037394,81.6128081,INDUSTRIAL,Salt Trading Concern Pvt Ltd,factory,,,industrial,,
way_556483505,27.5395319,82.8439188,INDUSTRIAL,,,,,industrial,,
way_556483506,27.6295808,82.8627635,INDUSTRIAL,,,,,industrial,,
way_556483507,27.6174409,82.8566077,INDUSTRIAL,,,,,industrial,,
way_556483508,27.6072161,82.8630471,INDUSTRIAL,,,,,industrial,,
way_556483509,27.5933101,82.8651931,INDUSTRIAL,,,,,industrial,,
way_556483511,27.586749,82.8615742,INDUSTRIAL,,,,,industrial,,
way_556483512,27.5798942,82.861587,INDUSTRIAL,,,,,industrial,,
way_556483513,27.5759013,82.8628713,INDUSTRIAL,,,,,industrial,,
way_556483514,27.5728004,82.8586974,INDUSTRIAL,,,,,industrial,,
way_556483515,27.5751538,82.8596458,INDUSTRIAL,,,,,industrial,,
way_556620250,27.6673069,84.3299148,INDUSTRIAL,Bijayanagar Mill,,,,,works,
way_557055929,28.0510634,81.6577516,INDUSTRIAL,,brickyard,,,industrial,,
way_558011591,28.1125296,81.6132173,INDUSTRIAL,,,,,industrial,,
way_559069522,28.118655,81.6795999,INDUSTRIAL,New Manakamana Bricks Factory,brickyard,,,industrial,,
way_559069523,28.1200141,81.6710221,INDUSTRIAL,Shyam Bricks Factory,brickyard,,,industrial,,
way_559642337,25.2303619,74.6201705,INDUSTRIAL,,,,,industrial,,
way_559642338,25.231895,74.6251809,INDUSTRIAL,,,,,industrial,,
way_559642339,25.2257314,74.6291935,INDUSTRIAL,,,,,industrial,,
way_560016713,28.3325278,77.3610534,INDUSTRIAL,,,,,industrial,,
way_560018998,28.1501465,81.5746324,INDUSTRIAL,,,,,industrial,,
way_560099012,28.3298732,77.3546905,INDUSTRIAL,,,,,industrial,,
way_560099034,28.3265953,77.3548141,INDUSTRIAL,,,,,industrial,,
way_560136155,28.119569,81.6762542,INDUSTRIAL,Kurmi Kisan Bricks Factory,brickyard,,,industrial,,
way_560271865,28.1978911,81.5983155,INDUSTRIAL,,,,,industrial,,
way_560285217,28.115459,81.4876663,INDUSTRIAL,,,,,industrial,,
way_560445266,28.0804952,81.5894508,INDUSTRIAL,,,,,industrial,kiln,
way_560485606,28.0476494,81.6234377,INDUSTRIAL,Shri Shiva Rice Oil and Floor Mill,grinding_mill,,,industrial,,Tilak Ram Verma
way_560509860,28.0656599,81.6298946,INDUSTRIAL,Nisha Siddiqi Gril Udyog,,,,industrial,,
way_560895882,26.5880834,74.8617249,INDUSTRIAL,,,,,industrial,,
way_560895899,26.6084666,74.8468816,INDUSTRIAL,,,,,industrial,,
way_560895900,26.6080926,74.8585653,INDUSTRIAL,,,,,industrial,,
way_560895901,26.6064763,74.8687924,INDUSTRIAL,,,,,industrial,,
way_560895902,26.5979698,74.8572618,INDUSTRIAL,,,,,industrial,,
way_560895903,26.5844591,74.8462593,INDUSTRIAL,,,,,industrial,,
way_560895907,26.6226626,74.8594773,INDUSTRIAL,,,,,industrial,,
way_560895908,26.6264751,74.843553,INDUSTRIAL,,,,,industrial,,
way_560895916,26.3342732,74.5630878,INDUSTRIAL,,,,,industrial,,
way_561039290,26.9023789,75.1796123,INDUSTRIAL,Salt Works,,,,industrial,,
way_561319293,27.1605288,75.3668976,INDUSTRIAL,,,,,industrial,,
way_561436583,27.6570607,76.1028528,INDUSTRIAL,,,,,industrial,,
way_561436592,27.6667105,76.1297178,INDUSTRIAL,,cement,,,industrial,,
way_561436594,27.8152414,76.2234235,INDUSTRIAL,,,,,industrial,,
way_561443768,28.3995009,77.3539651,INDUSTRIAL,,,,,industrial,,
way_561443769,28.3997443,77.3530942,INDUSTRIAL,,,,,industrial,,
way_561577804,28.1855107,81.5736178,INDUSTRIAL,,,,,industrial,,
way_562252745,28.0838106,81.6235819,INDUSTRIAL,Man Kamna Footwear Industries,footwear,,,industrial,,
way_562266253,28.2501621,83.7237441,INDUSTRIAL,Manisha Adhuwa Candy Udhyog,candy,,,industrial,,
way_562382673,28.0788607,81.6758521,INDUSTRIAL,Chaand Bricks Factory,,,,industrial,kiln,
way_562405143,28.0205545,81.6288458,INDUSTRIAL,,,,,industrial,kiln,
way_562405144,28.0164014,81.6351034,INDUSTRIAL,,,,,industrial,kiln,
way_562433375,24.9301267,74.634714,INDUSTRIAL,Birla Cement,,,,industrial,works,
way_562433400,24.6946439,74.6825479,INDUSTRIAL,JK Cement,,,,industrial,,
way_562433402,24.6432919,74.6840768,INDUSTRIAL,JK Cement,,,,industrial,,
way_562493425,26.8166934,75.5676233,INDUSTRIAL,,,,,industrial,,
way_562493426,26.8090282,75.5786901,INDUSTRIAL,,,,,industrial,,
way_562493427,26.8117998,75.56268,INDUSTRIAL,,,,,industrial,,
way_562627729,28.036143,81.6451107,INDUSTRIAL,Kisan Etta Udyog,brickyard,,,industrial,,Oshi Ahmad
way_562636697,28.0336281,81.6513113,INDUSTRIAL,Suman Etta Udyog,brickyard,,,industrial,,Suman Ali
way_562636698,28.0282052,81.6549786,INDUSTRIAL,Aman Etta Udyog,brickyard,,,industrial,,Pappu Kasgar
way_562637433,28.034674,81.647235,INDUSTRIAL,Guddu Etta Udyog,brickyard,,,industrial,,Guddu Kasgar
way_562637434,28.0308232,81.6484551,INDUSTRIAL,New Janata Etta Udyog,brickyard,,,industrial,,Oshi Ahmad
way_562647704,28.0694304,81.6425697,INDUSTRIAL,Bheri Food Product,factory,,,industrial,,
way_562694419,28.0407618,81.6394781,INDUSTRIAL,Nirmal Baba Rice Mill,grinding_mill,,,industrial,,Chanda Singh Thakur
way_562942521,28.0369154,81.6411068,INDUSTRIAL,Om Ply and Furniture Pvt Ltd,factory,,,industrial,,private
way_562942522,28.0396598,81.6378137,INDUSTRIAL,RNK Food Products,bakery,,,industrial,,
way_562945743,28.0441826,81.633262,INDUSTRIAL,Kisan Etta Udyog Pvt Ltd,brickyard,,,industrial,,hazid Rajaabali
way_563204491,28.0425061,81.6580752,INDUSTRIAL,,brickyard,,,industrial,,
way_563655466,28.2773968,83.9387655,INDUSTRIAL,Shristi Auto workshop,,,,commercial,works,
way_563655471,28.2655549,83.9550143,INDUSTRIAL,Himalyan Cotton Udhyog,,,,,works,
way_563975178,28.1929706,81.3470488,INDUSTRIAL,,,,,industrial,kiln,
way_563975179,28.1934446,81.3449226,INDUSTRIAL,,,,,industrial,kiln,
way_563978806,28.0718619,81.6730848,INDUSTRIAL,Rambharaya Bharma Brick Factory,brickyard,,,industrial,,
way_563982891,28.2848012,83.9096301,INDUSTRIAL,Mul Khet Block Udhyog,,,,,works,
way_564752770,28.2714734,83.9589076,INDUSTRIAL,Annapurna Kapas Udhyog,,,,,works,
way_565092158,28.0148402,81.640741,INDUSTRIAL,Rice Mill,grinding_mill,,,industrial,,
way_565284365,28.016753,81.6279262,INDUSTRIAL,Kroise Bone Processing industry,factory,,,industrial,,
way_565284366,28.0164149,81.6300421,INDUSTRIAL,Raman Brick Industry,factory,,,industrial,,
way_565454193,28.0587052,81.6025119,INDUSTRIAL,,,,,industrial,,
way_565513835,30.6828353,75.7208861,INDUSTRIAL,,,,,industrial,,
way_566503796,28.2899792,83.9540957,INDUSTRIAL,Lamachaur Thapa Concrete Block Udhyog,,,,,works,
way_566577185,28.1992352,83.990508,INDUSTRIAL,Annapurna Rice Mill,grinding_mill,,,industrial,,
way_567758402,28.1956808,83.9760187,INDUSTRIAL,Chandra Surya Block Industry,,,,industrial,,
way_568625207,28.1955972,83.9757056,INDUSTRIAL,,,,,industrial,,
way_569107694,27.2345913,77.495335,INDUSTRIAL,,,,,industrial,,
way_570461406,26.9504322,75.8925838,INDUSTRIAL,,,,,industrial,,
way_572415745,28.6577893,77.3278257,INDUSTRIAL,Paharpur Cooling Towers ltd,,,,,works,
way_572998163,28.0363587,81.6461,INDUSTRIAL,Krishnaoti Rice Mill,,,,industrial,,
way_575225941,28.2301896,83.9993634,INDUSTRIAL,New Fulbari Rice Mill,grinding_mill,,,industrial,,
way_577305829,31.4146015,75.4901273,INDUSTRIAL,,brickyard,,,industrial,,
way_578410921,28.0973299,82.3007847,INDUSTRIAL,Brick Factory,,,,industrial,works,
way_580370323,28.1794951,84.0489884,INDUSTRIAL,,metal,,,industrial,,
way_584521415,26.6282197,74.8961809,INDUSTRIAL,,,,,industrial,,
way_586270505,27.5166281,83.2318954,INDUSTRIAL,,,,,industrial,kiln,
way_588717118,28.1589519,76.8399627,INDUSTRIAL,,,,,industrial,,
way_588717119,28.1848579,76.8607991,INDUSTRIAL,Saint-Gobain,,,,industrial,,
way_589728231,30.9931025,76.5106318,INDUSTRIAL,SML Isuzu Limited,,,,industrial,,
way_590534359,29.0262,79.3935618,INDUSTRIAL,Ashok Leyland,,,,industrial,,
way_590539407,29.0291564,79.4311256,INDUSTRIAL,Tata Motors,factory,,,industrial,,
way_592750474,24.191539,82.808532,INDUSTRIAL,Anpara-D,,plant,coal,industrial,,Uttar Pradesh Rajya Vidyut Utpadan Nigam Ltd
way_594951107,26.182957,81.0064837,INDUSTRIAL,,,plant,solar,,,
way_594951112,26.1735292,81.0114237,INDUSTRIAL,,factory,,,industrial,,Indian Railway
way_600272920,28.1092174,82.2918689,INDUSTRIAL,,manufacturing,,,industrial,,
way_604392658,28.2943909,79.1663084,INDUSTRIAL,,,,,industrial,,
way_605287328,28.0588652,82.370551,INDUSTRIAL,Brick Factory,brickyard,,,industrial,,
way_605886399,28.6978089,77.3057011,INDUSTRIAL,Nand Nagri Bus Depot,depot,,,industrial,,Delhi Transport Corporation
way_605896591,28.117715,82.2876629,INDUSTRIAL,Mills,,,,industrial,,
way_607446771,25.1009923,82.3599167,INDUSTRIAL,Dadar Kala,,plant,solar,,,Engie Solar
way_608220415,28.0613951,82.3894423,INDUSTRIAL,Itta Udhyog,,,,industrial,,
way_610072758,28.122392,82.3507123,INDUSTRIAL,शिव इट्टा उद्योग,,,,industrial,,
way_612290613,28.0840431,82.2814968,INDUSTRIAL,Brick factory,brickyard,,,industrial,,
way_614071738,28.0415025,82.4246008,INDUSTRIAL,,brickyard,,,industrial,,
way_614116531,28.0450898,82.4311081,INDUSTRIAL,,brickyard,,,industrial,,
way_615353868,28.4869854,77.5517846,INDUSTRIAL,Noida-Greater Noida Metro Depot,depot,,,industrial,,
way_615999722,25.0707299,82.2113585,INDUSTRIAL,Kosda Kala,,plant,solar,,,
way_615999752,29.0647179,79.1966146,INDUSTRIAL,,,plant,solar,,,
way_615999753,29.0519598,79.1871827,INDUSTRIAL,,,plant,solar,,,
way_622455415,28.3683914,76.8933272,INDUSTRIAL,Maruti Suzuki India,,,,industrial,,
way_622808538,24.6555981,74.6413946,INDUSTRIAL,,,plant,solar,,,
way_624362671,28.7245035,80.8393403,INDUSTRIAL,,,,,industrial,,
way_625607410,30.2987339,75.5019119,INDUSTRIAL,,,,,industrial,,
way_625607413,30.2982614,75.4925431,INDUSTRIAL,,,,,industrial,,
way_625769769,31.0104791,76.4395183,INDUSTRIAL,,,,,industrial,,
way_625769771,31.0043524,76.4457625,INDUSTRIAL,,,,,industrial,,
way_625787494,31.1137678,76.6435352,INDUSTRIAL,,,,,industrial,,
way_626388854,28.1323405,76.3617531,INDUSTRIAL,Inland Container Depot - ICD Kathuwas,,,,industrial,,
way_626388856,28.1011644,76.2497547,INDUSTRIAL,Mandi,,,,industrial,,
way_627116855,28.1274784,82.2791139,INDUSTRIAL,जे के इट्टा उद्योग,,,,industrial,,
way_627223160,30.2618268,78.0424138,INDUSTRIAL,,,,,industrial,,
way_629998453,31.2884969,75.5553563,INDUSTRIAL,,,,,industrial,,
way_630026168,26.9496097,75.8250672,INDUSTRIAL,,,,,industrial,,
way_630435321,28.2120881,81.360685,INDUSTRIAL,Tundi Construction camp,works,,,industrial,,
way_631316747,30.5961381,76.322652,INDUSTRIAL,,brickyard,,,industrial,,
way_631527148,30.6228838,76.2729568,INDUSTRIAL,,brickyard,,,industrial,,
way_631527188,30.5749007,76.3184883,INDUSTRIAL,,brickyard,,,industrial,,
way_631533508,27.6002205,83.471624,INDUSTRIAL,Bhalwari Oil Depot,,,,industrial,,Nepal Oil Corporation
way_631569000,30.6338074,76.3389534,INDUSTRIAL,,,,,industrial,,
way_631569001,30.6329806,76.3415047,INDUSTRIAL,,,,,industrial,,
way_631651171,30.5808414,76.3684657,INDUSTRIAL,,brickyard,,,industrial,,
way_631839555,30.6335028,76.2604887,INDUSTRIAL,,,,,industrial,,
way_631918678,30.4980025,76.2833794,INDUSTRIAL,,brickyard,,,industrial,,
way_631926979,30.4981102,76.3065432,INDUSTRIAL,,brickyard,,,industrial,,
way_632469973,30.6447217,76.3275793,INDUSTRIAL,,,,,industrial,,
way_632469974,30.6497778,76.3246426,INDUSTRIAL,,,,,industrial,,
way_632469975,30.6525102,76.3179187,INDUSTRIAL,,,,,industrial,,
way_632469977,30.6557981,76.3100383,INDUSTRIAL,,,,,industrial,,
way_632592982,30.6551689,76.2318327,INDUSTRIAL,,,,,industrial,,
way_632592995,30.6421692,76.2233265,INDUSTRIAL,,,,,industrial,,
way_632802838,30.6686802,76.2797677,INDUSTRIAL,,,,,industrial,,
way_632902494,30.6810946,76.2720671,INDUSTRIAL,,,,,industrial,,
way_632902518,30.6764651,76.2736512,INDUSTRIAL,,,,,industrial,,
way_633221335,30.6633855,76.3075659,INDUSTRIAL,,,,,industrial,,
way_633221336,30.6608127,76.3074049,INDUSTRIAL,,,,,industrial,,
way_633221346,30.6733353,76.2973868,INDUSTRIAL,,,,,industrial,,
way_633270376,30.6392832,76.3161746,INDUSTRIAL,,,,,industrial,,
way_633270380,30.6377778,76.3398677,INDUSTRIAL,,,,,industrial,,
way_633270387,30.6360293,76.3423641,INDUSTRIAL,,,,,industrial,,
way_633270394,30.6239344,76.3190086,INDUSTRIAL,,,,,industrial,,
way_633621335,30.6193036,76.3816637,INDUSTRIAL,,,,,industrial,,
way_633621338,30.6201648,76.3865029,INDUSTRIAL,,,,,industrial,,
way_633624321,30.6242005,76.3937993,INDUSTRIAL,,,,,industrial,,
way_633640556,30.6312004,76.3829083,INDUSTRIAL,,,,,industrial,,
way_633695722,30.5975434,76.3517746,INDUSTRIAL,,,,,industrial,,
way_633695724,30.5997856,76.3475813,INDUSTRIAL,,brickyard,,,industrial,,
way_633714768,30.5943141,76.3386229,INDUSTRIAL,,,,,industrial,,
way_633714769,30.5954084,76.3410296,INDUSTRIAL,,,,,industrial,,
way_633714772,30.638047,76.2682376,INDUSTRIAL,,,,,industrial,,
way_633714775,30.6413543,76.2751291,INDUSTRIAL,,,,,industrial,,
way_633714785,30.6219011,76.2462967,INDUSTRIAL,,,,,industrial,,
way_633834459,30.5166429,76.3793447,INDUSTRIAL,,brickyard,,,industrial,,
way_633834461,30.5212347,76.3817148,INDUSTRIAL,,agriculture,,,industrial,,
way_633834463,30.5211733,76.3777921,INDUSTRIAL,,agriculture,,,industrial,,
way_633834478,30.4984129,76.2769471,INDUSTRIAL,,brickyard,,,industrial,,
way_633834490,30.5360674,76.2914978,INDUSTRIAL,,brickyard,,,industrial,,
way_633864447,30.5116923,76.2422679,INDUSTRIAL,,,,,industrial,,
way_633868733,30.5046902,76.2644423,INDUSTRIAL,,brickyard,,,industrial,,
way_633960202,30.5854384,76.232646,INDUSTRIAL,,,,,industrial,,
way_633960208,30.5917318,76.2312219,INDUSTRIAL,,,,,industrial,,
way_633960226,30.59803,76.2335499,INDUSTRIAL,,,,,industrial,,
way_633960228,30.5981527,76.230088,INDUSTRIAL,,,,,industrial,,
way_633960260,30.6003704,76.2292471,INDUSTRIAL,,,,,industrial,,
way_633960261,30.6008789,76.2339875,INDUSTRIAL,,,,,industrial,,
way_633967432,30.5780082,76.233877,INDUSTRIAL,,brickyard,,,industrial,,
way_633967448,30.5926099,76.2212361,INDUSTRIAL,,agriculture,,,industrial,,
way_633984584,30.6058471,76.2110421,INDUSTRIAL,,agriculture,,,industrial,,
way_633984586,30.6049674,76.2142927,INDUSTRIAL,,agriculture,,,industrial,,
way_633984587,30.6074518,76.2194846,INDUSTRIAL,,agriculture,,,industrial,,
way_633992734,30.6091083,76.2098456,INDUSTRIAL,,agriculture,,,industrial,,
way_633992743,30.6074607,76.2059679,INDUSTRIAL,,agriculture,,,industrial,,
way_633992759,30.6706867,76.2465865,INDUSTRIAL,,,,,industrial,,
way_633992762,30.657129,76.2268524,INDUSTRIAL,,,,,industrial,,
way_633992763,30.6566937,76.2300505,INDUSTRIAL,,,,,industrial,,
way_633992764,30.6542131,76.2279021,INDUSTRIAL,,,,,industrial,,
way_633992765,30.6515309,76.227949,INDUSTRIAL,,,,,industrial,,
way_633992766,30.6471688,76.2298952,INDUSTRIAL,,,,,industrial,,
way_633992767,30.6430802,76.2276229,INDUSTRIAL,Nahar Sugar Industries Limited,sugar_mill,,,industrial,,
way_633997183,30.6433492,76.2432208,INDUSTRIAL,,brickyard,,,industrial,,
way_633997189,30.6309356,76.2549559,INDUSTRIAL,,,,,industrial,,
way_633997202,30.6346855,76.2642747,INDUSTRIAL,,,,,industrial,,
way_633997207,30.6347028,76.2559399,INDUSTRIAL,,,,,industrial,,
way_633997211,30.6473827,76.2722858,INDUSTRIAL,,,,,industrial,,
way_633997213,30.6424039,76.2683202,INDUSTRIAL,,,,,industrial,,
way_633997214,30.6433928,76.2707756,INDUSTRIAL,,,,,industrial,,
way_633997222,30.6530471,76.2762916,INDUSTRIAL,,,,,industrial,,
way_633997225,30.6575179,76.2761021,INDUSTRIAL,,,,,industrial,,
way_633997231,30.6521598,76.2808005,INDUSTRIAL,,,,,industrial,,
way_634005085,30.6047765,76.2262444,INDUSTRIAL,,agriculture,,,industrial,,
way_634108862,30.6163831,76.392096,INDUSTRIAL,,,,,industrial,,
way_634108909,30.6208701,76.4033925,INDUSTRIAL,,,,,industrial,,
way_634165649,30.6337111,76.4235114,INDUSTRIAL,,agriculture,,,industrial,,
way_634208157,30.5903243,76.4177784,INDUSTRIAL,,,,,industrial,,
way_634223992,30.5739649,76.4403142,INDUSTRIAL,,,,,industrial,,
way_634224013,30.5771335,76.4446149,INDUSTRIAL,,,,,industrial,,
way_634248383,30.6080075,76.3542589,INDUSTRIAL,,agriculture,,,industrial,,
way_634248393,30.5590363,76.4091209,INDUSTRIAL,,,,,industrial,,
way_634285474,30.5267136,76.4238619,INDUSTRIAL,,brickyard,,,industrial,,
way_634306787,30.498742,76.4137346,INDUSTRIAL,,brickyard,,,industrial,,
way_634386535,30.4182789,76.3806341,INDUSTRIAL,,,,,industrial,,
way_634386541,30.4138989,76.37837,INDUSTRIAL,,,,,industrial,,
way_634401380,30.5157662,76.3679774,INDUSTRIAL,,,,,industrial,,
way_634408868,30.4423158,76.3436665,INDUSTRIAL,,,,,industrial,,
way_634416719,30.4522411,76.395713,INDUSTRIAL,,factory,,,industrial,,
way_634425036,30.4803056,76.4925606,INDUSTRIAL,,agriculture,,,industrial,,
way_634715458,30.5117093,76.461899,INDUSTRIAL,,agriculture,,,industrial,,
way_634715486,30.4605425,76.4226759,INDUSTRIAL,,,,,industrial,,
way_634715498,30.4521289,76.3830329,INDUSTRIAL,,agriculture,,,industrial,,
way_634715511,30.4822571,76.3360823,INDUSTRIAL,,,,,industrial,,
way_634732032,30.4912506,76.3972348,INDUSTRIAL,,brickyard,,,industrial,,
way_634732037,30.4337793,76.4083397,INDUSTRIAL,,agriculture,,,industrial,,
way_634732038,30.4337993,76.4059391,INDUSTRIAL,,agriculture,,,industrial,,
way_634732039,30.4325892,76.4055197,INDUSTRIAL,,agriculture,,,industrial,,
way_634774088,30.4185508,76.3518504,INDUSTRIAL,,,,,industrial,,
way_634774096,30.4113712,76.3719847,INDUSTRIAL,,agriculture,,,industrial,,
way_634774098,30.4163238,76.3672499,INDUSTRIAL,,agriculture,,,industrial,,
way_634838515,30.4659823,76.7895214,INDUSTRIAL,,,,,industrial,,
way_634838516,30.4599768,76.789404,INDUSTRIAL,,,,,industrial,,
way_634838537,30.4506155,76.7886008,INDUSTRIAL,,,,,industrial,,
way_634865178,30.5027625,76.7870682,INDUSTRIAL,,,,,industrial,,
way_635070786,30.4721347,76.7292772,INDUSTRIAL,,,,,industrial,,
way_635404612,30.5383398,76.4987312,INDUSTRIAL,,,,,industrial,,
way_635625287,30.4597512,76.8751815,INDUSTRIAL,,,,,industrial,,
way_635625300,30.4289548,76.9201877,INDUSTRIAL,,,,,industrial,,
way_635670745,30.5145123,76.8198073,INDUSTRIAL,,,,,industrial,,
way_635670747,30.510093,76.8081893,INDUSTRIAL,,,,,industrial,,
way_635670766,30.4983312,76.8389154,INDUSTRIAL,,,,,industrial,,
way_635670789,30.4855176,76.8834802,INDUSTRIAL,,,,,industrial,,
way_635730128,30.5106602,76.7963218,INDUSTRIAL,,,,,industrial,,
way_635749732,30.4239961,76.9116622,INDUSTRIAL,,,,,industrial,,
way_635811030,30.5585401,76.6905261,INDUSTRIAL,,,,,industrial,,
way_635811032,30.5549716,76.686287,INDUSTRIAL,,,,,industrial,,
way_635814001,29.7939807,77.9413289,INDUSTRIAL,,,,,industrial,,
way_635814002,29.7926551,77.9379725,INDUSTRIAL,,,,,industrial,,
way_635814003,29.7971724,77.8031371,INDUSTRIAL,,,,,industrial,,
way_635883790,30.6438914,76.3109064,INDUSTRIAL,,,,,industrial,,
way_635883791,30.6463558,76.2974122,INDUSTRIAL,,,,,industrial,,
way_635883792,30.6435705,76.2999737,INDUSTRIAL,,,,,industrial,,
way_635883793,30.6406098,76.3067355,INDUSTRIAL,,,,,industrial,,
way_635883795,30.6454951,76.3214583,INDUSTRIAL,,,,,industrial,,
way_635883796,30.6483934,76.3108152,INDUSTRIAL,,,,,industrial,,
way_635883797,30.6471634,76.3035438,INDUSTRIAL,,,,,industrial,,
way_635883799,30.5579026,76.2391868,INDUSTRIAL,,,,,industrial,,
way_635905675,30.4996648,76.5564787,INDUSTRIAL,,,,,industrial,,
way_635905731,30.6434898,76.3212839,INDUSTRIAL,,,,,industrial,,
way_635905732,30.6344618,76.3176924,INDUSTRIAL,,,,,industrial,,
way_635905734,30.6295229,76.3172472,INDUSTRIAL,,,,,industrial,,
way_635905735,30.6317985,76.3207662,INDUSTRIAL,,,,,industrial,,
way_635918304,30.4790394,76.5565841,INDUSTRIAL,,,,,industrial,,
way_635918305,30.4805347,76.5542296,INDUSTRIAL,,,,,industrial,,
way_635975102,30.5657714,76.8898451,INDUSTRIAL,,,,,industrial,,
way_635975104,30.5653037,76.8918863,INDUSTRIAL,,,,,industrial,,
way_635975109,30.5707437,76.8917214,INDUSTRIAL,,,,,industrial,,
way_635975110,30.5703072,76.8899538,INDUSTRIAL,,,,,industrial,,
way_636505305,31.3636341,75.3808942,INDUSTRIAL,,,,,industrial,,
way_636586672,30.2522602,76.5788859,INDUSTRIAL,,,,,industrial,,
way_636601907,30.1788765,76.5295708,INDUSTRIAL,,,,,industrial,,
way_636601908,30.1795906,76.5258962,INDUSTRIAL,,,,,industrial,,
way_636678285,30.5044925,76.8107508,INDUSTRIAL,,,,,industrial,,
way_636678301,30.5476898,76.8804144,INDUSTRIAL,,,,,industrial,,
way_636780080,31.4328879,75.35627,INDUSTRIAL,,,,,industrial,,
way_636780141,31.4490074,75.4430079,INDUSTRIAL,,,,,industrial,,
way_636938503,30.6956852,75.0947915,INDUSTRIAL,,,,,industrial,,
way_636938528,30.7073826,75.0997845,INDUSTRIAL,,,,,industrial,,
way_636938531,30.7050638,75.0970553,INDUSTRIAL,,,,,industrial,,
way_636938533,30.7034206,75.0982207,INDUSTRIAL,,,,,industrial,,
way_636938534,30.7027564,75.096492,INDUSTRIAL,,,,,industrial,,
way_636938535,30.7012089,75.0959247,INDUSTRIAL,,,,,industrial,,
way_636938548,30.6982776,75.0946306,INDUSTRIAL,,,,,industrial,,
way_636938549,30.6974034,75.0926511,INDUSTRIAL,,,,,industrial,,
way_636938551,30.6967011,75.0978894,INDUSTRIAL,,,,,industrial,,
way_637110887,30.2192848,76.4560193,INDUSTRIAL,,agriculture,,,industrial,,
way_637110890,30.2190507,76.4526665,INDUSTRIAL,,agriculture,,,industrial,,
way_637190129,31.1373136,76.1065877,INDUSTRIAL,,,,,industrial,,
way_637264226,30.3806044,74.63444,INDUSTRIAL,,,,,industrial,,
way_637623523,30.4646016,76.547826,INDUSTRIAL,,,,,industrial,,
way_637623525,30.4712043,76.5421611,INDUSTRIAL,,,,,industrial,,
way_637623526,30.4733981,76.5459055,INDUSTRIAL,,,,,industrial,,
way_637623527,30.4705108,76.545471,INDUSTRIAL,,,,,industrial,,
way_637838600,30.4297018,76.4078146,INDUSTRIAL,,,,,industrial,,
way_637838601,30.4203799,76.4087146,INDUSTRIAL,,,,,industrial,,
way_637838673,30.3987513,76.508722,INDUSTRIAL,,,,,industrial,,
way_637857249,30.453638,76.5638561,INDUSTRIAL,,,,,industrial,,
way_637857251,30.4546254,76.5651812,INDUSTRIAL,,,,,industrial,,
way_637857253,30.4557328,76.5659147,INDUSTRIAL,,factory,,,industrial,,
way_637857260,30.4440976,76.556861,INDUSTRIAL,,,,,industrial,,
way_637857261,30.4443344,76.5576012,INDUSTRIAL,,,,,industrial,,
way_637857262,30.4454873,76.5575637,INDUSTRIAL,,,,,industrial,,
way_637898168,30.3945858,76.319047,INDUSTRIAL,,,,,industrial,,
way_637939115,30.3377087,76.6113299,INDUSTRIAL,,,,,industrial,,
way_637959713,30.3860032,76.4935193,INDUSTRIAL,,,,,industrial,,
way_637959722,30.4046899,76.5162926,INDUSTRIAL,,,,,industrial,,
way_637959723,30.4073363,76.515968,INDUSTRIAL,,,,,industrial,,
way_637959724,30.4062918,76.5151673,INDUSTRIAL,,,,,industrial,,
way_637959806,30.4134465,76.5267437,INDUSTRIAL,,,,,industrial,,
way_637959810,30.4159284,76.5325682,INDUSTRIAL,,brickyard,,,industrial,,
way_637977944,30.1957294,76.5094677,INDUSTRIAL,,,,,industrial,,
way_638147199,30.3718279,76.419725,INDUSTRIAL,,,,,industrial,,
way_638147226,30.398542,76.4056568,INDUSTRIAL,,,,,industrial,,
way_638147235,30.3865736,76.4193695,INDUSTRIAL,,,,,industrial,,
way_638164578,30.3286824,76.6063222,INDUSTRIAL,,,,,industrial,,
way_638197150,30.3885935,76.4950213,INDUSTRIAL,,,,,industrial,,
way_638209979,30.3829039,76.5762546,INDUSTRIAL,,,,,industrial,,
way_638230398,30.380074,76.7514257,INDUSTRIAL,,,,,industrial,,
way_638230459,30.4023845,76.6666947,INDUSTRIAL,,,,,industrial,,
way_638246142,30.2928759,76.4156842,INDUSTRIAL,,,,,industrial,,
way_638317465,30.3147293,76.4245785,INDUSTRIAL,,,,,industrial,,
way_638317469,30.3069062,76.4234895,INDUSTRIAL,,,,,industrial,,
way_638317497,30.3093237,76.4197544,INDUSTRIAL,,,,,industrial,,
way_638447237,30.3496922,76.3496375,INDUSTRIAL,,,,,industrial,,
way_638592939,30.597044,75.8581844,INDUSTRIAL,,,,,industrial,,
way_638592941,30.5954648,75.8588791,INDUSTRIAL,,,,,industrial,,
way_638593072,30.5111589,75.8769111,INDUSTRIAL,,,,,industrial,,
way_638593076,30.5104175,75.8810319,INDUSTRIAL,,,,,industrial,,
way_638593078,30.5075175,75.889813,INDUSTRIAL,,,,,industrial,,
way_638607812,30.6783452,76.2935284,INDUSTRIAL,,,,,industrial,,
way_638607824,30.6846691,76.2586046,INDUSTRIAL,,,,,industrial,,
way_638607825,30.6829761,76.2622672,INDUSTRIAL,,,,,industrial,,
way_638607826,30.6811918,76.2641233,INDUSTRIAL,,,,,industrial,,
way_638607828,30.6793371,76.2680366,INDUSTRIAL,,,,,industrial,,
way_638607829,30.6785805,76.2617093,INDUSTRIAL,,,,,industrial,,
way_638607830,30.674638,76.2591719,INDUSTRIAL,,,,,industrial,,
way_638607840,30.6745849,76.2717676,INDUSTRIAL,,,,,industrial,,
way_638686280,30.6776047,76.225226,INDUSTRIAL,,,,,industrial,,
way_638717564,30.6880334,76.2573292,INDUSTRIAL,,,,,industrial,,
way_638739885,30.6993558,76.4075678,INDUSTRIAL,,,,,industrial,,
way_638807301,30.5373649,76.523682,INDUSTRIAL,,,,,industrial,,
way_638897652,28.5438691,77.2328807,INDUSTRIAL,,,plant,solar,,,
way_639000409,30.4891822,76.5826571,INDUSTRIAL,,,,,industrial,,
way_639000410,30.4874731,76.5851006,INDUSTRIAL,,,,,industrial,,
way_639000446,30.5660405,76.5855043,INDUSTRIAL,,,,,industrial,,
way_639000501,30.5772166,76.4576353,INDUSTRIAL,,,,,industrial,,
way_639105172,30.7242077,76.2132794,INDUSTRIAL,,,,,industrial,,
way_639116889,30.7273735,76.2093982,INDUSTRIAL,,,,,industrial,,
way_639116923,30.7158099,76.2131131,INDUSTRIAL,,,,,industrial,,
way_639220777,30.706701,76.6598993,INDUSTRIAL,,,,,industrial,,
way_639333392,30.2675833,76.338336,INDUSTRIAL,,,,,industrial,,
way_639333411,30.2729159,76.3564262,INDUSTRIAL,,,,,industrial,,
way_639333467,30.2750633,76.4215932,INDUSTRIAL,,,,,industrial,,
way_639437952,30.1589549,76.3687432,INDUSTRIAL,,,,,industrial,,
way_639510590,30.2591228,76.3446392,INDUSTRIAL,,,,,industrial,,
way_639510700,30.2537501,76.3352904,INDUSTRIAL,,,,,industrial,,
way_639510712,30.1870158,76.2307834,INDUSTRIAL,,,,,industrial,,
way_639678853,29.9587504,76.0839915,INDUSTRIAL,,,,,industrial,,
way_639678854,29.9608325,76.0850134,INDUSTRIAL,,,,,industrial,,
way_639692206,29.9199999,76.0373103,INDUSTRIAL,,,,,industrial,,
way_639692265,29.8278469,76.0993687,INDUSTRIAL,,,,,industrial,,
way_639828235,29.8776321,75.6813383,INDUSTRIAL,,,,,industrial,,
way_639828262,29.8901482,75.7122588,INDUSTRIAL,,,,,industrial,,
way_639828263,29.891783,75.7141672,INDUSTRIAL,,,,,industrial,,
way_639839654,29.9033558,75.295363,INDUSTRIAL,,brickyard,,,industrial,,
way_639903114,29.8787042,75.6857036,INDUSTRIAL,,,,,industrial,,
way_639903133,29.9330699,75.8782433,INDUSTRIAL,,brickyard,,,industrial,,
way_639903140,29.9639533,75.9847605,INDUSTRIAL,,brickyard,,,industrial,,
way_639913622,29.8983381,75.3574535,INDUSTRIAL,,brickyard,,,industrial,,
way_639944028,30.1314229,74.7991919,INDUSTRIAL,,,,,industrial,,
way_639993866,30.5749605,74.5451948,INDUSTRIAL,,,,,industrial,,
way_639993899,30.4881133,74.539125,INDUSTRIAL,,,,,industrial,,
way_640042934,30.8804297,74.6033343,INDUSTRIAL,,,,,industrial,,
way_640060039,30.9842111,74.6395898,INDUSTRIAL,,brickyard,,,industrial,,
way_640060048,30.9816516,74.6453432,INDUSTRIAL,,,,,industrial,,
way_640060049,30.9841008,74.6440181,INDUSTRIAL,,,,,industrial,,
way_640126766,31.33702,74.900786,INDUSTRIAL,,,,,industrial,,
way_640126778,31.297485,74.8768366,INDUSTRIAL,,brickyard,,,industrial,,
way_640136048,31.3429571,74.9414977,INDUSTRIAL,,,,,industrial,,
way_640154538,31.405439,75.0557714,INDUSTRIAL,,brickyard,,,industrial,,
way_640382927,31.3071758,76.2058148,INDUSTRIAL,,,,,industrial,,
way_640382930,31.3039239,76.2169567,INDUSTRIAL,,,,,industrial,,
way_640382931,31.3012303,76.2156116,INDUSTRIAL,,,,,industrial,,
way_640413943,31.4990303,75.8427832,INDUSTRIAL,,,,,industrial,,
way_640477641,31.402242,76.0200128,INDUSTRIAL,,,,,industrial,,
way_640477708,31.4146838,76.0196279,INDUSTRIAL,,brickyard,,,industrial,,
way_640485084,31.3885794,76.0717821,INDUSTRIAL,,brickyard,,,industrial,,
way_640485087,31.3920997,76.070264,INDUSTRIAL,,brickyard,,,industrial,,
way_640485088,31.3912903,76.0685098,INDUSTRIAL,,brickyard,,,industrial,,
way_640485137,31.3785025,76.0834632,INDUSTRIAL,,brickyard,,,industrial,,
way_640488940,31.2769056,76.2621195,INDUSTRIAL,,brickyard,,,industrial,,
way_640501851,31.2503827,76.2908931,INDUSTRIAL,,brickyard,,,industrial,,
way_640505014,28.3121486,84.4003977,INDUSTRIAL,Upper Marsyangdi Dam,,,,industrial,,Sinohydro-Sagarmatha Power Company (P) Ltd.
way_640578797,31.0061537,76.4272767,INDUSTRIAL,,,,,industrial,,
way_640615392,30.8698067,76.492445,INDUSTRIAL,,brickyard,,,industrial,,
way_640649100,30.7988175,76.4753768,INDUSTRIAL,,,,,industrial,,
way_640650303,30.7256085,76.4901477,INDUSTRIAL,,,,,industrial,,
way_640662814,30.7484874,76.5167392,INDUSTRIAL,,brickyard,,,industrial,,
way_640919885,28.318674,83.7445681,INDUSTRIAL,,rice_mill,,,industrial,,
way_641497566,30.3474806,76.3333431,INDUSTRIAL,,,,,industrial,,
way_641497661,30.3488126,76.3251114,INDUSTRIAL,,,,,industrial,,
way_641524553,30.2399982,76.2625314,INDUSTRIAL,,,,,industrial,,
way_641524554,30.2535786,76.2611407,INDUSTRIAL,,brickyard,,,industrial,,
way_641524577,30.2738448,76.3135645,INDUSTRIAL,,brickyard,,,industrial,,
way_641524587,30.2505017,76.3123527,INDUSTRIAL,,,,,industrial,,
way_641540565,30.1732999,76.1977252,INDUSTRIAL,,brickyard,,,industrial,,
way_641540566,30.1753474,76.1976475,INDUSTRIAL,,brickyard,,,industrial,,
way_641540574,30.1699907,76.219317,INDUSTRIAL,,,,,industrial,,
way_641540593,30.1824958,76.2278371,INDUSTRIAL,,,,,industrial,,
way_641540607,30.2058945,76.2438619,INDUSTRIAL,,,,,industrial,,
way_641540608,30.2130418,76.2487502,INDUSTRIAL,,,,,industrial,,
way_641540609,30.2106255,76.2484941,INDUSTRIAL,,,,,industrial,,
way_641561101,30.151146,76.1787138,INDUSTRIAL,,,,,industrial,,
way_641561118,30.1439338,76.193765,INDUSTRIAL,,,,,industrial,,
way_641561120,30.1541622,76.1695299,INDUSTRIAL,,,,,industrial,,
way_641561121,30.1526338,76.1682773,INDUSTRIAL,,,,,industrial,,
way_641561148,30.1500523,76.1707623,INDUSTRIAL,,,,,industrial,,
way_641561149,30.1466418,76.1725661,INDUSTRIAL,,,,,industrial,,
way_641561151,30.1635428,76.1869615,INDUSTRIAL,,,,,industrial,,
way_641561163,30.1665578,76.2023266,INDUSTRIAL,,,,,industrial,,
way_641561164,30.1676952,76.2002546,INDUSTRIAL,,,,,industrial,,
way_641592715,30.0451057,76.0111373,INDUSTRIAL,,,,,industrial,,
way_641592716,30.0471338,76.0119125,INDUSTRIAL,,,,,industrial,,
way_641592717,30.0485709,76.0166426,INDUSTRIAL,,,,,industrial,,
way_641592758,30.0324777,76.0249414,INDUSTRIAL,,,,,industrial,,
way_641592824,30.1152481,76.1771125,INDUSTRIAL,,,,,industrial,,
way_641592825,30.1163803,76.1762394,INDUSTRIAL,,,,,industrial,,
way_641592827,30.1204636,76.1808448,INDUSTRIAL,,,,,industrial,,
way_641592829,30.1223185,76.1880826,INDUSTRIAL,,,,,industrial,,
way_641592833,30.1245375,76.1843142,INDUSTRIAL,,,,,industrial,,
way_641592840,30.1287528,76.1725541,INDUSTRIAL,,,,,industrial,,
way_641592841,30.129458,76.1739461,INDUSTRIAL,,,,,industrial,,
way_641592842,30.1299568,76.1748138,INDUSTRIAL,,,,,industrial,,
way_641592843,30.1317616,76.1764607,INDUSTRIAL,,,,,industrial,,
way_641592844,30.1323392,76.1792354,INDUSTRIAL,,,,,industrial,,
way_641592845,30.1341033,76.1804948,INDUSTRIAL,,,,,industrial,,
way_641592846,30.1357492,76.1814241,INDUSTRIAL,,,,,industrial,,
way_641592850,30.1418717,76.1917265,INDUSTRIAL,,,,,industrial,,
way_641592851,30.1436555,76.1895593,INDUSTRIAL,,,,,industrial,,
way_641592852,30.1416149,76.1922683,INDUSTRIAL,,,,,industrial,,
way_641592867,30.1425131,76.2094478,INDUSTRIAL,,,,,industrial,,
way_641592876,30.1349512,76.1975724,INDUSTRIAL,,,,,industrial,,
way_641592880,30.125832,76.1905932,INDUSTRIAL,,,,,industrial,,
way_641706639,29.9581438,75.7941976,INDUSTRIAL,,,,,industrial,,
way_641886417,29.9040533,75.4730782,INDUSTRIAL,,,,,industrial,,
way_641902884,29.9265787,75.4376731,INDUSTRIAL,,brickyard,,,industrial,,
way_641951041,29.9357836,75.2354103,INDUSTRIAL,,,,,industrial,,
way_641971807,30.0786396,75.7077098,INDUSTRIAL,,,,,industrial,,
way_642128683,30.4338403,76.2163116,INDUSTRIAL,,,,,industrial,,
way_642128685,30.3821612,76.2436299,INDUSTRIAL,,,,,industrial,,
way_642128710,30.4431564,76.2081952,INDUSTRIAL,,,,,industrial,,
way_642128749,30.4671066,76.232598,INDUSTRIAL,,,,,industrial,,
way_642141870,30.3625769,76.1158856,INDUSTRIAL,,,,,industrial,,
way_642222380,30.1064891,74.9313417,INDUSTRIAL,,,,,industrial,,
way_642222402,30.0502181,75.0375411,INDUSTRIAL,,,,,industrial,,
way_642259360,30.146164,74.9041521,INDUSTRIAL,,,,,industrial,,
way_642259362,30.1463843,74.9070865,INDUSTRIAL,,,,,industrial,,
way_642259364,30.1466069,74.9107128,INDUSTRIAL,,,,,industrial,,
way_642259379,30.141569,74.9057696,INDUSTRIAL,,,,,industrial,,
way_642259383,30.1349825,74.8998271,INDUSTRIAL,,,,,industrial,,
way_642259386,30.1358861,74.9024436,INDUSTRIAL,,,,,industrial,,
way_642259388,30.1338377,74.9041414,INDUSTRIAL,,,,,industrial,,
way_642259390,30.132425,74.902001,INDUSTRIAL,,,,,industrial,,
way_642259392,30.1283816,74.9027601,INDUSTRIAL,,,,,industrial,,
way_642259394,30.1287922,74.9009764,INDUSTRIAL,,,,,industrial,,
way_642259396,30.1290996,74.9083284,INDUSTRIAL,,,,,industrial,,
way_642259398,30.1303651,74.9059036,INDUSTRIAL,,,,,industrial,,
way_642259401,30.1278816,74.9108523,INDUSTRIAL,,,,,industrial,,
way_642296038,30.7018374,74.615879,INDUSTRIAL,,,,,industrial,,
way_642316142,30.9381207,74.6769288,INDUSTRIAL,,,,,industrial,,
way_642316159,30.9143549,74.6587998,INDUSTRIAL,,,,,industrial,,
way_642316198,30.8723886,74.6598834,INDUSTRIAL,,,,,industrial,,
way_642539992,30.925768,74.6412232,INDUSTRIAL,,,,,industrial,,
way_642540020,30.9337563,74.6703145,INDUSTRIAL,,,,,industrial,,
way_642567201,30.9559118,74.6410087,INDUSTRIAL,,,,,industrial,,
way_642567202,30.952059,74.6542373,INDUSTRIAL,,brickyard,,,industrial,,
way_642567203,30.9518704,74.6601864,INDUSTRIAL,,brickyard,,,industrial,,
way_642567204,30.9516726,74.6632603,INDUSTRIAL,,,,,industrial,,
way_642567235,30.8845522,74.6483647,INDUSTRIAL,,,,,industrial,,
way_642567236,30.8858807,74.6470683,INDUSTRIAL,,,,,industrial,,
way_642567237,30.8805057,74.6554926,INDUSTRIAL,,,,,industrial,,
way_642578652,30.6985531,76.4582589,INDUSTRIAL,,,,,industrial,,
way_642578658,30.695654,76.4342988,INDUSTRIAL,,,,,industrial,,
way_642578672,30.6415675,76.4788918,INDUSTRIAL,,brickyard,,,industrial,,
way_642578673,30.6429324,76.4759668,INDUSTRIAL,,,,,industrial,,
way_642688147,30.7025177,75.8376521,INDUSTRIAL,,,,,industrial,,
way_642688177,30.6561303,75.8518825,INDUSTRIAL,,,,,industrial,,
way_642688178,30.6515823,75.8537266,INDUSTRIAL,,,,,industrial,,
way_642688214,30.6299625,75.9409011,INDUSTRIAL,,,,,industrial,,
way_642688228,30.5973961,75.8776935,INDUSTRIAL,,,,,industrial,,
way_642688245,30.6650927,75.8577887,INDUSTRIAL,,,,,industrial,,
way_642688246,30.6676122,75.8532009,INDUSTRIAL,,,,,industrial,,
way_642688247,30.6656719,75.85409,INDUSTRIAL,,,,,industrial,,
way_642688265,30.5042313,75.9198188,INDUSTRIAL,,,,,industrial,,
way_642688315,30.5302448,75.935593,INDUSTRIAL,,,,,industrial,,
way_642688379,30.3996732,76.1178302,INDUSTRIAL,,,,,industrial,,
way_642688389,30.3888781,76.1269739,INDUSTRIAL,,,,,industrial,,
way_642688390,30.3863653,76.1250562,INDUSTRIAL,,,,,industrial,,
way_642688391,30.3929685,76.1216926,INDUSTRIAL,,,,,industrial,,
way_642751206,30.4279926,75.880892,INDUSTRIAL,,,,,industrial,,
way_642925202,30.2542526,75.9127572,INDUSTRIAL,,,,,industrial,,
way_642938757,30.21976,75.8663477,INDUSTRIAL,,,,,industrial,,
way_642990652,30.228574,75.8158921,INDUSTRIAL,,,,,industrial,,
way_642990786,30.2262561,75.851503,INDUSTRIAL,,,,,industrial,,
way_643063344,30.837373,76.6549909,INDUSTRIAL,,,,,industrial,,
way_643273327,28.318212,83.7452743,INDUSTRIAL,Rice Mill,rice_mill,,,,works,
way_643328031,28.3399355,83.7366833,INDUSTRIAL,Iron House,,,,,works,
way_643401664,26.782367,80.8831907,INDUSTRIAL,Lucknow Metro Depot,,plant,solar,,,
way_643411053,28.6032274,77.3703041,INDUSTRIAL,,,,,,works,
way_643421469,31.0577961,75.4827743,INDUSTRIAL,,brickyard,,,industrial,,
way_643431390,29.2372612,78.9782158,INDUSTRIAL,,,,,industrial,,
way_643458591,28.2757698,83.7087936,INDUSTRIAL,Stone Cutting,,,,industrial,works,
way_643483269,28.272226,83.7363726,INDUSTRIAL,Mill,,,,,works,Man Bahadur Paudel
way_643682866,28.2792696,83.711434,INDUSTRIAL,Mill,,,,,works,
way_643885234,28.2627105,83.7269609,INDUSTRIAL,Crusher Udhyog,,,,industrial,,
way_644519817,27.552924,78.5358658,INDUSTRIAL,,,,,industrial,,
way_644519818,27.5518907,78.5386821,INDUSTRIAL,,,,,industrial,,
way_644975532,28.2727327,83.739382,INDUSTRIAL,Patichour Kapash Udyog,,,,,works,
way_645475683,31.4505531,74.9167424,INDUSTRIAL,,,,,industrial,,
way_645484411,31.4421953,74.9467617,INDUSTRIAL,,,,,industrial,,
way_645484412,31.4387901,74.9454769,INDUSTRIAL,,,,,industrial,,
way_645556031,31.4818032,74.7785765,INDUSTRIAL,,,,,industrial,,
way_645556033,31.481587,74.780112,INDUSTRIAL,,,,,industrial,,
way_645556055,31.4789805,74.777281,INDUSTRIAL,,,,,industrial,,
way_645556133,31.473257,74.7760565,INDUSTRIAL,,,,,industrial,,
way_645568717,31.483084,74.9076391,INDUSTRIAL,,,,,industrial,,
way_645568720,31.4863481,74.9067244,INDUSTRIAL,,,,,industrial,,
way_645568722,31.4868124,74.8990533,INDUSTRIAL,,,,,industrial,,
way_645568756,31.4798954,74.8953679,INDUSTRIAL,,,,,industrial,,
way_645568765,31.4850558,74.9046041,INDUSTRIAL,,,,,industrial,,
way_645568788,31.4786808,74.9091088,INDUSTRIAL,,,,,industrial,,
way_645568791,31.480568,74.9094575,INDUSTRIAL,,,,,industrial,,
way_645568793,31.4807327,74.9069296,INDUSTRIAL,,,,,industrial,,
way_645684031,31.4779167,74.9471078,INDUSTRIAL,,,,,industrial,,
way_645891801,31.4883746,74.8835609,INDUSTRIAL,,brickyard,,,industrial,,
way_645906028,31.4675836,74.8451382,INDUSTRIAL,,brickyard,,,industrial,,
way_646273928,28.236028,83.7121054,INDUSTRIAL,Lower Modi HEP,,plant,hydro,industrial,,
way_646339750,31.4297732,75.6426019,INDUSTRIAL,,,,,industrial,,
way_646339751,31.4300032,75.6468277,INDUSTRIAL,,,,,industrial,,
way_646373206,30.8177286,75.654264,INDUSTRIAL,,,,,industrial,,
way_646526166,30.973679,75.8109883,INDUSTRIAL,,,,,industrial,,
way_646526174,30.9696567,75.8155653,INDUSTRIAL,,,,,industrial,,
way_646585325,30.9117762,76.1582245,INDUSTRIAL,,,,,industrial,,
way_646585326,30.9087277,76.1517532,INDUSTRIAL,,,,,industrial,,
way_646736766,31.2908016,75.6844993,INDUSTRIAL,,,,,industrial,,
way_646987802,31.2695976,75.7205066,INDUSTRIAL,,brickyard,,,industrial,,
way_646987804,31.2686772,75.7211195,INDUSTRIAL,,brickyard,,,industrial,,
way_647187807,31.3700414,75.6475773,INDUSTRIAL,,,,,industrial,,
way_647187808,31.3696132,75.6427279,INDUSTRIAL,,,,,industrial,,
way_647187839,31.4028006,75.6876804,INDUSTRIAL,,,,,industrial,,
way_647407195,31.4042636,75.5139162,INDUSTRIAL,,,,,industrial,,
way_647407196,31.4003155,75.521822,INDUSTRIAL,,,,,industrial,,
way_647407197,31.3992029,75.5192551,INDUSTRIAL,,,,,industrial,,
way_647407198,31.3965837,75.5208215,INDUSTRIAL,,,,,industrial,,
way_647407216,31.4563591,75.6273348,INDUSTRIAL,,,,,industrial,,
way_647533566,27.5647444,79.3262451,INDUSTRIAL,,,,,industrial,,
way_647533629,27.5698065,79.328916,INDUSTRIAL,,brickyard,,,industrial,,
way_647533662,27.5673598,79.3265811,INDUSTRIAL,,brickyard,,,industrial,,
way_647533670,27.5641428,79.3241349,INDUSTRIAL,,brickyard,,,industrial,,
way_647533686,27.5562067,79.3210571,INDUSTRIAL,,brickyard,,,industrial,,
way_647533837,27.4915317,79.2733311,INDUSTRIAL,,brickyard,,,industrial,,
way_647533892,27.4634889,79.2593796,INDUSTRIAL,,brickyard,,,industrial,,
way_647533894,27.4664126,79.2646247,INDUSTRIAL,,brickyard,,,industrial,,
way_647648668,27.7149019,79.4271934,INDUSTRIAL,,brickyard,,,industrial,,
way_647648669,27.7114636,79.4292278,INDUSTRIAL,,brickyard,,,industrial,,
way_647648749,27.6882261,79.4111537,INDUSTRIAL,,brickyard,,,industrial,,
way_647756454,27.855893,79.5958413,INDUSTRIAL,,brickyard,,,industrial,,
way_647850525,27.9673014,79.7473848,INDUSTRIAL,,,,,industrial,,
way_647858506,27.9624668,79.7445006,INDUSTRIAL,,,,,industrial,,
way_647858509,27.97399,79.7354289,INDUSTRIAL,,,,,industrial,,
way_647858510,27.9725912,79.73011,INDUSTRIAL,,,,,industrial,,
way_647878199,28.0572787,79.8690471,INDUSTRIAL,,,,,industrial,,
way_647880180,28.0415584,79.8739596,INDUSTRIAL,,brickyard,,,industrial,,
way_647891368,28.1975041,80.2906971,INDUSTRIAL,,brickyard,,,industrial,,
way_647891369,28.1948971,80.2728778,INDUSTRIAL,,brickyard,,,industrial,,
way_647891370,28.1963214,80.2740874,INDUSTRIAL,,brickyard,,,industrial,,
way_647891372,28.1967339,80.2622321,INDUSTRIAL,,,,,industrial,,
way_647891374,28.2066442,80.2611083,INDUSTRIAL,,,,,industrial,,
way_647891376,28.2153848,80.27037,INDUSTRIAL,,,,,industrial,,
way_647891435,28.0999636,79.9745706,INDUSTRIAL,,brickyard,,,industrial,,
way_647891436,28.101453,79.9699344,INDUSTRIAL,,brickyard,,,industrial,,
way_648027641,28.2386557,80.6351396,INDUSTRIAL,,brickyard,,,industrial,,
way_648027652,28.2293686,80.6341874,INDUSTRIAL,,,,,industrial,,
way_648229182,28.2329394,80.8663394,INDUSTRIAL,,,,,industrial,,
way_653633900,29.2787816,77.7415806,INDUSTRIAL,,,,,industrial,,
way_653633901,29.2731759,77.7408457,INDUSTRIAL,,,,,industrial,,
way_653633905,29.0938083,77.9247218,INDUSTRIAL,Mawana Sugar Mill,,,,industrial,,
way_653894691,25.8310192,83.6570263,INDUSTRIAL,,,,,industrial,,
way_654211362,26.588535,82.5996539,INDUSTRIAL,NTPC Tanda,,plant,coal,industrial,,NTPC
way_654348745,27.1665437,84.6276144,INDUSTRIAL,,brickworks,,,industrial,,
way_654348750,27.1368636,84.6374226,INDUSTRIAL,,brickworks,,,industrial,,
way_654348751,27.132757,84.6326929,INDUSTRIAL,,brickworks,,,industrial,,
way_654348752,27.1321708,84.6358687,INDUSTRIAL,,brickworks,,,industrial,,
way_654348753,27.1288496,84.6307382,INDUSTRIAL,,brickworks,,,industrial,,
way_654348754,27.0799685,84.6397311,INDUSTRIAL,,brickworks,,,industrial,,
way_654348755,27.0827921,84.6405056,INDUSTRIAL,,brickworks,,,industrial,,
way_654348756,27.0823346,84.637938,INDUSTRIAL,,brickworks,,,industrial,,
way_654348757,27.134584,84.6240726,INDUSTRIAL,,brickworks,,,industrial,,
way_654447137,25.5712949,84.7570645,INDUSTRIAL,,,,,industrial,,
way_654447140,25.5922435,84.7395777,INDUSTRIAL,Gidha Industrial Area,,,,industrial,,
way_655728956,26.0371334,78.2275298,INDUSTRIAL,,,,,industrial,,
way_656047093,25.7853674,78.1780726,INDUSTRIAL,,,,,industrial,,
way_656047107,25.6650494,78.4689582,INDUSTRIAL,,,,,industrial,,
way_656047112,25.6876734,78.4315037,INDUSTRIAL,,,,,industrial,,
way_657050973,27.5086091,81.6870457,INDUSTRIAL,,,,,industrial,,
way_657050985,27.1290042,84.0766847,INDUSTRIAL,,,,,industrial,,
way_657053083,29.6765227,77.668064,INDUSTRIAL,"Triveni Sugar Unit, Deoband",,,,industrial,,
way_657203947,24.5418333,76.2030386,INDUSTRIAL,,,,,industrial,,
way_659112680,29.9242262,77.5846298,INDUSTRIAL,,brickyard,,,industrial,,
way_659112682,29.917817,77.5747043,INDUSTRIAL,,brickyard,,,industrial,,
way_659112690,29.9180565,77.5770968,INDUSTRIAL,,brickyard,,,industrial,,
way_659112692,29.9207009,77.5834979,INDUSTRIAL,,brickyard,,,industrial,,
way_659112694,29.9203649,77.5876097,INDUSTRIAL,,brickyard,,,industrial,,
way_659287837,29.4993,77.7105059,INDUSTRIAL,,brickyard,,,industrial,,
way_659287838,29.4986428,77.7078317,INDUSTRIAL,,brickyard,,,industrial,,
way_659323387,24.9799725,74.6535104,INDUSTRIAL,,,,,industrial,,
way_660308600,28.1804063,76.8572777,INDUSTRIAL,,,,,industrial,,
way_660308601,28.2177743,76.8443965,INDUSTRIAL,,,,,,works,
way_660465598,26.984905,83.1212821,INDUSTRIAL,Brick works,,,,industrial,,
way_660465601,26.9848768,83.1271785,INDUSTRIAL,Brick works,,,,industrial,,
way_660479053,26.765931,83.2220081,INDUSTRIAL,Jute Mills,,,,industrial,,
way_660496048,26.752435,83.2305482,INDUSTRIAL,,,,,industrial,,
way_661784209,28.6501902,77.3266027,INDUSTRIAL,,,,,industrial,,
way_661828582,23.6803036,80.6501895,INDUSTRIAL,Birla White Cement,,,,industrial,,
way_661850324,24.205023,83.8771753,INDUSTRIAL,,,,,industrial,,
way_661930363,28.2578743,77.3203472,INDUSTRIAL,Indian Oil Lube,,,,,works,
way_661988075,27.5087653,76.7004063,INDUSTRIAL,,,,,,works,
way_661988076,27.5020887,76.6758115,INDUSTRIAL,,,,,,works,
way_661988077,27.5073203,76.6835983,INDUSTRIAL,Walplast,,,,,works,
way_661988078,27.5063373,76.6890939,INDUSTRIAL,,,,,,works,
way_662031171,28.7117393,76.8858178,INDUSTRIAL,,,,,,works,
way_662031173,28.7117019,76.8991707,INDUSTRIAL,,,,,,works,
way_662198577,28.7222435,77.3290703,INDUSTRIAL,,,,,industrial,,
way_662198578,28.7267761,77.3309881,INDUSTRIAL,,,,,industrial,,
way_662206537,28.7765109,77.486693,INDUSTRIAL,,,,,industrial,,
way_662206554,28.7411673,77.486406,INDUSTRIAL,,,,,industrial,,
way_662206571,28.7084858,77.4572783,INDUSTRIAL,,,,,industrial,,
way_662206572,28.7020514,77.4509364,INDUSTRIAL,,,,,industrial,,
way_662206573,28.7182798,77.4663512,INDUSTRIAL,,,,,industrial,,
way_662209741,28.7377245,77.3186324,INDUSTRIAL,,,,,industrial,,
way_662209742,28.7345,77.3132694,INDUSTRIAL,,,,,industrial,,
way_662490112,28.6519634,77.46463,INDUSTRIAL,,,,,industrial,,
way_662490114,28.6408567,77.4563325,INDUSTRIAL,,,,,industrial,,
way_662490116,28.6474969,77.4528188,INDUSTRIAL,,,,,industrial,,
way_662490118,28.6552797,77.4609304,INDUSTRIAL,,,,,industrial,,
way_662490120,28.6587385,77.4585968,INDUSTRIAL,,,,,industrial,,
way_662571570,28.7639442,77.7643633,INDUSTRIAL,,,,,industrial,,
way_662571571,28.7667655,77.7685153,INDUSTRIAL,,,,,industrial,,
way_662571576,28.9289322,77.6530838,INDUSTRIAL,,,,,industrial,,
way_662571577,28.946745,77.6581237,INDUSTRIAL,,,,,industrial,,
way_662571578,28.9238941,77.6445973,INDUSTRIAL,,,,,industrial,,
way_662571579,28.904327,77.6602185,INDUSTRIAL,,,,,industrial,,
way_662571580,28.9194992,77.6545322,INDUSTRIAL,,,,,industrial,,
way_662659785,27.9962643,82.5087683,INDUSTRIAL,घोराही सिमेन्ट उद्योग प्रा.लि.,cement,,,industrial,,
way_662706195,28.7687924,77.9860251,INDUSTRIAL,,,,,industrial,,
way_662706196,28.7644144,77.988175,INDUSTRIAL,,,,,industrial,,
way_662748169,23.6818684,84.9830594,INDUSTRIAL,,,,,industrial,,
way_662748172,23.6509087,84.9955156,INDUSTRIAL,,,,,industrial,,
way_662751485,27.8319509,76.2640321,INDUSTRIAL,,,,,industrial,,
way_662852047,26.3619623,75.9389739,INDUSTRIAL,,,,,industrial,,
way_662863452,27.9073,76.3036858,INDUSTRIAL,,,,,industrial,,
way_662863586,27.8478893,76.2707859,INDUSTRIAL,,,,,industrial,,
way_663357110,25.5402863,82.0462874,INDUSTRIAL,,,,,industrial,,
way_663515806,28.0960637,76.5873053,INDUSTRIAL,,,,,industrial,,
way_663519845,30.8885876,75.9109474,INDUSTRIAL,,,,,,works,
way_663519846,30.8875875,75.907018,INDUSTRIAL,,,,,,works,
way_663519847,30.8800372,75.9026528,INDUSTRIAL,,,,,,works,
way_663519848,30.886008,75.898144,INDUSTRIAL,,,,,industrial,,
way_663827580,26.93707,82.4969282,INDUSTRIAL,,,,,industrial,,
way_663836463,27.0533677,82.653033,INDUSTRIAL,Brick works,,,,industrial,,
way_664298265,28.4910807,76.3495557,INDUSTRIAL,,,,,industrial,,
way_664423498,26.8153557,82.7789956,INDUSTRIAL,,,,,industrial,,
way_664547670,29.7001798,76.9572309,INDUSTRIAL,Fish Seed Farm,,,,industrial,,government
way_665920198,23.6429664,80.2619558,INDUSTRIAL,,,,,industrial,,
way_665930367,23.8233723,80.3800375,INDUSTRIAL,,,,,industrial,,
way_665930371,23.8017195,80.394929,INDUSTRIAL,,,,,industrial,,
way_665930372,23.8072705,80.3965491,INDUSTRIAL,,,,,industrial,,
way_665938092,23.7137944,80.370655,INDUSTRIAL,,,,,industrial,,
way_665938093,23.7189464,80.3669268,INDUSTRIAL,,,,,industrial,,
way_666073532,24.1346818,80.7537871,INDUSTRIAL,,,,,industrial,,
way_666073539,24.1657717,80.6939981,INDUSTRIAL,,,,,industrial,,
way_666073548,23.893445,80.3973967,INDUSTRIAL,,,,,industrial,,
way_666073550,23.897999,80.4021281,INDUSTRIAL,,,,,industrial,,
way_666182880,25.8072072,80.143519,INDUSTRIAL,,,,,industrial,,
way_666182881,25.803581,80.1481175,INDUSTRIAL,,,,,industrial,,
way_666182882,25.7993773,80.1393777,INDUSTRIAL,,,,,industrial,,
way_666188125,26.3759965,80.1098961,INDUSTRIAL,,,,,industrial,,
way_666277776,25.1337871,75.8854249,INDUSTRIAL,,,,,industrial,,
way_666662573,26.8475827,82.7252061,INDUSTRIAL,,,,,industrial,,
way_668306903,24.9181096,84.1844129,INDUSTRIAL,,,,,industrial,,
way_668476970,24.9282114,84.1493028,INDUSTRIAL,,,,,industrial,,
way_668476973,24.9151686,84.156003,INDUSTRIAL,,,,,industrial,,
way_668476974,24.9182554,84.1566977,INDUSTRIAL,,,,,industrial,,
way_668476975,24.9124051,84.1680649,INDUSTRIAL,,,,,industrial,,
way_668476976,24.9113811,84.1653344,INDUSTRIAL,,,,,industrial,,
way_668476979,24.8853221,84.1706961,INDUSTRIAL,,,,,industrial,,
way_668476980,24.8131624,84.0943497,INDUSTRIAL,,,,,industrial,,
way_668476993,24.7257932,84.0062445,INDUSTRIAL,,,,,industrial,,
way_668476999,24.9380253,84.1092882,INDUSTRIAL,,,,,industrial,,
way_668477007,24.8905606,84.1763073,INDUSTRIAL,,,,,industrial,,
way_668651356,25.294028,82.9673868,INDUSTRIAL,Food Corporation of India,,,,industrial,,
way_668655187,25.3263607,82.9828223,INDUSTRIAL,,,,,industrial,,
way_669569638,27.5781005,82.419557,INDUSTRIAL,,,,,industrial,,
way_669569649,27.5414768,82.4239611,INDUSTRIAL,,,,,industrial,,
way_669857560,25.5105928,81.3795921,INDUSTRIAL,,,,,industrial,,
way_669908624,25.4393739,81.7721455,INDUSTRIAL,Indian Oil Storage Facility,oil,,,industrial,,
way_670030975,26.3576911,79.989324,INDUSTRIAL,,,,,industrial,,
way_670062317,26.4391671,82.5201317,INDUSTRIAL,,,,,industrial,,
way_670259927,26.7603601,83.1051645,INDUSTRIAL,,,,,industrial,,
way_670418492,25.6639904,82.2328699,INDUSTRIAL,,,,,industrial,,
way_670418515,25.6532218,82.2295359,INDUSTRIAL,,,,,industrial,,
way_670512429,27.6315471,82.982946,INDUSTRIAL,,,,,industrial,,
way_670512710,25.8417789,80.1541767,INDUSTRIAL,,,,,industrial,,
way_670523808,26.0118426,79.4924113,INDUSTRIAL,,,,,industrial,,
way_670684737,26.1264787,79.7388876,INDUSTRIAL,,,,,industrial,,
way_670685030,26.115143,79.7331503,INDUSTRIAL,,,,,industrial,,
way_670685137,26.122026,79.7353189,INDUSTRIAL,,,,,industrial,,
way_670685140,26.120587,79.7372179,INDUSTRIAL,,,,,industrial,,
way_670685394,26.1096529,79.7383698,INDUSTRIAL,,,,,industrial,,
way_670696332,26.8307636,82.7416108,INDUSTRIAL,,,,,industrial,,
way_670696338,26.8136076,82.7393412,INDUSTRIAL,Brick fabrication,,,,industrial,,
way_670696339,26.811954,82.7445186,INDUSTRIAL,Brick fabrication,,,,industrial,,
way_670700416,26.8169043,82.7273157,INDUSTRIAL,Brick fabrication,,,,industrial,,
way_670700427,26.8209748,82.7896923,INDUSTRIAL,Brick fabrication,,,,industrial,,
way_670775026,27.6247126,82.9757935,INDUSTRIAL,,,,,industrial,,
way_670795182,27.8409569,77.4149197,INDUSTRIAL,,,,,industrial,,
way_670884587,27.5090815,77.7092983,INDUSTRIAL,,,,,industrial,,
way_670964340,27.5466233,77.8002901,INDUSTRIAL,,,,,industrial,,
way_670964341,27.5491809,77.7982597,INDUSTRIAL,,,,,industrial,,
way_670964343,27.5533371,77.7967476,INDUSTRIAL,,,,,industrial,,
way_670976380,27.383196,77.6963935,INDUSTRIAL,,,,,industrial,,
way_670976382,27.3641865,77.6853696,INDUSTRIAL,,,,,industrial,,
way_670976402,27.3167433,77.7663991,INDUSTRIAL,,,,,industrial,,
way_670976403,27.3169482,77.770814,INDUSTRIAL,,,,,industrial,,
way_670994915,27.5339167,77.6655722,INDUSTRIAL,,,,,industrial,,
way_670994916,27.5308039,77.6621751,INDUSTRIAL,,,,,industrial,,
way_670994921,27.5340635,77.6623053,INDUSTRIAL,,,,,industrial,,
way_670994945,27.5313176,77.6563816,INDUSTRIAL,,,,,industrial,,
way_670994978,27.5208257,77.6487306,INDUSTRIAL,,,,,industrial,,
way_670994981,27.5007227,77.6433702,INDUSTRIAL,,,,,industrial,,
way_670994986,27.4778271,77.6376155,INDUSTRIAL,,,,,industrial,,
way_671239600,27.815937,77.6133442,INDUSTRIAL,,brickyard,,,industrial,,
way_671261077,27.7638505,77.4743333,INDUSTRIAL,,,,,industrial,,
way_671261082,27.7624691,77.4709672,INDUSTRIAL,,,,,industrial,,
way_671261085,27.7497917,77.4891874,INDUSTRIAL,,,,,industrial,,
way_671261086,27.748669,77.4857595,INDUSTRIAL,,,,,industrial,,
way_671261087,27.7472282,77.4872535,INDUSTRIAL,,,,,industrial,,
way_671261109,27.7445944,77.4907927,INDUSTRIAL,,,,,industrial,,
way_671261110,27.7421529,77.4914257,INDUSTRIAL,,,,,industrial,,
way_671261111,27.7384839,77.4926917,INDUSTRIAL,,,,,industrial,,
way_671261113,27.7383213,77.4988353,INDUSTRIAL,,,,,industrial,,
way_671552191,27.9888316,82.5023441,INDUSTRIAL,,cement,,,industrial,,
way_671782806,27.5322512,77.6521604,INDUSTRIAL,,,,,industrial,,
way_671782810,27.531389,77.6482371,INDUSTRIAL,,,,,industrial,,
way_671782811,27.530302,77.649503,INDUSTRIAL,,,,,industrial,,
way_671911753,27.4691411,77.6291787,INDUSTRIAL,,,,,industrial,,
way_672265987,26.7828564,82.7520437,INDUSTRIAL,Brick frabrication,,,,industrial,,
way_672265988,26.7752439,82.7513412,INDUSTRIAL,Brick frabrication,,,,industrial,,
way_672265992,26.7703866,82.7555807,INDUSTRIAL,Brick frabrication,,,,industrial,,
way_672268062,26.7709075,82.7406343,INDUSTRIAL,Brick frabrication,,,,industrial,,
way_672290848,26.6256353,82.7207238,INDUSTRIAL,Brick frabrication,,,,industrial,,
way_672386976,27.386346,77.8076353,INDUSTRIAL,,,plant,solar,,,
way_672387098,27.2441138,77.854747,INDUSTRIAL,,,,,industrial,,
way_672453101,27.3141314,77.7768879,INDUSTRIAL,,,,,industrial,,
way_672453112,27.2988353,77.7894527,INDUSTRIAL,,,,,industrial,,
way_672496518,27.725596,77.4807518,INDUSTRIAL,,,,,industrial,,
way_672909846,27.1327438,82.6579903,INDUSTRIAL,Brick fabrication,,,,industrial,,
way_672925099,27.7632109,77.4446976,INDUSTRIAL,,,,,industrial,,
way_673044924,28.077409,75.8149982,INDUSTRIAL,Khetri Copper Complex,,,,industrial,,
way_673076330,27.7352933,77.5381793,INDUSTRIAL,,,,,industrial,,
way_673076337,27.7303729,77.5362843,INDUSTRIAL,,,,,industrial,,
way_673108994,27.7070456,77.508256,INDUSTRIAL,,,,,industrial,,
way_673132799,27.7658821,77.4385982,INDUSTRIAL,,,,,industrial,,
way_673132800,27.7716784,77.4402803,INDUSTRIAL,,,,,industrial,,
way_673592119,27.749158,77.2381783,INDUSTRIAL,,,,,industrial,,
way_674423632,27.8087511,77.4273853,INDUSTRIAL,,,,,industrial,,
way_674423634,27.8203276,77.4186185,INDUSTRIAL,,,,,industrial,,
way_674423635,27.8312324,77.413761,INDUSTRIAL,,,,,industrial,,
way_674936080,27.4771311,77.6594004,INDUSTRIAL,,,,,industrial,,
way_675596743,27.5268769,77.6571661,INDUSTRIAL,,,,,industrial,,
way_675685889,27.4528929,77.662092,INDUSTRIAL,,,,,industrial,,
way_675980175,29.2937899,79.54384,INDUSTRIAL,HMT,factory,,,industrial,,
way_676225082,29.3772037,78.6729107,INDUSTRIAL,,,,,industrial,,
way_676293510,27.587979,82.8651024,INDUSTRIAL,,,,,industrial,,
way_677261263,27.2857896,77.5304988,INDUSTRIAL,,,,,industrial,,
way_677268946,27.2415072,77.5004768,INDUSTRIAL,,,,,industrial,,
way_677302520,27.246453,77.4981326,INDUSTRIAL,,,,,industrial,,
way_678419356,27.6403337,83.0003683,INDUSTRIAL,,,,,industrial,,
way_678424231,27.5922218,82.9667786,INDUSTRIAL,,,,,industrial,,
way_678437347,28.3209579,77.3048002,INDUSTRIAL,,,,,industrial,,
way_678437349,28.3168249,77.2995056,INDUSTRIAL,,,,,industrial,,
way_678437350,28.3218215,77.3082456,INDUSTRIAL,,,,,industrial,,
way_678606674,27.0144655,77.1716259,INDUSTRIAL,,,,,industrial,,
way_678909200,27.2120665,77.2076627,INDUSTRIAL,,,,,industrial,,
way_678909201,27.2124195,77.2111281,INDUSTRIAL,,,,,industrial,,
way_679009804,27.1964807,77.4934334,INDUSTRIAL,,,,,industrial,,
way_679032928,25.8703882,81.3156433,INDUSTRIAL,Arkha Farm and Foods Pvt. Ltd.,cold_storage,,,industrial,,
way_680037211,27.8779331,77.3736191,INDUSTRIAL,,,,,industrial,,
way_680066815,28.0175391,77.3396274,INDUSTRIAL,,,,,industrial,,
way_680066819,28.0403594,77.3437849,INDUSTRIAL,,,,,industrial,,
way_680327944,28.0952483,76.6046673,INDUSTRIAL,,,,,industrial,,
way_680327945,28.111846,76.6121774,INDUSTRIAL,,,,,industrial,,
way_680766469,27.6810947,78.0749175,INDUSTRIAL,,,,,industrial,,
way_680766470,27.6780365,78.0736823,INDUSTRIAL,,,,,industrial,,
way_680766471,27.6785306,78.0780986,INDUSTRIAL,,,,,industrial,,
way_682402368,27.6715516,83.837429,INDUSTRIAL,Hongsi Cement Factory,factory,,,industrial,,
way_683131134,29.1818394,79.009151,INDUSTRIAL,,,,,industrial,,
way_683131139,29.1839107,78.9948723,INDUSTRIAL,,,,,industrial,,
way_683131140,29.1894404,79.0036082,INDUSTRIAL,,,,,industrial,,
way_683131143,29.1726696,79.0075699,INDUSTRIAL,,,,,industrial,,
way_683131144,29.1626432,79.0153322,INDUSTRIAL,,,,,industrial,,
way_683131145,29.1655995,79.0075645,INDUSTRIAL,,,,,industrial,,
way_683334059,29.6410687,78.3959109,INDUSTRIAL,,,,,industrial,,
way_683334073,29.6243409,78.3742681,INDUSTRIAL,,,,,industrial,,
way_683334087,29.599343,78.3230808,INDUSTRIAL,,,,,industrial,,
way_686729056,31.2420724,76.980147,INDUSTRIAL,,,,,industrial,,
way_687169541,30.4559016,77.5678673,INDUSTRIAL,,,,,industrial,,
way_687169542,30.4549906,77.5657565,INDUSTRIAL,,,,,industrial,,
way_687169544,30.4573051,77.5632861,INDUSTRIAL,,,,,industrial,,
way_687169545,30.4465128,77.5701915,INDUSTRIAL,,,,,industrial,,
way_687169547,30.4444548,77.5747257,INDUSTRIAL,,,,,industrial,,
way_687169635,30.4317717,77.5784809,INDUSTRIAL,,,,,industrial,,
way_687169636,30.4297735,77.5897649,INDUSTRIAL,,,,,industrial,,
way_687169637,30.4325684,77.5842636,INDUSTRIAL,,brickyard,,,industrial,,
way_687169649,30.4504171,77.6231061,INDUSTRIAL,,,,,industrial,,
way_687169654,30.4724663,77.6270154,INDUSTRIAL,,,,,industrial,,
way_687169655,30.4796188,77.6329109,INDUSTRIAL,,,,,industrial,,
way_687169658,30.4571062,77.6005889,INDUSTRIAL,,,,,industrial,,
way_687169659,30.4559479,77.600322,INDUSTRIAL,,brickyard,,,industrial,,
way_687566134,29.9602993,75.6997272,INDUSTRIAL,,,,,industrial,,
way_692215506,25.7996857,84.9870448,INDUSTRIAL,Brick fabrication,,,,industrial,,
way_693337098,28.2029757,77.313272,INDUSTRIAL,,,,,industrial,,
way_693337099,28.2033449,77.3097466,INDUSTRIAL,,,,,industrial,,
way_693337100,28.211518,77.2777784,INDUSTRIAL,,,,,industrial,,
way_693337101,28.2278302,77.3030073,INDUSTRIAL,,,,,industrial,,
way_693337102,28.2232008,77.3037814,INDUSTRIAL,,,,,industrial,,
way_695750373,29.9684063,78.0566328,INDUSTRIAL,,,,,,works,
way_695750374,29.965376,78.052982,INDUSTRIAL,,,,,,works,
way_695750375,29.9629868,78.0551903,INDUSTRIAL,,,,,,works,
way_695750376,29.9595195,78.0664602,INDUSTRIAL,Rockman Industries,,,,,works,
way_695750377,29.9481296,78.071637,INDUSTRIAL,,,,,,works,
way_695750378,29.9492126,78.0765726,INDUSTRIAL,Vijai Electricals,,,,,works,
way_695750379,29.9666148,78.0731355,INDUSTRIAL,Sterlite Technology,,,,,works,
way_695750380,29.9653254,78.0732492,INDUSTRIAL,Havells,,,,,works,
way_695750381,29.9615597,78.0718383,INDUSTRIAL,Hero MotoCorp,,,,,works,
way_695750383,29.9563172,78.079555,INDUSTRIAL,ITC,,,,,works,
way_695750385,29.9493168,78.0808249,INDUSTRIAL,Luminous Power Technologies Limited,,,,,works,
way_695750386,29.9499015,78.0794578,INDUSTRIAL,,,,,,works,
way_695750387,29.9497461,78.07821,INDUSTRIAL,,,,,,works,
way_695750388,29.9481994,78.0787902,INDUSTRIAL,Eveready Industries,,,,,works,
way_695750389,29.9483948,78.0803453,INDUSTRIAL,Halonix,,,,,works,
way_695750390,29.9521842,78.0780932,INDUSTRIAL,,,,,,works,
way_695753349,29.9348993,78.1072837,INDUSTRIAL,BHEL SOlar Power Plant,,plant,solar,,,
way_696749800,26.2151124,81.8198099,INDUSTRIAL,,,,,industrial,,
way_696749801,26.2119988,81.8238626,INDUSTRIAL,,,,,industrial,,
way_701593016,30.3089445,79.3273396,INDUSTRIAL,Rajwakti Power House,,plant,,,,
way_701671490,27.2299599,78.1240019,INDUSTRIAL,,,,,industrial,,
way_701671491,27.2248178,78.1289103,INDUSTRIAL,,,,,industrial,,
way_701671492,27.2242239,78.1120125,INDUSTRIAL,,,,,industrial,,
way_701671493,27.2245483,78.1247798,INDUSTRIAL,,,,,industrial,,
way_701671494,27.2255357,78.1213197,INDUSTRIAL,,,,,industrial,,
way_701671495,27.2256955,78.1232938,INDUSTRIAL,,,,,industrial,,
way_701901417,25.4412304,81.7584702,INDUSTRIAL,,,,,industrial,,
way_701901419,25.4406905,81.7647265,INDUSTRIAL,,,,,industrial,,
way_701901464,25.4471885,81.7665547,INDUSTRIAL,Sabzi Mandi,,,,industrial,,
way_701906829,25.4177254,81.8561536,INDUSTRIAL,Ganga Pollution Control Unit,,,,industrial,wastewater_plant,
way_701944047,25.4456979,81.8737704,INDUSTRIAL,,,,,industrial,,
way_702135932,25.3355559,81.9168574,INDUSTRIAL,,,,,industrial,,
way_702135933,25.3401426,81.9156825,INDUSTRIAL,,,,,industrial,,
way_702135934,25.3367341,81.909256,INDUSTRIAL,,,,,industrial,,
way_702135936,25.3451661,81.8977831,INDUSTRIAL,,,,,industrial,,
way_702135958,25.3873186,81.8682491,INDUSTRIAL,GEC,,,,industrial,,
way_703105568,31.496861,75.8381536,INDUSTRIAL,,,,,industrial,,
way_704353283,28.5569377,77.2657108,INDUSTRIAL,Flatted Factory Complex,,,,industrial,,
way_704625723,24.6687709,84.9676663,INDUSTRIAL,,,,,industrial,,
way_705225339,31.2920381,76.4962632,INDUSTRIAL,,,plant,solar,industrial,,
way_705272697,28.1028589,76.600663,INDUSTRIAL,,,,,,works,
way_705272698,28.1105742,76.6070514,INDUSTRIAL,,,,,,works,
way_705272699,28.1125277,76.6033664,INDUSTRIAL,,,,,,works,
way_705272700,28.1139119,76.6152528,INDUSTRIAL,,,,,,works,
way_705272701,28.1153249,76.612972,INDUSTRIAL,,,,,,works,
way_705272702,28.1183677,76.610713,INDUSTRIAL,,,,,,works,
way_705272703,28.1175656,76.613009,INDUSTRIAL,,,,,,works,
way_705272704,28.1195876,76.6053492,INDUSTRIAL,,,,,,works,
way_705272705,28.1209412,76.6053633,INDUSTRIAL,,,,,,works,
way_705272706,28.1190231,76.6071932,INDUSTRIAL,,,,,,works,
way_705272707,28.1175464,76.6071795,INDUSTRIAL,,,,,,works,
way_705272708,28.1164576,76.6071644,INDUSTRIAL,,,,,,works,
way_705272709,28.0918684,76.6002302,INDUSTRIAL,,,,,,works,
way_705272710,28.0933598,76.5986509,INDUSTRIAL,,,,,,works,
way_705272711,28.090565,76.6024317,INDUSTRIAL,,,,,,works,
way_705272712,28.0984328,76.6107386,INDUSTRIAL,,,,,,works,
way_705272713,28.0979701,76.6100431,INDUSTRIAL,,,,,,works,
way_705272714,28.0990404,76.6096156,INDUSTRIAL,,,,,,works,
way_705272715,28.099962,76.6110005,INDUSTRIAL,,,,,,works,
way_705272716,28.1009773,76.6077777,INDUSTRIAL,,,,,,works,
way_705272717,28.1012002,76.604978,INDUSTRIAL,,,,,,works,
way_705272719,28.1025998,76.6074784,INDUSTRIAL,,,,,,works,
way_705272721,28.1232266,76.6325918,INDUSTRIAL,,,,,industrial,,
way_705272724,28.1206201,76.6130325,INDUSTRIAL,,,,,,works,
way_705272725,28.1080902,76.6140497,INDUSTRIAL,,,,,,works,
way_705272726,28.1078815,76.6062437,INDUSTRIAL,,,,,,works,
way_705272727,28.1102661,76.6054341,INDUSTRIAL,,,,,,works,
way_705272728,28.1130454,76.6067957,INDUSTRIAL,,,,,,works,
way_705272729,28.1146529,76.6048958,INDUSTRIAL,,,,,,works,
way_705272731,28.1185028,76.6053428,INDUSTRIAL,,,,,,works,
way_705272732,28.1169953,76.6189265,INDUSTRIAL,,,,,,works,
way_705272733,28.1170119,76.6174229,INDUSTRIAL,,,,,,works,
way_705272734,28.1180813,76.618511,INDUSTRIAL,,,,,,works,
way_705272736,28.1009557,76.6138731,INDUSTRIAL,,,,,,works,
way_705272737,28.1023771,76.6158862,INDUSTRIAL,,,,,,works,
way_705272738,28.1033231,76.621124,INDUSTRIAL,,,,,,works,
way_705272739,28.1039871,76.6184381,INDUSTRIAL,,,,,,works,
way_705272740,28.1071828,76.6165955,INDUSTRIAL,,,,,,works,
way_705272741,28.0958007,76.6017758,INDUSTRIAL,,,,,,works,
way_705272742,28.0971723,76.6029794,INDUSTRIAL,,,,,,works,
way_705272743,28.0952275,76.6046268,INDUSTRIAL,,,,,,works,
way_705272744,28.0960402,76.6058589,INDUSTRIAL,,,,,,works,
way_705272745,28.0979983,76.6042154,INDUSTRIAL,,,,,,works,
way_705272746,28.0986609,76.6073319,INDUSTRIAL,,,,,,works,
way_705272747,28.094762,76.5943428,INDUSTRIAL,,,,,,works,
way_705272748,28.0915384,76.5956136,INDUSTRIAL,,,,,,works,
way_705272749,28.0991757,76.5950797,INDUSTRIAL,,,,,,works,
way_705272750,28.0888276,76.5955592,INDUSTRIAL,,,,,,works,
way_705272751,28.0906734,76.5963668,INDUSTRIAL,,,,,,works,
way_705272752,28.0875866,76.592405,INDUSTRIAL,,,,,,works,
way_705272753,28.0843011,76.5839807,INDUSTRIAL,,,,,,works,
way_705272754,28.0875625,76.5788577,INDUSTRIAL,,,,,,works,
way_705272755,28.0908273,76.580615,INDUSTRIAL,,,,,,works,
way_705272756,28.0903594,76.5828331,INDUSTRIAL,,,,,,works,
way_705272757,28.0948968,76.5863485,INDUSTRIAL,,,,,,works,
way_705272758,28.0945085,76.5844407,INDUSTRIAL,,,,,,works,
way_705272759,28.0943015,76.5818891,INDUSTRIAL,,,,,,works,
way_705272760,28.0976745,76.5828301,INDUSTRIAL,,,,,,works,
way_705272761,28.0995993,76.5816377,INDUSTRIAL,,,,,,works,
way_705272762,28.0995234,76.5844246,INDUSTRIAL,,,,,,works,
way_705272763,28.099239,76.5867007,INDUSTRIAL,,,,,,works,
way_705272764,28.0991142,76.5883903,INDUSTRIAL,,,,,,works,
way_705272765,28.0986067,76.5905642,INDUSTRIAL,,,,,,works,
way_705272766,28.1010154,76.5911624,INDUSTRIAL,,,,,,works,
way_705272767,28.1019654,76.5912918,INDUSTRIAL,,,,,,works,
way_705272768,28.10325,76.5906782,INDUSTRIAL,,,,,,works,
way_705272769,28.1048979,76.5907855,INDUSTRIAL,,,,,,works,
way_705272770,28.1051013,76.587026,INDUSTRIAL,,,,,,works,
way_705272771,28.1052978,76.583354,INDUSTRIAL,,,,,,works,
way_705285078,28.1033411,76.5840451,INDUSTRIAL,,,,,,works,
way_705285079,28.1013774,76.5870626,INDUSTRIAL,,,,,,works,
way_705285080,28.1028138,76.5882252,INDUSTRIAL,,,,,,works,
way_705285081,28.1031261,76.5858091,INDUSTRIAL,,,,,,works,
way_705290297,28.3690615,76.9377648,INDUSTRIAL,,,,,industrial,,
way_705290298,28.371083,76.9313114,INDUSTRIAL,,,,,,works,
way_705290299,28.3711596,76.922737,INDUSTRIAL,,,,,,works,
way_705290300,28.3611856,76.9187285,INDUSTRIAL,,,,,,works,
way_705290302,28.3586472,76.9343096,INDUSTRIAL,,,,,industrial,,
way_705290303,28.3593704,76.9320436,INDUSTRIAL,,,,,industrial,,
way_705290304,28.3593351,76.9303623,INDUSTRIAL,,,,,industrial,,
way_705290305,28.3628607,76.9270634,INDUSTRIAL,,,,,,works,
way_705290306,28.3626449,76.9310184,INDUSTRIAL,,,,,,works,
way_705408532,24.0683588,76.5881864,INDUSTRIAL,Khilchipur,,plant,solar,industrial,,
way_705945191,29.9135254,78.0017146,INDUSTRIAL,,,,,industrial,,
way_705945192,29.9592697,78.0627268,INDUSTRIAL,,,,,,works,
way_705945193,29.9609458,78.0650739,INDUSTRIAL,Classic Stripes,,,,,works,
way_705945194,29.9634183,78.0649423,INDUSTRIAL,Sunmax Auto Engineering,,,,,works,
way_705945195,29.9619523,78.065023,INDUSTRIAL,Napino Auto & Electronics,,,,,works,
way_705945196,29.9637999,78.0669272,INDUSTRIAL,Satyam Auto Components,,,,,works,
way_705945197,29.9623696,78.0669822,INDUSTRIAL,A.G. Industries,,,,,works,
way_705945198,29.9560884,78.0667737,INDUSTRIAL,,,,,,works,
way_706739997,27.5495317,79.3186525,INDUSTRIAL,,,,,industrial,,
way_706739998,27.5492487,79.3146666,INDUSTRIAL,,,,,industrial,,
way_706772470,27.4107345,82.1563772,INDUSTRIAL,,,,,industrial,,
way_706772471,27.406121,82.1611744,INDUSTRIAL,,,,,industrial,,
way_706777932,28.8138586,79.8901748,INDUSTRIAL,,,,,industrial,,
way_706777949,28.619214,79.8186215,INDUSTRIAL,,,,,industrial,,
way_706781760,28.9206828,79.9846744,INDUSTRIAL,,,,,industrial,,
way_706781761,28.9187905,79.9834299,INDUSTRIAL,,,,,industrial,,
way_707798240,28.0912121,76.5841077,INDUSTRIAL,,,,,,works,
way_707811671,28.2175096,76.7939586,INDUSTRIAL,,,,,,works,
way_707811672,28.2176328,76.7920982,INDUSTRIAL,,,,,,works,
way_707811673,28.2176548,76.7897014,INDUSTRIAL,,,,,,works,
way_707811674,28.2154011,76.7916012,INDUSTRIAL,,,,,,works,
way_707811675,28.2122781,76.7860063,INDUSTRIAL,,,,,,works,
way_707811676,28.2101904,76.7733645,INDUSTRIAL,,,,,,works,
way_707811677,28.210198,76.7751049,INDUSTRIAL,,,,,,works,
way_707811678,28.2095238,76.7777582,INDUSTRIAL,,,,,,works,
way_707811679,28.2107187,76.7777674,INDUSTRIAL,,,,,,works,
way_707811680,28.2176957,76.7857188,INDUSTRIAL,,,,,,works,
way_707811681,28.2177175,76.7841212,INDUSTRIAL,,,,,,works,
way_707811682,28.2334965,76.8033225,INDUSTRIAL,,,,,,works,
way_707856387,28.6960851,77.6178115,INDUSTRIAL,,,,,industrial,,
way_707856388,28.6981766,77.6186321,INDUSTRIAL,,,,,industrial,,
way_707856389,28.6968737,77.5778189,INDUSTRIAL,,,,,,works,
way_708056190,28.9136817,79.7001082,INDUSTRIAL,,,,,industrial,,
way_708059932,28.8240624,78.8765413,INDUSTRIAL,,,,,industrial,,
way_708059933,29.1453444,78.9396697,INDUSTRIAL,,,,,industrial,,
way_708059934,29.1371074,78.9338869,INDUSTRIAL,,,,,industrial,,
way_708075581,29.2081048,78.9633965,INDUSTRIAL,,depot,,,industrial,,
way_708075719,29.1978149,78.9631766,INDUSTRIAL,,,,,industrial,,
way_708353751,28.2386626,83.9764273,INDUSTRIAL,,,,,industrial,,
way_708464393,28.9608856,77.6798879,INDUSTRIAL,,,,,industrial,,
way_708464394,28.9643583,77.6761803,INDUSTRIAL,,,,,industrial,,
way_708505787,28.9834732,77.6894562,INDUSTRIAL,,,,,industrial,,
way_708519114,28.8854564,77.6172914,INDUSTRIAL,,,,,industrial,,
way_708519115,28.8776684,77.6160543,INDUSTRIAL,,,,,industrial,,
way_708530294,28.9680745,77.6701855,INDUSTRIAL,,,,,industrial,,
way_708530298,28.9399439,77.6543015,INDUSTRIAL,,,,,industrial,,
way_708564397,29.0356896,77.7818995,INDUSTRIAL,,,,,industrial,,
way_713409418,26.7449301,83.4314579,INDUSTRIAL,,,,,industrial,,
way_713560512,28.1045241,82.3416495,INDUSTRIAL,जय श्री हनुमान इट्टा उद्योग,brickyard,,,industrial,,
way_718470062,27.0128608,84.9505471,INDUSTRIAL,,,,,industrial,,
way_718470063,27.014426,84.9541063,INDUSTRIAL,,,,,industrial,,
way_720029340,23.8574311,78.7062478,INDUSTRIAL,,,,,industrial,,
way_721126847,30.2194256,81.5153169,INDUSTRIAL,,,plant,,,,
way_722342238,30.5162835,76.2509966,INDUSTRIAL,,,plant,solar,,,
way_736531211,30.9446074,74.7151529,INDUSTRIAL,,,,,industrial,,
way_737196473,30.0583256,81.6215715,INDUSTRIAL,Water Mill,grinding_mill,,,industrial,,
way_737196870,28.0965038,82.3078564,INDUSTRIAL,,brickyard,,,industrial,,
way_737200814,30.0585224,81.6166674,INDUSTRIAL,Water Mill,grinding_mill,,,industrial,,
way_737201994,30.0670165,81.6001439,INDUSTRIAL,Yangar Microhydro,,plant,hydro,,,
way_737342502,28.0801142,82.348237,INDUSTRIAL,,brickyard,,,industrial,,
way_737522450,30.2204638,81.4523964,INDUSTRIAL,,,plant,,,,
way_737522451,30.2220897,81.5132706,INDUSTRIAL,Water mill,yes,,,industrial,,
way_737548412,30.0345767,81.8139646,INDUSTRIAL,,,plant,,,,
way_737548414,30.0246306,81.7897943,INDUSTRIAL,Hepka Micro Hydro Power House,,plant,hydro,,,
way_737548415,29.9987142,81.7851864,INDUSTRIAL,Ojheren Mill,grinding_mill,,,industrial,,
way_737766832,30.0305628,81.7392408,INDUSTRIAL,Stone Mill,,,,industrial,,
way_737767123,30.0411986,81.7449524,INDUSTRIAL,Chinna mill,grinding_mill,,,industrial,,
way_738962921,30.0292006,76.3289691,INDUSTRIAL,M/S Bhagwati Rice & Gen. Mills,,,,industrial,,SHUBHAM GARG
way_738991704,29.8323722,81.955955,INDUSTRIAL,,grinding_mill,,,industrial,,
way_739103443,26.240443,82.1090229,INDUSTRIAL,,brickyard,,,industrial,,
way_739103448,26.2311214,82.114925,INDUSTRIAL,,brickyard,,,industrial,,
way_739103450,26.2439277,82.1292293,INDUSTRIAL,,brickyard,,,industrial,,
way_740039353,28.7995328,77.0692647,INDUSTRIAL,Ramky Enviro Engineers Ltd (WtE),,,,industrial,,
way_740039354,28.7976888,77.0671511,INDUSTRIAL,,,,,industrial,,
way_740040078,28.7722161,77.1103047,INDUSTRIAL,,,,,industrial,,
way_740063769,28.7842539,77.1279341,INDUSTRIAL,,,,,industrial,,
way_740063770,28.7786058,77.1306244,INDUSTRIAL,,,,,industrial,,
way_740082251,28.7639366,77.1337469,INDUSTRIAL,,,,,industrial,,
way_740082532,28.7695603,77.132956,INDUSTRIAL,,,,,industrial,,
way_740082695,28.7688976,77.13118,INDUSTRIAL,,,,,industrial,,
way_740098655,28.7900039,77.2781894,INDUSTRIAL,,,,,industrial,,
way_740889249,30.0541311,81.7018272,INDUSTRIAL,Water Mill,grinding_mill,,,industrial,,
way_740889251,30.0528099,81.7021175,INDUSTRIAL,Water Mill,grinding_mill,,,industrial,,
way_740889252,30.0479034,81.7006205,INDUSTRIAL,,,plant,,,,
way_740974729,28.6182504,77.3754269,INDUSTRIAL,,,,,,works,
way_740974731,28.6247182,77.3760463,INDUSTRIAL,,,,,,works,
way_740974732,28.6219197,77.380586,INDUSTRIAL,,,,,,works,
way_741157316,28.7685951,77.1294813,INDUSTRIAL,,,,,industrial,,
way_741157319,28.7694853,77.1261423,INDUSTRIAL,,,,,industrial,,
way_741157321,28.7715404,77.1279728,INDUSTRIAL,,,,,industrial,,
way_741157322,28.7732817,77.1355531,INDUSTRIAL,,,,,industrial,,
way_741157323,28.7739081,77.1330639,INDUSTRIAL,,,,,industrial,,
way_741157324,28.7807781,77.1369627,INDUSTRIAL,,,,,industrial,,
way_741303731,29.5931147,78.2720894,INDUSTRIAL,,,,,industrial,,
way_742055079,28.8382232,77.1236674,INDUSTRIAL,,,,,industrial,,
way_742055797,28.7486599,77.0852628,INDUSTRIAL,,,,,industrial,,
way_742055798,28.7526856,77.081699,INDUSTRIAL,,,,,industrial,,
way_742055799,28.7483538,77.07577,INDUSTRIAL,,,,,industrial,,
way_742055803,28.7476253,77.1115384,INDUSTRIAL,,,,,industrial,,
way_743308560,25.5817389,84.8658324,INDUSTRIAL,,,,,industrial,,
way_743309134,25.5897899,84.8641701,INDUSTRIAL,,,,,industrial,,
way_743529632,31.3550658,75.1378852,INDUSTRIAL,,,,,industrial,,
way_743797813,30.9236555,74.9577715,INDUSTRIAL,"Sugar Mill, Zira",,,,industrial,,
way_744244601,26.7399477,83.2290476,INDUSTRIAL,,,,,industrial,,
way_744339400,25.1556688,82.4132431,INDUSTRIAL,,brickyard,,,industrial,,
way_744353241,27.2640501,81.1490589,INDUSTRIAL,,brickyard,,,industrial,,
way_744414153,25.4260065,82.3939472,INDUSTRIAL,,brickyard,,,industrial,,
way_744414160,25.421875,82.3919034,INDUSTRIAL,,brickyard,,,industrial,,
way_745284464,28.3249415,83.7931397,INDUSTRIAL,,,,,,works,
way_745354134,27.8148148,76.222592,INDUSTRIAL,,,,,,works,
way_745354135,27.8057297,76.2249617,INDUSTRIAL,,,,,,works,
way_745354136,27.8081923,76.222626,INDUSTRIAL,,,,,,works,
way_745354137,27.8084462,76.2256957,INDUSTRIAL,,,,,,works,
way_745354138,27.8118803,76.2251911,INDUSTRIAL,,,,,,works,
way_745354139,27.8185762,76.2288995,INDUSTRIAL,,,,,,works,
way_745354140,27.8210941,76.2322346,INDUSTRIAL,,,,,industrial,,
way_745354141,27.8197871,76.2342059,INDUSTRIAL,,,,,industrial,,
way_745363510,28.2066229,76.7750654,INDUSTRIAL,,,,,,works,
way_745363511,28.2058595,76.7727747,INDUSTRIAL,,,,,,works,
way_745363512,28.2094065,76.7733528,INDUSTRIAL,,,,,,works,
way_745369667,28.2153918,76.7916025,INDUSTRIAL,,,,,,works,
way_745369668,28.2175178,76.7939654,INDUSTRIAL,,,,,,works,
way_745369669,28.2176627,76.7897075,INDUSTRIAL,,,,,,works,
way_745369670,28.2176311,76.7920951,INDUSTRIAL,,,,,,works,
way_746055188,24.4010021,83.609224,INDUSTRIAL,,,,,industrial,,
way_746089465,29.0511244,77.4666783,INDUSTRIAL,,,,,industrial,,
way_748558899,28.2928482,83.7633732,INDUSTRIAL,Block Factory,,,,,works,
way_748703855,25.2612895,83.0457076,INDUSTRIAL,,,,,industrial,,
way_749828484,25.3558676,83.104016,INDUSTRIAL,,,,,industrial,,
way_749828485,25.3572228,83.1016198,INDUSTRIAL,Brick yards,,,,industrial,,
way_750596002,30.8097342,78.4495069,INDUSTRIAL,,,plant,hydro,,,
way_751261162,28.6087706,77.1807589,INDUSTRIAL,ISRO Earth Station,,,,industrial,,Space Applications Centre
way_753464828,31.2000646,76.6336083,INDUSTRIAL,,,,,industrial,,
way_753464829,31.1977611,76.629644,INDUSTRIAL,,,,,industrial,,
way_754292566,26.4900785,80.4709327,INDUSTRIAL,,,,,industrial,,
way_754330661,25.2342682,81.5557328,INDUSTRIAL,,,plant,solar,industrial,,
way_754336202,26.4630398,80.4432555,INDUSTRIAL,,,,,industrial,,
way_754336211,26.4630415,80.4446851,INDUSTRIAL,,,,,industrial,,
way_754336216,26.4646621,80.445733,INDUSTRIAL,,,,,industrial,,
way_754336234,26.4568245,80.4418565,INDUSTRIAL,,,,,industrial,,
way_754523347,26.8641895,75.8031553,INDUSTRIAL,Saras Dairy Jaipur,,,,industrial,works,Saras
way_754796571,26.9120143,75.7444448,INDUSTRIAL,Jvvnl Vaishali Nagar,,plant,,industrial,,
way_755217256,26.5922537,80.2168793,INDUSTRIAL,,,,,industrial,,
way_755939813,26.8693822,80.0891182,INDUSTRIAL,,,,,industrial,,
way_756204999,25.372745,83.057419,INDUSTRIAL,Brickyards,,,,industrial,,
way_756251749,26.5803706,80.2212937,INDUSTRIAL,,,,,industrial,,
way_756251751,26.6101957,80.2052719,INDUSTRIAL,,,,,industrial,,
way_756251773,26.6060162,80.2093143,INDUSTRIAL,,,,,industrial,,
way_756608876,25.2431683,82.9680293,INDUSTRIAL,Brickyard,,,,industrial,,
way_756608877,25.2439649,82.9661138,INDUSTRIAL,Brickyard,,,,industrial,,
way_757334073,26.4369737,80.1829062,INDUSTRIAL,,,,,industrial,,
way_757704307,28.6740728,80.5075201,INDUSTRIAL,,brickyard,,,industrial,,
way_757704330,28.6843373,80.5204178,INDUSTRIAL,,,,,,works,
way_757935113,28.9590468,80.2176156,INDUSTRIAL,,brickyard,,,industrial,,
way_757935181,29.0007878,80.2008619,INDUSTRIAL,,,,,,works,
way_758885668,28.0406723,76.1142481,INDUSTRIAL,,,,,industrial,,
way_760706457,29.1858554,74.7923805,INDUSTRIAL,,brickworks,,,industrial,,
way_760706459,29.184571,74.7987789,INDUSTRIAL,,brickworks,,,industrial,,
way_760706460,29.1844024,74.8107482,INDUSTRIAL,,brickworks,,,industrial,,
way_760706461,29.1841799,74.8217802,INDUSTRIAL,,brickworks,,,industrial,,
way_760706464,29.1833628,74.8166197,INDUSTRIAL,,brickworks,,,industrial,,
way_760706465,29.1825102,74.8200757,INDUSTRIAL,,brickworks,,,industrial,,
way_760706466,29.3612387,74.6494603,INDUSTRIAL,,brickworks,,,industrial,,
way_760706467,29.362092,74.6517966,INDUSTRIAL,,brickworks,,,industrial,,
way_760706468,29.3356138,74.6949562,INDUSTRIAL,,brickworks,,,industrial,,
way_760706470,29.3142151,74.8009501,INDUSTRIAL,,brickworks,,,industrial,,
way_760706472,29.3551175,74.8037772,INDUSTRIAL,,brickworks,,,industrial,,
way_760706474,29.3110518,74.8936365,INDUSTRIAL,,brickworks,,,industrial,,
way_760706483,29.3279951,74.8877578,INDUSTRIAL,,brickworks,,,industrial,,
way_760793086,27.3855029,79.6080441,INDUSTRIAL,,brickyard,,,industrial,,
way_760793088,27.3980807,79.5996299,INDUSTRIAL,,brickyard,,,industrial,,
way_760793090,27.3899803,79.6141487,INDUSTRIAL,,brickyard,,,industrial,,
way_760793091,27.3866437,79.6106324,INDUSTRIAL,,brickyard,,,industrial,,
way_760793092,27.3888241,79.6033207,INDUSTRIAL,,brickyard,,,industrial,,
way_760793094,27.3924106,79.599123,INDUSTRIAL,,brickyard,,,industrial,,
way_760955344,24.0985663,75.70165,INDUSTRIAL,Ghasoi,,plant,solar,,,
way_760955345,24.0877787,75.7954824,INDUSTRIAL,NTPC Mandsaur,,plant,solar,industrial,,NTPC Limited
way_761467496,25.3615535,83.0945421,INDUSTRIAL,Brick yards,,,,industrial,,
way_761467497,25.3603946,83.0992648,INDUSTRIAL,Brick yards,,,,industrial,,
way_761736176,25.3557605,83.0962349,INDUSTRIAL,Brick yards,,,,industrial,,
way_761800428,28.6949698,78.0545475,INDUSTRIAL,,brickyard,,,industrial,,
way_761800429,28.6497581,78.1596619,INDUSTRIAL,,brickyard,,,industrial,,
way_761800430,28.5878132,78.1515214,INDUSTRIAL,,brickyard,,,industrial,,
way_761800431,28.5157981,78.1493234,INDUSTRIAL,,brickyard,,,industrial,,
way_761800432,28.5159242,77.9995876,INDUSTRIAL,,brickyard,,,industrial,,
way_761800433,28.5221814,77.9767754,INDUSTRIAL,,brickyard,,,industrial,,
way_761800434,28.5560661,78.0012225,INDUSTRIAL,,brickyard,,,industrial,,
way_761800435,28.5580474,78.0023678,INDUSTRIAL,,brickyard,,,industrial,,
way_761800436,28.617163,78.0278913,INDUSTRIAL,,brickyard,,,industrial,,
way_761800437,28.6247469,78.026674,INDUSTRIAL,,brickyard,,,industrial,,
way_761800438,28.6329893,78.0293515,INDUSTRIAL,,brickyard,,,industrial,,
way_761800439,28.5959795,78.0970417,INDUSTRIAL,,brickyard,,,industrial,,
way_761802043,26.8444143,75.9518294,INDUSTRIAL,,brickyard,,,industrial,,
way_761802044,26.8479827,75.9541616,INDUSTRIAL,,brickyard,,,industrial,,
way_761802045,26.8507083,75.9521824,INDUSTRIAL,,brickyard,,,industrial,,
way_761802046,26.8524552,75.9523417,INDUSTRIAL,,brickyard,,,industrial,,
way_761802047,26.8572275,75.9533572,INDUSTRIAL,,brickyard,,,industrial,,
way_761802048,26.8596845,75.9518648,INDUSTRIAL,,brickyard,,,industrial,,
way_761802049,26.8542787,75.9574148,INDUSTRIAL,,brickyard,,,industrial,,
way_761802050,26.8551436,75.9595372,INDUSTRIAL,,brickyard,,,industrial,,
way_761802051,26.8558907,75.9613207,INDUSTRIAL,,brickyard,,,industrial,,
way_761802052,26.8583105,75.9620503,INDUSTRIAL,,brickyard,,,industrial,,
way_761802053,26.8596053,75.9606336,INDUSTRIAL,,brickyard,,,industrial,,
way_761802054,26.861242,75.9597462,INDUSTRIAL,,brickyard,,,industrial,,
way_761802055,26.8609285,75.9580833,INDUSTRIAL,,brickyard,,,industrial,,
way_761802056,26.8620503,75.9552787,INDUSTRIAL,,brickyard,,,industrial,,
way_765165358,26.924128,83.7014394,INDUSTRIAL,,,,,industrial,,
way_767602585,26.7490748,83.5311614,INDUSTRIAL,Brick yards,,,,industrial,,
way_767602602,26.6858963,83.5558779,INDUSTRIAL,,,,,industrial,,
way_768788557,30.1976605,74.9427062,INDUSTRIAL,Grain Market,,,,industrial,,Mandi Board
way_769609410,28.2102568,84.0045063,INDUSTRIAL,,furniture,,,industrial,,
way_770265124,28.8336991,77.1276503,INDUSTRIAL,,,,,industrial,,
way_771277020,26.7405186,83.6919511,INDUSTRIAL,,,,,industrial,,
way_771333295,28.6109333,81.6274777,INDUSTRIAL,,,,,industrial,,
way_771333299,28.6105434,81.6275395,INDUSTRIAL,,,,,industrial,,
way_771333300,28.6105841,81.6273683,INDUSTRIAL,,,,,industrial,,
way_771667291,26.9089496,83.8361512,INDUSTRIAL,,,,,industrial,,
way_771674227,26.9047732,83.8398267,INDUSTRIAL,,,,,industrial,,
way_773581085,29.9518251,78.071377,INDUSTRIAL,,,,,,works,
way_773581086,29.9624986,78.0617425,INDUSTRIAL,,,,,,works,
way_773581087,29.9672546,78.061762,INDUSTRIAL,,,,,,works,
way_773581088,29.9701291,78.0582514,INDUSTRIAL,,,,,,works,
way_773581089,29.9687423,78.054758,INDUSTRIAL,,,,,,works,
way_773581090,29.9636465,78.0498449,INDUSTRIAL,,,,,,works,
way_773581091,29.9628751,78.0512832,INDUSTRIAL,,,,,,works,
way_773581092,29.9571873,78.0561661,INDUSTRIAL,,,,,,works,
way_773581093,29.9572809,78.0607616,INDUSTRIAL,,,,,,works,
way_773581094,29.9553758,78.0575497,INDUSTRIAL,,,,,,works,
way_773581096,29.9697155,78.0670492,INDUSTRIAL,Alps Industries,,,,,works,
way_773581097,29.9661904,78.077308,INDUSTRIAL,Om Sai Pharma Pack,,,,,works,
way_773581098,29.9611406,78.0775102,INDUSTRIAL,Lakhani Footwear,,,,,works,
way_773581099,29.9623324,78.0776843,INDUSTRIAL,,,,,,works,
way_773581100,29.961774,78.077366,INDUSTRIAL,,,,,,works,
way_773581101,29.959024,78.077589,INDUSTRIAL,Surya Processed Food,,,,,works,
way_773581102,29.9580725,78.0779778,INDUSTRIAL,Panasonic,,,,,works,
way_773581103,29.9571515,78.0779283,INDUSTRIAL,Prime,,,,,works,
way_773587281,29.0546129,79.683276,INDUSTRIAL,,,,,,works,
way_773587283,29.0476838,79.686534,INDUSTRIAL,,,,,,works,
way_773587286,29.0438213,79.6882333,INDUSTRIAL,,,,,,works,
way_773587287,29.0396852,79.6876299,INDUSTRIAL,,,,,,works,
way_773587288,29.0359065,79.6858576,INDUSTRIAL,,,,,,works,
way_773587289,29.0316577,79.689915,INDUSTRIAL,,,,,,works,
way_773587290,29.0331176,79.6865336,INDUSTRIAL,,,,,,works,
way_773587291,29.0307594,79.6842066,INDUSTRIAL,,,,,,works,
way_773587293,29.0290847,79.6846038,INDUSTRIAL,,,,,,works,
way_773587294,29.0272451,79.6841261,INDUSTRIAL,,,,,,works,
way_773587295,29.027524,79.6856147,INDUSTRIAL,,,,,,works,
way_773587296,29.0267224,79.6852059,INDUSTRIAL,,,,,,works,
way_773655114,29.0251794,79.6826324,INDUSTRIAL,,,,,,works,
way_773655115,29.0218992,79.6871761,INDUSTRIAL,,,,,,works,
way_773655117,28.9925248,79.4396529,INDUSTRIAL,,,,,,works,
way_773655118,29.0111835,79.4073395,INDUSTRIAL,,,,,,works,
way_773655119,29.0101012,79.4073252,INDUSTRIAL,,,,,,works,
way_773655120,29.00959,79.4043339,INDUSTRIAL,,,,,,works,
way_773655121,29.0100849,79.4020771,INDUSTRIAL,,,,,,works,
way_773655122,29.0110718,79.4043435,INDUSTRIAL,,,,,,works,
way_773655123,29.012519,79.4027288,INDUSTRIAL,,,,,,works,
way_773655124,29.0142666,79.4073008,INDUSTRIAL,,,,,,works,
way_773655125,29.0143698,79.4034779,INDUSTRIAL,,,,,,works,
way_773655126,29.0163207,79.4036597,INDUSTRIAL,,,,,,works,
way_773655127,29.0194579,79.4058912,INDUSTRIAL,,,,,,works,
way_773655128,29.0211318,79.4029167,INDUSTRIAL,,,,,,works,
way_773655129,28.9924427,79.4232588,INDUSTRIAL,,,,,,works,
way_773655130,28.9923759,79.4205227,INDUSTRIAL,,,,,,works,
way_773655131,28.9968815,79.424807,INDUSTRIAL,,,,,,works,
way_773655132,28.9981938,79.4212309,INDUSTRIAL,,,,,,works,
way_773655133,29.0063506,79.4155889,INDUSTRIAL,,,,,,works,
way_773655134,29.0065054,79.4043295,INDUSTRIAL,,,,,,works,
way_773655135,29.0093027,79.4116768,INDUSTRIAL,,,,,,works,
way_773655136,29.0164364,79.4173155,INDUSTRIAL,,,,,,works,
way_773655137,29.0344235,79.3967766,INDUSTRIAL,,,,,,works,
way_773678102,28.7129036,76.894142,INDUSTRIAL,,,,,,works,
way_773679120,28.705044,76.8733294,INDUSTRIAL,,,,,industrial,,
way_773679121,28.7060997,76.8798089,INDUSTRIAL,,,,,,works,
way_773679122,28.7015041,76.8804881,INDUSTRIAL,,,,,,works,
way_773679123,28.7026779,76.8812391,INDUSTRIAL,,,,,,works,
way_773884436,27.960327,76.3898227,INDUSTRIAL,,,,,,works,
way_773884437,27.9608058,76.3888198,INDUSTRIAL,,,,,,works,
way_773884438,27.9611965,76.3860218,INDUSTRIAL,,,,,,works,
way_773884439,27.961839,76.3827984,INDUSTRIAL,,,,,,works,
way_773884440,27.9627126,76.3806117,INDUSTRIAL,,,,,,works,
way_773884441,27.9618673,76.3783435,INDUSTRIAL,,,,,,works,
way_773884442,27.9599854,76.3812963,INDUSTRIAL,,,,,,works,
way_773884443,27.9592962,76.3827841,INDUSTRIAL,,,,,,works,
way_773884444,27.958585,76.3842127,INDUSTRIAL,,,,,,works,
way_773884445,27.957951,76.3855316,INDUSTRIAL,,,,,,works,
way_773884446,27.9648457,76.4002464,INDUSTRIAL,,,,,,works,
way_773884447,27.9626648,76.4001435,INDUSTRIAL,,,,,,works,
way_773884448,27.9629851,76.3951867,INDUSTRIAL,,,,,,works,
way_773884449,27.9642525,76.3962355,INDUSTRIAL,,,,,,works,
way_773884450,27.9645596,76.3930615,INDUSTRIAL,,,,,,works,
way_773884451,27.9657016,76.3916741,INDUSTRIAL,,,,,,works,
way_773884452,27.9672718,76.3935158,INDUSTRIAL,,,,,,works,
way_773884453,27.9666175,76.3887891,INDUSTRIAL,,,,,,works,
way_773884454,27.967478,76.390202,INDUSTRIAL,,,,,,works,
way_773884455,27.9672404,76.3855917,INDUSTRIAL,,,,,,works,
way_773884456,27.9640708,76.3817666,INDUSTRIAL,,,,,,works,
way_773884457,27.9704568,76.3908926,INDUSTRIAL,,,,,,works,
way_773884458,27.970547,76.3964148,INDUSTRIAL,,,,,,works,
way_773884459,27.9710407,76.396747,INDUSTRIAL,,,,,,works,
way_773884460,27.9720515,76.3987072,INDUSTRIAL,,,,,,works,
way_773884461,27.973648,76.3955505,INDUSTRIAL,,,,,,works,
way_773884462,27.9731057,76.3946633,INDUSTRIAL,,,,,,works,
way_773884463,27.9708293,76.4014676,INDUSTRIAL,,,,,,works,
way_773884464,27.9737052,76.4030851,INDUSTRIAL,,,,,,works,
way_773884465,27.9756373,76.3998749,INDUSTRIAL,,,,,,works,
way_773884466,27.9758438,76.4018928,INDUSTRIAL,,,,,,works,
way_773884469,27.9835735,76.3912555,INDUSTRIAL,,,,,,works,
way_773884470,27.9810975,76.3887126,INDUSTRIAL,,,,,,works,
way_773884472,27.979399,76.3903488,INDUSTRIAL,,,,,,works,
way_773884473,27.977324,76.3925224,INDUSTRIAL,,,,,,works,
way_773884474,27.9766134,76.3893584,INDUSTRIAL,,,,,,works,
way_773884475,27.9748557,76.3883015,INDUSTRIAL,,,,,,works,
way_773884476,27.9737695,76.3866681,INDUSTRIAL,,,,,,works,
way_773884477,27.9721407,76.3853784,INDUSTRIAL,,,,,,works,
way_773884478,27.9735389,76.381141,INDUSTRIAL,,,,,,works,
way_773884479,27.9765872,76.3818872,INDUSTRIAL,,,,,,works,
way_773884480,27.968253,76.3943017,INDUSTRIAL,,,,,industrial,,
way_773884481,27.963063,76.3681673,INDUSTRIAL,,,,,,works,
way_773884484,27.9728272,76.377452,INDUSTRIAL,,,,,industrial,,
way_774608587,26.7354252,83.8050434,INDUSTRIAL,Brick yard,,,,industrial,,
way_774608594,26.7314988,83.8219355,INDUSTRIAL,Brick yards,,,,industrial,,
way_774608629,26.7287505,83.8083089,INDUSTRIAL,Brick yards,,,,industrial,,
way_774608641,26.7345357,83.791946,INDUSTRIAL,Brick yards,,,,industrial,,
way_774686602,26.738849,83.7597902,INDUSTRIAL,Brick yards,,,,industrial,,
way_775030660,26.745102,83.6512025,INDUSTRIAL,Brick yards,,,,industrial,,
way_775030661,26.7425772,83.6503661,INDUSTRIAL,Brick yards,,,,industrial,,
way_775030662,26.7399482,83.6461269,INDUSTRIAL,Brick yards,,,,industrial,,
way_775030680,26.7336532,83.6269312,INDUSTRIAL,Brick yards,,,,industrial,,
way_775030681,26.735585,83.6292145,INDUSTRIAL,Brick yards,,,,industrial,,
way_775030682,26.7353358,83.6335639,INDUSTRIAL,Brick yards,,,,industrial,,
way_775030683,26.7349557,83.6362833,INDUSTRIAL,Brick yards,,,,industrial,,
way_775030712,26.7480669,83.6510067,INDUSTRIAL,Brick yards,,,,industrial,,
way_775192178,26.7434264,83.6339302,INDUSTRIAL,Brick yards,,,,industrial,,
way_775192185,26.7546789,83.6499822,INDUSTRIAL,Brick yards,,,,industrial,,
way_775192186,26.7531952,83.6518921,INDUSTRIAL,Brick yards,,,,industrial,,
way_775192213,26.7496193,83.6143129,INDUSTRIAL,Brick yards,,,,industrial,,
way_776148284,27.4977338,79.1703868,INDUSTRIAL,"Aliganj, Local Power Station",,plant,,industrial,,
way_776266020,26.9078947,83.9805169,INDUSTRIAL,,sugar_refinery,,,industrial,,
way_776481750,26.7381248,83.5386368,INDUSTRIAL,Brick yards,,,,industrial,,
way_776481771,26.7308392,83.5438338,INDUSTRIAL,Brick yards,,,,industrial,,
way_777238643,31.2618061,74.9946384,INDUSTRIAL,Dana Mandi Chola Sahib,,,,industrial,,
way_777484590,31.3934765,74.9525151,INDUSTRIAL,Sheron Sugar Milll,,,,industrial,,
way_777935182,29.4733735,77.7080934,INDUSTRIAL,,,,,industrial,,
way_778069796,25.387315,81.2885788,INDUSTRIAL,,,,,industrial,,
way_778522453,26.7340608,83.614879,INDUSTRIAL,Brick yards,,,,industrial,,
way_778522491,26.7309027,83.6417182,INDUSTRIAL,Brick yards,,,,industrial,,
way_779248976,25.1393963,75.8565392,INDUSTRIAL,OLD GODOWNS,,,,industrial,,
way_779576211,26.8313988,83.5468413,INDUSTRIAL,,,,,industrial,,
way_779838668,26.7370929,83.5738774,INDUSTRIAL,Brick yards,,,,industrial,,
way_779838679,26.7220408,83.5825961,INDUSTRIAL,Brick yards,,,,industrial,,
way_779838702,26.7331291,83.6102676,INDUSTRIAL,Brick yards,,,,industrial,,
way_780241238,26.7291963,83.8601379,INDUSTRIAL,Brick yards,,,,industrial,,
way_780458189,31.350632,74.6923731,INDUSTRIAL,,,,,industrial,,
way_780563607,26.7248557,83.5445813,INDUSTRIAL,Brick yards,,,,industrial,,
way_780902263,26.7559484,83.8787382,INDUSTRIAL,Brick yards,,,,industrial,,
way_781177595,30.1911623,74.9607575,INDUSTRIAL,Focal Point - 1 ITI Chowk,,,,industrial,,
way_781532508,28.3018553,81.4050893,INDUSTRIAL,Brick Industrial area,,,,industrial,,
way_783655295,27.1755468,80.8485952,INDUSTRIAL,,,,,industrial,,
way_784624304,24.3235063,82.2925162,INDUSTRIAL,,,,,industrial,,
way_784750893,31.1420531,74.5658915,INDUSTRIAL,Dana Mandi Khemkaran,,,,industrial,,
way_785895158,28.0988883,82.3056516,INDUSTRIAL,,,,,industrial,works,
way_785895159,28.1008331,82.3028487,INDUSTRIAL,,,,,industrial,works,
way_787091549,24.19865,82.578096,INDUSTRIAL,,,,,,works,
way_787910734,23.9781039,82.6343697,INDUSTRIAL,,,,,industrial,,
way_790168313,25.4418633,81.2875213,INDUSTRIAL,,brickyard,,,industrial,,
way_792933640,23.9068477,82.6097283,INDUSTRIAL,,,,,industrial,,
way_793031372,24.2022582,82.5859838,INDUSTRIAL,,,,,industrial,,
way_793293603,25.445357,81.5155171,INDUSTRIAL,,,,,industrial,,
way_793293605,25.4426073,81.3865417,INDUSTRIAL,,,,,industrial,,
way_793384141,24.1190993,82.6748966,INDUSTRIAL,,,,,,works,
way_793653859,25.4695727,81.2252228,INDUSTRIAL,,brickyard,,,industrial,,
way_794304010,24.1680343,82.7040481,INDUSTRIAL,,,,,,works,
way_794321932,24.1935226,82.7083526,INDUSTRIAL,,,,,,works,
way_794321933,24.1957925,82.7089404,INDUSTRIAL,,,,,,works,
way_794455154,24.0038363,82.4017724,INDUSTRIAL,,,,,industrial,,
way_794695949,28.0899998,82.2891814,INDUSTRIAL,,,,,,works,
way_795595029,24.2933674,82.2006216,INDUSTRIAL,,,,,industrial,,
way_795631911,24.0626869,81.9745865,INDUSTRIAL,,,,,industrial,,
way_795631912,24.0604281,81.9700009,INDUSTRIAL,,,,,industrial,,
way_795631913,24.0603564,81.9774762,INDUSTRIAL,,,,,industrial,,
way_795631914,24.0593785,81.9723474,INDUSTRIAL,,,,,industrial,,
way_796391959,24.083466,82.5741617,INDUSTRIAL,,warehouse,,,industrial,,
way_796458161,25.4917371,81.2724258,INDUSTRIAL,,brickyard,,,industrial,,
way_796513291,25.4911529,81.249682,INDUSTRIAL,,brickyard,,,industrial,,
way_798025420,28.0908182,82.4213795,INDUSTRIAL,,grinding_mill,,,industrial,,
way_798088011,28.5246616,77.0910535,INDUSTRIAL,,,,,industrial,,
way_798088017,28.5248666,77.093011,INDUSTRIAL,,,,,industrial,,
way_798088018,28.5256703,77.091871,INDUSTRIAL,,,,,industrial,,
way_798088019,28.5243447,77.0914956,INDUSTRIAL,,,,,industrial,,
way_798088025,28.5259462,77.0930503,INDUSTRIAL,,,,,industrial,,
way_798319098,24.0085688,82.4643083,INDUSTRIAL,,,,,industrial,,
way_798319099,24.0077683,82.4659475,INDUSTRIAL,,,,,industrial,,
way_798912685,30.2511777,75.9213954,INDUSTRIAL,,,,,industrial,,
way_798912741,30.2491486,75.900963,INDUSTRIAL,,,,,industrial,,
way_798958111,30.1973858,75.8728239,INDUSTRIAL,,,,,industrial,,
way_800007599,24.1285478,82.6515964,INDUSTRIAL,,,,,industrial,,
way_800174514,30.7077149,76.8081782,INDUSTRIAL,,,,,,works,
way_800174515,30.7095899,76.8096209,INDUSTRIAL,,,,,,works,
way_800174516,30.7085907,76.8088385,INDUSTRIAL,,,,,,works,
way_800174517,30.7048769,76.7953053,INDUSTRIAL,,,,,,works,
way_800174518,30.7055305,76.7980452,INDUSTRIAL,,,,,,works,
way_800174519,30.7065956,76.7969571,INDUSTRIAL,,,,,,works,
way_800174520,30.7068267,76.7984958,INDUSTRIAL,,,,,,works,
way_800174521,30.6963196,76.7992218,INDUSTRIAL,,,,,,works,
way_800174522,30.6996417,76.798169,INDUSTRIAL,,,,,,works,
way_800174523,30.7028843,76.801857,INDUSTRIAL,,,,,,works,
way_800444507,24.1192322,82.6415305,INDUSTRIAL,Vindhyanagar,,plant,solar,,,
way_800726276,30.9621135,76.8157223,INDUSTRIAL,,,,,,works,
way_800726277,30.9636866,76.8018271,INDUSTRIAL,,,,,,works,
way_800726278,30.9632887,76.7978614,INDUSTRIAL,,,,,,works,
way_800726279,30.9616284,76.8004799,INDUSTRIAL,,,,,,works,
way_800726280,30.9641408,76.805632,INDUSTRIAL,,,,,,works,
way_800726281,30.9640569,76.8048379,INDUSTRIAL,,,,,,works,
way_800726282,30.9643099,76.8028618,INDUSTRIAL,,,,,,works,
way_800726283,30.9632835,76.7809247,INDUSTRIAL,,,,,industrial,,
way_800726284,30.9625579,76.781783,INDUSTRIAL,,,,,industrial,,
way_800726285,30.9627235,76.7835157,INDUSTRIAL,,,,,industrial,,
way_800726286,30.9645325,76.7774928,INDUSTRIAL,,,,,industrial,,
way_800726287,30.9795718,76.7941133,INDUSTRIAL,,,,,,works,
way_800726288,30.9828786,76.7874786,INDUSTRIAL,,,,,,works,
way_800726289,30.9863235,76.7827233,INDUSTRIAL,,,,,,works,
way_800726290,30.9923038,76.7740005,INDUSTRIAL,,,,,,works,
way_800726291,30.9893188,76.7735069,INDUSTRIAL,,,,,,works,
way_800726292,30.9957711,76.7746972,INDUSTRIAL,,,,,,works,
way_800726293,30.9979616,76.7745118,INDUSTRIAL,,,,,,works,
way_800726294,30.9864525,76.7677993,INDUSTRIAL,,,,,,works,
way_800726295,30.9895889,76.7686159,INDUSTRIAL,,,,,,works,
way_800726296,30.9909494,76.7648408,INDUSTRIAL,,,,,,works,
way_800726297,30.9927937,76.7602409,INDUSTRIAL,,,,,,works,
way_800726298,31.0243654,76.648803,INDUSTRIAL,,,,,industrial,,
way_800726299,31.0274615,76.6406947,INDUSTRIAL,,,,,industrial,,
way_800726301,30.9482318,76.8084656,INDUSTRIAL,,,,,industrial,,
way_800726302,30.9471513,76.8102398,INDUSTRIAL,,,,,industrial,,
way_800726304,30.9549854,76.8239214,INDUSTRIAL,,,,,,works,
way_800726305,30.9562068,76.817396,INDUSTRIAL,,,,,,works,
way_800726306,30.9532643,76.8168247,INDUSTRIAL,,,,,,works,
way_800726308,30.9515546,76.8238587,INDUSTRIAL,,,,,,works,
way_800726310,30.9529727,76.8274623,INDUSTRIAL,,,,,,works,
way_800726311,30.9534791,76.8312894,INDUSTRIAL,,,,,,works,
way_800726312,30.9541752,76.8297266,INDUSTRIAL,,,,,,works,
way_800726313,30.943899,76.8451577,INDUSTRIAL,,,,,industrial,,
way_800726314,30.9405564,76.8425183,INDUSTRIAL,,,,,,works,
way_800726315,30.9414704,76.8432927,INDUSTRIAL,,,,,,works,
way_800726316,30.936853,76.8402832,INDUSTRIAL,,,,,,works,
way_800726317,30.9363888,76.8395154,INDUSTRIAL,,,,,,works,
way_800726318,30.9341285,76.8370469,INDUSTRIAL,,,,,,works,
way_800726319,30.9351597,76.837986,INDUSTRIAL,,,,,,works,
way_800726320,30.9354516,76.8391303,INDUSTRIAL,,,,,,works,
way_800726321,30.9343723,76.8393578,INDUSTRIAL,,,,,,works,
way_800726322,30.9331174,76.8382984,INDUSTRIAL,,,,,,works,
way_800726323,30.9339766,76.8387387,INDUSTRIAL,,,,,,works,
way_800726324,30.9260332,76.8264935,INDUSTRIAL,,,,,,works,
way_800726325,30.9279015,76.8268829,INDUSTRIAL,,,,,,works,
way_800726326,30.9300589,76.8275323,INDUSTRIAL,,,,,,works,
way_800726327,30.928903,76.8320313,INDUSTRIAL,,,,,,works,
way_800726328,30.9300175,76.8333068,INDUSTRIAL,,,,,,works,
way_800726329,30.9306343,76.8346847,INDUSTRIAL,,,,,,works,
way_800726330,30.9301238,76.8365805,INDUSTRIAL,,,,,,works,
way_800726331,30.9293286,76.8381899,INDUSTRIAL,,,,,,works,
way_800726333,30.932162,76.8425471,INDUSTRIAL,,,,,industrial,,
way_800726334,30.9283054,76.8401638,INDUSTRIAL,,,,,,works,
way_800726335,30.9261534,76.8394384,INDUSTRIAL,,,,,,works,
way_800726336,30.9269794,76.8428273,INDUSTRIAL,,,,,,works,
way_800726337,30.9249489,76.8439311,INDUSTRIAL,,,,,,works,
way_800726340,30.9238536,76.8494873,INDUSTRIAL,,,,,,works,
way_800726341,30.9256714,76.8479785,INDUSTRIAL,,,,,,works,
way_800726342,30.9249575,76.8528003,INDUSTRIAL,,,,,,works,
way_800726343,30.9174287,76.8340074,INDUSTRIAL,,,,,,works,
way_800726344,30.9177151,76.8335613,INDUSTRIAL,,,,,,works,
way_800726345,30.9179568,76.8352837,INDUSTRIAL,,,,,,works,
way_800726346,30.917034,76.8374028,INDUSTRIAL,,,,,,works,
way_800726347,30.9153617,76.8331895,INDUSTRIAL,,,,,,works,
way_800726348,30.9139051,76.8407031,INDUSTRIAL,,,,,,works,
way_800726354,30.8961026,76.8827453,INDUSTRIAL,,,,,industrial,,
way_800726355,30.9167182,76.8421715,INDUSTRIAL,,,,,industrial,,
way_800726356,30.9136438,76.8522151,INDUSTRIAL,,,,,industrial,,
way_800726357,30.9137129,76.8497568,INDUSTRIAL,,,,,industrial,,
way_800726358,30.9121619,76.8462807,INDUSTRIAL,,,,,industrial,,
way_800726359,30.9160819,76.8687791,INDUSTRIAL,,,,,industrial,,
way_800726360,30.8961487,76.8806425,INDUSTRIAL,,,,,industrial,,
way_800726361,30.9035734,76.8696883,INDUSTRIAL,,,,,industrial,,
way_800726363,30.905803,76.8367105,INDUSTRIAL,,,,,industrial,,
way_800726364,30.9602625,76.7730121,INDUSTRIAL,,,,,,works,
way_800726365,30.961236,76.7715932,INDUSTRIAL,,,,,,works,
way_800726366,30.9602233,76.7686669,INDUSTRIAL,,,,,,works,
way_800726367,30.9634583,76.7720506,INDUSTRIAL,,,,,industrial,,
way_800728725,31.1279697,76.6694614,INDUSTRIAL,,,,,industrial,,
way_800728726,31.0956892,76.6935315,INDUSTRIAL,,,,,industrial,,
way_800728727,31.0958833,76.6874792,INDUSTRIAL,,,,,industrial,,
way_800728728,31.0901974,76.7015353,INDUSTRIAL,,,,,industrial,,
way_800728729,31.0302966,76.7041173,INDUSTRIAL,,,,,industrial,,
way_800728730,31.0311102,76.704551,INDUSTRIAL,,,,,industrial,,
way_800728731,31.030777,76.703107,INDUSTRIAL,,,,,industrial,,
way_800728732,31.0843045,76.7009157,INDUSTRIAL,,,,,industrial,,
way_800728733,31.0797068,76.7057571,INDUSTRIAL,,,,,industrial,,
way_800728734,31.0616401,76.7062546,INDUSTRIAL,,,,,industrial,,
way_800728735,31.0610932,76.6988343,INDUSTRIAL,,,,,industrial,,
way_800728736,31.0595997,76.671858,INDUSTRIAL,,,,,industrial,,
way_800728737,31.0613402,76.6713028,INDUSTRIAL,,,,,industrial,,
way_800728738,31.0607209,76.6696478,INDUSTRIAL,,,,,industrial,,
way_800728739,31.0629061,76.6727163,INDUSTRIAL,,,,,industrial,,
way_800728740,31.0608588,76.6616803,INDUSTRIAL,,,,,industrial,,
way_800728741,31.0677997,76.6716715,INDUSTRIAL,,,,,industrial,,
way_800728742,31.0656768,76.6746971,INDUSTRIAL,,,,,industrial,,
way_800728743,31.0541644,76.6973242,INDUSTRIAL,,,,,industrial,,
way_800728744,31.0551674,76.6980739,INDUSTRIAL,,,,,industrial,,
way_800728745,31.0460644,76.6965558,INDUSTRIAL,,,,,industrial,,
way_800728746,31.046192,76.6989268,INDUSTRIAL,,,,,industrial,,
way_800728747,31.0499582,76.6971418,INDUSTRIAL,,,,,industrial,,
way_800728748,30.9965608,76.723685,INDUSTRIAL,,,,,industrial,,
way_800728749,30.9982892,76.735594,INDUSTRIAL,,,,,industrial,,
way_800728750,30.9986209,76.7366655,INDUSTRIAL,,,,,industrial,,
way_800728751,31.0184787,76.7142301,INDUSTRIAL,,,,,industrial,,
way_800728752,31.0193499,76.7181744,INDUSTRIAL,,,,,industrial,,
way_800728753,31.0170674,76.7205039,INDUSTRIAL,,,,,industrial,,
way_800749223,30.8585483,76.5639809,INDUSTRIAL,,,,,industrial,,
way_800749224,30.8630103,76.5629135,INDUSTRIAL,,,,,industrial,,
way_800749225,30.8652326,76.5620601,INDUSTRIAL,,,,,industrial,,
way_800749228,31.0357397,76.5658734,INDUSTRIAL,,,,,industrial,,
way_800784929,30.9893216,76.75412,INDUSTRIAL,,,,,industrial,,
way_800784930,30.9838375,76.7525146,INDUSTRIAL,,,,,industrial,,
way_800784931,31.0043766,76.728934,INDUSTRIAL,,,,,industrial,,
way_800784932,31.0035248,76.7281079,INDUSTRIAL,,,,,industrial,,
way_800784933,31.033135,76.6745402,INDUSTRIAL,,,,,industrial,,
way_800784934,31.0270892,76.6375096,INDUSTRIAL,,,,,industrial,,
way_800784935,31.0281292,76.6372695,INDUSTRIAL,,,,,industrial,,
way_800784936,31.0300816,76.6460096,INDUSTRIAL,,,,,industrial,,
way_800791339,25.3548964,83.0038442,INDUSTRIAL,,,,,industrial,,
way_801057039,31.0338998,76.6264482,INDUSTRIAL,,,,,industrial,,
way_801057040,31.0362204,76.6328948,INDUSTRIAL,,,,,industrial,,
way_801057041,31.0317745,76.633666,INDUSTRIAL,,,,,industrial,,
way_801057042,31.0302333,76.634354,INDUSTRIAL,,,,,industrial,,
way_801708539,27.9059044,76.30608,INDUSTRIAL,,,,,,works,
way_801708540,27.906659,76.3031856,INDUSTRIAL,,,,,,works,
way_801708541,27.9050685,76.3024695,INDUSTRIAL,,,,,,works,
way_801708542,27.9045523,76.303604,INDUSTRIAL,,,,,,works,
way_801708543,27.9034436,76.3019118,INDUSTRIAL,,,,,,works,
way_801708544,27.9019206,76.3071728,INDUSTRIAL,,,,,industrial,,
way_801708546,27.9647086,76.386247,INDUSTRIAL,,,,,,works,
way_801708547,27.9633019,76.3846811,INDUSTRIAL,,,,,,works,
way_801708548,27.9639233,76.3834548,INDUSTRIAL,,,,,,works,
way_801969194,31.0430045,76.702348,INDUSTRIAL,,,,,industrial,,
way_802039815,30.9519647,76.8376871,INDUSTRIAL,,,,,industrial,,
way_802039816,30.950336,76.8368742,INDUSTRIAL,,,,,industrial,,
way_802039819,30.9745379,76.7675337,INDUSTRIAL,,,,,industrial,,
way_802039820,30.9736128,76.7624092,INDUSTRIAL,,,,,industrial,,
way_802163446,30.9434306,76.8170205,INDUSTRIAL,,,,,,works,
way_802163447,30.9441278,76.8168066,INDUSTRIAL,,,,,,works,
way_802163448,30.944848,76.816503,INDUSTRIAL,,,,,,works,
way_802163449,30.9456766,76.8201439,INDUSTRIAL,,,,,,works,
way_802163450,30.9432416,76.8233817,INDUSTRIAL,,,,,,works,
way_802163451,30.9436679,76.8244341,INDUSTRIAL,,,,,,works,
way_802163452,30.9428034,76.82763,INDUSTRIAL,,,,,,works,
way_802163453,30.9414729,76.8255953,INDUSTRIAL,,,,,,works,
way_802163454,30.9450981,76.8262125,INDUSTRIAL,,,,,,works,
way_802163455,30.9433557,76.815517,INDUSTRIAL,,,,,,works,
way_802163456,30.9423174,76.8173893,INDUSTRIAL,,,,,,works,
way_802163457,30.9415784,76.8164505,INDUSTRIAL,,,,,,works,
way_802163458,30.9397115,76.8152288,INDUSTRIAL,,,,,,works,
way_802163459,30.9367144,76.7981143,INDUSTRIAL,,,,,industrial,,
way_802163460,30.9373476,76.7977355,INDUSTRIAL,,,,,,works,
way_802163461,30.9295053,76.8005864,INDUSTRIAL,,,,,,works,
way_802163462,30.9377411,76.8193816,INDUSTRIAL,,,,,,works,
way_802163463,30.9425159,76.8246741,INDUSTRIAL,,,,,,works,
way_802163464,30.9450935,76.8229163,INDUSTRIAL,,,,,,works,
way_802163465,30.9561683,76.770334,INDUSTRIAL,,,,,,works,
way_802163466,30.957013,76.7713465,INDUSTRIAL,,,,,,works,
way_802163467,30.9590239,76.7709482,INDUSTRIAL,,,,,,works,
way_802164919,30.9875822,76.7817414,INDUSTRIAL,,,,,,works,
way_802164920,30.9778603,76.7816529,INDUSTRIAL,,,,,,works,
way_802164922,30.9813414,76.7719955,INDUSTRIAL,,,,,industrial,,
way_802164923,30.9759383,76.7616241,INDUSTRIAL,,,,,,works,
way_802164924,30.9771097,76.7568545,INDUSTRIAL,,,,,,works,
way_802164925,30.9788318,76.7609932,INDUSTRIAL,,,,,,works,
way_802164926,30.9718083,76.7664063,INDUSTRIAL,,,,,,works,
way_802251459,27.513807,76.6797993,INDUSTRIAL,,,,,,works,
way_802251460,27.5150172,76.7077983,INDUSTRIAL,,,,,industrial,,
way_802251461,27.5162433,76.6949587,INDUSTRIAL,,,,,,works,
way_802251462,27.5159395,76.695602,INDUSTRIAL,,,,,,works,
way_802251463,27.5148408,76.6976618,INDUSTRIAL,,,,,,works,
way_802251464,27.5167797,76.6890557,INDUSTRIAL,,,,,,works,
way_802251465,27.5161776,76.6827577,INDUSTRIAL,,,,,,works,
way_802251466,27.5194654,76.6781419,INDUSTRIAL,,,,,,works,
way_802251467,27.5164698,76.6727263,INDUSTRIAL,,,,,,works,
way_802251468,27.5153421,76.669577,INDUSTRIAL,,,,,,works,
way_802251469,27.513222,76.6727446,INDUSTRIAL,,,,,,works,
way_802251471,27.5119635,76.6727597,INDUSTRIAL,,,,,,works,
way_802251472,27.50742,76.6752101,INDUSTRIAL,,,,,,works,
way_802251473,27.5052934,76.6748599,INDUSTRIAL,,,,,,works,
way_802251474,27.5054685,76.6789639,INDUSTRIAL,,,,,,works,
way_802251475,27.5014368,76.6822035,INDUSTRIAL,,,,,,works,
way_802251476,27.4931573,76.702891,INDUSTRIAL,,,,,,works,
way_802251477,27.4948965,76.6980667,INDUSTRIAL,,,,,,works,
way_802251479,27.5109879,76.688706,INDUSTRIAL,,,,,industrial,,
way_802289915,28.4350384,77.307789,INDUSTRIAL,,,,,,works,
way_802289916,28.4441552,77.3064681,INDUSTRIAL,,,,,,works,
way_802289917,28.4480402,77.3061669,INDUSTRIAL,,,,,,works,
way_802289918,28.4510429,77.3058748,INDUSTRIAL,,,,,,works,
way_802289919,28.4514843,77.3062192,INDUSTRIAL,,,,,,works,
way_802289920,28.4530672,77.3056813,INDUSTRIAL,,,,,,works,
way_802289921,28.4537419,77.3056127,INDUSTRIAL,,,,,,works,
way_802289922,28.4542048,77.3055644,INDUSTRIAL,,,,,,works,
way_802289923,28.4594207,77.3083509,INDUSTRIAL,,,,,,works,
way_802289924,28.4374728,77.3100461,INDUSTRIAL,,,,,industrial,,
way_802296829,25.4192539,78.6571132,INDUSTRIAL,,,,,industrial,,
way_802304533,28.6532808,77.3228833,INDUSTRIAL,,,,,,works,
way_802304534,28.6546578,77.3243987,INDUSTRIAL,,,,,,works,
way_802304535,28.6541072,77.3416436,INDUSTRIAL,,,,,industrial,,
way_802304536,28.6506451,77.3329434,INDUSTRIAL,,,,,industrial,,
way_802304537,28.6484061,77.3252083,INDUSTRIAL,,,,,,works,
way_802304538,28.647757,77.325276,INDUSTRIAL,,,,,,works,
way_802304539,28.6487548,77.3234602,INDUSTRIAL,,,,,,works,
way_802304540,28.648527,77.3307456,INDUSTRIAL,,,,,industrial,,Dabur
way_802305208,28.6621075,77.348828,INDUSTRIAL,,,,,industrial,,
way_802305209,28.666139,77.3420952,INDUSTRIAL,,,,,industrial,,
way_802305210,28.6652699,77.3458395,INDUSTRIAL,,,,,industrial,,
way_802305211,28.6630798,77.3432947,INDUSTRIAL,,,,,industrial,,
way_802305212,28.6555206,77.3404877,INDUSTRIAL,,,,,industrial,,
way_802307168,28.062703,76.4043751,INDUSTRIAL,,,,,industrial,,
way_802307169,28.0623472,76.4028005,INDUSTRIAL,,,,,industrial,,
way_802307170,28.0737212,76.4006405,INDUSTRIAL,,,,,industrial,,
way_802307171,28.074409,76.4039745,INDUSTRIAL,,,,,industrial,,
way_802307172,28.0772337,76.4045148,INDUSTRIAL,,,,,industrial,,
way_802564725,30.9246985,76.8001472,INDUSTRIAL,,,,,,works,
way_802564726,30.9238106,76.8019237,INDUSTRIAL,,,,,,works,
way_802564727,30.9295718,76.8041881,INDUSTRIAL,,,,,,works,
way_802564728,30.9349767,76.7845759,INDUSTRIAL,,,,,industrial,,
way_802564729,30.9392537,76.7853279,INDUSTRIAL,,,,,,works,
way_802564730,30.9393188,76.7833462,INDUSTRIAL,,,,,,works,
way_802564731,30.9407193,76.7839354,INDUSTRIAL,,,,,industrial,,
way_802591379,30.9540408,76.7877753,INDUSTRIAL,,,,,,works,
way_802591380,30.9535809,76.7903237,INDUSTRIAL,,,,,,works,
way_802591381,30.9466044,76.7810941,INDUSTRIAL,,,,,industrial,,
way_802591382,30.9445128,76.7838325,INDUSTRIAL,,,,,,works,
way_802591383,30.9448962,76.7862053,INDUSTRIAL,,,,,,works,
way_802598585,30.9596454,76.7668134,INDUSTRIAL,,,,,,works,
way_802706124,30.7568262,76.7450094,INDUSTRIAL,,,,,industrial,,
way_802706129,30.900242,76.839535,INDUSTRIAL,,,,,industrial,,
way_802706130,30.9244574,76.8288915,INDUSTRIAL,,,,,,works,
way_802706131,30.9272673,76.8255907,INDUSTRIAL,,,,,,works,
way_802757567,25.4224588,81.6705193,INDUSTRIAL,,brickyard,,,industrial,,
way_803109664,24.1159939,82.6197724,INDUSTRIAL,,,,,industrial,,
way_803778816,24.0973965,82.6608892,INDUSTRIAL,,,,,industrial,,
way_804228838,25.4494749,81.6950092,INDUSTRIAL,,brickyard,,,industrial,,
way_804249926,24.1886109,82.6526468,INDUSTRIAL,,,,,,works,
way_804575838,25.4903745,81.651442,INDUSTRIAL,,brickyard,,,industrial,,
way_804575859,25.4891543,81.655751,INDUSTRIAL,,brickyard,,,industrial,,
way_804843042,25.4465189,81.7065414,INDUSTRIAL,,brickyard,,,industrial,,
way_804961431,24.058776,82.6784959,INDUSTRIAL,,,,,industrial,,
way_805080169,30.1188152,77.8877825,INDUSTRIAL,,,,,industrial,,
way_805080170,30.1153896,77.8877704,INDUSTRIAL,,,,,industrial,,
way_805171727,25.4535631,81.6588007,INDUSTRIAL,,brickyard,,,industrial,,
way_805171731,25.460579,81.6549082,INDUSTRIAL,,brickyard,,,industrial,,
way_805172024,25.4558397,81.6549624,INDUSTRIAL,,brickyard,,,industrial,,
way_805183963,24.8817356,79.5966366,INDUSTRIAL,,,,,industrial,,
way_805203607,24.7906424,79.795537,INDUSTRIAL,,,,,industrial,,
way_805215733,25.2980984,79.8806074,INDUSTRIAL,Mahoba Galla Mandi Samiti,,,,industrial,,
way_805215736,25.1431892,80.009788,INDUSTRIAL,,,,,industrial,,
way_805215740,24.5800487,80.8605793,INDUSTRIAL,,,,,industrial,,
way_807206174,30.1047383,77.865842,INDUSTRIAL,,,,,industrial,,
way_808020038,26.3783287,74.6045936,INDUSTRIAL,,,plant,hydro,industrial,,
way_808303865,24.0479944,82.6303824,INDUSTRIAL,,,,,,works,
way_808303883,24.05064,82.6316798,INDUSTRIAL,,,,,,works,
way_808303885,24.050988,82.6327355,INDUSTRIAL,,,,,,works,
way_808303886,24.0512055,82.6330978,INDUSTRIAL,,,,,,works,
way_808303887,24.0510475,82.6330456,INDUSTRIAL,,,,,,works,
way_808303888,24.0508884,82.6330074,INDUSTRIAL,,,,,,works,
way_808303889,24.0507625,82.6329157,INDUSTRIAL,,,,,,works,
way_808303890,24.0506033,82.632941,INDUSTRIAL,,,,,,works,
way_808390524,27.6825725,84.4158,INDUSTRIAL,,,,,industrial,,
way_809131783,25.2126911,80.660371,INDUSTRIAL,,,,,industrial,,
way_810295253,25.0997093,83.6480892,INDUSTRIAL,,,,,industrial,,
way_812446745,26.8663134,75.2357765,INDUSTRIAL,,,substation,,industrial,,
way_813011597,28.1162647,82.2896427,INDUSTRIAL,Ganapati Oil Mills,oil,,,industrial,,
way_813159583,28.1081599,82.2874133,INDUSTRIAL,Om Drinking Water and Beverages,factory,,,industrial,,
way_814447911,27.680782,84.4180647,INDUSTRIAL,,,,,industrial,,
way_814543880,27.6982987,84.4334176,INDUSTRIAL,,,,,industrial,,
way_814876485,24.0802879,82.5990459,INDUSTRIAL,,,,,industrial,,
way_815133037,23.9506292,82.6175905,INDUSTRIAL,,,,,industrial,,
way_815133038,23.9518755,82.6162503,INDUSTRIAL,,,,,industrial,,
way_815133039,23.9530387,82.6152539,INDUSTRIAL,,,,,industrial,,
way_815133040,23.9494014,82.6192056,INDUSTRIAL,,,,,industrial,,
way_815133041,23.9523903,82.6155237,INDUSTRIAL,,,,,industrial,,
way_815735317,23.9789245,82.6276448,INDUSTRIAL,,,,,industrial,,
way_815798522,25.6738901,76.6677475,INDUSTRIAL,,,,,industrial,,
way_815798523,25.6716604,76.6626246,INDUSTRIAL,,,,,industrial,,
way_815798524,25.6728169,76.6631126,INDUSTRIAL,,,,,industrial,,
way_815798525,25.6698893,76.6672969,INDUSTRIAL,,,,,industrial,,
way_816368951,24.0791771,82.6567459,INDUSTRIAL,,,,,,works,
way_816374665,24.0533254,82.6559854,INDUSTRIAL,,,,,,works,
way_816374666,24.0537897,82.6557304,INDUSTRIAL,,,,,,works,
way_816967277,28.6882371,76.9908618,INDUSTRIAL,Indian Oil Tikri Bottling Plant,,,,industrial,,
way_816968754,28.5367314,77.3091291,INDUSTRIAL,Indian Oil Madanpur Khadar Bottling Plant,,,,industrial,,
way_818897770,27.6606911,84.3822365,INDUSTRIAL,,,,,,works,
way_820404778,26.9965298,84.8902265,INDUSTRIAL,,,,,industrial,,
way_821582646,25.459144,79.4646417,INDUSTRIAL,Panwari,,plant,solar,,,
way_821695690,24.9181096,75.5789731,INDUSTRIAL,Rana Pratap Sagar Hydel Power station,,plant,hydro,,,Rajasthan Rajya Vidyut Utpadan Nigam
way_821695691,25.0386855,75.6773794,INDUSTRIAL,Jawahar Sagar Hydel Power Station,,plant,hydro,,,Rajasthan Rajya Vidyut Utpadan Nigam
way_821695693,26.7018036,77.8501849,INDUSTRIAL,Dholpur Combined Power Station,,plant,gas,industrial,,Rajasthan Rajya Vidyut Utpadan Nigam
way_822430038,27.0855525,84.8992775,INDUSTRIAL,,,,,industrial,,
way_822432690,27.082374,84.9036881,INDUSTRIAL,,,,,industrial,,
way_822707409,27.4990045,78.8287148,INDUSTRIAL,Jawaharpur Super Thermal Power Station,,plant,coal,industrial,,Uttar Pradesh Rajya Vidyut Utpadan Nigam Limited
way_822892689,24.2034607,83.0072012,INDUSTRIAL,Rihand,,plant,hydro,,,Uttar Pradesh Rajya Vidyut Utpadan Nigam Limited
way_822892690,24.4400647,82.9669744,INDUSTRIAL,Obra powerhouse,,plant,hydro,,,Uttar Pradesh Rajya Vidyut Utpadan Nigam Limited
way_823015160,30.230671,78.7915527,INDUSTRIAL,Shrinagar Hydro electric Power Plant,,plant,hydro,,,GVK
way_823015162,30.2404195,78.8314861,INDUSTRIAL,Shrinagar Dam,,plant,hydro,,,
way_823477058,30.6073798,78.3191394,INDUSTRIAL,Maneri Bhali II Power Station,,plant,hydro,,,Uttarakhand Jal Vidyut Nigam Limited
way_823477061,30.4560611,77.7366359,INDUSTRIAL,Dhakrani Power Plant,,plant,hydro,,,Uttarakhand Jal Vidyut Nigam Limited
way_823477062,29.9762484,78.2200586,INDUSTRIAL,Chilla,,plant,hydro,,,Uttarakhand Jal Vidyut Nigam Limited
way_823477066,31.400082,77.5925048,INDUSTRIAL,Rampur Hydro Power Station,,plant,hydro,,,
way_823568969,28.0828522,80.4840482,INDUSTRIAL,,,,,industrial,,
way_823568970,28.0903037,80.4688614,INDUSTRIAL,Sugar Mill,,,,industrial,,
way_824625636,24.0226052,81.0909904,INDUSTRIAL,,,,,industrial,,
way_824625637,24.0226029,81.0910813,INDUSTRIAL,,,,,industrial,,
way_824913098,28.4690898,76.8252495,INDUSTRIAL,,,,,industrial,,
way_825078066,30.0700779,78.2599765,INDUSTRIAL,Indian Drugs and Pharmaceuticals Limited,,,,industrial,,
way_825078067,30.0665496,78.2552826,INDUSTRIAL,,,,,industrial,,
way_828003914,25.8887578,81.3142883,INDUSTRIAL,Unchahar,,plant,solar,,,
way_829783613,25.148527,80.6536715,INDUSTRIAL,,,,,industrial,,
way_830769693,25.1174,80.4176241,INDUSTRIAL,,,,,industrial,,
way_835643536,24.3045892,81.2746507,INDUSTRIAL,,,,,industrial,,
way_835808248,27.9454644,80.7539642,INDUSTRIAL,,factory,,,industrial,,
way_837557720,29.5105853,80.8758979,INDUSTRIAL,,,plant,hydro,,,
way_838557265,27.6857602,83.2130803,INDUSTRIAL,Kamana distillary pvt.ltd,,,,industrial,,
way_839232694,27.0381202,84.831339,INDUSTRIAL,,,,,industrial,,
way_839232695,27.0349612,84.8377977,INDUSTRIAL,,,,,industrial,,
way_839530211,30.4533532,75.3459229,INDUSTRIAL,,factory,,,industrial,,
way_839561991,25.2153333,80.8952565,INDUSTRIAL,,,,,industrial,,
way_839561995,25.2162065,80.8931964,INDUSTRIAL,,,,,industrial,,
way_839776444,30.7667913,74.540607,INDUSTRIAL,Jhoke Sarkari Industrial Park,factory,,,industrial,,
way_840055311,27.0328456,84.8384563,INDUSTRIAL,,,,,industrial,,
way_840057625,27.0313746,84.841458,INDUSTRIAL,,,,,industrial,,
way_840919150,26.3539664,78.126955,INDUSTRIAL,,,,,industrial,,
way_840919152,26.3008765,78.107328,INDUSTRIAL,,,,,industrial,,
way_840919156,26.3681494,78.0887269,INDUSTRIAL,,,,,,works,
way_840919159,26.3645482,78.0858944,INDUSTRIAL,,,,,,works,
way_840919160,26.3640327,78.08813,INDUSTRIAL,,,,,,works,
way_840919161,26.3714272,78.0860064,INDUSTRIAL,,,,,,works,
way_840919162,26.3795695,78.0774993,INDUSTRIAL,,,,,,works,
way_840919163,26.3810932,78.0801679,INDUSTRIAL,,,,,,works,
way_840919165,26.3843962,78.0792466,INDUSTRIAL,,,,,,works,
way_840919166,26.3948942,78.0738807,INDUSTRIAL,,,,,,works,
way_840919167,26.3802217,78.081631,INDUSTRIAL,,,,,industrial,,
way_840942482,30.5059415,76.8169883,INDUSTRIAL,,,,,industrial,,
way_840942483,30.4982597,76.8075241,INDUSTRIAL,,,,,industrial,,
way_840942484,30.5011092,76.8075872,INDUSTRIAL,,,,,industrial,,
way_840942485,30.5108394,76.7922387,INDUSTRIAL,,,,,,works,
way_840942486,30.5107086,76.7965381,INDUSTRIAL,,,,,,works,
way_840942487,30.5105922,76.7991586,INDUSTRIAL,,,,,,works,
way_840942488,30.5034956,76.7926417,INDUSTRIAL,,,,,industrial,,
way_840942489,30.503387,76.7959065,INDUSTRIAL,,,,,industrial,,
way_840942490,30.5385987,76.8196785,INDUSTRIAL,,,,,industrial,,
way_840942493,30.5868151,76.863394,INDUSTRIAL,,,,,industrial,,
way_840942494,30.5809272,76.8743902,INDUSTRIAL,,,,,industrial,,
way_840942495,30.5859406,76.8840864,INDUSTRIAL,,,,,industrial,,
way_840942496,30.5846255,76.8887522,INDUSTRIAL,,,,,industrial,,
way_840942497,30.5802792,76.8928374,INDUSTRIAL,,,,,industrial,,
way_840942498,30.5792319,76.8942924,INDUSTRIAL,,,,,industrial,,
way_840942499,30.5787754,76.8988641,INDUSTRIAL,,,,,industrial,,
way_840942500,30.5724671,76.8995299,INDUSTRIAL,,,,,industrial,,
way_840942501,30.5735392,76.9067068,INDUSTRIAL,,,,,industrial,,
way_840942502,30.571903,76.9046442,INDUSTRIAL,,,,,industrial,,
way_840942503,30.5711062,76.9070327,INDUSTRIAL,,,,,industrial,,
way_840942504,30.5671063,76.9032414,INDUSTRIAL,,,,,industrial,,
way_840942505,30.5734368,76.8928662,INDUSTRIAL,,,,,industrial,,
way_840942506,30.5762724,76.893232,INDUSTRIAL,,,,,industrial,,
way_840942507,30.5855666,76.8785329,INDUSTRIAL,,,,,industrial,,
way_840942508,30.6053752,76.8606779,INDUSTRIAL,,,,,industrial,,
way_840942509,30.6067462,76.8579559,INDUSTRIAL,,,,,industrial,,
way_840942510,30.6086421,76.8514436,INDUSTRIAL,,,,,industrial,,
way_840942511,30.6079275,76.8537017,INDUSTRIAL,,,,,industrial,,
way_840942512,30.6039643,76.8561217,INDUSTRIAL,,,,,industrial,,
way_840942513,30.6002855,76.8465248,INDUSTRIAL,,,,,industrial,,
way_840942514,30.6032152,76.8428555,INDUSTRIAL,,,,,industrial,,
way_840942516,30.6327604,76.8761152,INDUSTRIAL,,,,,industrial,,
way_840942517,30.6262513,76.8725381,INDUSTRIAL,,,,,industrial,,
way_840942519,30.6106211,76.897982,INDUSTRIAL,,,,,industrial,,
way_840942520,30.6089681,76.9013035,INDUSTRIAL,,,,,industrial,,
way_840942521,30.6068847,76.9173605,INDUSTRIAL,,,,,industrial,,
way_840942523,30.6052733,76.9509894,INDUSTRIAL,,,,,,works,
way_840942524,30.599055,76.9523305,INDUSTRIAL,,,,,,works,
way_840942530,30.5413823,76.9834596,INDUSTRIAL,,,,,industrial,,
way_840942531,30.4571271,77.0539695,INDUSTRIAL,,,,,industrial,,
way_840942532,30.2845705,77.3029574,INDUSTRIAL,,,,,industrial,,
way_840942533,30.1520389,76.8935144,INDUSTRIAL,,,,,industrial,,
way_840942535,30.1755189,76.8661943,INDUSTRIAL,,,,,industrial,,
way_840942536,30.2337649,76.9217175,INDUSTRIAL,,,,,industrial,,
way_840942537,30.2925642,76.9748278,INDUSTRIAL,,,,,,works,
way_840942538,30.2929952,76.9626268,INDUSTRIAL,,,,,industrial,,
way_840942539,30.2922853,76.9653239,INDUSTRIAL,,,,,industrial,,
way_840942540,30.2874343,76.9634986,INDUSTRIAL,,,,,industrial,,
way_840942542,30.4764865,77.2104603,INDUSTRIAL,,,,,industrial,,
way_840942543,30.5188333,77.2438512,INDUSTRIAL,,,,,industrial,,
way_840942544,30.5161252,77.2362243,INDUSTRIAL,,,,,industrial,,
way_840942545,30.5174561,77.229453,INDUSTRIAL,,,,,industrial,,
way_840942546,30.5189534,77.2289514,INDUSTRIAL,,,,,industrial,,
way_840942547,30.5126707,77.2251735,INDUSTRIAL,,,,,industrial,,
way_840942548,30.5097371,77.2141644,INDUSTRIAL,,,,,industrial,,
way_840942549,30.5101265,77.2181368,INDUSTRIAL,,,,,industrial,,
way_840942550,30.5104177,77.2166576,INDUSTRIAL,,,,,industrial,,
way_840942552,30.5046312,77.2144782,INDUSTRIAL,,,,,industrial,,
way_840942553,30.5043735,77.2161613,INDUSTRIAL,,,,,industrial,,
way_840942554,30.5037819,77.2149624,INDUSTRIAL,,,,,industrial,,
way_840942555,30.5038581,77.2129025,INDUSTRIAL,,,,,industrial,,
way_840942556,30.5040927,77.2098769,INDUSTRIAL,,,,,industrial,,
way_840942557,30.5099139,77.2059971,INDUSTRIAL,,,,,industrial,,
way_840942558,30.511201,77.2079122,INDUSTRIAL,,,,,industrial,,
way_840942559,30.5182452,77.20661,INDUSTRIAL,,,,,industrial,,
way_840942560,30.5180601,77.2053034,INDUSTRIAL,,,,,industrial,,
way_840942561,30.5261507,77.2017699,INDUSTRIAL,,,,,industrial,,
way_840942562,30.5259543,77.1944703,INDUSTRIAL,,,,,industrial,,
way_840942563,30.5249401,77.1961668,INDUSTRIAL,,,,,industrial,,
way_840942564,30.5241152,77.1963384,INDUSTRIAL,,,,,industrial,,
way_840942565,30.5293622,77.1981489,INDUSTRIAL,,,,,industrial,,
way_840942566,30.527634,77.1923541,INDUSTRIAL,,,,,industrial,,
way_840942567,30.5281863,77.1883388,INDUSTRIAL,,,,,industrial,,
way_840942568,30.5215632,77.1979987,INDUSTRIAL,,,,,industrial,,
way_840942569,30.5200902,77.2072537,INDUSTRIAL,,,,,industrial,,
way_840942570,30.5200071,77.2111027,INDUSTRIAL,,,,,industrial,,
way_840942571,30.5176734,77.1999836,INDUSTRIAL,,,,,industrial,,
way_840942574,30.5207025,77.2031915,INDUSTRIAL,,,,,industrial,,
way_840942579,30.5243994,77.2022889,INDUSTRIAL,,,,,industrial,,
way_841072220,28.7648524,77.9919567,INDUSTRIAL,,,,,industrial,,
way_841072222,28.7215261,77.8289626,INDUSTRIAL,,,,,industrial,,
way_841072224,28.712639,77.7753388,INDUSTRIAL,,,,,industrial,,
way_841072225,28.7207593,77.7328179,INDUSTRIAL,,,,,industrial,,
way_841072226,28.6964527,77.6816527,INDUSTRIAL,,,,,industrial,,
way_841072227,28.7002712,77.6751342,INDUSTRIAL,,,,,industrial,,
way_841072229,28.7015258,77.6123276,INDUSTRIAL,,,,,industrial,,
way_841072230,28.6981896,77.5837594,INDUSTRIAL,,,,,,works,
way_841072231,28.6634485,77.5747664,INDUSTRIAL,,,,,,works,
way_841072232,28.6497391,77.568169,INDUSTRIAL,,,,,,works,
way_841072233,28.650386,77.5707427,INDUSTRIAL,,,,,,works,
way_841072234,28.6534071,77.5845604,INDUSTRIAL,,,,,,works,
way_841072235,28.6541055,77.5804402,INDUSTRIAL,,,,,,works,
way_841072237,29.4322077,77.764775,INDUSTRIAL,,,,,industrial,,
way_841072238,29.4296065,77.775127,INDUSTRIAL,,,,,industrial,,
way_841072239,29.4177455,77.7593985,INDUSTRIAL,,,,,industrial,,
way_841072240,29.4271618,77.7614906,INDUSTRIAL,,,,,industrial,,
way_841072241,29.4230676,77.760981,INDUSTRIAL,,,,,industrial,,
way_841072242,29.4674507,77.7910486,INDUSTRIAL,,,,,,works,
way_841072243,29.4673786,77.7924016,INDUSTRIAL,,,,,,works,
way_841072244,29.4660151,77.7865814,INDUSTRIAL,,,,,,works,
way_841072245,29.4724508,77.785163,INDUSTRIAL,,,,,,works,
way_841072246,29.4716429,77.7934427,INDUSTRIAL,,,,,,works,
way_841072247,29.4707807,77.7910312,INDUSTRIAL,,,,,,works,
way_841072248,29.4701513,77.8052014,INDUSTRIAL,,,,,industrial,,
way_841072249,29.4694409,77.8080135,INDUSTRIAL,,,,,industrial,,
way_841072250,29.4691091,77.7894304,INDUSTRIAL,,,,,industrial,,
way_841072252,29.5718486,77.6881241,INDUSTRIAL,,,,,industrial,,
way_841072253,29.5133473,77.7076546,INDUSTRIAL,,,,,industrial,,
way_841072254,29.4680596,77.6660148,INDUSTRIAL,,,,,industrial,,
way_841072255,29.4666089,77.6650089,INDUSTRIAL,,,,,industrial,,
way_841072256,29.3719751,77.7025008,INDUSTRIAL,,,,,industrial,,
way_841072257,29.37361,77.7027931,INDUSTRIAL,,,,,industrial,,
way_841072258,29.3746467,77.702651,INDUSTRIAL,,,,,industrial,,
way_841072260,29.3839489,77.6997543,INDUSTRIAL,,,,,industrial,,
way_841072261,29.395219,77.7049489,INDUSTRIAL,,,,,industrial,,
way_841072262,29.401281,77.7035227,INDUSTRIAL,,,,,industrial,,
way_841072263,29.4003556,77.7023157,INDUSTRIAL,,,,,industrial,,
way_841072264,29.4033016,77.7026322,INDUSTRIAL,,,,,industrial,,
way_841072265,29.4082892,77.6976541,INDUSTRIAL,,,,,industrial,,
way_841072266,29.4125715,77.7005025,INDUSTRIAL,,,,,industrial,,
way_841072267,29.4128367,77.7016814,INDUSTRIAL,,,,,industrial,,
way_841072268,29.4129582,77.6989979,INDUSTRIAL,,,,,industrial,,
way_841072269,29.4165516,77.700233,INDUSTRIAL,,,,,industrial,,
way_841072270,29.4198353,77.7018196,INDUSTRIAL,,,,,industrial,,
way_841072273,29.4199814,77.6987565,INDUSTRIAL,,,,,industrial,,
way_841074370,29.9657192,77.7837529,INDUSTRIAL,,,,,industrial,,
way_841074371,29.9579672,77.7917741,INDUSTRIAL,,,,,industrial,,
way_841074372,29.9532288,77.7920946,INDUSTRIAL,,,,,industrial,,
way_841074373,29.9526292,77.7913759,INDUSTRIAL,,,,,industrial,,
way_841074374,29.9766841,77.7775443,INDUSTRIAL,,,,,industrial,,
way_841074375,29.974554,77.776061,INDUSTRIAL,,,,,industrial,,
way_841074376,29.9690926,77.77297,INDUSTRIAL,,,,,industrial,,
way_841074377,29.970227,77.7713907,INDUSTRIAL,,,,,industrial,,
way_841074378,29.9710937,77.7746657,INDUSTRIAL,,,,,industrial,,
way_841074379,29.9702631,77.7784891,INDUSTRIAL,,,,,industrial,,
way_841074380,29.9661259,77.7753067,INDUSTRIAL,,,,,industrial,,
way_841074381,29.9674875,77.7704418,INDUSTRIAL,,,,,industrial,,
way_841074382,29.9544419,77.7928912,INDUSTRIAL,,,,,industrial,,
way_841074383,29.9558594,77.7907683,INDUSTRIAL,,,,,industrial,,
way_841074384,29.9565325,77.7899274,INDUSTRIAL,,,,,industrial,,
way_841074385,29.9572843,77.7889234,INDUSTRIAL,,,,,industrial,,
way_841074386,29.9592465,77.7893427,INDUSTRIAL,,,,,industrial,,
way_841074387,29.9594713,77.7882376,INDUSTRIAL,,,,,industrial,,
way_841074389,29.9601562,77.7935055,INDUSTRIAL,,,,,industrial,,
way_841074390,29.9543792,77.7987089,INDUSTRIAL,,,,,industrial,,
way_841074391,29.9511489,77.7983804,INDUSTRIAL,,,,,industrial,,
way_841074392,29.9529708,77.7964573,INDUSTRIAL,,,,,industrial,,
way_841074393,29.9497396,77.7941838,INDUSTRIAL,,,,,industrial,,
way_841074395,29.7446914,77.854346,INDUSTRIAL,,,,,industrial,,
way_841074396,29.7402993,77.846742,INDUSTRIAL,,,,,industrial,,
way_841074398,29.4708723,77.9118123,INDUSTRIAL,,,,,industrial,,
way_841074401,29.4443719,77.7894996,INDUSTRIAL,,,,,industrial,,
way_841267565,28.7223199,78.0898989,INDUSTRIAL,,,,,industrial,,
way_841267566,28.7489986,78.0978369,INDUSTRIAL,,,,,industrial,,
way_841419222,29.9678233,77.7763374,INDUSTRIAL,,,,,industrial,,
way_841419223,29.9597821,77.7701139,INDUSTRIAL,,,,,industrial,,
way_841419224,29.9490141,77.7826304,INDUSTRIAL,,,,,industrial,,
way_841419225,29.9503268,77.7883154,INDUSTRIAL,,,,,industrial,,
way_841419226,29.9522458,77.7898281,INDUSTRIAL,,,,,industrial,,
way_841419227,29.9521876,77.7891556,INDUSTRIAL,,,,,industrial,,
way_841419228,29.9528064,77.7888539,INDUSTRIAL,,,,,industrial,,
way_841419229,29.9395688,77.805318,INDUSTRIAL,,,,,industrial,,
way_841419230,29.9432992,77.7991401,INDUSTRIAL,,,,,industrial,,
way_841419231,29.9472775,77.791345,INDUSTRIAL,,,,,industrial,,
way_841419232,29.9472351,77.7898592,INDUSTRIAL,,,,,industrial,,
way_841419233,29.9476104,77.7906664,INDUSTRIAL,,,,,industrial,,
way_841419234,29.952972,77.7944095,INDUSTRIAL,,,,,industrial,,
way_841419235,29.9502668,77.7962208,INDUSTRIAL,,,,,industrial,,
way_841419236,29.9493291,77.7965498,INDUSTRIAL,,,,,industrial,,
way_841419237,29.9557967,77.8001373,INDUSTRIAL,,,,,industrial,,
way_841419238,29.9518065,77.7977447,INDUSTRIAL,,,,,,works,
way_841419239,29.951559,77.7980022,INDUSTRIAL,,,,,,works,
way_841447829,29.6756771,77.6661803,INDUSTRIAL,,,,,,works,
way_841447831,29.7984609,77.8041203,INDUSTRIAL,,,,,,works,
way_841447832,29.8001403,77.804634,INDUSTRIAL,,,,,,works,
way_841447835,29.7965484,77.8019444,INDUSTRIAL,,,,,,works,
way_841447836,29.7946648,77.8002109,INDUSTRIAL,,,,,,works,
way_841677887,28.8050148,80.6065966,INDUSTRIAL,,,,,industrial,,
way_841679263,27.1064675,84.8622769,INDUSTRIAL,,brickyard,,,industrial,,
way_843404859,28.7738757,80.5543819,INDUSTRIAL,Sudurpaschim Biscuit Factory,,,,,works,
way_843773370,27.0955199,84.9275967,INDUSTRIAL,,,,,industrial,,
way_843773373,27.093803,84.926831,INDUSTRIAL,,,,,industrial,,
way_844248249,27.2943012,84.9899702,INDUSTRIAL,,,,,industrial,,
way_844303348,28.3930473,77.0014277,INDUSTRIAL,,,,,industrial,,
way_844343015,27.2942622,84.9906403,INDUSTRIAL,,,,,industrial,,
way_844463482,28.4798528,76.8067154,INDUSTRIAL,,,,,industrial,,
way_844463484,28.463577,76.7961824,INDUSTRIAL,,,,,industrial,,
way_844463485,28.4693177,76.8019618,INDUSTRIAL,,,,,industrial,,
way_844463490,28.4319753,76.9224943,INDUSTRIAL,,,,,industrial,,
way_846334863,27.062035,84.897037,INDUSTRIAL,,,,,industrial,,
way_846486090,26.605016,79.4172867,INDUSTRIAL,,,,,industrial,,
way_847360684,27.025525,84.8622783,INDUSTRIAL,,,,,industrial,,
way_848327446,29.7883665,76.454471,INDUSTRIAL,"Sugar Mill, Kaithal",sugar_refinery,,,industrial,,
way_849281447,28.3155404,76.8750943,INDUSTRIAL,,,,,,works,
way_849281449,28.3102058,76.8741897,INDUSTRIAL,,,,,,works,
way_849281450,28.3061689,76.8705988,INDUSTRIAL,,,,,,works,
way_849281451,28.3121503,76.8761882,INDUSTRIAL,,,,,,works,
way_849281452,28.3132299,76.8762946,INDUSTRIAL,,,,,,works,
way_849281453,28.3140119,76.8759108,INDUSTRIAL,,,,,,works,
way_849281454,28.3092123,76.878954,INDUSTRIAL,,,,,,works,
way_849281455,28.2909202,76.8504731,INDUSTRIAL,,,,,,works,
way_849281456,28.2900303,76.8528573,INDUSTRIAL,,,,,,works,
way_849281457,28.2788818,76.8863047,INDUSTRIAL,,,,,industrial,,
way_849281458,28.284249,76.8799024,INDUSTRIAL,,,,,industrial,,
way_849281459,28.2727402,76.8932378,INDUSTRIAL,,,,,industrial,works,
way_849281460,28.2727627,76.8887764,INDUSTRIAL,,,,,industrial,works,
way_849281461,28.2746295,76.8893514,INDUSTRIAL,,,,,industrial,works,
way_849281462,28.2749192,76.8686614,INDUSTRIAL,,,,,industrial,,
way_849281463,28.2721456,76.8729863,INDUSTRIAL,,,,,industrial,,
way_849281464,28.2371849,76.8037575,INDUSTRIAL,,,,,,works,
way_849281465,28.2369793,76.8044375,INDUSTRIAL,,,,,,works,
way_849281466,28.2387102,76.8034319,INDUSTRIAL,,,,,,works,
way_849281467,28.2380674,76.8071479,INDUSTRIAL,,,,,,works,
way_849281469,28.2282324,76.8002772,INDUSTRIAL,,,,,,works,
way_849281471,28.2299313,76.8002788,INDUSTRIAL,,,,,,works,
way_849281472,28.22967,76.8009253,INDUSTRIAL,,,,,,works,
way_849281474,28.2104308,76.7919553,INDUSTRIAL,,,,,,works,
way_849281475,28.2104591,76.7904451,INDUSTRIAL,,,,,,works,
way_849281476,28.2171278,76.7823767,INDUSTRIAL,,,,,,works,
way_849281477,28.2079926,76.8487236,INDUSTRIAL,,,,,,works,
way_849281478,28.1980542,76.8624491,INDUSTRIAL,,,,,,works,
way_849281479,28.1981748,76.8615713,INDUSTRIAL,,,,,,works,
way_849281480,28.1983308,76.8604494,INDUSTRIAL,,,,,,works,
way_849281481,28.2006687,76.8528858,INDUSTRIAL,,,,,,works,
way_849281482,28.200886,76.8511525,INDUSTRIAL,,,,,,works,
way_849281483,28.2007901,76.8519505,INDUSTRIAL,,,,,,works,
way_849281484,28.2031653,76.8521535,INDUSTRIAL,,,,,,works,
way_849281485,28.2039829,76.8524592,INDUSTRIAL,,,,,,works,
way_849281486,28.2040356,76.8512869,INDUSTRIAL,,,,,,works,
way_849281487,28.2034965,76.8498114,INDUSTRIAL,,,,,,works,
way_849281488,28.2042827,76.850144,INDUSTRIAL,,,,,,works,
way_849281489,28.2061771,76.8496914,INDUSTRIAL,,,,,industrial,,
way_849281494,28.141089,76.8190303,INDUSTRIAL,Siegwerk India Private Limited,,,,industrial,,
way_849281495,28.1657226,76.8222519,INDUSTRIAL,Nahar Industrial Enterprises Limited,,,,industrial,,
way_849281496,28.1977203,76.8600657,INDUSTRIAL,,,,,,works,
way_849281497,28.1969196,76.8601814,INDUSTRIAL,,,,,,works,
way_849281498,28.2009634,76.8665967,INDUSTRIAL,,,,,,works,
way_849281499,28.2008009,76.8671692,INDUSTRIAL,,,,,,works,
way_849281500,28.2013621,76.8694749,INDUSTRIAL,,,,,,works,
way_849281501,28.2015549,76.8687236,INDUSTRIAL,,,,,,works,
way_849281502,28.2060663,76.8706237,INDUSTRIAL,,,,,,works,
way_849281503,28.210519,76.8708087,INDUSTRIAL,,,,,,works,
way_849281504,28.2105112,76.8678001,INDUSTRIAL,,,,,,works,
way_849281505,28.2160241,76.8727562,INDUSTRIAL,,,,,,works,
way_849281506,28.2165911,76.871577,INDUSTRIAL,,,,,,works,
way_849281507,28.217519,76.8709013,INDUSTRIAL,,,,,,works,
way_849281508,28.2175186,76.8693941,INDUSTRIAL,,,,,,works,
way_849281509,28.2168596,76.842602,INDUSTRIAL,,,,,,works,
way_849281510,28.2168242,76.8411711,INDUSTRIAL,,,,,,works,
way_849281511,28.2198564,76.8429331,INDUSTRIAL,,,,,,works,
way_849281512,28.2059501,76.853038,INDUSTRIAL,,,,,,works,
way_849281513,28.2061786,76.8511113,INDUSTRIAL,,,,,,works,
way_849281514,28.2103849,76.851095,INDUSTRIAL,,,,,,works,
way_849281515,28.2108143,76.8512205,INDUSTRIAL,,,,,,works,
way_849281516,28.2111511,76.8501222,INDUSTRIAL,,,,,,works,
way_849281517,28.2142775,76.8530171,INDUSTRIAL,,,,,,works,
way_849281518,28.2176631,76.8559864,INDUSTRIAL,,,,,,works,
way_849281519,28.2160607,76.8569639,INDUSTRIAL,,,,,,works,
way_849281520,28.2204875,76.8578093,INDUSTRIAL,,,,,,works,
way_849281521,28.2200467,76.8497884,INDUSTRIAL,,,,,,works,
way_849281522,28.2202638,76.851394,INDUSTRIAL,,,,,,works,
way_849281523,28.2188274,76.8531191,INDUSTRIAL,,,,,,works,
way_849281524,28.2174853,76.8514252,INDUSTRIAL,,,,,,works,
way_849281525,28.218751,76.8513582,INDUSTRIAL,,,,,,works,
way_849281526,28.2177602,76.8478734,INDUSTRIAL,,,,,,works,
way_849281528,28.2149657,76.8480385,INDUSTRIAL,,,,,,works,
way_849281529,28.2152086,76.8424439,INDUSTRIAL,,,,,,works,
way_849281530,28.2153497,76.8434474,INDUSTRIAL,,,,,,works,
way_849281531,28.2142499,76.8420153,INDUSTRIAL,,,,,,works,
way_849281532,28.2134148,76.8435489,INDUSTRIAL,,,,,,works,
way_849281535,28.217661,76.8387241,INDUSTRIAL,,,,,,works,
way_849281537,28.2112115,76.8583928,INDUSTRIAL,,,,,,works,
way_849281538,28.2092291,76.8587366,INDUSTRIAL,,,,,,works,
way_849281539,28.218119,76.8721321,INDUSTRIAL,,,,,,works,
way_849281541,28.2142124,76.8710134,INDUSTRIAL,,,,,industrial,,
way_849281542,28.212587,76.8645103,INDUSTRIAL,,,,,,works,
way_849281543,28.2081868,76.8578787,INDUSTRIAL,,,,,industrial,,
way_849281544,28.2045635,76.8594627,INDUSTRIAL,,,,,,works,
way_849281545,28.2029433,76.8559501,INDUSTRIAL,,,,,,works,
way_849281546,28.2023852,76.8571257,INDUSTRIAL,,,,,,works,
way_849281547,28.2013547,76.8553401,INDUSTRIAL,,,,,,works,
way_849281548,28.2014891,76.8541546,INDUSTRIAL,,,,,,works,
way_849281549,28.2002654,76.8560136,INDUSTRIAL,,,,,,works,
way_849281550,28.2004261,76.8546097,INDUSTRIAL,,,,,,works,
way_849281551,28.2001386,76.8569015,INDUSTRIAL,,,,,,works,
way_849281552,28.1985725,76.858749,INDUSTRIAL,,,,,,works,
way_849281553,28.198186,76.856526,INDUSTRIAL,,,,,,works,
way_849281554,28.1999118,76.8618295,INDUSTRIAL,,,,,,works,
way_849281555,28.1999182,76.859468,INDUSTRIAL,,,,,,works,
way_849281556,28.1920183,76.8573201,INDUSTRIAL,,,,,,works,
way_849281557,28.1931953,76.8563511,INDUSTRIAL,,,,,,works,
way_849281558,28.1903181,76.8569827,INDUSTRIAL,,,,,,works,
way_849281559,28.1904151,76.8585465,INDUSTRIAL,,,,,,works,
way_849281560,28.1914304,76.8611124,INDUSTRIAL,,,,,,works,
way_849281561,28.19767,76.8645906,INDUSTRIAL,,,,,,works,
way_849281562,28.196354,76.8647965,INDUSTRIAL,,,,,,works,
way_849281563,28.1947366,76.8663352,INDUSTRIAL,,,,,,works,
way_849281564,28.1964833,76.8671494,INDUSTRIAL,,,,,,works,
way_849281565,28.1905695,76.8755724,INDUSTRIAL,,,,,,works,
way_849281566,28.1905409,76.876988,INDUSTRIAL,,,,,,works,
way_849281567,28.1854327,76.8721798,INDUSTRIAL,,,,,,works,
way_849281568,28.1872944,76.8728634,INDUSTRIAL,,,,,,works,
way_849281569,28.1875671,76.8742188,INDUSTRIAL,,,,,,works,
way_849281570,28.1870213,76.8758979,INDUSTRIAL,,,,,,works,
way_849281571,28.1860243,76.8735749,INDUSTRIAL,,,,,,works,
way_849281572,28.1804797,76.8725247,INDUSTRIAL,,,,,,works,
way_849281573,28.1809489,76.8755496,INDUSTRIAL,,,,,,works,
way_849281574,28.1834699,76.8787219,INDUSTRIAL,,,,,,works,
way_849281576,28.184274,76.8791704,INDUSTRIAL,,,,,,works,
way_849281577,28.1850751,76.8796225,INDUSTRIAL,,,,,,works,
way_849281578,28.1859914,76.8802239,INDUSTRIAL,,,,,,works,
way_849281579,28.1852787,76.8817518,INDUSTRIAL,,,,,,works,
way_849281580,28.1797988,76.8790733,INDUSTRIAL,,,,,,works,
way_849281581,28.1791264,76.8763871,INDUSTRIAL,,,,,,works,
way_849281582,28.1787488,76.8772938,INDUSTRIAL,,,,,,works,
way_849281583,28.176885,76.8770768,INDUSTRIAL,,,,,,works,
way_849281584,28.1826745,76.8782723,INDUSTRIAL,,,,,,works,
way_849281585,28.1819592,76.8778751,INDUSTRIAL,,,,,,works,
way_849281586,28.182348,76.8801269,INDUSTRIAL,,,,,,works,
way_849281587,28.1830008,76.8834621,INDUSTRIAL,,,,,,works,
way_849281588,28.1879688,76.8767302,INDUSTRIAL,,,,,,works,
way_849281589,28.1884376,76.8778196,INDUSTRIAL,,,,,,works,
way_849281590,28.1832447,76.8650624,INDUSTRIAL,,,,,,works,
way_849281591,28.1777205,76.8604452,INDUSTRIAL,,,,,,works,
way_849281592,28.177834,76.861631,INDUSTRIAL,,,,,,works,
way_849281593,28.1784298,76.8629452,INDUSTRIAL,,,,,,works,
way_849281594,28.1805023,76.8623559,INDUSTRIAL,,,,,,works,
way_849281595,28.1801778,76.8603341,INDUSTRIAL,,,,,,works,
way_849281596,28.1524588,76.8780944,INDUSTRIAL,,,,,,works,
way_849281597,28.1531491,76.87836,INDUSTRIAL,,,,,,works,
way_849281598,28.1515932,76.8870228,INDUSTRIAL,,,,,,works,
way_849281599,28.1622723,76.8737115,INDUSTRIAL,,,,,,works,
way_849281600,28.1620656,76.874296,INDUSTRIAL,,,,,,works,
way_849281601,28.1607074,76.8778721,INDUSTRIAL,,,,,,works,
way_849281602,28.1605076,76.8785113,INDUSTRIAL,,,,,,works,
way_849281603,28.159931,76.877766,INDUSTRIAL,,,,,,works,
way_849281604,28.1589887,76.8775304,INDUSTRIAL,,,,,,works,
way_849281605,28.1575029,76.8769711,INDUSTRIAL,,,,,,works,
way_849281606,28.1560778,76.87598,INDUSTRIAL,,,,,,works,
way_849281607,28.154569,76.877798,INDUSTRIAL,,,,,,works,
way_849281608,28.1559561,76.8783278,INDUSTRIAL,,,,,,works,
way_849281609,28.1554432,76.880798,INDUSTRIAL,,,,,,works,
way_849281610,28.1536365,76.8800886,INDUSTRIAL,,,,,,works,
way_849281611,28.1484972,76.8771412,INDUSTRIAL,,,,,,works,
way_849281612,28.1488632,76.8759152,INDUSTRIAL,,,,,,works,
way_849281613,28.1488642,76.8729248,INDUSTRIAL,,,,,,works,
way_849281614,28.1472822,76.8721962,INDUSTRIAL,,,,,,works,
way_849281615,28.1507093,76.8827654,INDUSTRIAL,,,,,,works,
way_849281616,28.1475811,76.884669,INDUSTRIAL,,,,,,works,
way_849281617,28.1483927,76.881971,INDUSTRIAL,,,,,,works,
way_849281618,28.1453692,76.8868451,INDUSTRIAL,,,,,,works,
way_849281619,28.1471973,76.8872147,INDUSTRIAL,,,,,,works,
way_849281620,28.1459696,76.8911269,INDUSTRIAL,,,,,,works,
way_849281621,28.1446911,76.8930586,INDUSTRIAL,,,,,,works,
way_849281622,28.1422627,76.8859336,INDUSTRIAL,,,,,,works,
way_849281623,28.1418117,76.8843828,INDUSTRIAL,,,,,,works,
way_849281624,28.1414703,76.8806144,INDUSTRIAL,,,,,,works,
way_849281625,28.1405808,76.8801888,INDUSTRIAL,,,,,,works,
way_849281626,28.1402558,76.8827581,INDUSTRIAL,,,,,,works,
way_849281627,28.1426364,76.8944632,INDUSTRIAL,,,,,,works,
way_849281628,28.1376991,76.8932516,INDUSTRIAL,,,,,,works,
way_849281629,28.1358877,76.8938209,INDUSTRIAL,,,,,,works,
way_849281630,28.137132,76.8946813,INDUSTRIAL,,,,,,works,
way_849281631,28.1372943,76.8974679,INDUSTRIAL,,,,,,works,
way_849281632,28.1359736,76.8907343,INDUSTRIAL,,,,,,works,
way_849281633,28.1305142,76.8782442,INDUSTRIAL,,,,,,works,
way_849281634,28.1288395,76.8794381,INDUSTRIAL,,,,,,works,
way_849281635,28.1296817,76.878842,INDUSTRIAL,,,,,,works,
way_849281636,28.1321788,76.8802682,INDUSTRIAL,,,,,,works,
way_849281637,28.1330843,76.8796477,INDUSTRIAL,,,,,,works,
way_849283957,28.2255817,76.7947152,INDUSTRIAL,,,,,industrial,,
way_849283958,28.231866,76.799464,INDUSTRIAL,,,,,industrial,,
way_849283959,28.2369209,76.8027491,INDUSTRIAL,,,,,industrial,,
way_849304607,25.2818481,83.143883,INDUSTRIAL,,,,,industrial,,
way_849304608,25.2825799,83.1463199,INDUSTRIAL,,,,,industrial,,
way_849304619,28.2167745,76.8722505,INDUSTRIAL,,,,,,works,
way_849334146,28.1059413,76.625492,INDUSTRIAL,,,,,,works,
way_849334148,28.213954,76.7840189,INDUSTRIAL,,,,,industrial,,
way_849334149,28.2170724,76.845252,INDUSTRIAL,,,,,,works,
way_849466038,28.2933583,76.7221823,INDUSTRIAL,,,,,industrial,,
way_849466039,28.2937628,76.7210592,INDUSTRIAL,,,,,industrial,,
way_849466040,28.3202504,76.7981037,INDUSTRIAL,,,,,industrial,,
way_849466041,28.2712815,76.8347186,INDUSTRIAL,,,,,industrial,,
way_849466042,28.2721556,76.8322439,INDUSTRIAL,,,,,industrial,,
way_849466043,28.1940256,76.8727827,INDUSTRIAL,,,,,,works,
way_849466044,28.1849447,76.8713588,INDUSTRIAL,,,,,,works,
way_849466046,28.1951108,76.879685,INDUSTRIAL,,,,,,works,
way_849466047,28.1954766,76.8790115,INDUSTRIAL,,,,,,works,
way_849466048,28.1932737,76.8870322,INDUSTRIAL,,,,,,works,
way_849466049,28.1943111,76.8873672,INDUSTRIAL,,,,,,works,
way_849466050,28.1950503,76.8879555,INDUSTRIAL,,,,,,works,
way_849466051,28.195071,76.8865426,INDUSTRIAL,,,,,,works,
way_849466052,28.1951616,76.8851742,INDUSTRIAL,,,,,,works,
way_849466053,28.1956387,76.8838284,INDUSTRIAL,,,,,,works,
way_849466054,28.1961517,76.8825114,INDUSTRIAL,,,,,,works,
way_849466057,28.1943499,76.883123,INDUSTRIAL,,,,,industrial,,
way_849466059,28.2099283,76.8528669,INDUSTRIAL,,,,,,works,
way_849466060,28.2100858,76.8520749,INDUSTRIAL,,,,,,works,
way_849466061,28.2098763,76.8500706,INDUSTRIAL,,,,,,works,
way_849466062,28.2099558,76.8489562,INDUSTRIAL,,,,,,works,
way_849466063,28.2096851,76.8482033,INDUSTRIAL,,,,,,works,
way_849466064,28.2059404,76.8554096,INDUSTRIAL,,,,,,works,
way_849466065,28.2059859,76.854902,INDUSTRIAL,,,,,,works,
way_849466066,28.207702,76.8595227,INDUSTRIAL,,,,,,works,
way_849466067,28.2087316,76.868117,INDUSTRIAL,,,,,,works,
way_849466068,28.2080654,76.8688254,INDUSTRIAL,,,,,,works,
way_849466069,28.2072068,76.8685405,INDUSTRIAL,,,,,,works,
way_849466070,28.2067685,76.8684014,INDUSTRIAL,,,,,,works,
way_849466071,28.2113864,76.8663988,INDUSTRIAL,,,,,,works,
way_849466072,28.2117878,76.8687123,INDUSTRIAL,,,,,,works,
way_849466073,28.2122525,76.8688816,INDUSTRIAL,,,,,,works,
way_849466074,28.210471,76.8614759,INDUSTRIAL,,,,,,works,
way_849466075,28.2060044,76.8629794,INDUSTRIAL,,,,,,works,
way_849466076,28.205515,76.8613641,INDUSTRIAL,,,,,,works,
way_849466077,28.2055257,76.8688724,INDUSTRIAL,,,,,,works,
way_849466078,28.2054039,76.8679631,INDUSTRIAL,,,,,,works,
way_849466079,28.2036675,76.8673862,INDUSTRIAL,,,,,,works,
way_849466080,28.203369,76.8672922,INDUSTRIAL,,,,,,works,
way_849466081,28.2015491,76.8673543,INDUSTRIAL,,,,,,works,
way_849466082,28.2019266,76.8665525,INDUSTRIAL,,,,,,works,
way_849466083,28.201411,76.8645211,INDUSTRIAL,,,,,,works,
way_849477185,28.1206065,76.6148815,INDUSTRIAL,,,,,,works,
way_849477186,28.1175238,76.6166116,INDUSTRIAL,,,,,,works,
way_849477187,28.1193301,76.6103179,INDUSTRIAL,,,,,,works,
way_849477188,28.1184072,76.6088093,INDUSTRIAL,,,,,,works,
way_849477189,28.1157835,76.6020374,INDUSTRIAL,,,,,,works,
way_849477190,28.1066106,76.6073616,INDUSTRIAL,,,,,,works,
way_849477191,28.1072127,76.6081637,INDUSTRIAL,,,,,,works,
way_849477192,28.1060738,76.6048604,INDUSTRIAL,,,,,,works,
way_849477193,28.103421,76.6108035,INDUSTRIAL,,,,,,works,
way_849477194,28.1042964,76.6122923,INDUSTRIAL,,,,,,works,
way_849477195,28.1048568,76.609212,INDUSTRIAL,,,,,,works,
way_849477196,28.1030323,76.6139394,INDUSTRIAL,,,,,,works,
way_849477197,28.1024042,76.6129937,INDUSTRIAL,,,,,,works,
way_849477198,28.1017631,76.6119858,INDUSTRIAL,,,,,,works,
way_849477199,28.1048874,76.6131606,INDUSTRIAL,,,,,,works,
way_849477200,28.1036511,76.6148735,INDUSTRIAL,,,,,,works,
way_849477201,28.1042841,76.6158123,INDUSTRIAL,,,,,,works,
way_849477202,28.1050634,76.6169997,INDUSTRIAL,,,,,,works,
way_849477203,28.1055379,76.6177269,INDUSTRIAL,,,,,,works,
way_849477204,28.0940052,76.6093726,INDUSTRIAL,,,,,,works,
way_849477205,28.0948398,76.6084022,INDUSTRIAL,,,,,,works,
way_849477206,28.0945031,76.6079012,INDUSTRIAL,,,,,,works,
way_849477207,28.0918584,76.6051911,INDUSTRIAL,,,,,,works,
way_849477208,28.1079523,76.7930951,INDUSTRIAL,,,,,industrial,,
way_849477209,28.1118039,76.7930403,INDUSTRIAL,,,,,,works,
way_849477210,28.1132796,76.7938795,INDUSTRIAL,,,,,,works,
way_849477212,28.112749,76.7929315,INDUSTRIAL,,,,,industrial,,
way_849477213,28.1172113,76.8052305,INDUSTRIAL,,,,,,works,
way_849477214,28.1142591,76.8021918,INDUSTRIAL,,,,,,works,
way_849477215,28.1032398,76.8080305,INDUSTRIAL,,,,,industrial,,
way_849477216,28.1032046,76.8091844,INDUSTRIAL,,,,,industrial,,
way_849477218,28.0977054,76.8108582,INDUSTRIAL,,,,,industrial,,
way_849477219,28.0994326,76.8116988,INDUSTRIAL,,,,,industrial,,
way_849477220,28.1003968,76.8035934,INDUSTRIAL,,,,,industrial,,
way_849477221,28.1006089,76.8022729,INDUSTRIAL,,,,,industrial,,
way_849477222,28.1009491,76.7990952,INDUSTRIAL,,,,,industrial,,
way_849477223,28.1384415,76.7809191,INDUSTRIAL,,,,,industrial,,
way_849477226,28.1817296,76.8760053,INDUSTRIAL,,,,,,works,
way_849490207,24.6124486,74.6293678,INDUSTRIAL,,,,,industrial,,
way_849490212,24.5405153,74.7747449,INDUSTRIAL,,,,,industrial,,
way_849490221,24.4577365,74.8609043,INDUSTRIAL,,,,,industrial,,
way_850142002,25.3420276,82.4812295,INDUSTRIAL,Prabhat International,textile,,,industrial,,
way_850212350,28.7494962,76.1536914,INDUSTRIAL,,,,,industrial,,
way_853729213,28.6339988,80.6946861,INDUSTRIAL,,,,,,works,
way_853729214,28.6281976,80.7052961,INDUSTRIAL,,,,,,works,
way_857278334,25.7771217,75.380652,INDUSTRIAL,,,,,industrial,,
way_859467157,25.4644544,81.6749941,INDUSTRIAL,,brickyard,,,industrial,,
way_859811753,28.4628335,77.0707179,INDUSTRIAL,indus,factory,,,industrial,,
way_859967254,31.498858,79.8212304,INDUSTRIAL,札达水电站,,plant,hydro,,,
way_860172555,29.3612527,84.9554837,INDUSTRIAL,,,,,industrial,,
way_860831814,25.8793594,80.5038584,INDUSTRIAL,,,,,industrial,,
way_860831818,25.8803121,80.504283,INDUSTRIAL,,,,,industrial,,
way_860831819,25.8801655,80.5045306,INDUSTRIAL,,,,,industrial,,
way_862991239,28.1531641,82.2545998,INDUSTRIAL,,brickyard,,,industrial,,
way_863231885,26.9901107,75.7688605,INDUSTRIAL,"Rajdhani Krishi Upaj Mandi, Sikar Road",,,,industrial,,Goverment
way_863276766,26.9721044,75.7786341,INDUSTRIAL,VRL LOGISTICS LTD JAIPUR VKIA,,,,industrial,,
way_864640000,26.7687355,75.9309719,INDUSTRIAL,,,,,,works,
way_865638260,26.8593306,75.809845,INDUSTRIAL,Malviya Nagar Power Grid,,substation,,industrial,,
way_865735712,26.7358681,75.8869169,INDUSTRIAL,Unique Power Technologies,,,,,works,
way_865735740,26.7340264,75.8889261,INDUSTRIAL,Ahuja Corporation Private Limited,,,,,works,
way_870457965,24.7525068,74.5675805,INDUSTRIAL,,,,,industrial,,
way_870457973,24.4189005,74.8944158,INDUSTRIAL,,,,,industrial,,
way_870457976,24.4058128,74.8975995,INDUSTRIAL,,,,,industrial,,
way_870457977,24.3956527,74.903959,INDUSTRIAL,,,,,industrial,,
way_870457979,24.4571515,74.9447426,INDUSTRIAL,,,,,industrial,,
way_871410432,30.1556498,74.6900984,INDUSTRIAL,Bahadurgarh,,plant,solar,,,
way_871558615,29.5902516,75.2412669,INDUSTRIAL,Mankhera,,plant,solar,,,
way_871558617,29.8108603,75.3722888,INDUSTRIAL,Jhunir,,plant,solar,,,
way_871558618,29.8506314,75.4015625,INDUSTRIAL,Lakhmirwala,,plant,solar,,,
way_871558622,29.8214605,75.5323228,INDUSTRIAL,Boha,,plant,solar,,,
way_871558623,29.8506408,75.4900834,INDUSTRIAL,Boha,,plant,solar,,,
way_871558624,29.8756016,75.4771551,INDUSTRIAL,Bareh,,plant,solar,,,Rays Power Infra
way_871558625,29.8205237,75.5979135,INDUSTRIAL,Saspali,,plant,solar,,,
way_871595822,29.7879713,75.0867354,INDUSTRIAL,,,plant,solar,,,
way_871595823,29.9040061,75.077801,INDUSTRIAL,Teona Pujarian,,plant,solar,,,
way_871599738,30.0209304,74.5462811,INDUSTRIAL,Sikh Wala,,plant,solar,,,
way_871599739,30.0126786,74.6009445,INDUSTRIAL,Banwala Anu,,plant,solar,,,
way_871714596,29.9608929,75.7758674,INDUSTRIAL,Sangat Pura,,plant,solar,,,
way_871716957,29.9491571,74.6755555,INDUSTRIAL,Killanwali,,plant,solar,,,
way_871820153,23.7026102,75.9238502,INDUSTRIAL,Rojhani- Agar Malwa,,plant,solar,,,
way_873296734,30.8281352,75.0698402,INDUSTRIAL,,,,,industrial,,
way_873296735,30.8526879,75.1326096,INDUSTRIAL,,,,,industrial,,
way_873296736,30.8493662,75.1330675,INDUSTRIAL,,,,,industrial,,
way_873296737,30.8390309,75.1348027,INDUSTRIAL,,,,,industrial,,
way_873296740,30.8219588,75.15343,INDUSTRIAL,,,,,industrial,,
way_873296742,29.9466114,75.0092061,INDUSTRIAL,,,,,industrial,,
way_873296745,29.9360607,74.9810551,INDUSTRIAL,,,,,industrial,,
way_873296746,29.9287495,74.9726933,INDUSTRIAL,,refinery,,,industrial,,
way_873296757,30.2931213,75.5038043,INDUSTRIAL,,,,,industrial,,
way_873296758,30.3377986,75.5105513,INDUSTRIAL,,,,,industrial,,
way_873296759,30.3592084,75.624049,INDUSTRIAL,,,,,industrial,,
way_873296761,30.3775089,75.5711948,INDUSTRIAL,,,,,industrial,,
way_874695676,27.3974581,83.1922759,INDUSTRIAL,,,,,industrial,,
way_874695677,27.3985308,83.1929934,INDUSTRIAL,,,,,industrial,,
way_874695678,27.3971127,83.1993288,INDUSTRIAL,,,,,industrial,,
way_874695708,27.3951707,83.1260616,INDUSTRIAL,,,,,industrial,,
way_874695761,27.4024361,83.1094895,INDUSTRIAL,,,,,industrial,,
way_874695765,27.4487228,83.0083099,INDUSTRIAL,,,,,industrial,,
way_874695772,27.488571,82.7509967,INDUSTRIAL,,,,,industrial,,
way_874695782,27.4169727,83.0092661,INDUSTRIAL,,,,,industrial,,
way_874807277,24.0510913,82.6329181,INDUSTRIAL,,,,,,works,
way_874950311,28.5975385,81.0727126,INDUSTRIAL,,brickyard,,,industrial,,
way_875010870,28.6105702,81.2277174,INDUSTRIAL,,,,,industrial,,
way_875213046,27.3479932,82.3176921,INDUSTRIAL,Utraula Thermal Power Station,,plant,coal,industrial,,Bajaj Energy Limited
way_875402141,27.2309115,82.2992921,INDUSTRIAL,,,,,industrial,,
way_875406633,27.7453243,82.173117,INDUSTRIAL,,,,,industrial,,
way_875477712,27.3077921,83.2350987,INDUSTRIAL,,,,,industrial,,
way_875477727,27.3462993,83.2156902,INDUSTRIAL,,,,,industrial,,
way_875477728,27.3438012,83.2138261,INDUSTRIAL,,,,,industrial,,
way_875497736,25.8895024,74.633021,INDUSTRIAL,,,plant,solar,industrial,,
way_875497737,25.8874163,74.6362464,INDUSTRIAL,,,plant,solar,industrial,,
way_875593432,27.167392,81.7878485,INDUSTRIAL,,,,,industrial,,
way_875709765,27.1313287,81.9206976,INDUSTRIAL,,,,,industrial,,
way_875811958,27.1477677,81.951777,INDUSTRIAL,,,,,industrial,,
way_875864769,27.1400655,82.2508084,INDUSTRIAL,Lords Distillery Ltd,factory,,,industrial,,
way_876570005,27.1783163,84.978551,INDUSTRIAL,,,,,industrial,,
way_876578498,27.178288,84.9795601,INDUSTRIAL,,,,,industrial,,
way_877425362,27.2986649,81.8895753,INDUSTRIAL,,,,,industrial,,
way_877494359,27.2007345,84.9788932,INDUSTRIAL,,,,,industrial,,
way_877711073,25.019605,74.6454455,INDUSTRIAL,Teesta Agro Industries Ltd.,factory,,,industrial,,
way_877874180,25.3036654,81.1928391,INDUSTRIAL,,,,,industrial,,
way_877979229,25.650468,74.8699781,INDUSTRIAL,Nimbera,,plant,solar,industrial,,
way_878096001,26.8984333,81.9712619,INDUSTRIAL,,,,,industrial,,
way_878491027,27.1108738,81.9601777,INDUSTRIAL,,,,,industrial,,
way_878491044,27.0996985,81.9827619,INDUSTRIAL,,,,,industrial,,
way_878491045,27.1026653,81.98012,INDUSTRIAL,,,,,industrial,,
way_878491047,27.1043282,81.9716334,INDUSTRIAL,,,,,industrial,,
way_878491049,27.1068448,81.9730322,INDUSTRIAL,,,,,industrial,,
way_878491057,27.1111734,81.968577,INDUSTRIAL,,,,,industrial,,
way_878500306,27.101392,81.9786608,INDUSTRIAL,,,,,industrial,,
way_878500307,27.1176052,81.9920558,INDUSTRIAL,,,,,industrial,,
way_878500308,27.1192369,81.9907334,INDUSTRIAL,,,,,industrial,,
way_878500309,27.1176374,81.9868496,INDUSTRIAL,,,,,industrial,,
way_878500310,27.1167732,81.9854964,INDUSTRIAL,,,,,industrial,,
way_878500311,27.106261,81.9835546,INDUSTRIAL,,,,,industrial,,
way_878500312,27.110006,81.9829201,INDUSTRIAL,,,,,industrial,,
way_878826098,26.9937473,84.3959829,INDUSTRIAL,,,,,industrial,,
way_878827906,27.1128757,84.4713127,INDUSTRIAL,,,,,industrial,,
way_878827909,26.869334,84.5150086,INDUSTRIAL,,,,,industrial,,
way_878827910,26.8697672,84.5120341,INDUSTRIAL,,,,,industrial,,
way_878827911,26.8735978,84.5102316,INDUSTRIAL,,,,,industrial,,
way_878827912,26.9436298,84.5408732,INDUSTRIAL,,,,,industrial,,
way_879417991,26.7555371,82.0945658,INDUSTRIAL,,,,,industrial,,
way_879557985,26.7590338,82.0465851,INDUSTRIAL,,,,,industrial,,
way_879557986,26.7569261,82.0441081,INDUSTRIAL,,,,,industrial,,
way_879557987,26.7592469,82.0439981,INDUSTRIAL,,,,,industrial,,
way_880488263,25.4097146,81.0025147,INDUSTRIAL,,,,,industrial,,
way_880643820,27.0150545,81.8004763,INDUSTRIAL,,,,,industrial,,
way_880874102,29.2054927,79.5059155,INDUSTRIAL,Dhan Mill,grinding_mill,,,industrial,,
way_880877255,27.1247467,82.4951242,INDUSTRIAL,,,,,industrial,,
way_880877256,27.1241952,82.4890771,INDUSTRIAL,,,,,industrial,,
way_880891691,27.0127915,82.4912015,INDUSTRIAL,,,,,industrial,,
way_880891801,27.0845688,82.5296268,INDUSTRIAL,,,,,industrial,,
way_880891803,27.0798403,82.5293841,INDUSTRIAL,,,,,industrial,,
way_880891804,27.0809663,82.5288825,INDUSTRIAL,,,,,industrial,,
way_880955844,27.0979674,82.004292,INDUSTRIAL,,,,,industrial,,
way_881234012,27.0873544,82.0013617,INDUSTRIAL,,,,,industrial,,
way_881234022,27.0872959,82.0067382,INDUSTRIAL,,,,,industrial,,
way_881234023,27.088983,82.0061373,INDUSTRIAL,,,,,industrial,,
way_881234025,27.0852517,82.0209901,INDUSTRIAL,,,,,industrial,,
way_881234026,27.0882582,82.0152448,INDUSTRIAL,,,,,industrial,,
way_881234027,27.0912504,82.0148599,INDUSTRIAL,,,,,industrial,,
way_881234067,27.1503418,82.0178653,INDUSTRIAL,,,,,industrial,,
way_881537799,27.1873015,81.9526635,INDUSTRIAL,,,,,industrial,,
way_881696379,27.1855466,81.9132417,INDUSTRIAL,,,,,industrial,,
way_881717683,27.2443606,81.9420446,INDUSTRIAL,,,,,industrial,,
way_882794926,27.163334,81.8355945,INDUSTRIAL,,,,,industrial,,
way_883784600,27.1722177,84.9796365,INDUSTRIAL,,,,,industrial,,
way_883812653,27.1757811,84.9796095,INDUSTRIAL,,,,,industrial,,
way_883892403,27.1753966,84.9784035,INDUSTRIAL,,,,,industrial,,
way_884323003,26.9910788,82.5086439,INDUSTRIAL,,,,,industrial,,
way_884367253,27.1499624,81.96345,INDUSTRIAL,,,,,industrial,,
way_884429501,26.9574708,82.4927088,INDUSTRIAL,,,,,industrial,,
way_884429502,26.959075,82.4881357,INDUSTRIAL,,,,,industrial,,
way_884462455,26.9908051,82.5666104,INDUSTRIAL,,,,,industrial,,
way_884462486,26.9919165,82.5577953,INDUSTRIAL,,,,,industrial,,
way_884462487,26.9902685,82.556811,INDUSTRIAL,,,,,industrial,,
way_884462496,26.9789211,82.5575874,INDUSTRIAL,,,,,industrial,,
way_884523036,27.0098595,82.5578785,INDUSTRIAL,,,,,industrial,,
way_884523043,27.0049958,82.5761195,INDUSTRIAL,,,,,industrial,,
way_884732320,27.1737682,84.9783338,INDUSTRIAL,,,,,industrial,,
way_884905161,26.9968841,82.4874839,INDUSTRIAL,,,,,industrial,,
way_884905162,26.9969773,82.4856922,INDUSTRIAL,,,,,industrial,,
way_884905215,27.076873,82.5369774,INDUSTRIAL,,,,,industrial,,
way_885001651,27.07843,82.425537,INDUSTRIAL,,,,,industrial,,
way_885172200,27.1163828,81.8262322,INDUSTRIAL,,,,,industrial,,
way_885172201,27.1180408,81.8263543,INDUSTRIAL,,,,,industrial,,
way_885549897,27.0974384,81.5974868,INDUSTRIAL,,,,,industrial,,
way_885923325,27.021837,81.6859245,INDUSTRIAL,,,,,industrial,,
way_886098168,28.1314189,82.2693829,INDUSTRIAL,,,,,industrial,,
way_886116212,26.9533215,81.7768568,INDUSTRIAL,,,,,industrial,,
way_886116379,26.9490215,81.7684186,INDUSTRIAL,,,,,industrial,,
way_886192385,26.9324175,81.8730059,INDUSTRIAL,,,,,industrial,,
way_886271458,27.0076155,81.9082729,INDUSTRIAL,,,,,industrial,,
way_886271459,27.0076908,81.9071799,INDUSTRIAL,,,,,industrial,,
way_886271460,27.0079346,81.9032519,INDUSTRIAL,,,,,industrial,,
way_886271502,26.9857686,81.9566835,INDUSTRIAL,,,,,industrial,,
way_886271512,26.9737257,81.9489365,INDUSTRIAL,,,,,industrial,,
way_886271516,26.9836885,81.9416275,INDUSTRIAL,,,,,industrial,,
way_886271567,26.9843721,81.8723836,INDUSTRIAL,,,,,industrial,,
way_886271628,26.9581785,81.8328465,INDUSTRIAL,,,,,industrial,,
way_886392513,27.3621523,81.9784811,INDUSTRIAL,,,,,industrial,,
way_886395786,26.8761255,81.8777481,INDUSTRIAL,,,,,industrial,,
way_886395787,26.8758085,81.885961,INDUSTRIAL,,,,,industrial,,
way_886716692,27.1118885,81.5710174,INDUSTRIAL,,,,,industrial,,
way_886790918,25.421384,81.6815873,INDUSTRIAL,,,,,industrial,,
way_886917875,27.0550794,81.7567831,INDUSTRIAL,,,,,industrial,,
way_886917876,27.0565174,81.7609097,INDUSTRIAL,,,,,industrial,,
way_886917877,27.0602317,81.7585118,INDUSTRIAL,,,,,industrial,,
way_886950017,26.9990625,81.8137653,INDUSTRIAL,,,,,industrial,,
way_886950021,27.0055197,81.8098748,INDUSTRIAL,,,,,industrial,,
way_886950090,27.0087053,81.7690435,INDUSTRIAL,,,,,industrial,,
way_886950093,27.0115215,81.7693398,INDUSTRIAL,,,,,industrial,,
way_886950159,27.0582456,81.7462849,INDUSTRIAL,,,,,industrial,,
way_887028111,30.9776782,81.2831461,INDUSTRIAL,,,plant,solar,,,
way_887031742,26.999789,81.8805684,INDUSTRIAL,,,,,industrial,,
way_888349998,24.7155454,74.6688312,INDUSTRIAL,,,,,industrial,,
way_888610216,27.0821794,82.0885027,INDUSTRIAL,,,,,industrial,,
way_888610247,27.0826415,82.083027,INDUSTRIAL,,,,,industrial,,
way_888627798,28.1487346,82.3069739,INDUSTRIAL,,brickyard,,,industrial,,
way_891084106,28.1133259,82.3288346,INDUSTRIAL,,brickyard,,,industrial,,
way_891518944,27.2719308,82.1322951,INDUSTRIAL,,,,,industrial,,
way_891805014,27.3972711,81.9530538,INDUSTRIAL,,,,,industrial,,
way_892536296,28.022589,76.1002112,INDUSTRIAL,HSAMB Market,,,,industrial,,HSAMB
way_892640853,28.0499048,76.0954476,INDUSTRIAL,Hafed Mills,,,,,works,HAFED
way_892646482,31.406035,76.2796298,INDUSTRIAL,,,,,industrial,,
way_892668727,28.4058699,76.7054406,INDUSTRIAL,Vikas Spool Private Limted,manufacturing,,,industrial,,
way_892674800,28.5030822,76.3682387,INDUSTRIAL,,,,,industrial,,
way_892852820,25.03953,79.4237467,INDUSTRIAL,,,,,industrial,,
way_892928939,28.1879647,76.4732605,INDUSTRIAL,,,,,industrial,,
way_892935299,27.3335877,75.5880779,INDUSTRIAL,,,,,industrial,,
way_892935301,26.5441166,74.7711039,INDUSTRIAL,,,,,industrial,,
way_893134616,26.6887192,79.3467285,INDUSTRIAL,,,,,industrial,,
way_893360115,26.8740069,82.1487772,INDUSTRIAL,,,,,industrial,,
way_893842218,27.1694586,81.9476143,INDUSTRIAL,,,,,industrial,,
way_894175177,31.4476057,76.3124421,INDUSTRIAL,,,,,industrial,,
way_894359643,27.1733767,81.9890034,INDUSTRIAL,,,,,industrial,,
way_894359644,27.1780266,81.977887,INDUSTRIAL,,,,,industrial,,
way_894359646,27.1800519,81.9748991,INDUSTRIAL,,,,,industrial,,
way_895269438,29.325286,78.2921469,INDUSTRIAL,,,,,industrial,,
way_895269440,29.4624211,77.3096752,INDUSTRIAL,,,,,industrial,,
way_895269442,29.4414289,77.3144388,INDUSTRIAL,,,,,industrial,,
way_895307459,30.1521549,76.8631571,INDUSTRIAL,,,,,industrial,,
way_895307460,30.1555939,76.8759716,INDUSTRIAL,,,,,industrial,,
way_895307461,30.1722333,76.8685122,INDUSTRIAL,,,,,industrial,,
way_895307464,30.1634306,76.879937,INDUSTRIAL,,,,,industrial,,
way_895307466,29.9929596,77.0537363,INDUSTRIAL,,,,,industrial,,
way_895819438,27.0047276,82.0931777,INDUSTRIAL,,,,,industrial,,
way_895819441,27.0049236,82.0975639,INDUSTRIAL,,,,,industrial,,
way_898273734,26.9500266,75.7588032,INDUSTRIAL,,warehouse,,,industrial,,
way_899143966,27.1872597,82.0453539,INDUSTRIAL,,,,,industrial,,
way_899446200,27.0904772,82.0365194,INDUSTRIAL,,,,,industrial,,
way_899446208,27.0771034,82.0515506,INDUSTRIAL,,,,,industrial,,
way_899446219,27.0827843,82.0328831,INDUSTRIAL,,,,,industrial,,
way_899908558,26.097376,79.6049233,INDUSTRIAL,Project Jalaun,,plant,solar,,,Rays Power Infra
way_899918369,29.8741998,77.7572152,INDUSTRIAL,Project Haridwar 2,,plant,solar,,,Rays Power Infra
way_899918370,29.8784901,77.7365059,INDUSTRIAL,Project Haridwar,,plant,solar,,,Rays Power Infra
way_899924905,25.8173703,79.692256,INDUSTRIAL,Project Uttar Pradesh,,plant,solar,,,Rays Power Infra
way_899934422,29.8684868,77.7355496,INDUSTRIAL,Project Haridwar 4,,plant,solar,,,Rays Power Infra
way_900847382,27.1485296,84.9651094,INDUSTRIAL,,,,,industrial,,
way_900916999,31.2411912,77.8768434,INDUSTRIAL,ANDHRA,,plant,hydro,,,
way_901182731,27.1468021,84.9639922,INDUSTRIAL,,,,,industrial,,
way_901219848,27.1470191,84.9668521,INDUSTRIAL,,,,,industrial,,
way_901280217,27.1443678,84.9680178,INDUSTRIAL,,,,,industrial,,
way_902229463,27.3224769,82.1403611,INDUSTRIAL,,,,,industrial,,
way_902709893,27.6333365,84.4356145,INDUSTRIAL,,,,,industrial,,
way_903087607,29.2238076,79.53252,INDUSTRIAL,Roadways Workshop Haldwani Depot,depot,,,industrial,,
way_903121317,27.6384417,84.4044487,INDUSTRIAL,Sandwitch Home Solutions,,,,industrial,,
way_903268919,23.9905901,79.3900153,INDUSTRIAL,,,,,industrial,,
way_903268926,23.911395,79.1836917,INDUSTRIAL,,,,,industrial,,
way_903554647,26.426542,80.3583732,INDUSTRIAL,,,,,industrial,,
way_903653120,28.958922,77.7386981,INDUSTRIAL,E - block power grid,,plant,,industrial,,
way_903793173,27.6512279,84.4433945,INDUSTRIAL,,,,,industrial,,
way_904707562,27.2599157,82.2419719,INDUSTRIAL,,,,,industrial,,
way_904707567,27.2617076,82.2510351,INDUSTRIAL,,,,,industrial,,
way_904707568,27.2590479,82.2506542,INDUSTRIAL,,,,,industrial,,
way_904707611,27.2253414,82.2952084,INDUSTRIAL,,,,,industrial,,
way_904770315,27.1693626,84.9778635,INDUSTRIAL,,,,,industrial,,
way_904772991,27.2708437,82.2475791,INDUSTRIAL,,,,,industrial,,
way_904772992,27.2650694,82.2458733,INDUSTRIAL,,,,,industrial,,
way_904772993,27.263032,82.2456425,INDUSTRIAL,,,,,industrial,,
way_904772994,27.2651409,82.2492823,INDUSTRIAL,,,,,industrial,,
way_904772995,27.2640965,82.2486923,INDUSTRIAL,,,,,industrial,,
way_905188962,30.5400333,79.5261106,INDUSTRIAL,,,,,industrial,,
way_906721185,28.593758,77.3200465,INDUSTRIAL,Sector 6,,,,industrial,,
way_906721186,28.591527,77.3164153,INDUSTRIAL,Sector 6,,,,industrial,,
way_907671150,28.6304542,82.4563054,INDUSTRIAL,Samikshya Chaumin Factary,,,,,works,
way_910143411,26.3914107,80.3088395,INDUSTRIAL,,,,,industrial,,
way_913244517,27.2893558,82.0521158,INDUSTRIAL,,brickyard,,,industrial,,
way_913495514,27.1597526,84.9720735,INDUSTRIAL,,,plant,solar,,,
way_913516964,27.1578829,84.9732725,INDUSTRIAL,,,,,industrial,,
way_913596725,27.1588683,84.9747386,INDUSTRIAL,,,,,industrial,,
way_913880114,27.1568035,84.9733021,INDUSTRIAL,,,,,industrial,,
way_913941969,27.1494004,84.968482,INDUSTRIAL,,,,,industrial,,
way_914134006,27.1564813,82.2308287,INDUSTRIAL,,,,,industrial,,
way_914530552,29.7603015,84.0264267,INDUSTRIAL,,,generator,,industrial,,
way_914691958,27.1482997,84.9714856,INDUSTRIAL,,,,,industrial,,
way_914794602,27.143111,84.9825211,INDUSTRIAL,,,,,industrial,,
way_915154478,24.5571405,77.7150535,INDUSTRIAL,,,,,industrial,,
way_915154479,24.587427,77.7252862,INDUSTRIAL,,,,,industrial,,
way_915154490,24.5750459,77.7373749,INDUSTRIAL,,,,,industrial,,
way_915216108,28.3191947,77.299177,INDUSTRIAL,,,,,,works,
way_915216109,28.3207905,77.2982322,INDUSTRIAL,,,,,,works,
way_915216110,28.3130068,77.3045275,INDUSTRIAL,,,,,industrial,,
way_915216111,28.3146123,77.2997471,INDUSTRIAL,,,,,industrial,,
way_915216112,28.2979323,77.3008641,INDUSTRIAL,,,,,industrial,,
way_915216113,28.2980677,77.2943518,INDUSTRIAL,,,,,industrial,,
way_915216114,28.2981945,77.2937011,INDUSTRIAL,,,,,industrial,,
way_915216115,28.298068,77.2929768,INDUSTRIAL,,,,,industrial,,
way_915216116,28.3018952,77.2984354,INDUSTRIAL,,,,,industrial,,
way_915216117,28.3723307,77.2336888,INDUSTRIAL,,,,,industrial,,
way_915216118,28.4576617,77.2881196,INDUSTRIAL,,,,,industrial,,
way_915216728,28.4779324,77.2985599,INDUSTRIAL,Gurukul Industrial Area,,,,industrial,,
way_915216729,28.4758282,77.2997353,INDUSTRIAL,,,,,,works,
way_915216730,28.4769152,77.2999052,INDUSTRIAL,,,,,,works,
way_915224388,24.7257834,78.4324961,INDUSTRIAL,,,,,industrial,,
way_915819029,27.1403741,84.9653503,INDUSTRIAL,,,,,industrial,,
way_915819030,27.1368845,84.9627917,INDUSTRIAL,,,,,industrial,,
way_915948403,27.1262108,84.9547922,INDUSTRIAL,,,,,industrial,,
way_916010743,27.1504611,81.7258639,INDUSTRIAL,,,,,industrial,,
way_916010754,27.1673586,81.7334761,INDUSTRIAL,,,,,industrial,,
way_916010763,27.1648171,81.719019,INDUSTRIAL,,,,,industrial,,
way_916126040,27.1493418,81.7133864,INDUSTRIAL,,,,,industrial,,
way_916316195,27.1236077,84.9557285,INDUSTRIAL,,,,,industrial,,
way_916320722,27.1207509,84.9521147,INDUSTRIAL,,,,,industrial,,
way_916320724,27.1213921,84.9538588,INDUSTRIAL,,,,,industrial,,
way_916928216,26.9680244,81.9452968,INDUSTRIAL,,,,,industrial,,
way_916928245,26.9499193,81.9256281,INDUSTRIAL,,,,,industrial,,
way_917550266,27.136157,81.7746265,INDUSTRIAL,,,,,industrial,,
way_918373259,27.2480746,81.8178222,INDUSTRIAL,,,,,industrial,,
way_918373278,27.2401086,81.8558961,INDUSTRIAL,,,,,industrial,,
way_918373288,27.2263717,81.8733466,INDUSTRIAL,,,,,industrial,,
way_918373289,27.2258744,81.8644725,INDUSTRIAL,,,,,industrial,,
way_918575092,27.0355717,82.2611081,INDUSTRIAL,,,,,industrial,,
way_918667893,28.0335251,82.425415,INDUSTRIAL,,brickyard,,,industrial,,
way_918775609,27.9887059,84.0888128,INDUSTRIAL,,,,,industrial,,
way_918775613,27.989503,84.0897198,INDUSTRIAL,,,,,industrial,,
way_919026361,27.9882379,84.0866401,INDUSTRIAL,,,,,industrial,,
way_919697578,31.4906287,74.9556089,INDUSTRIAL,,,,,industrial,,
way_919730610,30.9999727,76.4554297,INDUSTRIAL,,,,,industrial,,
way_919730617,30.8445144,76.7174341,INDUSTRIAL,Majra,,substation,,industrial,,
way_919730618,30.865437,76.5947981,INDUSTRIAL,,,,,industrial,,
way_919730619,30.8629638,76.5819035,INDUSTRIAL,,,,,industrial,,
way_919730620,30.8617328,76.5700155,INDUSTRIAL,,,,,industrial,,
way_919730621,30.8611835,76.570365,INDUSTRIAL,,,,,industrial,,
way_919730622,30.8652728,76.5711407,INDUSTRIAL,,,,,industrial,,
way_919730623,30.8660199,76.5715075,INDUSTRIAL,,,,,industrial,,
way_919730638,30.7013473,76.8031662,INDUSTRIAL,,,,,,works,
way_919730639,30.7062014,76.8069926,INDUSTRIAL,,,,,,works,
way_919730640,30.7052292,76.8062136,INDUSTRIAL,,,,,,works,
way_919730641,30.7126969,76.8098489,INDUSTRIAL,,,,,,works,
way_919730642,30.7142668,76.8104382,INDUSTRIAL,,,,,,works,
way_919765956,31.3348694,75.3879154,INDUSTRIAL,,,,,industrial,,
way_919765957,31.3430094,75.3809288,INDUSTRIAL,,,,,industrial,,
way_919765958,31.3426485,75.3796376,INDUSTRIAL,,,,,industrial,,
way_919765959,31.344487,75.362991,INDUSTRIAL,,,,,industrial,,
way_919765960,31.3613717,75.3708726,INDUSTRIAL,,,,,industrial,,
way_919765961,31.3755834,75.4198726,INDUSTRIAL,,,,,industrial,,
way_919765963,31.3574048,75.3841415,INDUSTRIAL,,,,,industrial,,
way_919765964,31.3546305,75.4022323,INDUSTRIAL,,,,,industrial,,
way_919765965,31.3570166,75.3999491,INDUSTRIAL,,,,,industrial,,
way_919765966,31.3472717,75.4491473,INDUSTRIAL,,,,,industrial,,
way_919765969,31.340016,75.5167376,INDUSTRIAL,Jaspo Worldwide,,,,,works,
way_919765970,31.3406694,75.5198736,INDUSTRIAL,,,,,,works,
way_919765971,31.339147,75.521531,INDUSTRIAL,,,,,,works,
way_919765972,31.3374078,75.5136927,INDUSTRIAL,,,,,,works,
way_919765973,31.3335269,75.5185242,INDUSTRIAL,,,,,industrial,,
way_919765976,31.3351637,75.5136389,INDUSTRIAL,,,,,,works,
way_919765977,31.3650271,75.5596773,INDUSTRIAL,,,,,industrial,,
way_919765978,31.3619772,75.5709834,INDUSTRIAL,,,,,,works,
way_919765979,31.3618279,75.5722504,INDUSTRIAL,,,,,,works,
way_919770571,28.7606953,76.7283835,INDUSTRIAL,,,,,industrial,,
way_919770572,28.7636758,76.7202496,INDUSTRIAL,,,,,industrial,,
way_919770573,28.7638219,76.7260652,INDUSTRIAL,,,,,industrial,,
way_919770574,28.7623284,76.7256804,INDUSTRIAL,,,,,industrial,,
way_919770575,28.7837009,76.7788653,INDUSTRIAL,,,,,industrial,,
way_919770576,28.759566,76.7854308,INDUSTRIAL,,,,,industrial,,
way_919770577,28.7598694,76.7841419,INDUSTRIAL,,,,,industrial,,
way_919770578,28.7534628,76.7938415,INDUSTRIAL,,,,,industrial,,
way_919770579,28.7558579,76.8027914,INDUSTRIAL,,,,,industrial,,
way_919770580,28.7550126,76.8159209,INDUSTRIAL,,,,,industrial,,
way_919770581,28.7542874,76.8127574,INDUSTRIAL,,,,,industrial,,
way_919770582,28.744026,76.816186,INDUSTRIAL,,,,,industrial,,
way_919770583,28.7365955,76.8263539,INDUSTRIAL,,,,,industrial,,
way_919770584,28.7411179,76.8247536,INDUSTRIAL,,,,,industrial,,
way_919770585,28.7386148,76.8343233,INDUSTRIAL,,,,,industrial,,
way_919770586,28.7387017,76.8351836,INDUSTRIAL,,,,,industrial,,
way_919770587,28.7360347,76.8349269,INDUSTRIAL,,,,,industrial,,
way_919770588,28.7345377,76.8436763,INDUSTRIAL,,,,,industrial,,
way_919770589,28.8194582,76.8316258,INDUSTRIAL,,,,,industrial,,
way_919770590,28.8222687,76.8347602,INDUSTRIAL,,,,,industrial,,
way_919770591,28.8441792,76.8561982,INDUSTRIAL,,,,,industrial,,
way_919770592,28.8474366,76.8576292,INDUSTRIAL,,,,,industrial,,
way_919770593,28.840656,76.8542978,INDUSTRIAL,,,,,industrial,,
way_919824608,29.3099386,76.9902455,INDUSTRIAL,,,,,industrial,,
way_919824609,29.2880932,76.996086,INDUSTRIAL,,,,,,works,
way_919824610,29.1722827,77.0137826,INDUSTRIAL,,,,,industrial,,
way_919824611,29.1849104,77.0224322,INDUSTRIAL,,,,,,works,
way_919824614,29.1114739,77.0421349,INDUSTRIAL,,,,,,works,
way_919824615,29.1115263,77.0393575,INDUSTRIAL,,,,,,works,
way_919824616,29.1114643,77.0430519,INDUSTRIAL,,,,,,works,
way_919824617,29.1115825,77.0450897,INDUSTRIAL,,,,,,works,
way_919824618,29.1115915,77.0441674,INDUSTRIAL,,,,,,works,
way_919824619,29.1109705,77.0450781,INDUSTRIAL,,,,,,works,
way_919824620,29.1101564,77.045063,INDUSTRIAL,,,,,,works,
way_919824621,29.1060445,77.0408367,INDUSTRIAL,,,,,,works,
way_919824622,28.977947,77.0153993,INDUSTRIAL,,,,,industrial,,
way_919824626,28.7261203,76.8936719,INDUSTRIAL,,,,,industrial,,
way_919824627,28.7282216,76.8579924,INDUSTRIAL,Hindustan petroleum corporation limited,,,,industrial,,
way_919824628,28.7286604,76.8557159,INDUSTRIAL,,,,,,works,
way_919824629,28.7423245,76.8396642,INDUSTRIAL,,,,,industrial,,
way_919824630,28.7422155,76.8370912,INDUSTRIAL,,,,,industrial,,
way_919824631,28.7412991,76.8348134,INDUSTRIAL,,,,,industrial,,
way_919824632,28.7413881,76.8335086,INDUSTRIAL,,,,,industrial,,
way_919824633,28.7392875,76.8407133,INDUSTRIAL,,,,,industrial,,
way_919824634,28.7351598,76.8376292,INDUSTRIAL,,,,,industrial,,
way_919824635,28.7354666,76.8368528,INDUSTRIAL,,,,,industrial,,
way_919824636,28.7401621,76.8276159,INDUSTRIAL,,,,,industrial,,
way_919824637,28.7390113,76.8260968,INDUSTRIAL,,,,,,works,
way_919824638,28.7404455,76.8195752,INDUSTRIAL,,,,,,works,
way_919824639,28.7499009,76.8133028,INDUSTRIAL,,,,,industrial,,
way_919824640,28.7502403,76.8123652,INDUSTRIAL,,,,,industrial,,
way_919826554,29.3519741,76.9503773,INDUSTRIAL,,,,,industrial,,
way_919826555,29.3425113,76.9412957,INDUSTRIAL,,,,,,works,
way_919826556,29.3427609,76.9414231,INDUSTRIAL,,,,,industrial,,
way_919826557,29.3380203,76.9325791,INDUSTRIAL,,,,,industrial,,
way_919826558,29.3374396,76.9329125,INDUSTRIAL,,,,,industrial,,
way_919826559,29.3363709,76.9311057,INDUSTRIAL,,,,,industrial,,
way_919826560,29.3357183,76.9311466,INDUSTRIAL,,,,,industrial,,
way_919826561,29.3292895,76.9344543,INDUSTRIAL,,,,,industrial,,
way_919826562,29.3281344,76.9292401,INDUSTRIAL,,,,,industrial,,
way_919826563,29.3132131,76.9066451,INDUSTRIAL,,,,,industrial,,
way_919826564,29.2924465,76.8978669,INDUSTRIAL,,,,,industrial,,
way_919826565,29.2937185,76.8897513,INDUSTRIAL,,,,,industrial,,
way_919826566,29.2862468,76.9004828,INDUSTRIAL,,,,,industrial,,
way_919828393,29.4324644,77.0050732,INDUSTRIAL,,,,,industrial,,
way_919828394,29.4329056,77.008358,INDUSTRIAL,,,,,industrial,,
way_919828395,29.3743957,77.0391571,INDUSTRIAL,,,,,industrial,,
way_919828396,29.3756167,77.038021,INDUSTRIAL,,,,,industrial,,
way_919828398,29.3229848,76.9954944,INDUSTRIAL,,,,,industrial,,
way_919828399,29.3243959,76.9901784,INDUSTRIAL,,,,,industrial,,
way_919828400,29.3135227,76.9926722,INDUSTRIAL,,,,,industrial,,
way_919828401,29.3114617,77.0062903,INDUSTRIAL,,,,,industrial,,
way_919828402,29.3001899,76.9968394,INDUSTRIAL,,,,,industrial,,
way_919828403,29.298729,76.9979718,INDUSTRIAL,,,,,industrial,,
way_919828404,29.3020706,76.9924018,INDUSTRIAL,,,,,industrial,,
way_919828405,29.3257842,77.0013795,INDUSTRIAL,,,,,industrial,,
way_919828406,29.3259888,77.0003829,INDUSTRIAL,,,,,industrial,,
way_919850707,29.4655802,76.9858084,INDUSTRIAL,,,,,industrial,,
way_919850708,29.4682649,77.0000933,INDUSTRIAL,,,plant,,,,
way_919850709,29.467703,77.0019105,INDUSTRIAL,,,,,industrial,,
way_919850710,29.4696394,76.9982131,INDUSTRIAL,,,,,industrial,,
way_919850711,29.4717696,77.0009637,INDUSTRIAL,,,,,industrial,,
way_919850712,29.478082,76.9983345,INDUSTRIAL,,,,,industrial,,
way_919850713,29.4772556,76.9985417,INDUSTRIAL,,,,,industrial,,
way_919850714,29.4816134,77.0001416,INDUSTRIAL,,,,,industrial,,
way_919850715,29.4818118,77.0040587,INDUSTRIAL,,,,,industrial,,
way_919850716,29.4824914,77.0032865,INDUSTRIAL,,,,,industrial,,
way_919850717,29.4850082,77.0112586,INDUSTRIAL,,,,,industrial,,
way_919850718,29.4968802,77.0450646,INDUSTRIAL,,,,,industrial,,
way_919850719,29.5004122,77.0420294,INDUSTRIAL,,,,,industrial,,
way_919850720,29.5009624,77.04204,INDUSTRIAL,,,,,industrial,,
way_919850721,29.5009718,77.0406784,INDUSTRIAL,,,,,industrial,,
way_919850722,29.4962114,77.0513463,INDUSTRIAL,,,,,industrial,,
way_919850723,29.4962756,77.0545582,INDUSTRIAL,,,,,industrial,,
way_919850724,29.4851054,76.9755282,INDUSTRIAL,,,,,industrial,,
way_919850725,29.4728759,76.9697817,INDUSTRIAL,,,,,industrial,,
way_919855525,29.0919398,77.0945062,INDUSTRIAL,,,,,industrial,,
way_919855526,29.0939172,77.0935558,INDUSTRIAL,,,,,industrial,,
way_919855527,29.0939111,77.0942386,INDUSTRIAL,,,,,industrial,,
way_919855528,29.0932897,77.0945265,INDUSTRIAL,,,,,industrial,,
way_919855529,29.0907563,77.0858665,INDUSTRIAL,,,,,industrial,,
way_919855530,29.0857226,77.0847986,INDUSTRIAL,,,,,industrial,,
way_919855531,29.0962271,77.0497907,INDUSTRIAL,,,,,,works,
way_919855532,29.2857506,76.997575,INDUSTRIAL,,,,,industrial,,
way_919855533,29.2946156,76.9983579,INDUSTRIAL,,,,,industrial,,
way_919855534,29.4214795,76.9339182,INDUSTRIAL,,,,,industrial,,
way_919855535,29.4341093,76.9686109,INDUSTRIAL,,,,,industrial,,
way_919855536,29.4548077,76.9675353,INDUSTRIAL,,,,,industrial,,
way_919855537,29.4544997,76.968481,INDUSTRIAL,,,,,industrial,,
way_919855538,29.4552035,76.9695792,INDUSTRIAL,,,,,industrial,,
way_919855539,29.4734795,76.9786481,INDUSTRIAL,,,,,industrial,,
way_919855540,29.4725279,76.9778915,INDUSTRIAL,,,,,industrial,,
way_919855541,29.4742414,76.9758753,INDUSTRIAL,,,,,industrial,,
way_919855542,29.487321,76.996375,INDUSTRIAL,,,,,industrial,,
way_919855543,29.4876338,76.9944164,INDUSTRIAL,,,,,industrial,,
way_919872845,28.3674926,76.9060075,INDUSTRIAL,,,,,,works,
way_919872846,28.3791841,76.8880547,INDUSTRIAL,,,,,,works,
way_919872848,28.3769315,76.8951211,INDUSTRIAL,,,,,,works,
way_919872849,28.3728685,76.9452578,INDUSTRIAL,,,,,industrial,,
way_919872850,28.3740498,76.9471299,INDUSTRIAL,,,,,industrial,,
way_919872851,28.3713733,76.9438378,INDUSTRIAL,,,,,industrial,,
way_919872852,28.3707178,76.9251339,INDUSTRIAL,,,,,,works,
way_919872853,28.3715266,76.9251441,INDUSTRIAL,,,,,,works,
way_919872854,28.3577101,76.9312235,INDUSTRIAL,,,,,,works,
way_919872855,28.3591715,76.9289046,INDUSTRIAL,,,,,,works,
way_919872856,28.3592862,76.9276924,INDUSTRIAL,,,,,,works,
way_919872857,28.3714246,76.9088646,INDUSTRIAL,,,,,,works,
way_919872858,28.3704964,76.9035413,INDUSTRIAL,,,,,,works,
way_919872859,28.3667708,76.8957966,INDUSTRIAL,,,,,,works,
way_919872861,28.3634024,76.8814498,INDUSTRIAL,,,,,,works,
way_919872862,28.3633814,76.883372,INDUSTRIAL,,,,,,works,
way_919872863,28.3655821,76.8815063,INDUSTRIAL,,,,,,works,
way_919872864,28.3650803,76.8826463,INDUSTRIAL,,,,,,works,
way_919872865,28.3655552,76.8830375,INDUSTRIAL,,,,,,works,
way_919872866,28.3677691,76.8796301,INDUSTRIAL,,,,,,works,
way_919872867,28.3677534,76.8807607,INDUSTRIAL,,,,,,works,
way_919872868,28.367723,76.8826818,INDUSTRIAL,,,,,,works,
way_919872870,29.0216497,77.0675435,INDUSTRIAL,,,,,,works,
way_919872871,29.0216134,77.0712668,INDUSTRIAL,,,,,,works,
way_919872872,29.0244444,77.0707655,INDUSTRIAL,,,,,,works,
way_919872873,29.0210222,77.0696349,INDUSTRIAL,,,,,industrial,,
way_919872876,29.070793,77.0593882,INDUSTRIAL,,,,,,works,
way_919872877,29.097696,77.0474524,INDUSTRIAL,,,,,,works,
way_919872878,29.061996,77.0595069,INDUSTRIAL,,,,,industrial,,
way_919872879,29.068095,77.065098,INDUSTRIAL,,,,,industrial,,
way_919872880,29.0691425,77.0645274,INDUSTRIAL,,,,,industrial,,
way_919872881,29.0693278,77.0665421,INDUSTRIAL,,,,,industrial,,
way_919872882,29.073521,77.0719046,INDUSTRIAL,,,,,industrial,,
way_919872883,29.0711059,77.0714551,INDUSTRIAL,,,,,industrial,,
way_919872884,29.0707523,77.0724501,INDUSTRIAL,,,,,industrial,,
way_919872885,29.0769722,77.0998259,INDUSTRIAL,,,,,industrial,,
way_919872886,29.0769048,77.0820227,INDUSTRIAL,,,,,industrial,,
way_919872887,29.0774785,77.0794593,INDUSTRIAL,,,,,industrial,,
way_919872888,29.0760913,77.0785705,INDUSTRIAL,,,,,industrial,,
way_919872889,29.0755473,77.0782435,INDUSTRIAL,,,,,industrial,,
way_919872890,29.0740049,77.0782321,INDUSTRIAL,,,,,industrial,,
way_919872891,29.0752234,77.0811718,INDUSTRIAL,,,,,industrial,,
way_920186484,30.8617987,75.7395966,INDUSTRIAL,,,,,industrial,,
way_920186485,30.8627834,75.739254,INDUSTRIAL,,,,,industrial,,
way_920186487,30.9627185,75.8574369,INDUSTRIAL,,,,,industrial,,
way_920186488,30.9597466,75.8623565,INDUSTRIAL,,,,,industrial,,
way_920186489,30.9541904,75.8365758,INDUSTRIAL,,,,,industrial,,
way_920186491,30.952412,75.8241968,INDUSTRIAL,,,,,industrial,,
way_920186492,30.9540762,75.8148734,INDUSTRIAL,,,,,industrial,,
way_920186493,30.9544071,75.8133443,INDUSTRIAL,,,,,industrial,,
way_920186494,30.9588536,75.8169333,INDUSTRIAL,,,,,industrial,,
way_920186496,30.9867773,75.7734799,INDUSTRIAL,,,,,industrial,,
way_920186497,30.9797366,75.7509725,INDUSTRIAL,,,,,industrial,,
way_920186498,30.9787273,75.7545224,INDUSTRIAL,,,,,industrial,,
way_920186499,30.976622,75.7541261,INDUSTRIAL,,,,,industrial,,
way_920186501,30.893054,75.8017172,INDUSTRIAL,,,,,industrial,,
way_920212858,30.8712333,75.9205793,INDUSTRIAL,,,,,,works,
way_920212859,30.8716047,75.9226365,INDUSTRIAL,,,,,,works,
way_920212860,30.8628698,75.9306134,INDUSTRIAL,,,,,industrial,,
way_920212861,30.8625106,75.9270005,INDUSTRIAL,,,,,industrial,,
way_920212862,30.8573428,75.914128,INDUSTRIAL,,,,,industrial,,
way_920212863,30.8577455,75.9099616,INDUSTRIAL,,,,,industrial,,
way_920212864,30.8602816,75.9264643,INDUSTRIAL,,,,,industrial,,
way_920212865,30.8572659,75.9337747,INDUSTRIAL,,,,,industrial,,
way_920212866,30.8565537,75.9304073,INDUSTRIAL,,,,,industrial,,
way_920212867,30.844526,75.9267615,INDUSTRIAL,,,,,industrial,,
way_920212868,30.8526096,75.9313956,INDUSTRIAL,,,,,industrial,,
way_920212869,30.8548931,75.9292492,INDUSTRIAL,,,,,industrial,,
way_920212870,30.8543063,75.9313822,INDUSTRIAL,,,,,industrial,,
way_920212871,30.8557288,75.9319541,INDUSTRIAL,,,,,industrial,,
way_920212872,30.8550762,75.9333338,INDUSTRIAL,,,,,industrial,,
way_920212873,30.8677843,75.9366506,INDUSTRIAL,,,,,industrial,,
way_920212874,30.8711476,75.945752,INDUSTRIAL,,,,,industrial,,
way_920212875,30.8916363,75.9046228,INDUSTRIAL,,,,,,works,
way_920212876,30.8917101,75.9058599,INDUSTRIAL,,,,,,works,
way_920212877,30.8911332,75.9066355,INDUSTRIAL,,,,,,works,
way_920212878,30.8824697,75.8983152,INDUSTRIAL,,,,,,works,
way_920212879,30.8836559,75.9018186,INDUSTRIAL,,,,,,works,
way_920212880,30.8839027,75.9110487,INDUSTRIAL,,,,,,works,
way_920212881,30.8835761,75.9107876,INDUSTRIAL,,,,,,works,
way_920212882,30.8861201,75.9118205,INDUSTRIAL,,,,,,works,
way_920212883,30.8830819,75.9138052,INDUSTRIAL,,,,,,works,
way_920212884,30.8835159,75.9129856,INDUSTRIAL,,,,,,works,
way_920212885,30.8817861,75.9130268,INDUSTRIAL,,,,,,works,
way_920212887,30.8822874,75.9331709,INDUSTRIAL,,,,,,works,
way_920212888,30.8846169,75.9338992,INDUSTRIAL,,,,,,works,
way_920212894,30.8664649,75.940366,INDUSTRIAL,,,,,industrial,,
way_920212895,30.8732611,75.9615125,INDUSTRIAL,,,,,industrial,,
way_920212896,30.8795689,75.958297,INDUSTRIAL,,,,,industrial,,
way_920212897,30.8791844,75.9527717,INDUSTRIAL,,,,,industrial,,
way_920212898,30.8773087,75.9472953,INDUSTRIAL,,,,,industrial,,
way_920212899,30.8772165,75.9437175,INDUSTRIAL,,,,,industrial,,
way_920212900,30.87813,75.9410324,INDUSTRIAL,,,,,industrial,,
way_920212901,30.97238,75.8970085,INDUSTRIAL,,,,,industrial,,
way_920212902,30.963885,75.9015893,INDUSTRIAL,,,,,industrial,,
way_920212903,30.961657,75.899954,INDUSTRIAL,,,,,industrial,,
way_920212904,30.9566127,75.9023093,INDUSTRIAL,,,,,industrial,,
way_920212905,30.9573448,75.8982318,INDUSTRIAL,,,,,industrial,,
way_920212906,30.9528042,75.9085724,INDUSTRIAL,,,,,industrial,,
way_920212907,30.954343,75.9088587,INDUSTRIAL,,,,,industrial,,
way_920212908,30.9543627,75.9109958,INDUSTRIAL,,,,,industrial,,
way_920212909,30.954779,75.9101884,INDUSTRIAL,,,,,industrial,,
way_920212911,30.9532596,75.8903516,INDUSTRIAL,,,,,industrial,,
way_920212912,30.953432,75.8909393,INDUSTRIAL,,,,,industrial,,
way_920212913,30.9568104,75.8810897,INDUSTRIAL,,,,,industrial,,
way_920212914,30.9567682,75.881724,INDUSTRIAL,,,,,industrial,,
way_920214273,30.908284,75.8908144,INDUSTRIAL,Vardhaman Mill,,,,industrial,,
way_920214274,30.9046355,75.8900021,INDUSTRIAL,,,,,industrial,,
way_920214275,30.8782028,75.9508393,INDUSTRIAL,,,,,industrial,,
way_920236232,30.7130332,76.6939018,INDUSTRIAL,,,,,,works,
way_920236233,30.7126242,76.6943707,INDUSTRIAL,,,,,,works,
way_920236234,30.7107296,76.6972321,INDUSTRIAL,,,,,,works,
way_920236235,30.7181539,76.6974189,INDUSTRIAL,,,,,,works,
way_920236236,30.7174016,76.6939467,INDUSTRIAL,,,,,,works,
way_920236237,30.7172184,76.6923638,INDUSTRIAL,,,,,,works,
way_920236238,30.7179332,76.6934904,INDUSTRIAL,,,,,,works,
way_920236239,30.7183688,76.6924576,INDUSTRIAL,,,,,,works,
way_920236241,30.7070105,76.7012667,INDUSTRIAL,,,,,,works,
way_920236243,30.7032422,76.6963709,INDUSTRIAL,,,,,,works,
way_920236244,30.7235514,76.7059985,INDUSTRIAL,,,,,,works,
way_920236245,30.7230907,76.707874,INDUSTRIAL,,,,,,works,
way_920236246,30.7210794,76.7102946,INDUSTRIAL,,,,,,works,
way_920236247,30.7276619,76.708612,INDUSTRIAL,,,,,,works,
way_920236248,30.7279595,76.7090773,INDUSTRIAL,,,,,,works,
way_920236249,30.7319466,76.7078599,INDUSTRIAL,,,,,,works,
way_920236251,30.7336273,76.7046649,INDUSTRIAL,,,,,,works,
way_920244699,30.7067622,76.70528,INDUSTRIAL,,,,,,works,
way_920244700,30.7071124,76.7058488,INDUSTRIAL,,,,,,works,
way_920244701,30.7184016,76.6978171,INDUSTRIAL,,,,,,works,
way_920263804,27.2493431,81.8060232,INDUSTRIAL,,,,,industrial,,
way_920263810,27.247705,81.780923,INDUSTRIAL,,,,,industrial,,
way_920263823,27.2599539,81.7920864,INDUSTRIAL,,,,,industrial,,
way_921024558,26.9437864,82.494341,INDUSTRIAL,,,,,industrial,,
way_921044515,24.8838318,79.9011612,INDUSTRIAL,,,,,industrial,,
way_923183817,29.7394655,77.6567893,INDUSTRIAL,,brickyard,,,industrial,,
way_925000572,27.1120998,84.9624539,INDUSTRIAL,,,,,industrial,,
way_926407390,29.4557652,76.8597266,INDUSTRIAL,Panipat Naphtha Cracker Power Plant,,plant,gas,industrial,,
way_928057095,26.7073614,80.9707752,INDUSTRIAL,,,,,industrial,,
way_928057096,26.693636,80.98071,INDUSTRIAL,,,,,industrial,,
way_928454745,28.5109218,77.4907668,INDUSTRIAL,,,,,industrial,,
way_928454746,28.5022767,77.4872106,INDUSTRIAL,,,,,industrial,,
way_928454753,28.5211197,77.4722037,INDUSTRIAL,,,,,industrial,,
way_928454754,28.4920057,77.4943341,INDUSTRIAL,,,,,industrial,,
way_928454763,28.677693,77.5145665,INDUSTRIAL,,,,,industrial,,
way_928454766,28.6745419,77.4929157,INDUSTRIAL,,,,,industrial,,
way_928454771,28.5405253,77.5313223,INDUSTRIAL,,,,,industrial,,
way_932855460,27.1095543,84.9725102,INDUSTRIAL,,,,,industrial,,
way_932964810,27.1155515,84.9615094,INDUSTRIAL,,,,,industrial,,
way_933246003,30.290635,79.3851687,INDUSTRIAL,,,plant,hydro,,,
way_933292037,27.1146541,84.9596842,INDUSTRIAL,,,,,industrial,,
way_933297611,27.1109942,84.9501713,INDUSTRIAL,,,,,industrial,,
way_933345105,27.1164529,84.9572607,INDUSTRIAL,,,,,industrial,,
way_933420622,27.1112367,84.949178,INDUSTRIAL,,,,,industrial,,
way_933420623,27.1147889,84.949664,INDUSTRIAL,,,,,industrial,,
way_935472282,28.910991,78.7171134,INDUSTRIAL,,,substation,,industrial,,
way_937058026,27.932562,77.7471149,INDUSTRIAL,,,,,industrial,,
way_937058028,28.1122972,78.3592847,INDUSTRIAL,,,,,industrial,,
way_937058029,27.9115598,78.1750044,INDUSTRIAL,,,,,industrial,,
way_937058030,27.8209696,78.0336343,INDUSTRIAL,,,,,industrial,,
way_937058031,27.9923658,78.2570542,INDUSTRIAL,,,,,industrial,,
way_937059414,28.0977567,78.0748632,INDUSTRIAL,,,,,industrial,,
way_937059415,28.0981171,78.0684881,INDUSTRIAL,,,,,industrial,,
way_937068355,28.3564594,78.3801118,INDUSTRIAL,,,,,industrial,,
way_937097250,28.7063006,78.5437908,INDUSTRIAL,,,,,industrial,,
way_937251458,28.8903809,78.4664647,INDUSTRIAL,,,,,industrial,,
way_937974332,27.4720159,80.776885,INDUSTRIAL,,,,,industrial,,
way_939095327,24.9644517,74.6676295,INDUSTRIAL,Chanderia Smelter Power Plant,,plant,coal,industrial,,
way_939474520,27.4656106,78.2915005,INDUSTRIAL,,,,,industrial,,
way_939474521,27.4655642,78.2892918,INDUSTRIAL,,,,,industrial,,
way_939526915,27.1960001,82.1059468,INDUSTRIAL,,,,,industrial,,
way_939526926,27.2088737,82.1246422,INDUSTRIAL,,,,,industrial,,
way_939526948,27.2308498,82.160633,INDUSTRIAL,,,,,industrial,,
way_939526972,27.1933139,82.1634334,INDUSTRIAL,,,,,industrial,,
way_939762227,30.5761839,77.6145767,INDUSTRIAL,,,plant,hydro,,,
way_940052208,30.5403162,77.2469799,INDUSTRIAL,,,,,industrial,,
way_940063188,30.582817,77.1975781,INDUSTRIAL,,,,,industrial,,
way_941564795,27.21657,80.2622657,INDUSTRIAL,,brickyard,,,industrial,,
way_941564796,27.2130243,80.2724459,INDUSTRIAL,,brickyard,,,industrial,,
way_942940391,30.4203162,74.5186543,INDUSTRIAL,,,,,industrial,,
way_942940392,30.473086,74.5048517,INDUSTRIAL,,,,,industrial,,
way_942943736,24.6391562,83.1015125,INDUSTRIAL,Jaypee Churk Power Station,,plant,coal,industrial,,
way_943163823,27.6054974,83.4484228,INDUSTRIAL,,,,,industrial,,
way_944155015,25.8381152,78.4059984,INDUSTRIAL,,,,,industrial,,
way_944333163,24.3295374,81.3285274,INDUSTRIAL,Kariajhar power station,,plant,coal,industrial,,Jaiprakash Associates
way_945259384,30.6536937,76.3251056,INDUSTRIAL,,,,,,works,
way_945259385,30.6552717,76.2304126,INDUSTRIAL,,,,,industrial,,
way_945259386,30.6519405,76.2304561,INDUSTRIAL,,,,,industrial,,
way_945259387,30.7284086,76.079292,INDUSTRIAL,,,,,industrial,,
way_945259389,30.7598958,76.0834448,INDUSTRIAL,,,,,industrial,,
way_945259390,30.7668795,76.0837689,INDUSTRIAL,,,,,industrial,works,
way_945259392,30.7727702,76.0626492,INDUSTRIAL,,,,,,works,
way_945259393,30.7880514,76.0494871,INDUSTRIAL,,,,,industrial,,
way_945259394,30.8104869,76.0350774,INDUSTRIAL,,,,,industrial,,
way_945259399,30.805122,76.0179703,INDUSTRIAL,,,,,industrial,,
way_945259400,30.8124094,76.0130698,INDUSTRIAL,,,,,industrial,,
way_945259401,30.8119844,76.0136916,INDUSTRIAL,,,,,industrial,,
way_945259402,30.8131426,76.0127544,INDUSTRIAL,,,,,industrial,,
way_945259403,30.8147391,76.01317,INDUSTRIAL,,,,,industrial,,
way_945259404,30.8154896,76.0104293,INDUSTRIAL,,,,,industrial,,
way_945259405,30.8523184,76.0639447,INDUSTRIAL,,,,,industrial,,
way_945259406,30.8908951,76.1329231,INDUSTRIAL,,,,,industrial,,
way_945259407,30.9007602,76.138928,INDUSTRIAL,,,,,industrial,,
way_945259408,30.903403,76.1361283,INDUSTRIAL,,,,,industrial,,
way_945259409,31.0188637,76.1255842,INDUSTRIAL,Deenbandhu Chhotu Ram Thermal Power Station,,plant,coal,industrial,,
way_945259421,31.3057515,75.3230071,INDUSTRIAL,,,,,industrial,,
way_945259422,31.3821142,75.582299,INDUSTRIAL,,,,,industrial,,
way_945259423,31.3794148,75.5819767,INDUSTRIAL,,,,,industrial,,
way_945259424,31.3769688,75.6024384,INDUSTRIAL,,,,,industrial,,
way_945259426,31.3615487,75.5741201,INDUSTRIAL,,,,,,works,
way_945259427,31.3776001,75.5999937,INDUSTRIAL,,,,,industrial,,
way_945259428,31.3836827,75.6152822,INDUSTRIAL,,,,,industrial,,
way_945259429,30.2680654,76.1632158,INDUSTRIAL,,,,,industrial,,
way_945259430,30.2682816,76.1655897,INDUSTRIAL,,,,,industrial,,
way_945259432,30.279634,76.3594935,INDUSTRIAL,,,,,industrial,,
way_945259433,30.3788459,76.4346306,INDUSTRIAL,,,,,industrial,,
way_945259435,30.3842899,76.4057279,INDUSTRIAL,,,,,industrial,,
way_945274440,30.2533053,75.9153905,INDUSTRIAL,,,,,industrial,,
way_945274441,30.22211,75.8668222,INDUSTRIAL,,,,,industrial,,
way_945274442,30.2172335,75.8621326,INDUSTRIAL,,,,,industrial,,
way_945274443,30.2136202,75.8652733,INDUSTRIAL,,,,,industrial,,
way_945274444,30.2139516,75.8670747,INDUSTRIAL,,,,,industrial,,
way_945274445,30.241669,75.8705131,INDUSTRIAL,,,,,industrial,,
way_945276242,30.6062925,76.3873162,INDUSTRIAL,,,,,industrial,,
way_945657343,24.7665992,74.6101451,INDUSTRIAL,ADITYA CEMENT WORKS,,plant,,industrial,,
way_946414588,27.9649999,84.1188479,INDUSTRIAL,,,,,industrial,,
way_948535937,27.9637259,84.1472335,INDUSTRIAL,,,,,industrial,,
way_949662283,26.997484,84.9340515,INDUSTRIAL,,,,,industrial,,
way_949669467,26.9926968,84.9173883,INDUSTRIAL,,brickyard,,,industrial,,
way_951617730,27.1212976,84.7180583,INDUSTRIAL,brick,,,,,works,
way_951712094,27.9744162,84.1684713,INDUSTRIAL,,,,,industrial,,
way_951959053,26.6339124,77.2237083,INDUSTRIAL,,,plant,,industrial,,
way_952025051,28.2225454,83.6929737,INDUSTRIAL,,,,,industrial,,
way_952253402,27.1262031,84.9521951,INDUSTRIAL,,,,,industrial,,
way_952253403,27.1280129,84.9539166,INDUSTRIAL,,,,,industrial,,
way_952424035,27.0313025,84.78269,INDUSTRIAL,,brickworks,,,industrial,,
way_952424040,27.0322095,84.7820775,INDUSTRIAL,,brickworks,,,industrial,,
way_952519221,27.0861257,84.8919079,INDUSTRIAL,,,,,industrial,,
way_954230984,29.7377271,78.493352,INDUSTRIAL,Baharat Electronics Limited,,,,,works,
way_954811332,26.9308822,75.710087,INDUSTRIAL,"Concor, Jaipur",container_terminal,,,industrial,,
way_955215278,26.9256505,75.7028748,INDUSTRIAL,"REIL, Jaipur",electronics,,,industrial,,
way_955219562,26.9280915,75.7009591,INDUSTRIAL,Tarun International Ltd.,manufacturer,,,industrial,,
way_955941901,26.5272743,80.3657197,INDUSTRIAL,Trans Ganga City,,,,industrial,,
way_955941918,26.4902704,80.3334233,INDUSTRIAL,,,,,industrial,,
way_955943293,26.5127299,80.4213917,INDUSTRIAL,,,,,industrial,,
way_958727866,27.1308966,84.7975948,INDUSTRIAL,,brickworks,,,industrial,,
way_958729037,31.4887759,79.8184581,INDUSTRIAL,,,,,industrial,,
way_958729040,31.4906907,79.8196399,INDUSTRIAL,,,,,industrial,,
way_958729041,31.4983266,79.8279051,INDUSTRIAL,,,,,industrial,,
way_958729042,31.4993542,79.8179952,INDUSTRIAL,,,,,industrial,,
way_958729053,31.4998447,79.7626932,INDUSTRIAL,,,,,industrial,,
way_958729054,31.4932413,79.7873858,INDUSTRIAL,,,,,industrial,,
way_958729055,31.4846478,79.7824604,INDUSTRIAL,,,,,industrial,,
way_958729056,31.4764139,79.778453,INDUSTRIAL,,,,,industrial,,
way_958729057,31.4719811,79.7318328,INDUSTRIAL,,,,,industrial,,
way_958729060,31.4681938,79.8729878,INDUSTRIAL,,,,,industrial,,
way_958729065,31.2335938,79.9286585,INDUSTRIAL,,,,,industrial,,
way_958730250,30.3317754,81.1871031,INDUSTRIAL,,,,,industrial,,
way_958730251,30.3839105,81.1495904,INDUSTRIAL,,,,,industrial,,
way_959895159,27.9585041,84.2750534,INDUSTRIAL,,,,,industrial,,
way_960029166,23.7514625,83.2094784,INDUSTRIAL,,,,,industrial,,
way_960029197,23.7596859,83.2031108,INDUSTRIAL,,,,,industrial,,
way_960643050,27.0302845,82.2227177,INDUSTRIAL,,,,,industrial,,
way_960643098,27.1092688,82.2718025,INDUSTRIAL,,,,,industrial,,
way_960830513,28.6694865,77.357157,INDUSTRIAL,,,,,,works,
way_960830514,28.6676308,77.3599918,INDUSTRIAL,,,,,,works,
way_960830515,28.6688034,77.3619099,INDUSTRIAL,,,,,,works,
way_960830516,28.6650168,77.3540579,INDUSTRIAL,,,,,,works,
way_960830517,28.6657581,77.3592773,INDUSTRIAL,,,,,,works,
way_960830518,28.668861,77.3639577,INDUSTRIAL,,,,,,works,
way_960830519,28.6695965,77.3634508,INDUSTRIAL,,,,,,works,
way_960830520,28.6683686,77.3643316,INDUSTRIAL,,,,,,works,
way_960830521,28.6676814,77.3648201,INDUSTRIAL,,,,,,works,
way_960830522,28.672577,77.364977,INDUSTRIAL,,,,,,works,
way_960830523,28.6592382,77.3413279,INDUSTRIAL,,,,,,works,
way_960830524,28.6571568,77.3416241,INDUSTRIAL,,,,,,works,
way_960830525,28.6584282,77.3424744,INDUSTRIAL,,,,,,works,
way_960830526,28.6587219,77.3429598,INDUSTRIAL,,,,,,works,
way_960830527,28.6612464,77.3426657,INDUSTRIAL,,,,,,works,
way_960830528,28.6669607,77.3491332,INDUSTRIAL,,,,,,works,
way_960830529,28.6636459,77.3447718,INDUSTRIAL,,,,,,works,
way_960830530,28.6626569,77.3459303,INDUSTRIAL,,,,,,works,
way_960830531,28.6619701,77.3443884,INDUSTRIAL,,,,,,works,
way_960830532,28.6601711,77.3453291,INDUSTRIAL,,,,,,works,
way_960830533,28.659287,77.3460144,INDUSTRIAL,,,,,,works,
way_960830534,28.656572,77.3463839,INDUSTRIAL,,,,,,works,
way_960830535,28.6594709,77.3517909,INDUSTRIAL,,,,,,works,
way_961102037,26.4857232,76.7321503,INDUSTRIAL,New Anaj Mandi,,,,industrial,,
way_961242483,28.7899511,80.5284914,INDUSTRIAL,,,,,,works,
way_961249364,27.6798159,84.214584,INDUSTRIAL,,,,,,works,
way_961322236,28.6777824,80.4589292,INDUSTRIAL,,,,,industrial,,
way_961401168,27.8303102,78.384861,INDUSTRIAL,,,,,industrial,,
way_961401169,27.8317198,78.3869078,INDUSTRIAL,,,,,industrial,,
way_961401172,27.8394096,78.3839866,INDUSTRIAL,,,,,industrial,,
way_961401173,27.8375103,78.3858758,INDUSTRIAL,,,,,industrial,,
way_961852676,27.0734796,76.4679593,INDUSTRIAL,,mine,,,industrial,,
way_962146754,26.9969027,82.3143712,INDUSTRIAL,,,,,industrial,,
way_962146757,26.9931925,82.3175706,INDUSTRIAL,,,,,industrial,,
way_962146758,26.978857,82.3184203,INDUSTRIAL,,,,,industrial,,
way_962146759,26.9845725,82.3218682,INDUSTRIAL,,,,,industrial,,
way_962146760,26.9848096,82.323629,INDUSTRIAL,,,,,industrial,,
way_962146761,27.0009785,82.3144606,INDUSTRIAL,,,,,industrial,,
way_962146762,26.9800163,82.3211931,INDUSTRIAL,,,,,industrial,,
way_962146764,27.0136242,82.3466674,INDUSTRIAL,,,,,industrial,,
way_962373838,27.0564243,82.1220785,INDUSTRIAL,,,,,industrial,,
way_962448479,28.4339518,76.9257894,INDUSTRIAL,,,,,industrial,,
way_962619697,27.0489618,82.1564846,INDUSTRIAL,,,,,industrial,,
way_962619794,27.0730863,82.043467,INDUSTRIAL,,,,,industrial,,
way_962619798,27.076707,82.0333068,INDUSTRIAL,,,,,industrial,,
way_962619799,27.0766735,82.0318853,INDUSTRIAL,,,,,industrial,,
way_962619803,27.0666485,82.0266066,INDUSTRIAL,,,,,industrial,,
way_962654374,27.6799305,84.2130794,INDUSTRIAL,Chaudhary Group,food_industry,,,industrial,works,Binod Chaudhary
way_963161181,25.1799849,75.8357203,INDUSTRIAL,,,,,industrial,,
way_963161631,25.1797776,75.8360008,INDUSTRIAL,I 5,,,,industrial,,
way_963167200,25.1743424,75.8529692,INDUSTRIAL,8I,,,,industrial,,
way_964014047,27.3824125,76.8725679,INDUSTRIAL,pump,,,,industrial,,
way_964875824,25.711086,79.3583492,INDUSTRIAL,,,plant,solar,industrial,,
way_965989207,26.9237571,82.1962926,INDUSTRIAL,,,,,industrial,,
way_966550952,26.979945,82.1139156,INDUSTRIAL,,,,,industrial,,
way_966567669,26.9342582,81.999562,INDUSTRIAL,,,,,industrial,,
way_966800156,26.9992692,82.1141847,INDUSTRIAL,,,,,industrial,,
way_966800157,26.9980659,82.1159,INDUSTRIAL,,,,,industrial,,
way_966800158,26.9947403,82.1161924,INDUSTRIAL,,,,,industrial,,
way_966800160,26.9912043,82.1180672,INDUSTRIAL,,,,,industrial,,
way_966808424,27.0104629,82.0878039,INDUSTRIAL,,,,,industrial,,
way_967793765,27.2381936,81.8028313,INDUSTRIAL,,,,,industrial,,
way_967793783,27.2445144,81.7758281,INDUSTRIAL,,,,,industrial,,
way_967793786,27.2420701,81.7898119,INDUSTRIAL,,,,,industrial,,
way_967793787,27.2382139,81.787257,INDUSTRIAL,,,,,industrial,,
way_967910220,27.2657775,81.8253015,INDUSTRIAL,,,,,industrial,,
way_967921340,27.2187047,81.8831045,INDUSTRIAL,,,,,industrial,,
way_968129779,27.2298406,82.1189497,INDUSTRIAL,,,,,industrial,,
way_968255149,27.3530367,81.9945328,INDUSTRIAL,,,,,industrial,,
way_968255152,27.3624132,81.9830516,INDUSTRIAL,,,,,industrial,,
way_968410053,27.277948,82.1277339,INDUSTRIAL,,,,,industrial,,
way_968531283,27.281084,81.93077,INDUSTRIAL,,,,,industrial,,
way_968531328,27.2496079,82.0469002,INDUSTRIAL,,,,,industrial,,
way_968531354,27.2635255,82.0619032,INDUSTRIAL,,,,,industrial,,
way_968555933,27.0755481,82.0255337,INDUSTRIAL,,,,,industrial,,
way_968584459,27.2910256,82.0217236,INDUSTRIAL,,,,,industrial,,
way_968584558,27.0702489,82.1320992,INDUSTRIAL,,,,,industrial,,
way_968783983,27.1423939,81.7095762,INDUSTRIAL,,,,,industrial,,
way_968800634,27.6893863,82.2401507,INDUSTRIAL,,,,,industrial,,
way_968800651,27.736402,82.1820031,INDUSTRIAL,,,,,industrial,,
way_968840413,23.4974186,76.0206215,INDUSTRIAL,,,,,industrial,,
way_968860672,27.7435523,82.166791,INDUSTRIAL,,,,,industrial,,
way_968860683,27.6912364,82.1322099,INDUSTRIAL,,,,,industrial,,
way_968860694,27.6938085,82.2242801,INDUSTRIAL,,,,,industrial,,
way_969126630,27.7269192,82.1650909,INDUSTRIAL,,,,,industrial,,
way_969637161,29.4675506,76.8755935,INDUSTRIAL,IOCL Panipat Captive Power Plant,,plant,,industrial,,
way_970137384,24.2089688,82.526781,INDUSTRIAL,,,,,industrial,,
way_970185492,28.7895418,80.5296594,INDUSTRIAL,,brickyard,,,industrial,,
way_970585601,28.0012095,78.1421146,INDUSTRIAL,,,,,industrial,,
way_970585602,28.0168356,78.1547627,INDUSTRIAL,,,,,industrial,,
way_970585618,28.014942,78.1842558,INDUSTRIAL,,,,,industrial,,
way_970585643,28.0527818,78.1339089,INDUSTRIAL,,,,,industrial,,
way_970800871,28.6880784,77.1846261,INDUSTRIAL,Transformer,,,,industrial,,
way_971211657,28.8337142,78.943056,INDUSTRIAL,,,,,industrial,kiln,
way_971291555,28.8201757,78.9527616,INDUSTRIAL,,,,,industrial,kiln,
way_971350446,28.8533839,78.915774,INDUSTRIAL,,,,,industrial,kiln,
way_971350452,28.8654358,78.9182201,INDUSTRIAL,,,,,industrial,kiln,
way_971350453,28.8634892,78.9213362,INDUSTRIAL,,,,,industrial,kiln,
way_971350456,28.8666362,78.9227886,INDUSTRIAL,,,,,industrial,kiln,
way_971350458,28.8699869,78.9263177,INDUSTRIAL,,,,,industrial,kiln,
way_971360630,28.8380533,78.9293801,INDUSTRIAL,,,,,industrial,kiln,
way_971389496,27.9252317,78.5578741,INDUSTRIAL,,,,,industrial,,
way_971421003,28.8339355,77.2649077,INDUSTRIAL,,,,,industrial,,
way_971502566,28.6783995,77.1998136,INDUSTRIAL,Birla Mill Textiles,,,,industrial,,
way_971681069,28.4617967,78.8946964,INDUSTRIAL,,,,,industrial,kiln,
way_971681070,28.4606884,78.8918084,INDUSTRIAL,,,,,industrial,kiln,
way_971681071,28.463485,78.9237696,INDUSTRIAL,,,,,industrial,kiln,
way_971681072,28.4640238,78.9188343,INDUSTRIAL,,,,,industrial,kiln,
way_971681073,28.4609766,78.9114187,INDUSTRIAL,,,,,industrial,kiln,
way_971681074,28.4605493,78.9000911,INDUSTRIAL,,,,,industrial,kiln,
way_971681075,28.4719651,78.9008997,INDUSTRIAL,,,,,industrial,kiln,
way_971681076,28.4711753,78.9013959,INDUSTRIAL,,,,,industrial,kiln,
way_971681077,28.4695424,78.9023883,INDUSTRIAL,,,,,industrial,kiln,
way_971681078,28.4664689,78.9013316,INDUSTRIAL,,,,,industrial,kiln,
way_971681079,28.4645296,78.9009895,INDUSTRIAL,,,,,industrial,kiln,
way_971681080,28.4644518,78.8977991,INDUSTRIAL,,,,,industrial,kiln,
way_971681081,28.4665032,78.8940655,INDUSTRIAL,,,,,industrial,kiln,
way_971681092,28.5038195,78.9174316,INDUSTRIAL,,,,,industrial,kiln,
way_971752526,28.4793165,78.9052678,INDUSTRIAL,,,,,industrial,kiln,
way_971801902,24.6569871,74.6336319,INDUSTRIAL,Wonder Cement Power Station,,plant,,industrial,,
way_971871912,27.0565078,84.9216543,INDUSTRIAL,,brickyard,,,industrial,,
way_972006829,29.1518751,78.9215681,INDUSTRIAL,,,,,industrial,,
way_972006830,29.1550344,78.9359142,INDUSTRIAL,,,,,industrial,,
way_972006831,29.1541495,78.9300526,INDUSTRIAL,,,,,industrial,,
way_972006832,29.1581138,78.9344134,INDUSTRIAL,,,,,industrial,,
way_972006833,29.2249514,78.9879909,INDUSTRIAL,,,,,industrial,,
way_972006834,29.2349607,78.980617,INDUSTRIAL,,,,,industrial,,
way_972006836,29.1275371,78.9505583,INDUSTRIAL,,,,,industrial,,
way_972006837,29.1280604,78.9621615,INDUSTRIAL,,,,,industrial,,
way_972006838,29.128662,78.9558093,INDUSTRIAL,,,,,industrial,,
way_972006839,29.1354168,78.9547213,INDUSTRIAL,,,,,industrial,,
way_972006840,29.1344574,78.9540707,INDUSTRIAL,,,,,industrial,,
way_972006844,29.1631889,79.0098954,INDUSTRIAL,,,,,industrial,,
way_972006845,29.169336,79.0049896,INDUSTRIAL,,,,,industrial,,
way_972006846,29.1645568,79.0138113,INDUSTRIAL,,,,,industrial,,
way_972006847,29.1891337,79.0020874,INDUSTRIAL,,,,,,works,
way_972006850,29.1913686,79.002956,INDUSTRIAL,,,,,,works,
way_972044342,28.4630747,78.8588266,INDUSTRIAL,,,,,industrial,kiln,
way_972044347,28.4634691,78.8491338,INDUSTRIAL,,,,,industrial,kiln,
way_972875105,27.6487263,83.5323418,INDUSTRIAL,Factory,,,,,works,
way_973151415,29.0206384,77.7716973,INDUSTRIAL,,,,,industrial,,
way_973151416,29.0211337,77.7697344,INDUSTRIAL,,,,,industrial,,
way_973151424,29.035427,77.6726572,INDUSTRIAL,,,,,industrial,,
way_973151426,29.0125121,77.6863686,INDUSTRIAL,,,,,industrial,,
way_973151427,29.0141757,77.6840023,INDUSTRIAL,,,,,industrial,,
way_973151429,28.8818714,77.1199236,INDUSTRIAL,,,,,,works,
way_973151430,28.8827698,77.1216798,INDUSTRIAL,,,,,,works,
way_973151431,28.8674633,77.1323332,INDUSTRIAL,,,,,,works,
way_973151432,28.868801,77.1334935,INDUSTRIAL,,,,,,works,
way_973151433,28.8692547,77.1318305,INDUSTRIAL,,,,,,works,
way_973151434,28.8690303,77.1345733,INDUSTRIAL,,,,,,works,
way_973151435,28.8680163,77.1345583,INDUSTRIAL,,,,,,works,
way_973151436,28.8711464,77.1372238,INDUSTRIAL,,,,,,works,
way_973151437,28.8704729,77.1372121,INDUSTRIAL,,,,,,works,
way_973151438,28.8697992,77.1371999,INDUSTRIAL,,,,,,works,
way_973151439,28.8691148,77.1379594,INDUSTRIAL,,,,,,works,
way_973151440,28.8691306,77.1364182,INDUSTRIAL,,,,,,works,
way_973151444,28.8963183,77.0641347,INDUSTRIAL,,,,,,works,
way_973151445,28.8965585,77.0680363,INDUSTRIAL,,,,,,works,
way_973151446,28.8873016,77.0880734,INDUSTRIAL,,,,,,works,
way_973151447,28.8916502,77.0977459,INDUSTRIAL,,,,,,works,
way_973151448,28.8903478,77.1039806,INDUSTRIAL,,,,,,works,
way_973151449,28.8968925,77.1092311,INDUSTRIAL,,,,,,works,
way_973151450,28.8978677,77.1082147,INDUSTRIAL,,,,,,works,
way_973151451,28.897917,77.1060997,INDUSTRIAL,,,,,,works,
way_973151452,28.8974537,77.1054905,INDUSTRIAL,,,,,,works,
way_973151453,28.899042,77.105829,INDUSTRIAL,,,,,,works,
way_973151454,28.8996453,77.1044089,INDUSTRIAL,,,,,,works,
way_973151455,28.8962017,77.1054698,INDUSTRIAL,,,,,industrial,,
way_973151456,28.9003869,77.1069136,INDUSTRIAL,,,,,,works,
way_973151457,28.8927675,77.1035417,INDUSTRIAL,,,,,,works,
way_973151458,28.8929255,77.1042731,INDUSTRIAL,,,,,,works,
way_973151459,28.8941993,77.1039602,INDUSTRIAL,,,,,,works,
way_973151460,28.8930258,77.1072812,INDUSTRIAL,,,,,,works,
way_973151461,28.8930445,77.106051,INDUSTRIAL,,,,,,works,
way_973151462,28.8850396,77.1037774,INDUSTRIAL,,,,,industrial,,
way_973160738,28.9657843,77.621997,INDUSTRIAL,,,,,industrial,,
way_973160739,28.9664155,77.6294227,INDUSTRIAL,,,,,industrial,,
way_973160740,28.9659638,77.6320432,INDUSTRIAL,,,,,industrial,,
way_973160741,28.9655413,77.6288809,INDUSTRIAL,,,,,industrial,,
way_973160743,28.9466047,77.6576973,INDUSTRIAL,,,,,,works,
way_973160744,28.9488903,77.6588564,INDUSTRIAL,,,,,,works,
way_973160745,28.9532381,77.6790449,INDUSTRIAL,,,,,,works,
way_973160746,28.9576181,77.6786707,INDUSTRIAL,,,,,,works,
way_973160747,28.9584799,77.6774678,INDUSTRIAL,,,,,,works,
way_973160748,28.9061236,77.7463965,INDUSTRIAL,,,,,industrial,,
way_973160749,28.9078647,77.7462422,INDUSTRIAL,,,,,industrial,,
way_973160750,28.9111095,77.7418459,INDUSTRIAL,,,,,industrial,,
way_973160751,28.9102914,77.7406244,INDUSTRIAL,,,,,industrial,,
way_973160752,28.9066978,77.7391204,INDUSTRIAL,,,,,industrial,,
way_973160753,28.9071292,77.7391916,INDUSTRIAL,,,,,industrial,,
way_973160754,28.9099247,77.7361839,INDUSTRIAL,,,,,industrial,,
way_973160755,28.9086842,77.7394268,INDUSTRIAL,,,,,industrial,,
way_973160758,28.9458332,77.6688029,INDUSTRIAL,,,,,industrial,,
way_973211969,27.8528671,78.4977597,INDUSTRIAL,,,,,industrial,,
way_973211970,27.8542153,78.4931946,INDUSTRIAL,,,,,industrial,,
way_973211971,27.8554022,78.4929317,INDUSTRIAL,,,,,industrial,,
way_973875230,27.5058541,83.1322561,INDUSTRIAL,,,,,industrial,kiln,
way_973875240,27.5263977,83.1371229,INDUSTRIAL,,,,,industrial,kiln,
way_973878664,27.4913235,83.1253105,INDUSTRIAL,,,,,industrial,kiln,
way_973927504,26.968467,84.9577331,INDUSTRIAL,,,,,industrial,,
way_973989425,27.5120443,83.1341914,INDUSTRIAL,,,,,industrial,kiln,
way_973989426,27.4652263,83.1229475,INDUSTRIAL,,,,,industrial,kiln,
way_973989428,27.4872262,83.128505,INDUSTRIAL,,,,,industrial,kiln,
way_973989429,27.5049075,83.1130663,INDUSTRIAL,,,,,industrial,kiln,
way_973989430,27.5018409,83.1184575,INDUSTRIAL,,,,,industrial,kiln,
way_973995451,27.5355239,83.1582803,INDUSTRIAL,,,,,industrial,kiln,
way_974022884,28.004804,82.4740971,INDUSTRIAL,,brickyard,,,industrial,,
way_974022932,27.9959538,82.477478,INDUSTRIAL,,,,,industrial,,
way_974222759,26.9405285,78.1379695,INDUSTRIAL,,,,,industrial,,
way_974222760,26.9391931,78.1391135,INDUSTRIAL,,,,,industrial,,
way_974222761,26.9365269,78.1439576,INDUSTRIAL,,,,,industrial,,
way_974222762,26.9338714,78.1428954,INDUSTRIAL,,,,,industrial,,
way_974222763,26.9323255,78.1423321,INDUSTRIAL,,,,,industrial,,
way_974222764,26.9309433,78.1375953,INDUSTRIAL,,,,,industrial,,
way_974222765,26.9276791,78.1392623,INDUSTRIAL,,,,,industrial,,
way_974222766,26.9255567,78.1411855,INDUSTRIAL,,,,,industrial,,
way_974222767,26.9294715,78.1428632,INDUSTRIAL,,,,,industrial,,
way_974778659,27.9267454,84.2859545,INDUSTRIAL,,,,,industrial,,
way_975411726,26.4230635,81.7575667,INDUSTRIAL,,,plant,solar,,,
way_975411809,28.2072423,81.5449335,INDUSTRIAL,,,,,industrial,,
way_976066659,26.4790801,81.5729497,INDUSTRIAL,Dev atta chakki,,,,industrial,,
way_976066775,26.4777603,81.5724799,INDUSTRIAL,oxygen gas plant,,,,industrial,,
way_976091085,28.5246252,78.8800147,INDUSTRIAL,,,,,industrial,kiln,
way_976597614,27.7709123,78.6272702,INDUSTRIAL,,,,,industrial,,
way_976597615,27.7605632,78.631028,INDUSTRIAL,,,,,industrial,,
way_976597616,27.7617511,78.6219473,INDUSTRIAL,,,,,industrial,kiln,
way_976597617,27.7653682,78.6342426,INDUSTRIAL,,,,,industrial,,
way_976597619,27.7650425,78.631376,INDUSTRIAL,,,,,industrial,kiln,
way_976597620,27.7655059,78.6293006,INDUSTRIAL,,,,,industrial,kiln,
way_976597621,27.7670237,78.629485,INDUSTRIAL,,,,,industrial,kiln,
way_977168264,27.6334813,77.9524049,INDUSTRIAL,,,,,industrial,kiln,
way_977495530,27.6211604,77.9183824,INDUSTRIAL,,,,,industrial,kiln,
way_977518259,27.6256988,77.9266061,INDUSTRIAL,,,,,industrial,kiln,
way_977784520,27.6376302,77.9356371,INDUSTRIAL,,,,,industrial,,
way_977784521,27.6375547,77.9340499,INDUSTRIAL,,,,,industrial,,
way_977784522,27.6390036,77.9336925,INDUSTRIAL,,,,,industrial,,
way_977784523,27.6406265,77.9322059,INDUSTRIAL,,,,,industrial,,
way_977827880,27.6234941,77.9334712,INDUSTRIAL,,,,,industrial,kiln,
way_978476374,26.8939802,74.7446787,INDUSTRIAL,,,,,industrial,,
way_978476377,26.994977,74.6984857,INDUSTRIAL,,,,,industrial,,
way_978487996,26.7737841,74.8544883,INDUSTRIAL,,,,,industrial,,
way_978487997,26.7739277,74.8657697,INDUSTRIAL,,,,,industrial,,
way_978488001,27.0494681,74.7451347,INDUSTRIAL,,,,,industrial,,
way_979375409,27.9251214,78.3145239,INDUSTRIAL,,,,,industrial,kiln,
way_979375411,27.9188641,78.3219784,INDUSTRIAL,,,,,industrial,kiln,
way_979375412,27.9215932,78.3232484,INDUSTRIAL,,,,,industrial,kiln,
way_979375413,27.921387,78.3177271,INDUSTRIAL,,,,,industrial,kiln,
way_979526237,27.9290322,78.2902392,INDUSTRIAL,,,,,industrial,kiln,
way_980200802,27.8154002,78.1114271,INDUSTRIAL,,,,,industrial,kiln,
way_980429415,27.5829499,82.9464429,INDUSTRIAL,Itta bhatta,,,,,works,
way_980432371,25.4150578,79.4378594,INDUSTRIAL,,,plant,solar,,,
way_980432372,25.4130798,79.4439719,INDUSTRIAL,,,plant,solar,,,
way_980432389,25.4070835,79.4381731,INDUSTRIAL,,,plant,solar,,,
way_980582995,26.4707787,81.5654101,INDUSTRIAL,,,,,industrial,,
way_980621965,25.3114531,79.4128047,INDUSTRIAL,,,plant,solar,,,
way_980621966,25.3122193,79.4026874,INDUSTRIAL,,,plant,solar,,,
way_980624054,25.8495673,79.4302062,INDUSTRIAL,,,plant,solar,,,
way_980624055,26.0752544,79.5563317,INDUSTRIAL,,,plant,solar,,,
way_980664986,27.6708492,83.4921724,INDUSTRIAL,,slaughterhouse,,,industrial,,
way_980992278,25.0642237,82.2993645,INDUSTRIAL,,,plant,solar,,,
way_980992279,25.0628217,82.3010611,INDUSTRIAL,,,plant,solar,,,
way_980992280,25.0658564,82.3021271,INDUSTRIAL,,,plant,solar,,,
way_980995825,27.696269,77.8544802,INDUSTRIAL,,,,,industrial,kiln,
way_981165331,27.6768887,77.8370538,INDUSTRIAL,,,,,industrial,,
way_981252574,30.1272124,78.1646361,INDUSTRIAL,,,,,industrial,,
way_981252575,30.1263749,78.1679928,INDUSTRIAL,,,,,industrial,,
way_981252576,30.1269374,78.1679352,INDUSTRIAL,,,,,industrial,,
way_981252577,30.1277634,78.1659168,INDUSTRIAL,,,,,industrial,,
way_981252578,30.1271742,78.1660093,INDUSTRIAL,,,,,industrial,,
way_981257863,28.3086054,77.2979701,INDUSTRIAL,,,,,industrial,,
way_981257865,28.3290512,77.3036943,INDUSTRIAL,,,,,,works,
way_981257866,28.3349609,77.3049404,INDUSTRIAL,,,,,,works,
way_981257867,28.3336925,77.3038167,INDUSTRIAL,,,,,,works,
way_981257868,28.3343538,77.3038152,INDUSTRIAL,,,,,,works,
way_981257869,28.3357962,77.3096019,INDUSTRIAL,,,,,,works,
way_981257871,28.3533654,77.3011098,INDUSTRIAL,,,,,,works,
way_981257872,28.3549017,77.308454,INDUSTRIAL,,,,,,works,
way_981257873,28.3537683,77.3085303,INDUSTRIAL,,,,,,works,
way_981257874,28.3502301,77.3137737,INDUSTRIAL,,,,,,works,
way_981257875,28.3497595,77.319868,INDUSTRIAL,,,,,,works,
way_981257876,28.3512809,77.3190783,INDUSTRIAL,,,,,,works,
way_981257877,28.3512172,77.3181508,INDUSTRIAL,,,,,,works,
way_981257878,28.3519523,77.3086606,INDUSTRIAL,,,,,,works,
way_981257879,28.3489594,77.3088488,INDUSTRIAL,,,,,,works,
way_981257880,28.3484161,77.3009936,INDUSTRIAL,,,,,,works,
way_981257881,28.3469258,77.2963882,INDUSTRIAL,,,,,industrial,,
way_981265816,28.2999507,77.2935981,INDUSTRIAL,,,,,industrial,,
way_981265818,28.3080375,77.2994132,INDUSTRIAL,,,,,,works,
way_981265819,28.3084875,77.2994147,INDUSTRIAL,,,,,,works,
way_981265820,28.3084358,77.297914,INDUSTRIAL,,,,,,works,
way_981265821,28.3089483,77.2994155,INDUSTRIAL,,,,,,works,
way_981265822,28.3094046,77.2994166,INDUSTRIAL,,,,,,works,
way_981265823,28.3098477,77.2994189,INDUSTRIAL,,,,,,works,
way_981265824,28.3107456,77.2994234,INDUSTRIAL,,,,,,works,
way_981265825,28.3102951,77.2994198,INDUSTRIAL,,,,,,works,
way_981265826,28.3100481,77.2986344,INDUSTRIAL,,,,,,works,
way_981294518,28.3743709,77.3007109,INDUSTRIAL,,,,,,works,
way_981294520,28.3763491,77.2927958,INDUSTRIAL,,,,,,works,
way_981294521,28.3623683,77.3089931,INDUSTRIAL,,,,,,works,
way_981294522,28.3617184,77.3061967,INDUSTRIAL,,,,,,works,
way_981294523,28.3612529,77.3020464,INDUSTRIAL,,,,,,works,
way_981294524,28.3648481,77.3164795,INDUSTRIAL,,,,,,works,
way_981294525,28.3660551,77.318169,INDUSTRIAL,,,,,,works,
way_981294526,28.3611017,77.3182355,INDUSTRIAL,,,,,,works,
way_981294527,28.3606322,77.3167844,INDUSTRIAL,,,,,,works,
way_981294528,28.3577194,77.3185017,INDUSTRIAL,,,,,,works,
way_981294529,28.357614,77.3170392,INDUSTRIAL,,,,,,works,
way_981300172,28.673366,77.3837978,INDUSTRIAL,,,,,industrial,,
way_981300185,28.3877254,77.3327115,INDUSTRIAL,,,,,industrial,,
way_981300186,28.3843487,77.3330681,INDUSTRIAL,,,,,industrial,,
way_981300187,28.3616615,77.3129871,INDUSTRIAL,,,,,,works,
way_981300188,28.3619285,77.3129796,INDUSTRIAL,,,,,industrial,,
way_981300190,28.3704711,77.2974735,INDUSTRIAL,,,,,,works,
way_981300191,28.3740849,77.2957025,INDUSTRIAL,,,,,,works,
way_981305627,28.5257411,77.2896981,INDUSTRIAL,,,,,,works,
way_981305628,28.5240857,77.2917933,INDUSTRIAL,,,,,,works,
way_981305630,28.5229948,77.2915053,INDUSTRIAL,,,,,,works,
way_981305631,28.5227173,77.2907876,INDUSTRIAL,,,,,,works,
way_981305632,28.5218107,77.2910381,INDUSTRIAL,,,,,,works,
way_981305633,28.5209704,77.2931766,INDUSTRIAL,,,,,,works,
way_981305634,28.5198667,77.2937424,INDUSTRIAL,,,,,,works,
way_981305635,28.5201506,77.293593,INDUSTRIAL,,,,,,works,
way_981309275,28.2183538,76.8572559,INDUSTRIAL,,,,,,works,
way_981309276,28.2134304,76.8578822,INDUSTRIAL,,,,,,works,
way_981309277,28.2146347,76.8599801,INDUSTRIAL,,,,,,works,
way_981309278,28.2182694,76.8621788,INDUSTRIAL,,,,,,works,
way_981309279,28.2173217,76.8636507,INDUSTRIAL,,,,,,works,
way_981347112,27.6701752,77.8650152,INDUSTRIAL,,,,,industrial,kiln,
way_981517758,27.6657521,77.9114918,INDUSTRIAL,,,,,industrial,kiln,
way_981517759,27.6704442,77.9081948,INDUSTRIAL,,,,,industrial,kiln,
way_981562512,27.6714111,77.842545,INDUSTRIAL,,,,,industrial,,
way_981562515,27.6497016,77.8690164,INDUSTRIAL,,,,,industrial,kiln,
way_981562516,27.6517615,77.8657977,INDUSTRIAL,,,,,industrial,kiln,
way_981833952,27.6578091,77.898353,INDUSTRIAL,,,,,industrial,,
way_981833959,27.658289,77.8920968,INDUSTRIAL,,,,,industrial,,
way_981928371,27.6895823,77.9274845,INDUSTRIAL,,,,,industrial,,
way_981928373,27.6909443,77.9267522,INDUSTRIAL,,,,,industrial,,
way_982089745,27.6933121,77.8478148,INDUSTRIAL,,,,,industrial,,
way_982089748,27.6911248,77.8437191,INDUSTRIAL,,,,,industrial,,
way_982089772,27.6593782,77.8551185,INDUSTRIAL,,,,,industrial,,
way_982163426,27.6299252,77.8921773,INDUSTRIAL,,,,,industrial,,
way_982163427,27.6298521,77.8898236,INDUSTRIAL,,,,,industrial,,
way_982163430,27.6272375,77.8904526,INDUSTRIAL,,,,,industrial,,
way_982163433,27.6237715,77.8923677,INDUSTRIAL,,,,,industrial,,
way_982163435,27.6256809,77.8869362,INDUSTRIAL,,,,,industrial,,
way_982163437,27.6135748,77.9093098,INDUSTRIAL,,,,,industrial,,
way_982284229,27.6439666,77.9065961,INDUSTRIAL,,,,,industrial,,
way_982284242,27.6347704,77.8927552,INDUSTRIAL,,,,,industrial,,
way_982284244,27.6379675,77.8911594,INDUSTRIAL,,,,,industrial,,
way_982284275,27.6479405,77.8761705,INDUSTRIAL,,,,,industrial,,
way_983125014,27.6555118,77.9844332,INDUSTRIAL,,,,,industrial,,
way_983125017,27.6601194,77.9916483,INDUSTRIAL,,,,,industrial,,
way_983585683,27.6315399,78.0802028,INDUSTRIAL,,,,,industrial,,
way_983588807,28.312602,81.4104657,INDUSTRIAL,,brickyard,,,industrial,,
way_983628005,27.6373968,77.9873909,INDUSTRIAL,,,,,industrial,,
way_983859556,27.6096852,78.0396237,INDUSTRIAL,,,,,industrial,,
way_983859558,27.619306,78.0318962,INDUSTRIAL,,,,,industrial,,
way_983859561,27.616141,78.0290786,INDUSTRIAL,,,,,industrial,,
way_984924310,26.0584136,79.5666548,INDUSTRIAL,,,plant,solar,,,
way_985337681,30.2455768,77.2960134,INDUSTRIAL,,,,,industrial,,
way_985337682,30.2506505,77.2940476,INDUSTRIAL,,,,,industrial,,
way_985337683,30.233679,77.3448685,INDUSTRIAL,,,,,industrial,,
way_985337684,30.2294439,77.3750701,INDUSTRIAL,,,,,industrial,,
way_985337685,30.2057786,77.3325894,INDUSTRIAL,,,,,industrial,,
way_985337686,30.2049522,77.3311571,INDUSTRIAL,,,,,industrial,,
way_985337687,30.2012374,77.330524,INDUSTRIAL,,,,,industrial,,
way_985337688,30.1997068,77.3289867,INDUSTRIAL,,,,,,works,
way_985337689,30.1953996,77.3322816,INDUSTRIAL,,,,,,works,
way_985337690,30.1965029,77.3327858,INDUSTRIAL,,,,,,works,
way_985337691,30.1935084,77.332702,INDUSTRIAL,,,,,,works,
way_985337692,30.1773728,77.3023608,INDUSTRIAL,,,,,industrial,,
way_985337693,30.1814611,77.3001343,INDUSTRIAL,,,,,industrial,,
way_985337694,30.1626277,77.3086077,INDUSTRIAL,,,,,industrial,,
way_985337695,30.1570172,77.3240853,INDUSTRIAL,,,,,industrial,,
way_985337696,30.1584365,77.3243154,INDUSTRIAL,,,,,industrial,,
way_985337697,30.1586622,77.3235085,INDUSTRIAL,,,,,industrial,,
way_985337698,30.1429762,77.3911925,INDUSTRIAL,,,,,industrial,,
way_985337699,30.1413516,77.390586,INDUSTRIAL,,,,,industrial,,
way_985337700,30.1380828,77.3908434,INDUSTRIAL,,,,,industrial,,
way_985337701,30.1356487,77.3865732,INDUSTRIAL,,,,,industrial,,
way_985337702,30.1357051,77.3794368,INDUSTRIAL,,,,,industrial,,
way_985337703,30.1420421,77.3609606,INDUSTRIAL,,,,,industrial,,
way_985337704,30.1394656,77.3526659,INDUSTRIAL,,,,,industrial,,
way_985337705,30.146728,77.3436669,INDUSTRIAL,,,,,industrial,,
way_985337706,30.1467601,77.3449261,INDUSTRIAL,,,,,industrial,,
way_985337707,30.1419576,77.3225112,INDUSTRIAL,,,,,industrial,,
way_985337708,30.1431694,77.3221985,INDUSTRIAL,,,,,industrial,,
way_985337709,30.1328951,77.33632,INDUSTRIAL,,,,,industrial,,
way_985337710,30.132548,77.3349564,INDUSTRIAL,,,,,industrial,,
way_985337715,30.1156355,77.2879302,INDUSTRIAL,,,,,industrial,,
way_985337716,30.1135114,77.2861925,INDUSTRIAL,,,,,industrial,,
way_985337717,30.1222145,77.2820793,INDUSTRIAL,,,,,,works,
way_985337718,30.122209,77.2821059,INDUSTRIAL,,,,,industrial,,
way_985421715,30.068516,77.7877361,INDUSTRIAL,,,,,industrial,,
way_985421720,29.8730246,76.5919563,INDUSTRIAL,,,,,industrial,,
way_985421721,29.8189459,76.4384705,INDUSTRIAL,,,,,industrial,,
way_985421722,29.7977837,76.3758065,INDUSTRIAL,,,,,industrial,,
way_985421723,29.7863576,76.4077153,INDUSTRIAL,,,,,industrial,,
way_985421724,29.7657022,76.4009776,INDUSTRIAL,,,,,industrial,,
way_985421725,29.7642207,76.3981377,INDUSTRIAL,,,,,industrial,,
way_985421726,29.7627278,76.397554,INDUSTRIAL,,,,,industrial,,
way_985421727,30.0519825,76.9739173,INDUSTRIAL,,,,,industrial,,
way_985421728,30.0614284,76.9754782,INDUSTRIAL,,,,,industrial,,
way_985421729,30.0617997,76.976208,INDUSTRIAL,,,,,industrial,,
way_985421730,30.0661401,76.9749329,INDUSTRIAL,,,,,industrial,,
way_985421731,30.0065829,76.885219,INDUSTRIAL,,,,,industrial,,
way_985421732,30.0338081,76.8851978,INDUSTRIAL,,,,,industrial,,
way_985421733,30.0455607,76.8887307,INDUSTRIAL,,,,,industrial,,
way_985421734,30.0459834,76.8878585,INDUSTRIAL,,,,,industrial,,
way_985421735,30.2688396,77.4610852,INDUSTRIAL,,,,,industrial,,
way_985421736,30.1998471,77.4046187,INDUSTRIAL,,,,,industrial,,
way_985421737,30.2034953,77.3712882,INDUSTRIAL,,,,,industrial,,
way_985421738,30.2045338,77.3721215,INDUSTRIAL,,,,,industrial,,
way_985421739,30.2044067,77.3714158,INDUSTRIAL,,,,,industrial,,
way_985421740,30.2061829,77.3752269,INDUSTRIAL,,,,,industrial,,
way_985421741,30.2062821,77.3741656,INDUSTRIAL,,,,,industrial,,
way_985421742,30.2064455,77.3729246,INDUSTRIAL,,,,,industrial,,
way_985421743,29.9173312,76.9070649,INDUSTRIAL,,,,,industrial,,
way_985421744,29.9796452,76.9051914,INDUSTRIAL,,,,,industrial,,
way_985421745,29.9803317,76.9051914,INDUSTRIAL,,,,,industrial,,
way_985421746,29.9914431,77.0222147,INDUSTRIAL,,,,,industrial,,
way_985421747,29.9906594,77.0229072,INDUSTRIAL,,,,,industrial,,
way_985421748,29.9934212,77.0246853,INDUSTRIAL,,,,,industrial,,
way_985421749,29.9933621,77.0236369,INDUSTRIAL,,,,,industrial,,
way_985421750,29.9933957,77.022779,INDUSTRIAL,,,,,industrial,,
way_985421751,29.9930508,77.0361999,INDUSTRIAL,,,,,industrial,,
way_985421753,29.8764064,77.4975398,INDUSTRIAL,,,,,industrial,,
way_985421755,29.9144995,77.5959072,INDUSTRIAL,,,,,industrial,,
way_985421756,30.0435767,77.1668207,INDUSTRIAL,,,,,industrial,,
way_985421757,30.0843833,77.2238342,INDUSTRIAL,,,,,industrial,,
way_985421758,30.118641,77.2457037,INDUSTRIAL,,,,,industrial,,
way_985421759,30.119292,77.2457163,INDUSTRIAL,,,,,industrial,,
way_985421760,30.1199283,77.2450389,INDUSTRIAL,,,,,industrial,,
way_985421761,30.1202512,77.2510708,INDUSTRIAL,,,,,industrial,,
way_985421762,30.1210135,77.2511271,INDUSTRIAL,,,,,industrial,,
way_985421763,30.1199924,77.2520127,INDUSTRIAL,,,,,industrial,,
way_985421764,30.1235805,77.2469985,INDUSTRIAL,,,,,industrial,,
way_985421765,30.1229603,77.245079,INDUSTRIAL,,,,,industrial,,
way_985421766,30.1231063,77.2457776,INDUSTRIAL,,,,,industrial,,
way_985421767,30.1205027,77.2453988,INDUSTRIAL,,,,,industrial,,
way_985421768,30.1207817,77.2443755,INDUSTRIAL,,,,,industrial,,
way_985421769,30.1192268,77.2429245,INDUSTRIAL,,,,,industrial,,
way_985421770,30.1188199,77.2466835,INDUSTRIAL,,,,,industrial,,
way_985421771,30.1212979,77.2468461,INDUSTRIAL,,,,,industrial,,
way_985421772,30.1160485,77.2498888,INDUSTRIAL,,,,,industrial,,
way_985421773,30.1166135,77.2501825,INDUSTRIAL,,,,,industrial,,
way_985421774,30.1172689,77.250794,INDUSTRIAL,,,,,industrial,,
way_985421775,30.1228627,77.2534537,INDUSTRIAL,,,,,industrial,,
way_985421776,30.1218962,77.2509778,INDUSTRIAL,,,,,industrial,,
way_985421777,30.1206591,77.2537818,INDUSTRIAL,,,,,industrial,,
way_985421778,30.121736,77.2534342,INDUSTRIAL,,,,,industrial,,
way_985421779,30.1227698,77.2550865,INDUSTRIAL,,,,,industrial,,
way_985421780,30.1033402,77.229696,INDUSTRIAL,,,,,industrial,,
way_985421781,30.0928651,77.2104056,INDUSTRIAL,,,,,industrial,,
way_985421782,30.0939413,77.2104315,INDUSTRIAL,,,,,industrial,,
way_985421783,30.0932273,77.2097026,INDUSTRIAL,,,,,industrial,,
way_985421784,30.0938127,77.2093958,INDUSTRIAL,,,,,industrial,,
way_985421785,30.0943971,77.208279,INDUSTRIAL,,,,,industrial,,
way_985421786,30.0824008,77.2234342,INDUSTRIAL,,,,,industrial,,
way_985421787,30.0864054,77.2242012,INDUSTRIAL,,,,,industrial,,
way_985421788,30.0875862,77.2176611,INDUSTRIAL,,,,,industrial,,
way_985421789,30.0869886,77.2171955,INDUSTRIAL,,,,,industrial,,
way_985421790,30.0796482,77.2069278,INDUSTRIAL,,,,,industrial,,
way_985421791,30.077717,77.2070513,INDUSTRIAL,,,,,industrial,,
way_985421792,30.0740404,77.2031808,INDUSTRIAL,,,,,industrial,,
way_985421793,30.0731596,77.2007346,INDUSTRIAL,,,,,industrial,,
way_985421794,30.0703461,77.1965306,INDUSTRIAL,,,,,industrial,,
way_985421795,30.0009878,77.1009058,INDUSTRIAL,,,,,industrial,,
way_985421796,30.0224892,77.2388777,INDUSTRIAL,,,,,industrial,,
way_985421797,30.0509158,77.2605305,INDUSTRIAL,,,,,industrial,,
way_985421798,30.0514046,77.2617304,INDUSTRIAL,,,,,industrial,,
way_985421799,30.051809,77.2641177,INDUSTRIAL,,,,,industrial,,
way_985421800,30.0493719,77.2639555,INDUSTRIAL,,,,,industrial,,
way_985421801,30.0498625,77.263505,INDUSTRIAL,,,,,industrial,,
way_985421802,30.045482,77.2510377,INDUSTRIAL,,,,,industrial,,
way_985421803,30.0455786,77.2543261,INDUSTRIAL,,,,,industrial,,
way_985421804,30.040226,77.2498095,INDUSTRIAL,,,,,industrial,,
way_985421805,30.0351262,77.2529215,INDUSTRIAL,,,,,industrial,,
way_985421806,30.0334988,77.2536239,INDUSTRIAL,,,,,industrial,,
way_985421808,30.0953729,77.3540842,INDUSTRIAL,,,,,industrial,,
way_985421809,30.0943607,77.3541168,INDUSTRIAL,,,,,industrial,,
way_985421810,30.0852514,77.3293057,INDUSTRIAL,,,,,industrial,,
way_985421811,30.0863509,77.3350758,INDUSTRIAL,,,,,industrial,,
way_985421812,30.0877642,77.3337984,INDUSTRIAL,,,,,industrial,,
way_985421813,30.0919619,77.3282569,INDUSTRIAL,,,,,industrial,,
way_985421815,30.1349001,77.3577714,INDUSTRIAL,,,,,industrial,,
way_985421816,30.1343562,77.3576076,INDUSTRIAL,,,,,industrial,,
way_985426397,29.1304119,75.7512562,INDUSTRIAL,,,,,industrial,,
way_985426398,29.1268187,75.7637615,INDUSTRIAL,,,,,,works,
way_985426399,29.1334817,75.7684172,INDUSTRIAL,,,,,industrial,,
way_985426400,29.103094,75.8687335,INDUSTRIAL,,,,,industrial,,
way_985426401,29.1153068,75.8137262,INDUSTRIAL,,,,,industrial,,
way_985426402,29.1155046,75.8105064,INDUSTRIAL,,,,,industrial,,
way_985426403,29.11651,75.809847,INDUSTRIAL,,,,,industrial,,
way_985426404,29.1201676,75.8023875,INDUSTRIAL,,,,,industrial,,
way_985426405,29.1194764,75.8010694,INDUSTRIAL,,,,,industrial,,
way_985426406,29.1206987,75.8010213,INDUSTRIAL,,,,,industrial,,
way_985426407,29.1325298,75.7974445,INDUSTRIAL,,,,,,works,
way_985426408,29.130745,75.7953671,INDUSTRIAL,,,,,,works,
way_985426409,29.1307608,75.7964621,INDUSTRIAL,,,,,,works,
way_985426410,29.1307541,75.7969884,INDUSTRIAL,,,,,,works,
way_985426411,29.1277609,75.7979645,INDUSTRIAL,,,,,,works,
way_985426412,29.1281303,75.797967,INDUSTRIAL,,,,,,works,
way_985426413,29.1286255,75.7989525,INDUSTRIAL,,,,,,works,
way_985426414,29.1292472,75.7989582,INDUSTRIAL,,,,,,works,
way_985426415,29.1292391,75.7979567,INDUSTRIAL,,,,,,works,
way_985426416,29.1096464,75.9843796,INDUSTRIAL,,,,,industrial,,
way_985426417,29.1026842,75.9364473,INDUSTRIAL,,,,,industrial,,
way_985439948,31.125666,75.4227748,INDUSTRIAL,,,,,industrial,,
way_985439949,31.1274518,75.3799638,INDUSTRIAL,,,,,industrial,,
way_985439950,30.9737088,74.5817332,INDUSTRIAL,,,,,industrial,,
way_986287959,28.4388412,77.5873375,INDUSTRIAL,,,plant,solar,,,
way_986287960,28.4363458,77.5876446,INDUSTRIAL,,,plant,solar,,,
way_986566552,24.7923888,78.4094158,INDUSTRIAL,Mahrauni Khurd,,plant,solar,,,
way_986566553,25.3646297,78.3082724,INDUSTRIAL,Badanpur,,plant,solar,,,
way_986566554,25.4475519,79.7216732,INDUSTRIAL,,,plant,solar,,,
way_986566555,25.4534368,79.7125268,INDUSTRIAL,,,plant,solar,,,
way_986566556,25.4404214,79.7101342,INDUSTRIAL,,,plant,solar,,,
way_986566557,25.3530285,79.7701412,INDUSTRIAL,Supa,,plant,solar,,,
way_986570228,25.5599523,80.3315867,INDUSTRIAL,Chahitara,,plant,solar,,,
way_986570229,25.553785,80.3343623,INDUSTRIAL,,,plant,solar,,,
way_986575040,27.8826686,79.7412854,INDUSTRIAL,,,plant,solar,industrial,,
way_986596670,23.5195462,80.8513257,INDUSTRIAL,Piparia,mine,,,industrial,,SECL
way_986683102,28.5440836,77.4600757,INDUSTRIAL,,,,,industrial,,
way_986754576,29.2050378,79.0896455,INDUSTRIAL,,,plant,solar,industrial,,
way_987050051,28.1254814,81.5034544,INDUSTRIAL,audhogik gram,,,,industrial,,public
way_987309049,28.8860604,76.6811606,INDUSTRIAL,,,,,industrial,,
way_987921715,25.1296519,75.8825576,INDUSTRIAL,Kota Complex power station,,plant,coal,industrial,,DCM Shriram Fertilisers & Chemicals
way_988017820,26.6184403,81.3481982,INDUSTRIAL,,,,,,works,
way_988403789,28.2070579,81.5855804,INDUSTRIAL,,,,,industrial,,
way_988403800,28.1973852,81.5955234,INDUSTRIAL,,,,,industrial,,
way_988644158,31.2346879,77.5656424,INDUSTRIAL,,,,,industrial,,
way_989205119,29.8884739,77.8114494,INDUSTRIAL,,,,,industrial,,
way_989819096,29.5106526,76.8651289,INDUSTRIAL,,,plant,,,,
way_989819100,29.4177811,76.8554137,INDUSTRIAL,,,,,industrial,,
way_989819102,29.3813629,76.8050149,INDUSTRIAL,,,,,industrial,,
way_989819103,29.4116923,76.8421962,INDUSTRIAL,,,,,industrial,,
way_989819104,29.4128482,76.8512154,INDUSTRIAL,,,,,industrial,,
way_989819105,29.4129488,76.8524136,INDUSTRIAL,,,,,industrial,,
way_989819106,29.4164325,76.8584955,INDUSTRIAL,,,,,industrial,,
way_989819107,29.4173892,76.8675966,INDUSTRIAL,,,,,industrial,,
way_989819108,29.4173319,76.8654095,INDUSTRIAL,,,,,industrial,,
way_989819109,29.4172852,76.8664718,INDUSTRIAL,,,,,industrial,,
way_989819111,29.4496099,76.8578365,INDUSTRIAL,,,,,,works,
way_989819115,28.8669756,77.2567968,INDUSTRIAL,,,,,industrial,,
way_989819116,28.859574,77.2559178,INDUSTRIAL,,,,,industrial,,
way_989819120,28.8446795,77.264148,INDUSTRIAL,,,,,industrial,,
way_989819121,28.836502,77.2678771,INDUSTRIAL,,,,,industrial,,
way_989819124,28.834767,77.2646209,INDUSTRIAL,,,,,,works,
way_989819125,28.7880843,77.2661581,INDUSTRIAL,,,,,,works,
way_989819126,28.786733,77.2605541,INDUSTRIAL,,,,,,works,
way_989819127,28.7865842,77.2609141,INDUSTRIAL,,,,,,works,
way_989819128,28.7861576,77.2619216,INDUSTRIAL,,,,,,works,
way_989819129,28.7835871,77.2594931,INDUSTRIAL,,,,,,works,
way_989819130,28.7837807,77.2590306,INDUSTRIAL,,,,,,works,
way_989819131,28.7828119,77.2616292,INDUSTRIAL,,,,,,works,
way_989819132,28.7827505,77.2621338,INDUSTRIAL,,,,,,works,
way_989819133,28.7828143,77.2631844,INDUSTRIAL,,,,,,works,
way_989819134,28.7837239,77.2655099,INDUSTRIAL,,,,,,works,
way_989819135,28.7856328,77.2667113,INDUSTRIAL,,,,,,works,
way_989819136,28.7884878,77.2668862,INDUSTRIAL,,,,,,works,
way_989819137,28.7885261,77.2614842,INDUSTRIAL,,,,,,works,
way_989819138,28.7905293,77.2595625,INDUSTRIAL,,,,,,works,
way_989819139,28.7909075,77.253733,INDUSTRIAL,,,,,,works,
way_989819140,28.6903783,77.240552,INDUSTRIAL,,,,,industrial,,
way_989825519,28.7864268,77.2873954,INDUSTRIAL,,,,,industrial,,
way_989825520,28.7856651,77.2918894,INDUSTRIAL,,,,,industrial,,
way_989825522,28.7866389,77.2421677,INDUSTRIAL,,,,,,works,
way_989825523,28.7885838,77.2606405,INDUSTRIAL,,,,,,works,
way_989825524,28.7884046,77.2600353,INDUSTRIAL,,,,,,works,
way_989825525,28.7883638,77.2618048,INDUSTRIAL,,,,,,works,
way_989860575,28.7649701,80.8311523,INDUSTRIAL,land,,,,industrial,,
way_990576443,27.1317923,81.9862702,INDUSTRIAL,,,,,industrial,,
way_990990734,27.0894666,84.9377422,INDUSTRIAL,,,,,industrial,,
way_991098251,28.8545502,77.5915204,INDUSTRIAL,,,,,industrial,,
way_991098282,28.8199101,77.551096,INDUSTRIAL,,,,,industrial,,
way_991127882,26.7237875,80.0500452,INDUSTRIAL,,,plant,solar,industrial,,Uttar Pradesh New and Renewable Energy Development Agency
way_991127883,26.7552285,80.067088,INDUSTRIAL,Bilhaur solar farm,,plant,solar,industrial,,National Thermal Power Corporation Limited
way_991441781,27.0588247,82.78202,INDUSTRIAL,,,,,industrial,,
way_991972790,27.9626272,77.5876172,INDUSTRIAL,,,,,industrial,,
way_991972797,27.9841001,77.6332776,INDUSTRIAL,,,,,industrial,,
way_991972799,27.9743768,77.6382439,INDUSTRIAL,Brick Industry,oil,,,industrial,,
way_992023756,28.0682764,77.9431857,INDUSTRIAL,,,,,industrial,,
way_992036608,27.2162259,83.240448,INDUSTRIAL,,,,,industrial,,
way_992790900,28.6236768,77.0017864,INDUSTRIAL,,,,,industrial,,
way_992790901,28.6222214,76.9947311,INDUSTRIAL,,,,,industrial,,
way_992972014,29.2166358,79.4854302,INDUSTRIAL,Guru Kripa Eeeth (Bricks),,,,,works,
way_993064371,26.6291601,82.7015986,INDUSTRIAL,,,,,industrial,,
way_993064372,26.636271,82.6972236,INDUSTRIAL,,,,,industrial,,
way_993064373,26.6827433,82.7554066,INDUSTRIAL,,,,,industrial,,
way_993064374,26.6514827,82.7016639,INDUSTRIAL,,,,,industrial,,
way_993064375,26.7471399,82.7697051,INDUSTRIAL,,,,,industrial,,
way_993064376,26.6359383,82.6952229,INDUSTRIAL,,,,,industrial,,
way_993064377,26.7292467,82.70895,INDUSTRIAL,,,,,industrial,,
way_993064378,26.6432329,82.6986304,INDUSTRIAL,,,,,industrial,,
way_993064379,26.7249635,82.722735,INDUSTRIAL,,,,,industrial,,
way_993064380,26.7470682,82.7728489,INDUSTRIAL,,,,,industrial,,
way_993064381,26.6357594,82.6883541,INDUSTRIAL,,,,,industrial,,
way_993064382,26.6836648,82.7583835,INDUSTRIAL,,,,,industrial,,
way_993064383,26.641216,82.6977846,INDUSTRIAL,,,,,industrial,,
way_993067874,27.8413724,78.3222176,INDUSTRIAL,,,,,industrial,,
way_993067875,27.8430991,78.3199729,INDUSTRIAL,,,,,industrial,,
way_993067876,27.9077195,78.2208152,INDUSTRIAL,,,,,industrial,,
way_993067877,27.7695411,77.9865255,INDUSTRIAL,,,,,industrial,,
way_993067878,27.9711402,78.2421213,INDUSTRIAL,,,,,industrial,,
way_993067879,27.8474879,78.3610775,INDUSTRIAL,,,,,industrial,,
way_993067880,27.8462092,78.3643454,INDUSTRIAL,,,,,industrial,,
way_993067881,27.8495777,78.2913047,INDUSTRIAL,,,,,industrial,,
way_993067882,27.9683301,78.1977009,INDUSTRIAL,,,,,industrial,,
way_993067883,27.7479653,78.325979,INDUSTRIAL,,,,,industrial,,
way_993067884,27.8742644,78.2459799,INDUSTRIAL,,,,,industrial,,
way_993067885,27.8750114,78.2472942,INDUSTRIAL,,,,,industrial,,
way_993067886,27.8486084,78.2693575,INDUSTRIAL,,,,,industrial,,
way_993067887,27.9623029,78.2462405,INDUSTRIAL,,,,,industrial,,
way_993067888,27.8866184,78.3380396,INDUSTRIAL,,,,,industrial,,
way_993067889,27.8395984,78.3163505,INDUSTRIAL,,,,,industrial,,
way_993067890,27.9060434,78.2306133,INDUSTRIAL,,,,,industrial,,
way_993067891,27.9778381,78.1946013,INDUSTRIAL,,,,,industrial,,
way_993086670,30.7653048,75.7153431,INDUSTRIAL,,,,,industrial,,
way_993086671,30.8242443,76.0019532,INDUSTRIAL,,,,,industrial,,
way_993483446,27.2419125,81.5892139,INDUSTRIAL,,,,,industrial,,
way_993483460,27.2054753,81.5744787,INDUSTRIAL,,,,,industrial,,
way_993483473,27.167873,81.6031139,INDUSTRIAL,,,,,industrial,,
way_993483490,27.128557,81.5631379,INDUSTRIAL,,,,,industrial,,
way_993503410,27.2687489,81.5393083,INDUSTRIAL,,,,,industrial,,
way_993716208,27.2536126,81.5694945,INDUSTRIAL,,,,,industrial,,
way_994875579,28.1601365,77.9126529,INDUSTRIAL,Khurja Super Thermal Power Plant,,plant,coal,industrial,,THDC Ltd
way_995014411,30.1787303,74.9250519,INDUSTRIAL,,,,,industrial,,
way_995014412,30.1779141,74.9318648,INDUSTRIAL,,,,,industrial,,
way_995014413,30.1834812,74.9429289,INDUSTRIAL,,,,,industrial,,
way_995229236,27.1040671,84.9483475,INDUSTRIAL,,,,,industrial,,
way_995229239,27.1068665,84.9487304,INDUSTRIAL,,,,,industrial,,
way_995229240,27.1052242,84.9480264,INDUSTRIAL,,,,,industrial,,
way_995240959,27.1024753,84.9469814,INDUSTRIAL,,,,,industrial,,
way_995275343,30.1985159,74.9644857,INDUSTRIAL,,,,,industrial,,
way_995287461,30.2230161,75.0825995,INDUSTRIAL,,,,,industrial,,
way_995287462,30.225224,75.0627186,INDUSTRIAL,,,,,industrial,,
way_995287474,30.1206029,75.081025,INDUSTRIAL,,,,,industrial,,
way_995304762,29.9843323,75.3418564,INDUSTRIAL,,,,,industrial,,
way_995304763,29.9715351,75.3413093,INDUSTRIAL,,,,,industrial,,
way_996789184,27.9589006,78.0987224,INDUSTRIAL,,,,,industrial,,
way_996860905,27.0276318,84.9626579,INDUSTRIAL,,,,,,works,
way_997201158,29.6273299,77.2464609,INDUSTRIAL,,,,,industrial,,
way_997345972,29.4709751,77.4147535,INDUSTRIAL,,,,,industrial,,
way_997345973,29.4700177,77.4178621,INDUSTRIAL,,,,,industrial,,
way_997390540,28.7653102,80.529069,INDUSTRIAL,,brickyard,,,industrial,,
way_997718937,27.9022809,78.3448791,INDUSTRIAL,,,,,industrial,,
way_997718938,27.887254,78.3464738,INDUSTRIAL,,,,,industrial,,
way_997718939,27.8866174,78.327139,INDUSTRIAL,,,,,industrial,,
way_997718940,27.8948235,78.3407673,INDUSTRIAL,,,,,industrial,,
way_997718941,27.8959873,78.3271578,INDUSTRIAL,,,,,industrial,,
way_997718942,27.9090151,78.3532168,INDUSTRIAL,,,,,industrial,,
way_997718943,27.9049677,78.3429332,INDUSTRIAL,,,,,industrial,,
way_997718944,27.8406663,78.361828,INDUSTRIAL,,,,,industrial,,
way_997718945,27.8440449,78.3550326,INDUSTRIAL,,,,,industrial,,
way_997718946,27.8410055,78.3570095,INDUSTRIAL,,,,,industrial,,
way_997718947,27.8654649,78.4924301,INDUSTRIAL,,,,,industrial,,
way_997718948,27.9136096,78.4568292,INDUSTRIAL,,,,,industrial,,
way_997718949,27.8481181,78.3383439,INDUSTRIAL,,,,,industrial,,
way_997718950,27.8373304,78.3612487,INDUSTRIAL,,,,,industrial,,
way_997718951,27.8412937,78.4660855,INDUSTRIAL,,,,,industrial,,
way_997718952,27.8394745,78.4675782,INDUSTRIAL,,,,,industrial,,
way_997718953,27.8384417,78.4687543,INDUSTRIAL,,,,,industrial,,
way_997718954,27.8386361,78.3694294,INDUSTRIAL,,,,,industrial,,
way_997718955,27.8512853,78.3601664,INDUSTRIAL,,,,,industrial,,
way_997856838,27.9601274,78.2499229,INDUSTRIAL,,,,,industrial,,
way_997856839,27.9621073,78.2528003,INDUSTRIAL,,,,,industrial,,
way_997856841,27.9560731,78.2588379,INDUSTRIAL,,,,,industrial,,
way_997856842,27.9629615,78.2493066,INDUSTRIAL,,,,,industrial,,
way_997865095,27.9795542,78.1874562,INDUSTRIAL,,,,,industrial,,
way_997865096,28.0016011,78.1766456,INDUSTRIAL,,,,,industrial,,
way_997865097,27.9537928,78.1901332,INDUSTRIAL,,,,,industrial,,
way_997865098,27.9815037,78.1841478,INDUSTRIAL,,,,,industrial,,
way_997865099,27.9493609,78.1769313,INDUSTRIAL,,,,,industrial,,
way_997867329,27.7684477,78.0074532,INDUSTRIAL,,,,,industrial,,
way_997867330,27.6956741,77.9493405,INDUSTRIAL,,,,,industrial,,
way_997867331,27.8322084,77.9003405,INDUSTRIAL,,,,,industrial,,
way_997867332,27.7648901,77.9828319,INDUSTRIAL,,,,,industrial,,
way_997867333,27.6968354,77.9495966,INDUSTRIAL,,,,,industrial,,
way_997867334,27.7225653,77.9046307,INDUSTRIAL,,,,,industrial,,
way_997867336,27.7554803,77.9975385,INDUSTRIAL,,,,,industrial,,
way_997867338,27.698816,77.9466877,INDUSTRIAL,,,,,industrial,,
way_997867340,27.7701897,78.0078958,INDUSTRIAL,,,,,industrial,,
way_997867341,27.69416,77.9500861,INDUSTRIAL,,,,,industrial,,
way_997867342,27.7788126,77.9065807,INDUSTRIAL,,,,,industrial,,
way_997867612,29.2808205,77.2824803,INDUSTRIAL,,,,,industrial,,
way_997867613,29.2779909,77.2691095,INDUSTRIAL,,,,,industrial,,
way_997867630,29.6440421,77.439533,INDUSTRIAL,,brickyard,,,industrial,,
way_997869331,28.041124,77.6539367,INDUSTRIAL,,,,,industrial,,
way_997869332,28.0815424,77.835702,INDUSTRIAL,,,,,industrial,,
way_997869333,28.0927304,77.872974,INDUSTRIAL,,,,,industrial,,
way_997869334,28.0837195,77.8350597,INDUSTRIAL,,,,,industrial,,
way_997869335,28.025908,78.0544106,INDUSTRIAL,,,,,industrial,,
way_997869336,28.0155726,78.049521,INDUSTRIAL,,,,,industrial,,
way_997926708,29.5116545,77.3673051,INDUSTRIAL,,,,,industrial,,
way_997926709,29.5092222,77.3681045,INDUSTRIAL,,,,,industrial,,
way_998216295,30.179659,77.6215679,INDUSTRIAL,,,plant,hydro,,,
way_998218215,23.8157021,80.4268286,INDUSTRIAL,,,,,industrial,,
way_998507698,23.6875006,80.323872,INDUSTRIAL,,,,,industrial,,
way_998507700,23.6685715,80.3142696,INDUSTRIAL,,,,,industrial,,
way_998637069,24.2263049,81.096941,INDUSTRIAL,,,,,industrial,,
way_998637082,23.8937246,80.3918821,INDUSTRIAL,,,,,industrial,,
way_998637083,23.8662997,80.3677181,INDUSTRIAL,,,,,industrial,,
way_998956165,28.836461,80.4924381,INDUSTRIAL,,brickyard,,,industrial,,
way_999053883,25.4104608,78.4800263,INDUSTRIAL,,,plant,solar,,,
way_999202774,26.5644383,75.5626412,INDUSTRIAL,Phagi,,plant,solar,industrial,,
way_999202776,27.9365235,75.6786581,INDUSTRIAL,Rasulpur,,plant,solar,,,
way_999202777,28.6966909,75.5819249,INDUSTRIAL,Mithi,,plant,solar,,,
way_999213864,30.4613523,74.6188724,INDUSTRIAL,Khirkianwala,,plant,solar,,,
way_999213865,29.8750667,75.6693033,INDUSTRIAL,Bareta,,plant,solar,,,
way_999213866,29.6586851,75.2639329,INDUSTRIAL,Khaira Khurd,,plant,solar,,,
way_999213867,29.7319705,75.3083557,INDUSTRIAL,Mirpur Kalan,,plant,solar,,,
way_999213868,29.8595805,75.1921899,INDUSTRIAL,Nagla,,plant,solar,,,
way_999213869,29.859598,75.2099612,INDUSTRIAL,,,plant,solar,,,
way_999213870,29.9586121,75.1625133,INDUSTRIAL,Ramtirath Jaga,,plant,solar,,,
way_999213871,29.962466,75.1631986,INDUSTRIAL,Ramtirath Jaga,,plant,solar,,,
way_999225110,31.2496753,75.4825035,INDUSTRIAL,Lallian Kalan,,plant,solar,,,
way_999227746,28.427542,77.1595023,INDUSTRIAL,Gwal Pahari Solar Power Plant,,plant,solar,,,
way_999227747,28.4278593,77.1607805,INDUSTRIAL,Gwal Pahari Solar Power Plant,,plant,solar,,,
way_999227749,29.3885676,76.8708329,INDUSTRIAL,Panipat,,plant,solar,,,
way_999233558,25.9063428,79.918558,INDUSTRIAL,Bindpuri,,plant,solar,,,
way_999233559,27.6067473,79.6902805,INDUSTRIAL,Chiluah,,plant,solar,,,
way_999233560,28.5787982,77.6317173,INDUSTRIAL,Dadri,,plant,solar,,,
way_999236374,29.0851245,79.2828919,INDUSTRIAL,Gadarpur Solar Farm,,plant,solar,industrial,,
way_999236375,29.7379331,77.9305878,INDUSTRIAL,Manglaur,,plant,solar,,,
way_999254215,23.6967282,75.5282888,INDUSTRIAL,,,plant,solar,,,
way_999254216,23.983998,76.0224053,INDUSTRIAL,Dehriya Susner,,plant,solar,,,
way_999254217,23.8142567,77.8951987,INDUSTRIAL,,,plant,solar,,,
way_999254218,23.8282907,77.8972561,INDUSTRIAL,,,plant,solar,industrial,,
way_999254220,24.5093188,77.6282384,INDUSTRIAL,Bhensarwas,,plant,solar,,,
way_999323116,24.0311198,76.5777218,INDUSTRIAL,,,,,industrial,,
way_999613719,23.6996731,76.0169202,INDUSTRIAL,,,,,industrial,,
way_999613724,23.7245402,76.0152036,INDUSTRIAL,,,,,industrial,,
way_999982168,31.4472341,74.66241,INDUSTRIAL,Chhina Bidhi Chand,,plant,solar,,,
way_1000191498,26.4289268,81.1273348,INDUSTRIAL,,,,,industrial,,
way_1000432380,29.2034078,79.533389,INDUSTRIAL,,slaughterhouse,,,industrial,,
way_1000491064,26.2181102,80.7491845,INDUSTRIAL,,,,,industrial,,
way_1001141656,27.0076101,84.9846345,INDUSTRIAL,,,,,industrial,,
way_1001551488,26.2270129,81.2489891,INDUSTRIAL,,,,,industrial,,
way_1001727107,27.0272212,84.9630352,INDUSTRIAL,,,,,,works,
way_1002110343,28.6237184,79.732902,INDUSTRIAL,,brickyard,,,industrial,,
way_1002204234,28.5717067,81.6912367,INDUSTRIAL,Lekbeshi Industrial Area,factory,,,industrial,,
way_1002220951,28.0449756,82.4777676,INDUSTRIAL,Brick Factory,factory,,,industrial,,
way_1002223500,28.5727925,81.7027831,INDUSTRIAL,Anu Rice mill,,,,industrial,,Surya Bahadur Saru
way_1002372097,30.1209694,74.7448691,INDUSTRIAL,,,plant,solar,industrial,,
way_1002372999,30.664659,76.7919553,INDUSTRIAL,,,plant,solar,industrial,,
way_1002373000,30.6670942,76.7929262,INDUSTRIAL,,,plant,solar,industrial,,
way_1002377619,29.8780778,77.7546084,INDUSTRIAL,,,plant,solar,industrial,,
way_1002378262,26.4767231,80.2672692,INDUSTRIAL,,,plant,solar,industrial,,
way_1002379454,28.1000678,75.9995837,INDUSTRIAL,,,plant,solar,industrial,,
way_1002380007,28.0915408,76.0005593,INDUSTRIAL,,,plant,solar,industrial,,
way_1002380096,25.6623508,74.60154,INDUSTRIAL,,,plant,solar,industrial,,
way_1002381346,23.5375737,76.1247901,INDUSTRIAL,Kadodiya A,,plant,solar,industrial,,
way_1002383580,29.7119501,77.8322683,INDUSTRIAL,,,plant,solar,industrial,,
way_1002386293,28.9565389,75.5614356,INDUSTRIAL,,,plant,solar,industrial,,
way_1002386759,29.7531283,77.8248445,INDUSTRIAL,,,plant,solar,industrial,,
way_1002426992,29.6244676,75.2050962,INDUSTRIAL,,,plant,solar,industrial,,
way_1002457208,28.4618519,81.7805935,INDUSTRIAL,Basnet Rice Mill,,,,industrial,,Suman Bote
way_1002457209,28.4615038,81.7785262,INDUSTRIAL,Dilmaaya Chowmin Udhyog,,,,industrial,,
way_1002457210,28.4528174,81.8070716,INDUSTRIAL,Bhagawati Rice Mill,,,,industrial,,
way_1002466124,28.4685598,81.8086929,INDUSTRIAL,Unique Furniture Udhog,,,,industrial,,
way_1002466126,28.4691018,81.8034727,INDUSTRIAL,Hari rice Mill,,,,industrial,,Khem Raj Saapkota
way_1002471754,28.4705266,81.8067197,INDUSTRIAL,Khadka Rice Mill,,,,industrial,,Khadka bahadur Magar
way_1002491584,27.9135485,84.889483,INDUSTRIAL,shrestha block udyog,,,,,works,
way_1002493325,27.9132182,84.8895887,INDUSTRIAL,new kalika bade center,,,,,works,
way_1002517750,27.5115535,81.5264312,INDUSTRIAL,,,plant,solar,industrial,,
way_1002518982,27.9630335,76.3902504,INDUSTRIAL,,,plant,solar,industrial,,
way_1002536178,26.8944551,81.0995802,INDUSTRIAL,,,plant,solar,industrial,,
way_1002542835,29.8235231,78.1560165,INDUSTRIAL,,,plant,solar,industrial,,
way_1002542836,29.8201179,78.1590784,INDUSTRIAL,,,plant,solar,industrial,,
way_1002544462,24.9919922,82.1791664,INDUSTRIAL,,,plant,solar,industrial,,
way_1002544463,25.0001954,82.1769479,INDUSTRIAL,,,plant,solar,industrial,,
way_1002544486,24.4876672,78.6946304,INDUSTRIAL,,,plant,solar,industrial,,
way_1002545268,23.5057349,76.1536093,INDUSTRIAL,Kadodiya HE,,plant,solar,industrial,,
way_1002545269,23.5115052,76.1588409,INDUSTRIAL,Kadodiya,,plant,solar,industrial,,
way_1002546214,25.9079354,79.9133989,INDUSTRIAL,,,plant,solar,industrial,,
way_1002546590,24.4903925,78.6653768,INDUSTRIAL,,,plant,solar,industrial,,
way_1002546922,25.7920423,80.1307654,INDUSTRIAL,,,plant,solar,industrial,,
way_1002548061,25.8353515,79.6527479,INDUSTRIAL,,,plant,solar,industrial,,
way_1002582990,27.801667,79.2870176,INDUSTRIAL,,,plant,solar,industrial,,
way_1002582991,27.8038321,79.2777866,INDUSTRIAL,,,plant,solar,industrial,,
way_1002711861,27.1322783,79.2760696,INDUSTRIAL,,,plant,solar,industrial,,
way_1002712469,23.5117655,76.1255695,INDUSTRIAL,,,plant,solar,industrial,,
way_1002713050,24.5736298,84.8518114,INDUSTRIAL,Sherghati,,plant,solar,industrial,,
way_1002713206,24.7163647,84.7042123,INDUSTRIAL,,,plant,solar,industrial,,
way_1002716852,30.4985452,77.7863107,INDUSTRIAL,,,plant,solar,industrial,,
way_1002718695,29.5633608,74.8055321,INDUSTRIAL,,,plant,solar,industrial,,
way_1002878020,24.1851102,77.033075,INDUSTRIAL,,,,,industrial,,
way_1002878023,23.9170039,76.6701441,INDUSTRIAL,,,,,industrial,,
way_1002878027,24.4876709,77.1284866,INDUSTRIAL,,,,,industrial,,
way_1002878059,23.9486846,76.8229616,INDUSTRIAL,,,,,industrial,,
way_1002960621,25.3197515,78.5200301,INDUSTRIAL,,,plant,solar,industrial,,
way_1002960622,25.0957319,76.4026688,INDUSTRIAL,,,plant,solar,industrial,,
way_1002962842,29.8025924,77.8697835,INDUSTRIAL,,,plant,solar,industrial,,
way_1002962843,29.7645147,77.9834372,INDUSTRIAL,,,plant,solar,industrial,,
way_1002962844,29.7614086,77.9267509,INDUSTRIAL,,,plant,solar,industrial,,
way_1002962845,29.7462192,77.9450825,INDUSTRIAL,,,plant,solar,industrial,,
way_1002962846,29.6317533,78.0015618,INDUSTRIAL,,,plant,solar,industrial,,
way_1002962847,29.6245927,78.0019748,INDUSTRIAL,,,plant,solar,industrial,,
way_1002962848,29.6233289,77.9968089,INDUSTRIAL,,,plant,solar,industrial,,
way_1002962849,29.3141288,79.1973992,INDUSTRIAL,,,plant,solar,industrial,,
way_1002962850,28.9891499,79.4638994,INDUSTRIAL,,,plant,solar,industrial,,
way_1003037866,30.1334896,75.0163289,INDUSTRIAL,,,plant,solar,industrial,,
way_1003037867,29.8268574,75.819043,INDUSTRIAL,,,plant,solar,industrial,,
way_1003037868,29.3875364,76.8616283,INDUSTRIAL,,,plant,solar,industrial,,
way_1003037869,30.4528958,77.7298768,INDUSTRIAL,,,plant,solar,industrial,,
way_1003037870,30.4571351,77.7346652,INDUSTRIAL,,,plant,solar,industrial,,
way_1003037871,30.4551126,77.7300324,INDUSTRIAL,,,plant,solar,industrial,,
way_1003037872,30.5073442,77.801814,INDUSTRIAL,,,plant,solar,industrial,,
way_1003037873,30.5078133,77.7964559,INDUSTRIAL,,,plant,solar,industrial,,
way_1003037874,29.9103298,77.8715484,INDUSTRIAL,,,plant,solar,industrial,,
way_1003037875,29.7754638,77.8708993,INDUSTRIAL,,,plant,solar,industrial,,
way_1003037876,29.7703739,77.8577083,INDUSTRIAL,,,plant,solar,industrial,,
way_1003041200,28.6235533,77.2505265,INDUSTRIAL,,,plant,solar,industrial,,
way_1003080700,24.5604852,80.9519353,INDUSTRIAL,,,plant,solar,industrial,,
way_1003080701,24.5844049,80.8592543,INDUSTRIAL,,,plant,solar,industrial,,
way_1003080702,24.2499946,78.1755191,INDUSTRIAL,,,plant,solar,industrial,,
way_1003080706,27.2662399,84.4958429,INDUSTRIAL,,,plant,solar,industrial,,
way_1003080707,27.1264142,84.2966688,INDUSTRIAL,,,plant,solar,industrial,,
way_1003080714,28.5253327,77.4788142,INDUSTRIAL,,,plant,solar,industrial,,
way_1003080716,28.968874,77.1450198,INDUSTRIAL,,,plant,solar,industrial,,
way_1003080717,28.3625859,76.218294,INDUSTRIAL,,,plant,solar,industrial,,
way_1003080750,25.1279473,74.613449,INDUSTRIAL,,,plant,solar,industrial,,
way_1003080751,25.1262499,74.6112978,INDUSTRIAL,,,plant,solar,industrial,,
way_1003080758,26.6547811,75.6613492,INDUSTRIAL,,,plant,solar,industrial,,
way_1003080762,28.2975521,76.8608732,INDUSTRIAL,,,plant,solar,industrial,,
way_1003651272,28.7955039,77.0407136,INDUSTRIAL,"Cluster Bus Depot (Bawana Sector - 1, Delhi)",depot,,,industrial,,DIMTS
way_1003896095,30.7536024,76.7486683,INDUSTRIAL,CTU Depot 3,bus_depot,,,industrial,,CTU
way_1004162648,25.9733824,80.189846,INDUSTRIAL,Ghatampur Thermal Power Station,,plant,coal,industrial,,Neyveli Uttar Pradesh Power Limited
way_1004182594,28.5609108,81.601413,INDUSTRIAL,Crusher Udhyog,,,,industrial,,Govinda Gautam
way_1004516616,30.4489662,77.7248168,INDUSTRIAL,,,plant,solar,industrial,,
way_1004516622,30.4529027,77.7331377,INDUSTRIAL,,,plant,solar,industrial,,
way_1005384995,31.1488358,76.2767257,INDUSTRIAL,,,plant,solar,,,
way_1005385001,31.3960583,76.1834384,INDUSTRIAL,,,plant,solar,,,
way_1005387909,31.2549062,75.7047573,INDUSTRIAL,,,plant,solar,,,
way_1005387919,30.8783637,75.9384951,INDUSTRIAL,,,plant,solar,,,
way_1005387921,31.0565426,76.3752045,INDUSTRIAL,,,plant,solar,,,
way_1005391113,30.6116389,77.0587747,INDUSTRIAL,,,plant,solar,,,
way_1005391432,30.5337842,76.9917516,INDUSTRIAL,,,plant,solar,,,
way_1006649213,25.365746,78.3176674,INDUSTRIAL,,,plant,solar,,,
way_1006955564,29.9245569,77.1624846,INDUSTRIAL,,,,,industrial,,
way_1007078498,29.9548137,77.7877763,INDUSTRIAL,,,plant,solar,industrial,,
way_1007082319,29.8888669,75.6902634,INDUSTRIAL,,,plant,solar,industrial,,
way_1007082329,29.9051897,77.7629061,INDUSTRIAL,,,plant,solar,,,
way_1007082332,29.9312452,77.7685194,INDUSTRIAL,,,plant,solar,,,
way_1007083355,29.6979371,75.9183946,INDUSTRIAL,,,plant,solar,,,
way_1007097792,29.9642204,75.1536566,INDUSTRIAL,,,plant,solar,,,
way_1007098645,28.4400653,75.9442914,INDUSTRIAL,,,plant,solar,,,
way_1007101714,28.9316413,75.6286181,INDUSTRIAL,,,plant,solar,,,
way_1007102799,27.9250023,78.071149,INDUSTRIAL,,,plant,solar,,,
way_1007603944,28.6216851,77.0019983,INDUSTRIAL,,,,,,works,
way_1007603948,28.6080575,77.0052736,INDUSTRIAL,,,,,,works,
way_1007603953,28.5840427,77.0259499,INDUSTRIAL,,,,,,works,
way_1007603954,28.5582288,77.0919114,INDUSTRIAL,Air India GSD Complex,,,,,works,
way_1007606941,28.5496987,77.1105738,INDUSTRIAL,,,,,,works,
way_1007606942,28.5489001,77.1093188,INDUSTRIAL,,,,,,works,
way_1007606946,28.5492751,77.1075228,INDUSTRIAL,,,,,,works,
way_1007606947,28.5476915,77.1086157,INDUSTRIAL,TajSATS Catering,food_industry,,,industrial,,
way_1007606949,28.5551267,77.1263077,INDUSTRIAL,,,,,industrial,,
way_1008256932,28.3795309,79.3873761,INDUSTRIAL,,,,,industrial,,
way_1008256933,28.3924929,79.3779024,INDUSTRIAL,,,,,industrial,,
way_1008256934,28.3982807,79.3820035,INDUSTRIAL,,,,,industrial,,
way_1008256935,28.425024,79.3534782,INDUSTRIAL,,,,,industrial,,
way_1008256936,28.4305478,79.3591358,INDUSTRIAL,,,,,industrial,,
way_1008256939,28.3876161,79.4163882,INDUSTRIAL,,,,,industrial,,
way_1008256941,28.3443043,79.4063821,INDUSTRIAL,,,,,industrial,,
way_1008256943,28.3209242,79.3927458,INDUSTRIAL,,,,,industrial,,
way_1008258636,28.3221213,79.4647175,INDUSTRIAL,,,,,industrial,,
way_1008259601,28.3641672,79.4310504,INDUSTRIAL,,,,,industrial,,
way_1008261474,28.7850751,79.0268522,INDUSTRIAL,,,,,industrial,,
way_1008720187,28.405518,79.3846939,INDUSTRIAL,Bareilly Sleeper Treatment Plant,,,,industrial,,
way_1008720211,28.4097033,79.4295176,INDUSTRIAL,,,,,industrial,,
way_1008735482,29.9643125,78.0775308,INDUSTRIAL,Aludecor,,,,,works,
way_1008735483,29.9681303,78.0725689,INDUSTRIAL,Hindustan Zinc,,,,,works,
way_1008735484,29.9675726,78.0542185,INDUSTRIAL,,,,,,works,
way_1008735485,29.9679043,78.0538482,INDUSTRIAL,,,,,,works,
way_1008735486,29.9670479,78.0548067,INDUSTRIAL,,,,,,works,
way_1008735487,29.9571181,78.0713066,INDUSTRIAL,,,,,,works,
way_1008735488,29.9475444,78.0768501,INDUSTRIAL,Hamilton Houseware,,,,,works,
way_1008735489,29.9459146,78.0687343,INDUSTRIAL,,,,,,works,
way_1008735490,29.9458525,78.0699863,INDUSTRIAL,,,,,,works,
way_1008735491,29.9457422,78.0719918,INDUSTRIAL,,,,,,works,
way_1008735492,29.9457898,78.0711844,INDUSTRIAL,,,,,,works,
way_1008735493,29.9456201,78.0742382,INDUSTRIAL,,,,,,works,
way_1008735494,29.9481884,78.0649599,INDUSTRIAL,,,,,,works,
way_1008735495,29.9501424,78.0660098,INDUSTRIAL,,,,,,works,
way_1008735496,29.9519095,78.0636715,INDUSTRIAL,,,,,,works,
way_1008735497,29.9560568,78.0591336,INDUSTRIAL,,,,,,works,
way_1008735498,29.9562781,78.0618571,INDUSTRIAL,,,,,,works,
way_1008735499,29.9556453,78.0625632,INDUSTRIAL,,,,,,works,
way_1008735500,29.9546712,78.0638722,INDUSTRIAL,,,,,,works,
way_1008735501,29.9540987,78.0644987,INDUSTRIAL,,,,,,works,
way_1008735502,29.9672634,78.0569976,INDUSTRIAL,,,,,,works,
way_1008735503,29.9640167,78.0622022,INDUSTRIAL,,,,,,works,
way_1008735504,29.9647916,78.0621709,INDUSTRIAL,,,,,,works,
way_1008735505,29.9655839,78.0579541,INDUSTRIAL,,,,,,works,
way_1008735506,29.9594534,78.064149,INDUSTRIAL,Century Metal Recycling,,,,,works,
way_1008772903,26.7996966,75.5795431,INDUSTRIAL,,,,,industrial,,
way_1008772908,26.9083944,75.6321815,INDUSTRIAL,,,,,industrial,,
way_1008772909,26.906237,75.6319374,INDUSTRIAL,,,,,industrial,,
way_1008772910,26.913618,75.6408584,INDUSTRIAL,,,,,industrial,,
way_1008772911,26.921606,75.6552753,INDUSTRIAL,,,,,industrial,,
way_1008772921,26.8080278,75.5462301,INDUSTRIAL,,,,,industrial,,
way_1008772932,26.8128251,75.6681686,INDUSTRIAL,,,,,industrial,,
way_1008772933,26.8090955,75.6666934,INDUSTRIAL,,,,,industrial,,
way_1008772934,26.8092433,75.6373501,INDUSTRIAL,,,,,industrial,,
way_1008772935,26.8111587,75.6074112,INDUSTRIAL,,,,,industrial,,
way_1008774159,26.8650415,75.7289689,INDUSTRIAL,,,,,industrial,,
way_1008781282,27.4151096,75.8445454,INDUSTRIAL,Riico Industrial Area,,,,industrial,,
way_1008908280,26.9934532,76.2822765,INDUSTRIAL,,,,,industrial,,
way_1008908281,26.9890171,76.2771964,INDUSTRIAL,,,,,industrial,,
way_1009032007,29.0758135,75.4292308,INDUSTRIAL,,,plant,solar,industrial,,
way_1009033755,29.0835918,75.4433272,INDUSTRIAL,,,plant,solar,industrial,,
way_1011005096,27.0458455,84.9227372,INDUSTRIAL,,,,,industrial,,
way_1011742039,27.8932221,84.8670269,INDUSTRIAL,Maharudra Etta Udyog,brickyard,,,industrial,,
way_1011984144,27.6656416,84.5054057,INDUSTRIAL,,brickyard,,,industrial,,
way_1012688887,28.2858883,81.2422684,INDUSTRIAL,Parwal Itta Bhatti,,,,industrial,,
way_1012808812,27.6352718,84.544922,INDUSTRIAL,,,,,industrial,,
way_1013046259,27.638665,84.533194,INDUSTRIAL,,,,,industrial,,
way_1013083408,27.6330298,84.5329874,INDUSTRIAL,,brickyard,,,industrial,,
way_1014165251,27.0020266,84.9857019,INDUSTRIAL,,,,,industrial,,
way_1014980995,28.0429646,82.4487273,INDUSTRIAL,Brick Factory,factory,,,industrial,,
way_1015068664,27.0027214,84.9354422,INDUSTRIAL,,,,,industrial,,
way_1015068666,27.008366,84.9376819,INDUSTRIAL,,,,,industrial,,
way_1015068667,27.0069895,84.9358941,INDUSTRIAL,,,,,industrial,,
way_1015185140,28.7722492,80.5542764,INDUSTRIAL,Awasthi Group,,,,industrial,,
way_1015282131,23.8943181,84.9946975,INDUSTRIAL,Amrapali Coal Mine,mine,,,industrial,,
way_1015869201,27.0366085,84.9229457,INDUSTRIAL,,brickyard,,,industrial,,
way_1015870780,27.0256353,84.9878592,INDUSTRIAL,,,,,industrial,,
way_1016245348,27.0125959,84.988667,INDUSTRIAL,,,,,industrial,,
way_1016245349,27.0155928,84.9882659,INDUSTRIAL,,,,,industrial,,
way_1016286222,27.33845,83.7215173,INDUSTRIAL,,,,,industrial,,
way_1016286238,27.3707145,83.7130898,INDUSTRIAL,,,,,industrial,,
way_1018307989,27.2239699,78.6518566,INDUSTRIAL,,,,,industrial,,
way_1018307991,27.2255238,78.6534525,INDUSTRIAL,,,,,industrial,,
way_1018930600,27.6632654,84.3331182,INDUSTRIAL,,,,,,works,
way_1018930601,27.6629968,84.3338038,INDUSTRIAL,,,,,,works,
way_1018930602,27.6628755,84.3338687,INDUSTRIAL,,,,,,works,
way_1018930603,27.6627571,84.3339265,INDUSTRIAL,,,,,,works,
way_1018930604,27.6626341,84.3339986,INDUSTRIAL,,,,,,works,
way_1018930609,27.6622864,84.3340805,INDUSTRIAL,,,,,,works,
way_1019716625,27.5619736,83.7347581,INDUSTRIAL,,,,,industrial,,
way_1019781353,23.5387675,84.6877851,INDUSTRIAL,,brickyard,,,industrial,,
way_1019781366,23.5698175,84.7550117,INDUSTRIAL,,brickyard,,,industrial,,
way_1019781372,23.5020462,84.7188114,INDUSTRIAL,,brickyard,,,industrial,,
way_1019784453,23.5619903,84.7323413,INDUSTRIAL,,brickyard,,,industrial,,
way_1019784485,23.5524876,84.7224235,INDUSTRIAL,,brickyard,,,industrial,,
way_1019784556,23.5718543,84.7339362,INDUSTRIAL,,brickyard,,,industrial,,
way_1019784560,23.5637588,84.7174849,INDUSTRIAL,,brickyard,,,industrial,,
way_1019944450,28.1500956,84.1306722,INDUSTRIAL,,,plant,solar,,,
way_1021965718,26.9930489,84.9552958,INDUSTRIAL,,,,,industrial,,
way_1021965719,26.9912318,84.9535029,INDUSTRIAL,,,,,industrial,,
way_1021980304,26.9885765,84.9497625,INDUSTRIAL,,,,,industrial,,
way_1022314008,27.0134893,84.964791,INDUSTRIAL,,,,,industrial,,
way_1022314009,27.0110044,84.9681937,INDUSTRIAL,,,,,industrial,,
way_1022314010,27.0116637,84.9627793,INDUSTRIAL,,,,,industrial,,
way_1022325720,27.0092321,84.9579016,INDUSTRIAL,,,,,industrial,,
way_1023639114,26.9840542,84.9725586,INDUSTRIAL,,,,,industrial,,
way_1023639134,26.9902142,84.9757089,INDUSTRIAL,,,,,industrial,,
way_1023639136,26.9884796,84.9792923,INDUSTRIAL,,,,,industrial,,
way_1024652941,30.8149137,76.5854413,INDUSTRIAL,,,,,industrial,,
way_1026817348,23.7042462,84.6868082,INDUSTRIAL,,brickyard,,,industrial,,
way_1026817350,23.7292769,84.6605479,INDUSTRIAL,,brickyard,,,industrial,,
way_1026817363,23.7110955,84.6580737,INDUSTRIAL,,brickyard,,,industrial,,
way_1026817367,23.698412,84.6584237,INDUSTRIAL,,brickyard,,,industrial,,
way_1027440349,28.4070826,77.8808045,INDUSTRIAL,,,,,industrial,,
way_1027467167,29.0191072,77.7352712,INDUSTRIAL,,,plant,solar,industrial,,
way_1027481131,28.2903381,79.8152447,INDUSTRIAL,,,,,industrial,,
way_1028161115,26.2263839,78.1877902,INDUSTRIAL,,,,,industrial,,
way_1028161116,26.2246683,78.1852019,INDUSTRIAL,,,,,industrial,,
way_1028161126,26.1663913,78.1770855,INDUSTRIAL,,,,,industrial,,
way_1028161127,26.1629204,78.176077,INDUSTRIAL,,,,,industrial,,
way_1028161131,26.238072,78.1897455,INDUSTRIAL,,,,,industrial,,
way_1028161133,26.222445,78.1801003,INDUSTRIAL,,,,,industrial,,
way_1028161142,26.2325144,78.2103905,INDUSTRIAL,,,,,industrial,,
way_1028161143,26.2371218,78.207019,INDUSTRIAL,,,,,industrial,,
way_1028161144,26.2367536,78.2033631,INDUSTRIAL,,,,,industrial,,
way_1028313309,28.7757811,79.0350081,INDUSTRIAL,,,,,industrial,,
way_1028313323,28.7696049,79.027379,INDUSTRIAL,,,,,industrial,,
way_1028320754,28.3942964,78.1144556,INDUSTRIAL,,,,,industrial,,
way_1028421376,28.9390013,80.2376755,INDUSTRIAL,,,,,industrial,,
way_1028421377,28.9372698,80.2406144,INDUSTRIAL,,brickyard,,,industrial,,
way_1029015222,29.6442468,77.176963,INDUSTRIAL,,,,,industrial,,
way_1029015332,28.0122574,78.4588203,INDUSTRIAL,,,,,industrial,,
way_1029015333,28.011556,78.464058,INDUSTRIAL,,,,,industrial,,
way_1029017794,28.0707509,78.3367884,INDUSTRIAL,,,,,industrial,,
way_1029063771,29.3738792,77.3674348,INDUSTRIAL,,,,,industrial,,
way_1029063772,29.3731849,77.3694297,INDUSTRIAL,,,,,industrial,,
way_1029063785,29.6043268,77.3942269,INDUSTRIAL,,,,,industrial,,
way_1029063795,29.4713156,77.4126005,INDUSTRIAL,,,,,industrial,,
way_1029243606,29.3875574,77.3573381,INDUSTRIAL,,,,,industrial,,
way_1029246942,29.6132672,77.285308,INDUSTRIAL,,,,,industrial,,
way_1029246945,29.3408866,77.3122589,INDUSTRIAL,,,,,industrial,,
way_1029246946,29.3405801,77.3106133,INDUSTRIAL,,,,,industrial,,
way_1029246947,29.3359891,77.299494,INDUSTRIAL,,,,,industrial,,
way_1029246949,29.3369742,77.3039405,INDUSTRIAL,,,,,industrial,,
way_1029360104,27.5767053,81.6337774,INDUSTRIAL,,brickyard,,,industrial,,
way_1029360105,27.5733954,81.6354155,INDUSTRIAL,,brickyard,,,industrial,,
way_1029360106,27.5447353,81.6528623,INDUSTRIAL,,brickyard,,,industrial,,
way_1029360107,27.5487756,81.6530622,INDUSTRIAL,,brickyard,,,industrial,,
way_1029360108,27.5532947,81.6444705,INDUSTRIAL,,,,,industrial,,
way_1029360109,27.5538215,81.6419655,INDUSTRIAL,,brickyard,,,industrial,,
way_1029360110,27.5553165,81.647054,INDUSTRIAL,,brickyard,,,industrial,,
way_1029360111,27.5556878,81.6430528,INDUSTRIAL,,brickyard,,,industrial,,
way_1029360112,27.5561143,81.6423552,INDUSTRIAL,,brickyard,,,industrial,,
way_1029360113,27.5669987,81.6372427,INDUSTRIAL,,brickyard,,,industrial,,
way_1029360114,27.562927,81.634061,INDUSTRIAL,,brickyard,,,industrial,,
way_1029360115,27.5630431,81.6361277,INDUSTRIAL,,brickyard,,,industrial,,
way_1029360116,27.5606025,81.6381621,INDUSTRIAL,,brickyard,,,industrial,,
way_1029360117,27.5588856,81.6400355,INDUSTRIAL,,brickyard,,,industrial,,
way_1029360118,27.5578488,81.6410226,INDUSTRIAL,,brickyard,,,industrial,,
way_1029360120,27.5497404,81.6451215,INDUSTRIAL,,brickyard,,,industrial,,
way_1029360121,27.5470637,81.647308,INDUSTRIAL,,brickyard,,,industrial,,
way_1029360122,27.5497165,81.6486288,INDUSTRIAL,,brickyard,,,industrial,,
way_1029398345,26.3579343,81.8778351,INDUSTRIAL,,,,,industrial,,
way_1029671707,27.5948473,82.9418254,INDUSTRIAL,,brickyard,,,industrial,,
way_1029967278,29.6361839,77.2160478,INDUSTRIAL,,brickyard,,,industrial,,
way_1030281550,28.033795,78.4520361,INDUSTRIAL,,,,,industrial,,
way_1030281551,28.0360885,78.4439526,INDUSTRIAL,,,,,industrial,,
way_1030281552,28.0402756,78.4477272,INDUSTRIAL,,,,,industrial,,
way_1030281555,28.0742417,78.4306173,INDUSTRIAL,,,,,industrial,,
way_1030527300,24.2287228,83.0377096,INDUSTRIAL,,,,,industrial,,
way_1030680751,28.0727329,82.3895558,INDUSTRIAL,,mineral_processing,,,industrial,,
way_1030854589,28.0400398,82.4262672,INDUSTRIAL,,brickyard,,,industrial,,
way_1030991309,24.0942736,83.9135273,INDUSTRIAL,,brickyard,,,industrial,,
way_1031026563,24.04187,83.9660463,INDUSTRIAL,,brickyard,,,industrial,,
way_1031026564,24.0412846,83.9638227,INDUSTRIAL,,brickyard,,,industrial,,
way_1031026565,24.0427836,83.9608991,INDUSTRIAL,,brickyard,,,industrial,,
way_1031026587,24.0492698,83.9539837,INDUSTRIAL,,brickyard,,,industrial,,
way_1031026602,24.0303347,83.9724863,INDUSTRIAL,,brickyard,,,industrial,,
way_1031026629,24.0030122,83.9924124,INDUSTRIAL,,brickyard,,,industrial,,
way_1031026630,24.013314,83.9798583,INDUSTRIAL,,brickyard,,,industrial,,
way_1031026631,24.0132343,83.9779834,INDUSTRIAL,,brickyard,,,industrial,,
way_1031026632,24.0142572,83.9757599,INDUSTRIAL,,brickyard,,,industrial,,
way_1031026633,24.0104658,83.9664258,INDUSTRIAL,,brickyard,,,industrial,,
way_1031026635,24.0129097,83.9716508,INDUSTRIAL,,brickyard,,,industrial,,
way_1031026636,24.0263697,83.9751323,INDUSTRIAL,,brickyard,,,industrial,,
way_1031026637,24.0245911,83.976751,INDUSTRIAL,,brickyard,,,industrial,,
way_1031026638,24.0221137,83.9775087,INDUSTRIAL,,brickyard,,,industrial,,
way_1031026639,24.0229185,83.9794526,INDUSTRIAL,,brickyard,,,industrial,,
way_1031026640,24.0219832,83.9821449,INDUSTRIAL,,brickyard,,,industrial,,
way_1031026641,24.0205709,83.9805302,INDUSTRIAL,,brickyard,,,industrial,,
way_1031455888,27.3511748,81.7733687,INDUSTRIAL,,,,,industrial,,
way_1031566766,28.8513171,80.4299124,INDUSTRIAL,,brickyard,,,industrial,,
way_1031584480,28.1135945,82.2879369,INDUSTRIAL,Aashirvaad Food Products Pvt. Ltd.,factory,,,industrial,,
way_1031584481,28.1131328,82.287967,INDUSTRIAL,Rapti Flour Mills Pvt. Ltd.,factory,,,industrial,,
way_1031599599,27.3359251,81.8484356,INDUSTRIAL,,,,,industrial,,
way_1031991264,28.8549038,80.4098294,INDUSTRIAL,,brickyard,,,industrial,,
way_1032561517,28.8588057,80.4089858,INDUSTRIAL,,brickyard,,,industrial,,
way_1032561530,28.8616892,80.409594,INDUSTRIAL,,brickyard,,,industrial,,
way_1032969968,24.3904917,84.161236,INDUSTRIAL,,brickyard,,,industrial,,
way_1032969982,24.3873484,84.1550253,INDUSTRIAL,,brickyard,,,industrial,,
way_1032969983,24.3868525,84.1538532,INDUSTRIAL,,brickyard,,,industrial,,
way_1032969984,24.3831613,84.1549791,INDUSTRIAL,,brickyard,,,industrial,,
way_1032981924,24.4175493,84.078467,INDUSTRIAL,,brickyard,,,industrial,,
way_1032981927,24.4177874,84.0805237,INDUSTRIAL,,brickyard,,,industrial,,
way_1032981929,24.4197943,84.0809326,INDUSTRIAL,,brickyard,,,industrial,,
way_1032981930,24.4208616,84.0815549,INDUSTRIAL,,brickyard,,,industrial,,
way_1032981931,24.4214014,84.0793489,INDUSTRIAL,,brickyard,,,industrial,,
way_1032981932,24.4205624,84.0795708,INDUSTRIAL,,brickyard,,,industrial,,
way_1032981981,24.3987501,84.1442831,INDUSTRIAL,,brickyard,,,industrial,,
way_1032996223,24.5002473,84.0030454,INDUSTRIAL,,brickyard,,,industrial,,
way_1032996234,24.5115673,83.9889503,INDUSTRIAL,,brickyard,,,industrial,,
way_1032996235,24.511776,83.988438,INDUSTRIAL,,brickyard,,,industrial,,
way_1032996240,24.5083879,83.9900224,INDUSTRIAL,,brickyard,,,industrial,,
way_1032996249,24.4992832,83.991609,INDUSTRIAL,,brickyard,,,industrial,,
way_1032996308,24.518323,83.976612,INDUSTRIAL,,brickyard,,,industrial,,
way_1032996337,24.5112562,83.9652892,INDUSTRIAL,,brickyard,,,industrial,,
way_1032996385,24.4651732,83.9786165,INDUSTRIAL,,brickyard,,,industrial,,
way_1032996388,24.4731562,83.9565559,INDUSTRIAL,,brickyard,,,industrial,,
way_1032996398,24.4852397,83.9992339,INDUSTRIAL,,brickyard,,,industrial,,
way_1032996411,24.4978773,84.0103848,INDUSTRIAL,,brickyard,,,industrial,,
way_1032996415,24.4961822,84.0100446,INDUSTRIAL,,brickyard,,,industrial,,
way_1032996444,24.4598887,84.0555999,INDUSTRIAL,,brickyard,,,industrial,,
way_1032996449,24.4452823,84.0623878,INDUSTRIAL,,brickyard,,,industrial,,
way_1032996467,24.4441847,84.0626313,INDUSTRIAL,,brickyard,,,industrial,,
way_1033101358,24.1862281,83.7884185,INDUSTRIAL,,brickyard,,,industrial,,
way_1033101384,24.1783572,83.7959939,INDUSTRIAL,,brickyard,,,industrial,,
way_1033101406,24.2110662,83.7845632,INDUSTRIAL,,brickyard,,,industrial,,
way_1033101407,24.2145,83.7909498,INDUSTRIAL,,brickyard,,,industrial,,
way_1033101441,24.237436,83.7759281,INDUSTRIAL,,brickyard,,,industrial,,
way_1033101442,24.2398161,83.7763233,INDUSTRIAL,,brickyard,,,industrial,,
way_1033101459,24.2611387,83.80735,INDUSTRIAL,,brickyard,,,industrial,,
way_1033101463,24.2811905,83.8035864,INDUSTRIAL,,brickyard,,,industrial,,
way_1033719534,28.288849,83.948921,INDUSTRIAL,,,,,industrial,,
way_1034440771,28.8647024,80.4290809,INDUSTRIAL,,brickyard,,,industrial,,
way_1034653820,23.8329719,84.0930164,INDUSTRIAL,,brickyard,,,industrial,,
way_1034711717,28.8688964,80.4718662,INDUSTRIAL,,brickyard,,,industrial,,
way_1034825628,28.97289,80.2239699,INDUSTRIAL,,,,,industrial,,
way_1034892089,23.9132156,84.143347,INDUSTRIAL,,brickyard,,,industrial,,
way_1034892090,23.908105,84.1426416,INDUSTRIAL,,brickyard,,,industrial,,
way_1034892091,23.9099446,84.1422111,INDUSTRIAL,,brickyard,,,industrial,,
way_1034934689,23.6674365,84.9242118,INDUSTRIAL,,brickyard,,,industrial,,
way_1034934690,23.6688417,84.9266311,INDUSTRIAL,,brickyard,,,industrial,,
way_1034934691,23.6620651,84.941099,INDUSTRIAL,,brickyard,,,industrial,,
way_1034934692,23.6662819,84.9439766,INDUSTRIAL,,brickyard,,,industrial,,
way_1034934693,23.668975,84.9496117,INDUSTRIAL,,brickyard,,,industrial,,
way_1034934694,23.6716348,84.9429389,INDUSTRIAL,,brickyard,,,industrial,,
way_1034934695,23.6742295,84.9352055,INDUSTRIAL,,brickyard,,,industrial,,
way_1034934696,23.6711005,84.9333956,INDUSTRIAL,,brickyard,,,industrial,,
way_1034934697,23.6725395,84.9311199,INDUSTRIAL,,brickyard,,,industrial,,
way_1034934698,23.678158,84.9334654,INDUSTRIAL,,brickyard,,,industrial,,
way_1034934700,23.6865316,84.9460866,INDUSTRIAL,,brickyard,,,industrial,,
way_1034934701,23.6888749,84.9705322,INDUSTRIAL,,brickyard,,,industrial,,
way_1034934702,23.6888748,84.9702995,INDUSTRIAL,,brickyard,,,industrial,,
way_1034934703,23.6611524,84.9866443,INDUSTRIAL,,brickyard,,,industrial,,
way_1034934704,23.6627185,84.9862338,INDUSTRIAL,,brickyard,,,industrial,,
way_1034934705,23.6663692,84.9835135,INDUSTRIAL,,brickyard,,,industrial,,
way_1034934706,23.6679137,84.9752368,INDUSTRIAL,,brickyard,,,industrial,,
way_1034934707,23.6726482,84.9693534,INDUSTRIAL,,brickyard,,,industrial,,
way_1034934708,23.6669588,84.9645863,INDUSTRIAL,,brickyard,,,industrial,,
way_1034934709,23.6522526,84.9719927,INDUSTRIAL,,brickyard,,,industrial,,
way_1034934710,23.6562773,84.9813362,INDUSTRIAL,,brickyard,,,industrial,,
way_1034934711,23.6536542,84.9782441,INDUSTRIAL,,brickyard,,,industrial,,
way_1034934712,23.6513988,84.9761367,INDUSTRIAL,,brickyard,,,industrial,,
way_1034934715,23.6384736,84.9747426,INDUSTRIAL,,brickyard,,,industrial,,
way_1034934716,23.6447171,84.9681142,INDUSTRIAL,,brickyard,,,industrial,,
way_1034934717,23.6624643,84.9679211,INDUSTRIAL,,brickyard,,,industrial,,
way_1034934719,23.6599535,84.9670186,INDUSTRIAL,,brickyard,,,industrial,,
way_1034934720,23.6382672,84.9460691,INDUSTRIAL,,brickyard,,,industrial,,
way_1034934721,23.63868,84.9422617,INDUSTRIAL,,brickyard,,,industrial,,
way_1034934723,23.6318342,84.940592,INDUSTRIAL,,brickyard,,,industrial,,
way_1034934724,23.6370042,84.9204165,INDUSTRIAL,,brickyard,,,industrial,,
way_1034934725,23.6351699,84.9224765,INDUSTRIAL,,brickyard,,,industrial,,
way_1034934784,23.6506457,84.8338233,INDUSTRIAL,,brickyard,,,industrial,,
way_1034934822,23.6662451,84.7676043,INDUSTRIAL,,brickyard,,,industrial,,
way_1034991059,28.0598736,76.4105451,INDUSTRIAL,Ghiloth Industrial Area,,,,industrial,,
way_1034991060,28.1940686,76.5835797,INDUSTRIAL,,,,,industrial,,
way_1034991063,28.1509932,76.6742546,INDUSTRIAL,,,,,industrial,,
way_1034991064,28.1587025,76.6816843,INDUSTRIAL,,,,,industrial,,
way_1034991065,28.1560209,76.6839265,INDUSTRIAL,,,,,industrial,,
way_1034991066,28.1576856,76.6947466,INDUSTRIAL,,,,,industrial,,
way_1034991068,28.1737271,76.7151582,INDUSTRIAL,,,,,industrial,,
way_1034991069,28.167778,76.6983997,INDUSTRIAL,,,,,industrial,,
way_1034991070,28.1704413,76.6929831,INDUSTRIAL,,,,,industrial,,
way_1035039849,23.6327323,84.9543719,INDUSTRIAL,,brickyard,,,industrial,,
way_1035127292,25.2223913,80.92466,INDUSTRIAL,Agricultural Produce Market Committee Kashai,,,,industrial,,
way_1035351741,23.6707539,84.8987982,INDUSTRIAL,,brickyard,,,industrial,,
way_1035351742,23.6806918,84.8964275,INDUSTRIAL,,brickyard,,,industrial,,
way_1035613160,27.5748981,82.9497177,INDUSTRIAL,,,,,industrial,,
way_1035892314,28.0390112,82.4630583,INDUSTRIAL,"Auto Town, Dang",,,,industrial,,
way_1036043352,28.1454259,76.9344234,INDUSTRIAL,,,,,industrial,,
way_1036043359,28.3497925,76.9796133,INDUSTRIAL,,,,,industrial,,
way_1036043362,28.2993929,77.054345,INDUSTRIAL,,,,,industrial,,
way_1036043377,28.2157256,77.0568739,INDUSTRIAL,,,,,industrial,,
way_1036043378,28.2145815,77.0591029,INDUSTRIAL,,,,,industrial,,
way_1036043379,28.2556003,76.9240274,INDUSTRIAL,,,,,industrial,,
way_1036072600,28.0999885,77.0066742,INDUSTRIAL,,depot,,,industrial,,
way_1036072612,28.2324054,77.0210158,INDUSTRIAL,,,,,industrial,,
way_1036372968,28.7520651,77.4968859,INDUSTRIAL,,,,,industrial,,
way_1036372969,28.7463247,77.4906881,INDUSTRIAL,,,,,industrial,,
way_1036443942,28.879181,77.6127595,INDUSTRIAL,,,,,industrial,,
way_1036443950,28.8330739,77.5817338,INDUSTRIAL,,,,,industrial,,
way_1036443951,28.8350688,77.5797213,INDUSTRIAL,,,,,industrial,,
way_1036450876,28.9657748,77.6859569,INDUSTRIAL,,,,,industrial,,
way_1036450880,28.9433345,77.6714301,INDUSTRIAL,,,,,industrial,,
way_1036450881,28.9511914,77.6792675,INDUSTRIAL,,,,,industrial,,
way_1036450882,28.9536487,77.6849323,INDUSTRIAL,,,,,industrial,,
way_1036450884,28.9576057,77.6791656,INDUSTRIAL,,,,,industrial,,
way_1036450885,28.9527405,77.6766336,INDUSTRIAL,,,,,industrial,,
way_1037473166,28.0846553,84.0763601,INDUSTRIAL,,,,,industrial,,
way_1037476384,28.0931587,84.0810594,INDUSTRIAL,,,,,industrial,,
way_1037522190,28.0940668,84.0846569,INDUSTRIAL,,,,,industrial,,
way_1037522198,28.0967009,84.0872982,INDUSTRIAL,,,,,industrial,,
way_1039806384,30.8378659,76.9552293,INDUSTRIAL,,,,,industrial,,
way_1039806385,30.8467044,76.9526518,INDUSTRIAL,,,,,industrial,,
way_1039806386,30.8462715,76.9550658,INDUSTRIAL,,,,,industrial,,
way_1039806387,30.8444661,76.9528154,INDUSTRIAL,,,,,industrial,,
way_1041663678,25.4547394,83.4035479,INDUSTRIAL,,,,,industrial,,
way_1041663679,25.4415737,83.3968415,INDUSTRIAL,,,,,industrial,,
way_1041663680,25.4395393,83.3937607,INDUSTRIAL,,,,,industrial,,
way_1041663681,25.4393755,83.3902559,INDUSTRIAL,,,,,industrial,,
way_1041681798,25.4986972,83.4423979,INDUSTRIAL,,,,,industrial,,
way_1041681799,25.4853594,83.4470354,INDUSTRIAL,,,,,industrial,,
way_1041681800,25.4825159,83.4347701,INDUSTRIAL,,,,,industrial,,
way_1041681801,25.4897595,83.4227743,INDUSTRIAL,,,,,industrial,,
way_1041690964,25.3849514,83.382329,INDUSTRIAL,,,,,industrial,,
way_1041690965,25.4230137,83.4086455,INDUSTRIAL,,,,,industrial,,
way_1041690966,25.428257,83.3968155,INDUSTRIAL,,,,,industrial,,
way_1041690967,25.4305337,83.3900418,INDUSTRIAL,,,,,industrial,,
way_1041690968,25.4290846,83.4153893,INDUSTRIAL,,,,,industrial,,
way_1041690970,25.4576842,83.3616744,INDUSTRIAL,,,,,industrial,,
way_1041690971,25.4303198,83.4032024,INDUSTRIAL,,,,,industrial,,
way_1041690972,25.4340943,83.4472136,INDUSTRIAL,,,,,industrial,,
way_1041690973,25.4366041,83.4211384,INDUSTRIAL,,,,,industrial,,
way_1042126858,25.4193576,83.4757635,INDUSTRIAL,,,,,industrial,,
way_1042824489,25.9441915,80.8381587,INDUSTRIAL,,,,,industrial,,
way_1042824490,25.9450791,80.8373648,INDUSTRIAL,,,,,industrial,,
way_1042824491,25.9409668,80.8265689,INDUSTRIAL,,,,,industrial,,
way_1046883606,26.9873037,83.3842617,INDUSTRIAL,,,,,industrial,,
way_1046883625,27.0421893,83.3781945,INDUSTRIAL,,,,,industrial,,
way_1046883626,27.0456628,83.3924774,INDUSTRIAL,,,,,industrial,,
way_1046883630,27.0213604,83.384259,INDUSTRIAL,,,,,industrial,,
way_1046883631,27.0216996,83.3822903,INDUSTRIAL,,,,,industrial,,
way_1046883657,26.9640213,83.4438805,INDUSTRIAL,,,,,industrial,,
way_1047492204,27.4260369,83.4478987,INDUSTRIAL,,,,,industrial,,
way_1047780234,27.3519122,83.4203643,INDUSTRIAL,,,,,industrial,,
way_1047780239,27.3743826,83.4549836,INDUSTRIAL,,,,,industrial,,
way_1048583979,27.2201907,83.6595074,INDUSTRIAL,,,,,industrial,,
way_1048583982,27.2502517,83.6743507,INDUSTRIAL,,,,,industrial,,
way_1048583991,27.2844334,83.6804273,INDUSTRIAL,,,,,industrial,,
way_1048584002,27.3103981,83.7039851,INDUSTRIAL,,,,,industrial,,
way_1049381891,27.3056113,83.320043,INDUSTRIAL,,,,,industrial,,
way_1049381935,27.2390009,83.2467422,INDUSTRIAL,,,,,industrial,,
way_1049381941,27.2193762,83.2714118,INDUSTRIAL,,,,,industrial,,
way_1049998437,27.3539801,83.7134961,INDUSTRIAL,,,,,industrial,,
way_1049998442,27.3496085,83.7093951,INDUSTRIAL,,,,,industrial,,
way_1049998445,27.3479027,83.7124903,INDUSTRIAL,,,,,industrial,,
way_1050175805,27.3556048,83.7449984,INDUSTRIAL,,,,,industrial,,
way_1050175808,27.3636513,83.771078,INDUSTRIAL,,,,,industrial,,
way_1050175814,27.3591521,83.7612366,INDUSTRIAL,,,,,industrial,,
way_1050297717,27.1098321,83.3301957,INDUSTRIAL,,,,,industrial,,
way_1050297718,27.1094713,83.3273061,INDUSTRIAL,,,,,industrial,,
way_1050373601,27.1783676,83.3390936,INDUSTRIAL,,,,,industrial,,
way_1052971748,28.1209664,84.0971029,INDUSTRIAL,Biogasanlage DAV SC 1,,plant,gas,industrial,,DAV Summit Club
way_1055274095,29.1968917,79.505264,INDUSTRIAL,Jamuna Minerals Company,,,,industrial,,
way_1055594455,29.2165176,79.5257517,INDUSTRIAL,,woodworking,,,industrial,,
way_1061651539,28.7157282,80.5675127,INDUSTRIAL,Nepal Aayal Nigam Ltd.,,plant,,,storage_tank,
way_1065433461,28.6547304,80.4802394,INDUSTRIAL,,brickyard,,,industrial,,
way_1065461854,28.780414,80.3707161,INDUSTRIAL,,brickyard,,,industrial,,
way_1067081929,29.9606229,76.8473916,INDUSTRIAL,,,,,industrial,,
way_1067230999,28.7801193,80.5574879,INDUSTRIAL,Kattha Factory,,,,industrial,,
way_1067890466,28.1052738,79.0576752,INDUSTRIAL,Kheda solar farm,,plant,solar,,,
way_1067890468,26.6481299,79.5215803,INDUSTRIAL,NTPC Auriya Solar Photovoltaic Park,,plant,solar,,,NTPC
way_1068373504,31.247122,75.0027931,INDUSTRIAL,,,,,industrial,,
way_1068740922,29.960424,76.8424056,INDUSTRIAL,,,,,industrial,,
way_1068884943,29.2127128,79.4697077,INDUSTRIAL,FCI Godown,warehouse,,,industrial,,
way_1069158255,27.627471,84.6157705,INDUSTRIAL,,,,,,works,
way_1069539658,27.6003602,84.6638583,INDUSTRIAL,,,,,,works,
way_1069857147,27.6397427,84.5974786,INDUSTRIAL,,brickyard,,,industrial,,
way_1069857148,27.639183,84.5994714,INDUSTRIAL,,brickyard,,,industrial,,
way_1069862307,27.6423419,84.5950551,INDUSTRIAL,,brickyard,,,industrial,,
way_1070121075,27.6436881,84.5912156,INDUSTRIAL,,brickyard,,,industrial,,
way_1070502408,29.2108166,79.4518136,INDUSTRIAL,,warehouse,,,industrial,,
way_1070995614,27.9730212,78.2945629,INDUSTRIAL,,,,,industrial,,
way_1070995616,27.9704995,78.2998009,INDUSTRIAL,,,,,industrial,,
way_1071070263,27.9727594,78.2461444,INDUSTRIAL,,,,,industrial,,
way_1071070265,27.9738396,78.2411326,INDUSTRIAL,,,,,industrial,,
way_1071070269,27.9663865,78.2402153,INDUSTRIAL,,,,,industrial,,
way_1071070271,27.9611716,78.2340985,INDUSTRIAL,,,,,industrial,,
way_1071078897,27.9489167,78.2450272,INDUSTRIAL,,,,,industrial,,
way_1071078902,27.9578832,78.2493885,INDUSTRIAL,,,,,industrial,,
way_1071220948,27.9769836,78.2509985,INDUSTRIAL,,,,,industrial,,
way_1071302831,27.7736772,78.6226735,INDUSTRIAL,,,,,industrial,,
way_1071302834,27.7751823,78.6275739,INDUSTRIAL,,,,,industrial,,
way_1071302836,27.7775182,78.6250057,INDUSTRIAL,,,,,industrial,,
way_1071321419,27.7704045,78.61805,INDUSTRIAL,,,,,industrial,,
way_1071321422,27.7676633,78.6186307,INDUSTRIAL,,,,,industrial,,
way_1071321423,27.766295,78.6211775,INDUSTRIAL,,,,,industrial,,
way_1071321428,27.7650455,78.6169665,INDUSTRIAL,,,,,industrial,,
way_1071321430,27.7638962,78.6251311,INDUSTRIAL,,,,,industrial,,
way_1071321443,27.7682341,78.6260484,INDUSTRIAL,,,,,industrial,,
way_1071342871,27.7685877,78.6071281,INDUSTRIAL,,,,,industrial,,
way_1071882825,27.7350262,78.6271186,INDUSTRIAL,,,substation,,industrial,,
way_1072162679,30.1096237,77.2882122,INDUSTRIAL,,,,,industrial,,
way_1072162680,30.1060688,77.2923106,INDUSTRIAL,,,,,industrial,,
way_1072162696,30.1886908,77.3222387,INDUSTRIAL,,,,,industrial,,
way_1073588091,27.9002637,78.6570145,INDUSTRIAL,,,,,industrial,,
way_1073617604,27.9442003,78.6104688,INDUSTRIAL,,,,,industrial,,
way_1073902491,27.5171092,83.44242,INDUSTRIAL,,scrap_yard,,,industrial,,
way_1073933472,27.0102681,75.7978749,INDUSTRIAL,,,,,industrial,,
way_1073933473,27.0198788,75.8056962,INDUSTRIAL,,,,,industrial,,
way_1073933474,27.0058237,75.7889282,INDUSTRIAL,,,,,industrial,,
way_1073933475,27.00076,75.7863119,INDUSTRIAL,,,,,industrial,,
way_1073933476,26.9943567,75.7810277,INDUSTRIAL,,,,,industrial,,
way_1073933480,26.999415,75.7919942,INDUSTRIAL,,,,,industrial,,
way_1073933481,26.9916487,75.7932883,INDUSTRIAL,,,,,industrial,,
way_1073933482,26.9787535,75.7827178,INDUSTRIAL,,,,,industrial,,
way_1073933483,26.9895862,75.778465,INDUSTRIAL,,,,,industrial,,
way_1073933484,26.9994147,75.7799846,INDUSTRIAL,,,,,industrial,,
way_1073933487,26.9792939,75.7749527,INDUSTRIAL,,,,,industrial,,
way_1073933488,27.0075151,75.8043042,INDUSTRIAL,,,,,industrial,,
way_1074569634,27.3714267,79.0057325,INDUSTRIAL,,,,,industrial,,
way_1074582235,27.5350458,78.7174165,INDUSTRIAL,,,,,industrial,,
way_1074906200,27.9488504,78.6138651,INDUSTRIAL,,,,,industrial,,
way_1074997357,27.1539444,83.7542993,INDUSTRIAL,,,,,industrial,,
way_1075268799,27.928499,78.6107035,INDUSTRIAL,,,,,industrial,,
way_1075994930,27.9304891,78.6851519,INDUSTRIAL,,,,,industrial,,
way_1076287306,27.9262773,78.7297198,INDUSTRIAL,,,,,industrial,,
way_1076633341,29.5914249,76.1279047,INDUSTRIAL,,depot,,,industrial,,
way_1076633350,29.5883858,76.1055833,INDUSTRIAL,,,,,industrial,,
way_1076633351,29.5965187,76.1079973,INDUSTRIAL,,,,,industrial,,
way_1076633352,29.5992447,76.1065354,INDUSTRIAL,FCI,,,,industrial,,
way_1076854734,30.3989285,81.1471539,INDUSTRIAL,,,,,industrial,,
way_1076854762,30.4050614,81.115404,INDUSTRIAL,,,plant,solar,,,
way_1076854767,30.4191007,81.1321153,INDUSTRIAL,,storage,,,industrial,,
way_1077028157,27.8813591,78.743277,INDUSTRIAL,,,,,industrial,,
way_1077028160,27.8815154,78.7470697,INDUSTRIAL,,,,,industrial,,
way_1077028161,27.8818486,78.7503192,INDUSTRIAL,,,,,industrial,,
way_1079195779,27.932684,78.6122217,INDUSTRIAL,,,,,industrial,,
way_1079246203,27.8953971,78.5718772,INDUSTRIAL,,,,,industrial,,
way_1079525409,26.7449254,83.2574147,INDUSTRIAL,,,,,industrial,,
way_1079579139,26.7902538,83.3839453,INDUSTRIAL,,,,,industrial,,
way_1079581422,26.8178877,83.3614522,INDUSTRIAL,Gorakhpur Unit - Fertilizer Corporation Of India,,,,industrial,,
way_1079582663,26.8089422,83.3502271,INDUSTRIAL,,,,,industrial,,
way_1079806067,26.635565,84.9138719,INDUSTRIAL,,,,,industrial,,
way_1080107208,27.4919541,82.53299,INDUSTRIAL,,brickyard,,,industrial,,
way_1080458134,28.6924793,80.3949271,INDUSTRIAL,,brickyard,,,industrial,,
way_1080549357,27.0455846,84.9321378,INDUSTRIAL,,brickyard,,,industrial,,
way_1080652820,28.650858,80.6206557,INDUSTRIAL,,brickyard,,,industrial,,
way_1080709730,28.3858758,80.9279169,INDUSTRIAL,,brickyard,,,industrial,,
way_1080709760,28.3748901,80.9219375,INDUSTRIAL,,,,,industrial,,
way_1080817275,28.0164487,81.3638489,INDUSTRIAL,,brickyard,,,industrial,,
way_1080817276,28.0158117,81.3692334,INDUSTRIAL,,brickyard,,,industrial,,
way_1080920449,27.0403288,84.7831788,INDUSTRIAL,,brickyard,,,industrial,,
way_1080936857,27.8560567,78.6222652,INDUSTRIAL,,,,,industrial,,
way_1080936865,27.8718705,78.6934751,INDUSTRIAL,,,,,industrial,,
way_1080993254,27.8733891,78.648528,INDUSTRIAL,,,,,industrial,,
way_1080999814,27.6028726,81.6536958,INDUSTRIAL,,brickyard,,,industrial,,
way_1080999815,27.6034889,81.6483025,INDUSTRIAL,,brickyard,,,industrial,,
way_1080999816,27.6051776,81.650404,INDUSTRIAL,,brickyard,,,industrial,,
way_1080999817,27.5825713,81.629116,INDUSTRIAL,,brickyard,,,industrial,,
way_1080999818,27.5808863,81.6283402,INDUSTRIAL,,brickyard,,,industrial,,
way_1080999819,27.5709263,81.638181,INDUSTRIAL,,brickyard,,,industrial,,
way_1081006305,27.6141792,81.647321,INDUSTRIAL,,brickyard,,,industrial,,
way_1081006306,27.6152893,81.6466639,INDUSTRIAL,,brickyard,,,industrial,,
way_1081006307,27.6162669,81.6506418,INDUSTRIAL,,brickyard,,,industrial,,
way_1081006308,27.6173584,81.6484089,INDUSTRIAL,,brickyard,,,industrial,,
way_1081006309,27.6189737,81.6506012,INDUSTRIAL,,brickyard,,,industrial,,
way_1081006310,27.620138,81.6478738,INDUSTRIAL,,brickyard,,,industrial,,
way_1081006311,27.6233065,81.6530605,INDUSTRIAL,,brickyard,,,industrial,,
way_1081006312,27.6235743,81.6573187,INDUSTRIAL,,brickyard,,,industrial,,
way_1081006314,27.6260229,81.6572687,INDUSTRIAL,,brickyard,,,industrial,,
way_1081006315,27.6276313,81.6582802,INDUSTRIAL,,brickyard,,,industrial,,
way_1081006317,27.6270388,81.6609632,INDUSTRIAL,,brickyard,,,industrial,,
way_1081006341,27.6150118,81.658878,INDUSTRIAL,,brickyard,,,industrial,,
way_1081006342,27.6129494,81.6546418,INDUSTRIAL,,brickyard,,,industrial,,
way_1081006343,27.6135688,81.6566209,INDUSTRIAL,,brickyard,,,industrial,,
way_1081006344,27.6152728,81.6540221,INDUSTRIAL,,brickyard,,,industrial,,
way_1081006345,27.6123614,81.6506935,INDUSTRIAL,,brickyard,,,industrial,,
way_1081006346,27.608292,81.6478781,INDUSTRIAL,,brickyard,,,industrial,,
way_1081006347,27.5633787,81.6491864,INDUSTRIAL,,brickyard,,,industrial,,
way_1081006348,27.5359087,81.6662329,INDUSTRIAL,,brickyard,,,industrial,,
way_1081006358,27.5115858,81.6807469,INDUSTRIAL,,brickyard,,,industrial,,
way_1081006359,27.5134336,81.6795634,INDUSTRIAL,,brickyard,,,industrial,,
way_1081006360,27.5223977,81.6706899,INDUSTRIAL,,brickyard,,,industrial,,
way_1081006361,27.5204828,81.6636702,INDUSTRIAL,,brickyard,,,industrial,,
way_1081006362,27.5222292,81.6650637,INDUSTRIAL,,brickyard,,,industrial,,
way_1081006363,27.5231422,81.663612,INDUSTRIAL,,brickyard,,,industrial,,
way_1081006364,27.5302657,81.6623593,INDUSTRIAL,,brickyard,,,industrial,,
way_1081006365,27.5334454,81.6594923,INDUSTRIAL,,brickyard,,,industrial,,
way_1081010018,27.6606895,81.6620135,INDUSTRIAL,,brickyard,,,industrial,,
way_1081010019,27.6627498,81.6583818,INDUSTRIAL,,brickyard,,,industrial,,
way_1081010024,27.6346233,81.6708766,INDUSTRIAL,,brickyard,,,industrial,,
way_1081010026,27.6369268,81.675185,INDUSTRIAL,,brickyard,,,industrial,,
way_1081010034,27.6130207,81.6391502,INDUSTRIAL,,brickyard,,,industrial,,
way_1081010035,27.6189331,81.6342741,INDUSTRIAL,,brickyard,,,industrial,,
way_1081010038,27.6186542,81.6430294,INDUSTRIAL,,brickyard,,,industrial,,
way_1081016585,27.62876,81.6831136,INDUSTRIAL,,brickyard,,,industrial,,
way_1081016594,27.6390737,81.6586917,INDUSTRIAL,,brickyard,,,industrial,,
way_1081016623,27.6124874,81.6602462,INDUSTRIAL,,,,,industrial,,
way_1081016624,27.6115595,81.6587431,INDUSTRIAL,,,,,industrial,,
way_1081016667,27.5700414,81.6689683,INDUSTRIAL,,brickyard,,,industrial,,
way_1081016671,27.5686023,81.6733275,INDUSTRIAL,,brickyard,,,industrial,,
way_1081016672,27.5671906,81.6674122,INDUSTRIAL,,brickyard,,,industrial,,
way_1081016741,27.5484026,81.6461057,INDUSTRIAL,,brickyard,,,industrial,,
way_1081069586,27.0281651,84.9214994,INDUSTRIAL,,brickyard,,,industrial,,
way_1081069596,27.0277571,84.9163623,INDUSTRIAL,,brickyard,,,industrial,,
way_1081191616,27.8668057,78.6932592,INDUSTRIAL,,,,,industrial,,
way_1081314392,27.101395,84.8239119,INDUSTRIAL,,brickyard,,,industrial,,
way_1081332191,27.0969215,84.8457786,INDUSTRIAL,,brickyard,,,industrial,,
way_1081455314,27.0410766,84.9256977,INDUSTRIAL,,brickyard,,,industrial,,
way_1081455331,27.0431765,84.9252445,INDUSTRIAL,,brickyard,,,industrial,,
way_1081837982,27.8679202,78.548829,INDUSTRIAL,,,,,industrial,,
way_1081893218,28.2738733,80.3455698,INDUSTRIAL,,brickyard,,,industrial,,
way_1081893220,28.2768019,80.3457969,INDUSTRIAL,,brickyard,,,industrial,,
way_1082026298,27.852464,78.691784,INDUSTRIAL,,,,,industrial,,
way_1082026303,27.8472861,78.7022118,INDUSTRIAL,,,,,industrial,,
way_1082154072,27.8989256,78.5656464,INDUSTRIAL,,,,,industrial,,
way_1082157760,27.8289209,78.5400098,INDUSTRIAL,,,,,industrial,,
way_1082160967,27.9412942,78.4581931,INDUSTRIAL,,,,,industrial,,
way_1082162860,28.0250734,78.3749186,INDUSTRIAL,,,,,industrial,,
way_1082162862,27.9865713,78.4086916,INDUSTRIAL,,,,,industrial,,
way_1082162863,27.9866204,78.4086889,INDUSTRIAL,,,,,industrial,kiln,
way_1082320837,27.9296224,78.6147724,INDUSTRIAL,,,,,industrial,,
way_1082320845,27.9268579,78.6056878,INDUSTRIAL,,,,,industrial,,
way_1082463520,28.0306243,78.5132481,INDUSTRIAL,,,,,industrial,,
way_1082560988,27.8882627,78.4994173,INDUSTRIAL,,,,,industrial,,
way_1082812187,27.1023298,84.8310681,INDUSTRIAL,,brickyard,,,industrial,,
way_1082974473,27.8521355,78.4990069,INDUSTRIAL,,,,,industrial,,
way_1083145434,27.8865807,78.5857013,INDUSTRIAL,,,,,industrial,,
way_1083145438,27.8862357,78.6023672,INDUSTRIAL,,,,,industrial,,
way_1083218438,27.0530654,84.8200052,INDUSTRIAL,,brickworks,,,industrial,,
way_1083521618,27.836546,78.5453233,INDUSTRIAL,,,,,industrial,,
way_1083717535,27.8429396,78.5259886,INDUSTRIAL,,,,,industrial,,
way_1083808236,27.8285295,78.5675025,INDUSTRIAL,,,,,industrial,,
way_1084959288,27.0541167,84.9619277,INDUSTRIAL,,brickyard,,,industrial,,
way_1085045339,28.7025503,80.544595,INDUSTRIAL,,,,,,works,
way_1085176050,27.8202473,78.5977779,INDUSTRIAL,,,,,industrial,,
way_1085688275,27.8066199,78.6317863,INDUSTRIAL,,,,,industrial,,
way_1086216881,27.8192463,78.7096515,INDUSTRIAL,,,,,industrial,,
way_1086265101,27.8341285,78.7073663,INDUSTRIAL,,,,,industrial,,
way_1087022334,29.961407,76.8571678,INDUSTRIAL,,,,,industrial,,
way_1087038250,31.0816984,75.5958831,INDUSTRIAL,,,,,industrial,,
way_1087038251,31.0982317,75.5742178,INDUSTRIAL,,,,,industrial,,
way_1087131190,30.5341836,75.5714612,INDUSTRIAL,Sohal Steel Works,,,,,works,Narinder Singh
way_1087318221,31.2325274,75.7746523,INDUSTRIAL,,,,,industrial,,
way_1087318234,31.2249319,75.7647647,INDUSTRIAL,,,,,industrial,,
way_1087318237,31.2122715,75.764291,INDUSTRIAL,,,,,industrial,,
way_1087318238,31.2024643,75.7700068,INDUSTRIAL,,,,,industrial,,
way_1087318240,31.2060524,75.777238,INDUSTRIAL,,,,,industrial,,
way_1087337865,28.2284052,79.2485111,INDUSTRIAL,IFFCO Aonla WORKS,,plant,,industrial,,
way_1087565684,27.7955541,78.5447761,INDUSTRIAL,,,,,industrial,,
way_1087628898,30.2646557,76.0626247,INDUSTRIAL,Deva Industries,machinery,,,industrial,,
way_1087667697,27.8014058,78.6077772,INDUSTRIAL,,,,,industrial,,
way_1087806603,29.8006,76.9490307,INDUSTRIAL,,,,,industrial,,
way_1087806604,29.7954049,76.9282329,INDUSTRIAL,,,,,industrial,,
way_1087806605,29.7964663,76.9356144,INDUSTRIAL,,,,,industrial,,
way_1087806606,29.7917644,76.939643,INDUSTRIAL,,,,,industrial,,
way_1087806607,29.7938756,76.9222275,INDUSTRIAL,,,,,industrial,,
way_1087807042,29.1050461,75.9782052,INDUSTRIAL,,,,,industrial,,
way_1087807043,29.1077622,75.9781489,INDUSTRIAL,,,,,industrial,,
way_1087819886,28.6237227,75.3761539,INDUSTRIAL,,,,,industrial,,
way_1087820058,28.4546775,75.7931569,INDUSTRIAL,,,,,industrial,,
way_1088334228,30.8439617,75.9695182,INDUSTRIAL,,,,,industrial,,
way_1088334229,30.8535864,75.9467107,INDUSTRIAL,,,,,industrial,,
way_1088334230,30.8528771,75.93934,INDUSTRIAL,,,,,industrial,,
way_1088334234,30.8695058,75.9091195,INDUSTRIAL,,,,,industrial,,
way_1088334235,30.8733808,75.9352868,INDUSTRIAL,,,,,industrial,,
way_1088334236,30.8711891,75.9228069,INDUSTRIAL,,,,,industrial,,
way_1088334237,30.8715275,75.9171582,INDUSTRIAL,,,,,industrial,,
way_1088334242,30.8777743,75.909086,INDUSTRIAL,,,,,industrial,,
way_1088334243,30.8877827,75.9032102,INDUSTRIAL,,,,,industrial,,
way_1088334244,30.8825957,75.8969786,INDUSTRIAL,,,,,industrial,,
way_1088334245,30.879103,75.9218895,INDUSTRIAL,,,,,industrial,,
way_1088334246,30.8847014,75.9106822,INDUSTRIAL,,,,,industrial,,
way_1088334247,30.8855028,75.9060176,INDUSTRIAL,,,,,industrial,,
way_1088334248,30.8750015,75.9128774,INDUSTRIAL,CONCOR,,,,industrial,,
way_1088334251,30.8254864,75.9575951,INDUSTRIAL,,,,,industrial,,
way_1088334252,30.8127939,75.9576595,INDUSTRIAL,,,,,industrial,,
way_1088334253,30.8183361,75.9519946,INDUSTRIAL,,,,,industrial,,
way_1088334254,30.8475118,75.9299362,INDUSTRIAL,,,,,industrial,,
way_1088334257,30.8762928,75.8921438,INDUSTRIAL,,,,,industrial,,
way_1088334264,30.8955043,75.9104013,INDUSTRIAL,"FCI FSD Godown, Jamalpur",storage,,,industrial,,
way_1088334266,30.8918111,75.8990907,INDUSTRIAL,,,,,industrial,,
way_1088334268,30.892825,75.8854544,INDUSTRIAL,,,,,industrial,,
way_1088334269,30.8995405,75.8872622,INDUSTRIAL,,,,,industrial,,
way_1088334270,30.9011172,75.878486,INDUSTRIAL,,,,,industrial,,
way_1088334271,30.8929171,75.8775768,INDUSTRIAL,,,,,industrial,,
way_1088334272,30.8912737,75.8766031,INDUSTRIAL,,,,,industrial,,
way_1088334273,30.8882262,75.8609819,INDUSTRIAL,,,,,industrial,,
way_1088334275,30.8873631,75.8622801,INDUSTRIAL,,,,,industrial,,
way_1088334276,30.8889743,75.8649677,INDUSTRIAL,,,,,industrial,,
way_1088334277,30.8858855,75.8603644,INDUSTRIAL,,,,,industrial,,
way_1088334278,30.883024,75.8626449,INDUSTRIAL,,,,,industrial,,
way_1088334279,30.8925328,75.8606611,INDUSTRIAL,,,,,industrial,,
way_1088334280,30.894931,75.8636212,INDUSTRIAL,,,,,industrial,,
way_1088334281,30.8989496,75.8673414,INDUSTRIAL,,,,,industrial,,
way_1088345079,28.6665853,80.3502408,INDUSTRIAL,,brickyard,,,industrial,,
way_1088522990,30.9427493,76.0058374,INDUSTRIAL,,,,,industrial,,
way_1088522991,30.9430572,76.0020048,INDUSTRIAL,,,,,industrial,,
way_1088522992,30.9470604,75.999577,INDUSTRIAL,,,,,industrial,,
way_1088522996,30.9527969,75.8466643,INDUSTRIAL,,,,,industrial,,
way_1088713729,28.6864077,80.5307217,INDUSTRIAL,,,,,industrial,,
way_1088713730,28.6877536,80.5305576,INDUSTRIAL,,,,,industrial,,
way_1088930570,29.0755896,77.8456402,INDUSTRIAL,,,,,industrial,,
way_1088930576,29.0712349,77.8882442,INDUSTRIAL,,,,,industrial,,
way_1088930577,29.069076,77.8879541,INDUSTRIAL,,,,,industrial,,
way_1088930579,29.0364734,77.884703,INDUSTRIAL,,,,,industrial,,
way_1088930609,29.0448093,77.8659864,INDUSTRIAL,,,,,industrial,,
way_1088930610,29.0407876,77.8646853,INDUSTRIAL,,,,,industrial,,
way_1088930624,29.0948261,77.8848495,INDUSTRIAL,,,,,industrial,,
way_1089547565,28.7594931,79.8854153,INDUSTRIAL,,brickyard,,,industrial,,
way_1089547566,28.7618328,79.8841225,INDUSTRIAL,,brickyard,,,industrial,,
way_1089547567,28.7476206,79.8872244,INDUSTRIAL,,brickyard,,,industrial,,
way_1089547568,28.7447717,79.8711443,INDUSTRIAL,,brickyard,,,industrial,,
way_1089547572,28.7068873,79.8524671,INDUSTRIAL,,brickyard,,,industrial,,
way_1089547573,28.7293728,79.8742969,INDUSTRIAL,,brickyard,,,industrial,,
way_1089547578,28.7298843,79.8833956,INDUSTRIAL,,brickyard,,,industrial,,
way_1089554965,28.8315842,79.8955567,INDUSTRIAL,,brickyard,,,industrial,,
way_1089554971,28.8245606,79.8902231,INDUSTRIAL,,brickyard,,,industrial,,
way_1090263948,27.7960673,76.9558811,INDUSTRIAL,,,,,industrial,,
way_1090310475,28.1024346,76.8052,INDUSTRIAL,,,,,industrial,,
way_1090311726,28.9555369,80.2346483,INDUSTRIAL,,brickyard,,,industrial,,
way_1090344498,28.9983992,80.1557028,INDUSTRIAL,,brickyard,,,industrial,,
way_1090344561,28.8992894,79.9447847,INDUSTRIAL,,,,,industrial,,
way_1090587040,27.7643133,78.6911443,INDUSTRIAL,,,,,industrial,,
way_1091166560,29.1332126,79.5194402,INDUSTRIAL,Indane Bottling Plant,oil,,,industrial,,
way_1092153088,28.6847476,80.5200594,INDUSTRIAL,,,,,industrial,,
way_1092153096,28.6860794,80.5277681,INDUSTRIAL,,,,,industrial,,
way_1092514914,28.686573,80.5179653,INDUSTRIAL,,,,,industrial,,
way_1092526093,28.6860212,80.511508,INDUSTRIAL,,,,,industrial,,
way_1092785672,26.8909431,76.310106,INDUSTRIAL,,,,,industrial,,
way_1092879126,28.0898338,83.3928637,INDUSTRIAL,RURU Hydroelectricity Power House,,plant,hydro,industrial,,
way_1093190453,28.0141921,84.5772097,INDUSTRIAL,,,,,industrial,,
way_1094071859,28.67317,80.5086109,INDUSTRIAL,,brickyard,,,industrial,,
way_1095002702,27.7798402,78.6578473,INDUSTRIAL,,,,,industrial,,
way_1095002703,27.7809175,78.6562447,INDUSTRIAL,,,,,industrial,,
way_1095686058,26.9563443,81.002968,INDUSTRIAL,,,plant,oil,industrial,,
way_1096434978,30.5288136,78.7766091,INDUSTRIAL,,,,,industrial,,
way_1096434979,30.5239707,78.7726922,INDUSTRIAL,,,plant,hydro,industrial,,
way_1097927344,28.0242612,78.5021002,INDUSTRIAL,,,,,industrial,,
way_1099371603,27.9650473,78.5296096,INDUSTRIAL,,,,,industrial,,
way_1099371621,27.9725782,78.5221102,INDUSTRIAL,,,,,industrial,,
way_1100996008,29.0865286,79.5196297,INDUSTRIAL,Indian Oil,oil,,,industrial,,
way_1100996019,29.0828429,79.5197654,INDUSTRIAL,,railway,,,industrial,,
way_1100996022,29.0904168,79.5260365,INDUSTRIAL,Mahaveer Agro Products,grinding_mill,,,industrial,,
way_1101695036,25.1936895,82.5871924,INDUSTRIAL,,brickyard,,,industrial,,
way_1101695037,25.1966679,82.5841944,INDUSTRIAL,,brickyard,,,industrial,,
way_1101701256,25.2017972,82.5855099,INDUSTRIAL,,brickyard,,,industrial,,
way_1101707897,25.1969007,82.5945818,INDUSTRIAL,,brickyard,,,industrial,,
way_1101707898,25.2007427,82.5906015,INDUSTRIAL,,brickyard,,,industrial,,
way_1101707958,25.2041391,82.5924012,INDUSTRIAL,,brickyard,,,industrial,,
way_1102356072,27.9833192,78.507773,INDUSTRIAL,,,,,industrial,,
way_1102447395,31.4863298,77.7687107,INDUSTRIAL,,,plant,hydro,,,
way_1102518879,25.2053027,82.6077918,INDUSTRIAL,,brickyard,,,industrial,,
way_1102578935,25.2409605,82.6577544,INDUSTRIAL,,brickyard,,,industrial,,
way_1102578937,25.2424768,82.6571806,INDUSTRIAL,,brickyard,,,industrial,,
way_1102765616,25.1933973,82.6003989,INDUSTRIAL,,brickyard,,,industrial,,
way_1102919461,25.2318754,82.6968045,INDUSTRIAL,,brickyard,,,industrial,,
way_1102927840,25.219913,82.6827253,INDUSTRIAL,,brickyard,,,industrial,,
way_1103141159,25.2122809,82.6832451,INDUSTRIAL,,brickyard,,,industrial,,
way_1103199311,25.205213,82.7258975,INDUSTRIAL,,brickyard,,,industrial,,
way_1103580224,25.2309844,82.7170845,INDUSTRIAL,,brickyard,,,industrial,,
way_1103763470,25.2163989,82.708459,INDUSTRIAL,,brickyard,,,industrial,,
way_1104469407,25.4153468,81.8611198,INDUSTRIAL,GNR logistic,,,,industrial,,
way_1105478979,27.6360655,84.5595588,INDUSTRIAL,,,,,industrial,,
way_1108916416,27.6451671,84.5950149,INDUSTRIAL,,brickyard,,,industrial,,
way_1108920609,27.6449163,84.5749598,INDUSTRIAL,,brickyard,,,industrial,,
way_1108920610,27.650083,84.581699,INDUSTRIAL,,brickyard,,,industrial,,
way_1108922552,27.6480515,84.5811801,INDUSTRIAL,,brickyard,,,industrial,,
way_1108922553,27.6514301,84.5808978,INDUSTRIAL,,brickyard,,,industrial,,
way_1108931582,27.6393861,84.5567908,INDUSTRIAL,,,,,industrial,,
way_1108931585,27.638387,84.5599477,INDUSTRIAL,,,,,industrial,,
way_1108940713,27.6340979,84.566786,INDUSTRIAL,,brickyard,,,industrial,,
way_1108940714,27.6351167,84.565703,INDUSTRIAL,,brickyard,,,industrial,,
way_1108945622,27.6379296,84.5742653,INDUSTRIAL,,brickyard,,,industrial,,
way_1108963068,27.6400598,84.590659,INDUSTRIAL,,brickyard,,,industrial,,
way_1109199003,27.6314591,84.5627063,INDUSTRIAL,,brickyard,,,industrial,,
way_1109199006,27.6279397,84.5632292,INDUSTRIAL,,brickyard,,,industrial,,
way_1109199008,27.6307545,84.5644406,INDUSTRIAL,,brickyard,,,industrial,,
way_1109216881,27.6208602,84.5443641,INDUSTRIAL,,,,,industrial,,
way_1110147389,28.1254805,82.3304623,INDUSTRIAL,,grinding_mill,,,industrial,,
way_1111847889,28.764426,80.5578207,INDUSTRIAL,RP Agro Industry,,,,industrial,,
way_1113205050,28.153306,81.5911205,INDUSTRIAL,,,,,industrial,,
way_1113547827,27.6400547,84.5959638,INDUSTRIAL,,,,,industrial,,
way_1116485040,28.075311,81.7538871,INDUSTRIAL,,,,,industrial,,
way_1116501401,27.6235938,84.5192773,INDUSTRIAL,Bhattarai Saw Mill,wood,,,industrial,,
way_1117290559,27.9181318,81.8035233,INDUSTRIAL,,brickyard,,,industrial,,
way_1117291378,27.9250746,81.798368,INDUSTRIAL,,brickyard,,,industrial,,
way_1117304272,27.9185856,81.8118878,INDUSTRIAL,,brickyard,,,industrial,,
way_1117304273,27.919043,81.8100209,INDUSTRIAL,,brickyard,,,industrial,,
way_1117852050,27.6018084,82.9355724,INDUSTRIAL,,brickyard,,,industrial,,
way_1117955057,27.0273701,84.9630207,INDUSTRIAL,,,,,,works,
way_1118408623,27.6758095,83.4876227,INDUSTRIAL,Butwal Industrial Estate,,,,industrial,,
way_1119347045,26.8123009,83.8410795,INDUSTRIAL,,brickyard,,,industrial,,
way_1119347054,26.8090404,83.828001,INDUSTRIAL,,brickyard,,,industrial,,
way_1119980917,29.9271165,74.9615783,INDUSTRIAL,Guru Gobind Singh Refinery (GGSR) Captive Power Plant,,plant,,industrial,,
way_1120590215,27.3206742,83.3714461,INDUSTRIAL,,,,,industrial,,
way_1120758471,28.5789277,77.5924659,INDUSTRIAL,,,,,industrial,,
way_1123407024,28.1644463,79.5728508,INDUSTRIAL,,,,,industrial,kiln,
way_1125161302,28.6048787,78.6140925,INDUSTRIAL,,,,,industrial,,
way_1126728189,29.4982015,78.2100231,INDUSTRIAL,,,,,industrial,,
way_1131423764,27.6065514,82.8025281,INDUSTRIAL,,brickyard,,,industrial,,
way_1132523487,29.9339032,77.5809417,INDUSTRIAL,,,,,industrial,,
way_1132525674,29.9570574,77.5485721,INDUSTRIAL,,depot,,,industrial,,
way_1132924523,29.7834237,77.857782,INDUSTRIAL,,,,,industrial,,
way_1133268701,29.9677212,78.0549994,INDUSTRIAL,,,,,industrial,,
way_1133268713,29.9791191,78.0514811,INDUSTRIAL,,,,,industrial,,
way_1133268720,29.9311906,78.0599051,INDUSTRIAL,,,,,industrial,,
way_1133268721,29.9313254,78.0559086,INDUSTRIAL,,,,,industrial,,
way_1133268722,29.9274295,78.0558818,INDUSTRIAL,,,,,industrial,,
way_1133268723,29.9355417,78.0510485,INDUSTRIAL,,,,,industrial,,
way_1133268724,29.9454944,78.052977,INDUSTRIAL,,,,,industrial,,
way_1133268725,29.9452665,78.0570888,INDUSTRIAL,,,,,industrial,,
way_1133268726,29.9411155,78.0513731,INDUSTRIAL,,,,,industrial,,
way_1133268727,29.9445043,78.0519095,INDUSTRIAL,,,,,industrial,,
way_1133268728,29.9436466,78.0501365,INDUSTRIAL,,,,,industrial,,
way_1133268729,29.9463822,78.0492809,INDUSTRIAL,,,,,industrial,,
way_1133268730,29.9444438,78.0467408,INDUSTRIAL,,,,,industrial,,
way_1133268731,29.9485528,78.0472237,INDUSTRIAL,,,,,industrial,,
way_1133268732,29.9701248,78.0582514,INDUSTRIAL,,,,,industrial,,
way_1133268733,29.9627048,78.0593685,INDUSTRIAL,,,,,industrial,,
way_1133268734,29.9644945,78.0536523,INDUSTRIAL,,,,,industrial,,
way_1133268735,29.9616945,78.0507267,INDUSTRIAL,,,,,industrial,,
way_1133268736,29.953854,78.0607428,INDUSTRIAL,,,,,industrial,,
way_1133268737,29.9541025,78.06802,INDUSTRIAL,,,,,industrial,,
way_1133268738,29.9646896,78.0693049,INDUSTRIAL,,,,,industrial,,
way_1133268739,29.9475861,78.0690848,INDUSTRIAL,,,,,industrial,,
way_1133268740,29.9498656,78.0811378,INDUSTRIAL,,,,,industrial,,
way_1133268741,29.9592915,78.0791339,INDUSTRIAL,,,,,industrial,,
way_1133281121,29.9483587,78.0769539,INDUSTRIAL,,,,,industrial,,
way_1133508115,29.875982,77.8916583,INDUSTRIAL,,,,,industrial,,
way_1133508137,29.9274027,78.0414943,INDUSTRIAL,PATHRI,,plant,hydro,,,
way_1133508146,29.9297229,78.0598993,INDUSTRIAL,,,,,industrial,,
way_1133508147,29.932518,78.0610388,INDUSTRIAL,,,,,industrial,,
way_1133571655,29.1097332,77.2660102,INDUSTRIAL,INSTITUTIONAL AREA,,,,industrial,,
way_1134191062,29.1534589,79.4904006,INDUSTRIAL,Acne Foods (Britannia),food_processing,,,industrial,,
way_1134191064,29.1420532,79.5060819,INDUSTRIAL,Naina Semconductor Factory,factory,,,industrial,,
way_1135786868,24.0923606,81.8122354,INDUSTRIAL,,,,,industrial,,
way_1135980698,29.9226896,80.5728356,INDUSTRIAL,,,,,industrial,,
way_1137774750,25.5301072,81.2685952,INDUSTRIAL,,brickyard,,,,works,
way_1138073675,25.3917029,81.8562539,INDUSTRIAL,Food Corporation of India,,,,industrial,,
way_1138670570,28.7293189,77.1717895,INDUSTRIAL,,factory,,,industrial,,
way_1140785881,23.8920337,77.9660655,INDUSTRIAL,,,,,industrial,,
way_1144702587,29.8481462,75.8581171,INDUSTRIAL,,,,,industrial,kiln,
way_1144702594,29.8339811,75.8777564,INDUSTRIAL,,,,,industrial,kiln,
way_1144702727,28.7253554,76.8544038,INDUSTRIAL,,,,,industrial,,
way_1144969006,28.9823486,80.1839299,INDUSTRIAL,,,,,industrial,,
way_1145292607,29.0232936,80.1302716,INDUSTRIAL,,,,,industrial,,
way_1145540184,29.84928,74.6079371,INDUSTRIAL,,,,,industrial,,
way_1148792341,30.5854008,76.8660975,INDUSTRIAL,Khanna Industries,,,,,works,Pawan Khanna
way_1149207609,28.8098781,77.1432195,INDUSTRIAL,,,,,industrial,,
way_1152505390,28.7413626,80.2931459,INDUSTRIAL,,,,,industrial,,
way_1153706067,28.728282,80.2946813,INDUSTRIAL,,,,,industrial,,
way_1153894381,28.7019283,80.3156535,INDUSTRIAL,,brickyard,,,industrial,,
way_1154260521,28.6376377,80.3658887,INDUSTRIAL,,,,,industrial,,
way_1154383255,28.6809949,80.3810254,INDUSTRIAL,,brickyard,,,industrial,,
way_1154383305,28.6427269,80.3886617,INDUSTRIAL,,brickyard,,,industrial,,
way_1154793119,28.5395969,78.6692345,INDUSTRIAL,,,,,industrial,,
way_1154860082,28.6423134,80.4335363,INDUSTRIAL,,brickyard,,,industrial,,
way_1155774434,28.619712,80.4871538,INDUSTRIAL,,brickyard,,,industrial,,
way_1155848254,28.6548183,80.4727133,INDUSTRIAL,,brickyard,,,industrial,,
way_1155848262,28.6421998,80.4768687,INDUSTRIAL,,brickyard,,,industrial,,
way_1155899033,30.7102274,76.8125388,INDUSTRIAL,Chandigarh Transport Undertaking Depot 2,depot,,,industrial,,
way_1155902273,28.66285,80.4722632,INDUSTRIAL,,brickyard,,,industrial,,
way_1155902280,28.6599296,80.4678577,INDUSTRIAL,,brickyard,,,industrial,,
way_1155902282,28.6579372,80.4697963,INDUSTRIAL,,brickyard,,,industrial,,
way_1155902291,28.6612843,80.4639917,INDUSTRIAL,,brickyard,,,industrial,,
way_1155913426,28.6715179,80.465273,INDUSTRIAL,,brickyard,,,industrial,,
way_1157344789,28.7331453,77.1673015,INDUSTRIAL,,,,,industrial,,
way_1157467877,25.5171373,84.9848138,INDUSTRIAL,,warehouse,,,industrial,,
way_1157467878,25.5158796,84.9847474,INDUSTRIAL,,,,,industrial,,
way_1158354560,27.9601226,78.0026107,INDUSTRIAL,,,,,industrial,,
way_1158986118,29.6817396,77.475296,INDUSTRIAL,,,,,industrial,,
way_1159082618,28.7242368,77.1804295,INDUSTRIAL,Electric Bus Depot,depot,,,industrial,,
way_1159386621,29.1402643,79.5039992,INDUSTRIAL,Maa Vaishnavi Talc Industries,factory,,,industrial,,
way_1160741698,28.6636606,80.4551239,INDUSTRIAL,,,,,industrial,,
way_1160852755,26.5038198,80.2270035,INDUSTRIAL,Solar Energy Research Enclave,,plant,solar,,,
way_1162457525,28.7218442,77.1801508,INDUSTRIAL,Sam India Casting Yard,steel_mill,,,industrial,,Sam India
way_1162466560,28.6757243,77.3494061,INDUSTRIAL,,,,,industrial,,
way_1162466561,28.6763413,77.3663852,INDUSTRIAL,,,,,industrial,,
way_1162466563,28.6635799,77.3561401,INDUSTRIAL,Sabzi Mandi,,,,industrial,,
way_1162466564,28.6633303,77.3448442,INDUSTRIAL,,,,,industrial,,
way_1162466565,28.6609415,77.3501713,INDUSTRIAL,,,,,industrial,,
way_1162466566,28.6689116,77.3550526,INDUSTRIAL,,,,,industrial,,
way_1162466567,28.6673444,77.3628674,INDUSTRIAL,,,,,industrial,,
way_1162466568,28.6680013,77.3511248,INDUSTRIAL,,,,,industrial,,
way_1162538020,28.6306262,77.3781591,INDUSTRIAL,,,,,industrial,,
way_1162538021,28.6274979,77.3778714,INDUSTRIAL,,,,,industrial,,
way_1162538022,28.6230417,77.3779608,INDUSTRIAL,,,,,industrial,,
way_1162538023,28.6262352,77.3778022,INDUSTRIAL,,,,,industrial,,
way_1162542398,28.5946033,77.359064,INDUSTRIAL,,,,,industrial,,
way_1162542402,28.6002006,77.3591815,INDUSTRIAL,,,,,industrial,,
way_1162572218,28.533673,77.0932504,INDUSTRIAL,,,,,industrial,,
way_1162572219,28.535537,77.0936608,INDUSTRIAL,,,,,industrial,,
way_1162572220,28.5363334,77.094723,INDUSTRIAL,,,,,industrial,,
way_1162572222,28.5358545,77.1003878,INDUSTRIAL,,,,,industrial,,
way_1162580674,28.8369625,77.0877761,INDUSTRIAL,,,,,industrial,,
way_1162581301,28.8392354,77.089506,INDUSTRIAL,,,,,industrial,,
way_1162586307,28.8124282,77.1139982,INDUSTRIAL,,,,,industrial,,
way_1162586309,28.8057363,77.1391349,INDUSTRIAL,,,,,industrial,,
way_1162586310,28.806117,77.1353682,INDUSTRIAL,,,,,industrial,,
way_1162586311,28.8006314,77.1408681,INDUSTRIAL,,,,,industrial,,
way_1162586313,28.790947,77.1417692,INDUSTRIAL,,,,,industrial,,
way_1162586314,28.788865,77.1341317,INDUSTRIAL,,,,,industrial,,
way_1162599123,28.7967872,77.054632,INDUSTRIAL,,,,,industrial,,
way_1162599124,28.7990611,77.0496964,INDUSTRIAL,,,,,industrial,,
way_1162625780,28.7384769,77.1491771,INDUSTRIAL,,,,,industrial,,
way_1162639285,28.8686067,77.1395506,INDUSTRIAL,,,,,industrial,,
way_1162639286,28.8606133,77.1285412,INDUSTRIAL,,,,,industrial,,
way_1162639287,28.8699577,77.1259424,INDUSTRIAL,,,,,industrial,,
way_1162639288,28.8819355,77.1404667,INDUSTRIAL,,,,,industrial,,
way_1162639289,28.8815613,77.1246702,INDUSTRIAL,Singhu,,,,industrial,,
way_1162639291,28.8030523,77.1530664,INDUSTRIAL,,,,,industrial,,
way_1162639292,28.807821,77.147069,INDUSTRIAL,,,,,industrial,,
way_1162639293,28.8104274,77.1520417,INDUSTRIAL,,,,,industrial,,
way_1162639296,28.7571888,77.1700528,INDUSTRIAL,,,,,industrial,,
way_1162639299,28.7721614,77.1794942,INDUSTRIAL,,,,,industrial,,
way_1162639300,28.7655454,77.1825599,INDUSTRIAL,,,,,industrial,,
way_1162639301,28.7577556,77.1906281,INDUSTRIAL,,,,,industrial,,
way_1162639302,28.7586185,77.1959415,INDUSTRIAL,,,,,industrial,,
way_1162639303,28.7593497,77.1919182,INDUSTRIAL,,,,,industrial,,
way_1162639304,28.7579014,77.1932754,INDUSTRIAL,,,,,industrial,,
way_1163048654,28.9739648,79.3895738,INDUSTRIAL,Uttarakhand State Warehousing Corporation,warehouse,,,industrial,,
way_1163054061,28.9774457,79.4004663,INDUSTRIAL,Rudrapur Bus Depot,depot,,,industrial,,Uttarakhand Transport Coorporation
way_1163433896,28.5404593,77.0312538,INDUSTRIAL,,,,,industrial,,
way_1163433897,28.5453343,77.031616,INDUSTRIAL,,,,,industrial,,
way_1163433898,28.5543086,77.053653,INDUSTRIAL,,depot,,,industrial,,
way_1163975934,28.5366798,76.9143122,INDUSTRIAL,,,,,industrial,,
way_1164690045,28.9709573,79.4104878,INDUSTRIAL,Indian Fertilizer Corporation,warehouse,,,industrial,,
way_1164690048,29.0049085,79.4304918,INDUSTRIAL,,,,,industrial,,
way_1164690049,29.013634,79.412575,INDUSTRIAL,,,,,industrial,,
way_1164690050,28.9987062,79.4132459,INDUSTRIAL,,,,,industrial,,
way_1164690051,29.0151861,79.4042908,INDUSTRIAL,,,,,industrial,,
way_1164690052,28.9945812,79.3800174,INDUSTRIAL,,,,,industrial,,
way_1164690060,29.0337666,79.3988934,INDUSTRIAL,,depot,,,industrial,,
way_1164712804,29.1552673,79.0729273,INDUSTRIAL,,,,,industrial,,
way_1164712813,29.1552345,79.0450108,INDUSTRIAL,,,,,industrial,,
way_1164712814,29.1649557,79.0103988,INDUSTRIAL,,,,,industrial,,
way_1164712829,29.2072597,78.941676,INDUSTRIAL,,,,,industrial,,
way_1164712830,29.2086643,78.9398253,INDUSTRIAL,,,,,industrial,,
way_1164712834,29.2011255,78.9162755,INDUSTRIAL,,,,,industrial,,
way_1164712835,29.205691,78.9159912,INDUSTRIAL,,,,,industrial,,
way_1164712836,29.1955904,78.8985675,INDUSTRIAL,,,,,industrial,,
way_1164712837,29.1942652,78.8902366,INDUSTRIAL,,,,,industrial,,
way_1164712838,29.2011629,78.8966793,INDUSTRIAL,,,,,industrial,,
way_1164727869,28.3335628,77.3174724,INDUSTRIAL,,,,,industrial,,
way_1164730844,28.3791664,77.285314,INDUSTRIAL,,,,,industrial,,
way_1164730845,28.3816213,77.2855914,INDUSTRIAL,,,,,industrial,,
way_1164730846,28.3815652,77.2830221,INDUSTRIAL,,,,,industrial,,
way_1164730848,28.3834553,77.2839704,INDUSTRIAL,,,,,industrial,,
way_1164730849,28.3793421,77.2580856,INDUSTRIAL,,,,,industrial,,
way_1164730850,28.3858598,77.2576082,INDUSTRIAL,,,,,industrial,,
way_1164730851,28.3898287,77.2492558,INDUSTRIAL,,,,,industrial,,
way_1164818074,28.398283,77.2297775,INDUSTRIAL,Pali Stone Crusher Zone I,grinding_mill,,,industrial,,
way_1164886887,28.4590755,77.1919316,INDUSTRIAL,,,,,industrial,,
way_1164886888,28.4552411,77.2015526,INDUSTRIAL,,,,,industrial,,
way_1164896515,28.3542917,77.1805,INDUSTRIAL,,,,,industrial,,
way_1164904271,28.4641972,77.2074663,INDUSTRIAL,,,,,industrial,,
way_1165055515,28.4947683,77.2525043,INDUSTRIAL,,,,,industrial,,
way_1165135079,28.2713536,84.532415,INDUSTRIAL,,,,,industrial,,
way_1165662007,28.4321679,77.1014009,INDUSTRIAL,City Bus Depot Sector 52/53,depot,,,industrial,,Gurugram Metropolitan City Bus Limited
way_1167359779,25.3788037,81.8732106,INDUSTRIAL,Steel Authority of India (SAIL),distributor,,,industrial,,
way_1167379514,27.6148861,82.7954337,INDUSTRIAL,,brickyard,,,industrial,,
way_1168991449,26.7247597,83.9151851,INDUSTRIAL,Brick yards,,,,industrial,,
way_1170051805,25.9348546,84.809483,INDUSTRIAL,,,,,,works,
way_1170533890,26.7605896,83.8585974,INDUSTRIAL,Brick yards,,,,industrial,,
way_1170873358,26.688857,83.9645711,INDUSTRIAL,Brick yard,,,,industrial,,
way_1170877915,26.7107689,83.9144534,INDUSTRIAL,Brick yard,,,,industrial,,
way_1171244654,28.5034279,78.694631,INDUSTRIAL,,brickyard,,,industrial,,
way_1171244656,28.5047153,78.6940905,INDUSTRIAL,,brickyard,,,industrial,,
way_1171244657,28.5062321,78.6943988,INDUSTRIAL,,brickyard,,,industrial,,
way_1171244659,28.5044255,78.6893099,INDUSTRIAL,,brickyard,,,industrial,,
way_1171263188,26.7253311,84.2312029,INDUSTRIAL,,,,,,works,
way_1171263189,26.7249639,84.2303353,INDUSTRIAL,,,,,,works,
way_1171263190,26.7260118,84.2295936,INDUSTRIAL,,,,,,works,
way_1171263197,26.7287241,84.2298706,INDUSTRIAL,,,,,,works,
way_1171543430,26.7263707,84.1850701,INDUSTRIAL,TNZA Life,,,,industrial,,
way_1172045221,26.7535197,83.937034,INDUSTRIAL,,,,,industrial,,
way_1173613521,27.3801751,75.5578494,INDUSTRIAL,RSWM,,,,industrial,works,RSWM GROUP
way_1173981313,24.9583224,84.0187911,INDUSTRIAL,,,plant,hydro,,,
way_1174697495,28.7462698,77.0535825,INDUSTRIAL,Rohini Sector 37 Bus Depot 1,bus_depot,,,industrial,,Delhi Transport Corporation
way_1175022410,26.7695985,84.263616,INDUSTRIAL,,,,,industrial,,
way_1175571946,26.7029397,83.9843439,INDUSTRIAL,,,,,industrial,,
way_1175832658,30.4023619,76.6728262,INDUSTRIAL,Roop Aluminium Extrusions (RALEX),factory,,,industrial,,
way_1176576163,28.7223319,77.1614248,INDUSTRIAL,Parvati Private Limited,,,,industrial,,
way_1176635540,28.7513488,77.4617243,INDUSTRIAL,,depot,,,industrial,,
way_1176851413,28.7548351,77.4337804,INDUSTRIAL,,,,,industrial,kiln,
way_1176851439,28.7842617,77.4470526,INDUSTRIAL,,,,,industrial,kiln,
way_1176851441,28.7378742,77.41257,INDUSTRIAL,,,,,industrial,kiln,
way_1176851444,28.7358902,77.4356226,INDUSTRIAL,,,,,industrial,,
way_1176851455,28.7338949,77.442441,INDUSTRIAL,,,,,industrial,,
way_1176851456,28.7327196,77.4381745,INDUSTRIAL,,,,,industrial,,
way_1176851462,28.7257159,77.4363728,INDUSTRIAL,,,,,industrial,kiln,
way_1176851466,28.7184082,77.4269991,INDUSTRIAL,,,,,industrial,kiln,
way_1176851471,28.7876334,77.4482284,INDUSTRIAL,,,,,industrial,kiln,
way_1176851472,28.7200535,77.4383763,INDUSTRIAL,,,,,industrial,kiln,
way_1176851480,28.7235149,77.4425183,INDUSTRIAL,,,,,industrial,kiln,
way_1176851481,28.7361956,77.441018,INDUSTRIAL,,,,,industrial,kiln,
way_1176851482,28.7255433,77.4131918,INDUSTRIAL,,,,,industrial,kiln,
way_1176851485,28.7334157,77.4118632,INDUSTRIAL,,,,,industrial,kiln,
way_1176851486,28.7315912,77.4222307,INDUSTRIAL,,,,,industrial,kiln,
way_1176851487,28.7304299,77.4277326,INDUSTRIAL,,,,,industrial,kiln,
way_1176851488,28.7269107,77.4372078,INDUSTRIAL,,,,,industrial,kiln,
way_1176851506,28.7492252,77.4662415,INDUSTRIAL,,,,,industrial,kiln,
way_1176851508,28.7496908,77.4496118,INDUSTRIAL,,,,,industrial,kiln,
way_1176851509,28.7489106,77.4502529,INDUSTRIAL,,,,,industrial,kiln,
way_1176851510,28.7606856,77.4536394,INDUSTRIAL,,,,,industrial,kiln,
way_1176851511,28.7373505,77.4255641,INDUSTRIAL,,,,,industrial,kiln,
way_1176851512,28.7396871,77.4159309,INDUSTRIAL,,,,,industrial,kiln,
way_1176851513,28.7410029,77.4143605,INDUSTRIAL,,,,,industrial,kiln,
way_1176851514,28.7422635,77.4172009,INDUSTRIAL,,,,,industrial,kiln,
way_1176851515,28.7470672,77.4291427,INDUSTRIAL,,,,,industrial,kiln,
way_1176851516,28.7396843,77.4305103,INDUSTRIAL,,,,,industrial,kiln,
way_1176851517,28.7669527,77.4412394,INDUSTRIAL,,,,,industrial,kiln,
way_1176851518,28.7656169,77.4421811,INDUSTRIAL,,,,,industrial,kiln,
way_1176851519,28.7657686,77.4449634,INDUSTRIAL,,,,,industrial,kiln,
way_1176851520,28.7500173,77.421412,INDUSTRIAL,,,,,industrial,kiln,
way_1176851521,28.7508499,77.4205001,INDUSTRIAL,,,,,industrial,kiln,
way_1176851522,28.7468609,77.4207683,INDUSTRIAL,,,,,industrial,kiln,
way_1176851523,28.7466976,77.4258363,INDUSTRIAL,,,,,industrial,kiln,
way_1176851524,28.7436673,77.423716,INDUSTRIAL,,,,,industrial,kiln,
way_1176851525,28.7425592,77.4237849,INDUSTRIAL,,,,,industrial,kiln,
way_1176851526,28.7407759,77.4216387,INDUSTRIAL,,,,,industrial,kiln,
way_1176851527,28.7375923,77.4203701,INDUSTRIAL,,,,,industrial,kiln,
way_1176851528,28.7339078,77.4251761,INDUSTRIAL,,,,,industrial,kiln,
way_1176851529,28.7339245,77.4195176,INDUSTRIAL,,,,,industrial,kiln,
way_1176851530,28.7274537,77.4216788,INDUSTRIAL,,,,,industrial,kiln,
way_1176851531,28.7294974,77.4161495,INDUSTRIAL,,,,,industrial,kiln,
way_1176851532,28.7297726,77.4140084,INDUSTRIAL,,,,,industrial,kiln,
way_1176851533,28.7277116,77.4121604,INDUSTRIAL,,,,,industrial,kiln,
way_1176851536,28.7425463,77.4361072,INDUSTRIAL,,,,,industrial,kiln,
way_1176851537,28.7427416,77.434221,INDUSTRIAL,,,,,industrial,kiln,
way_1176851539,28.7543466,77.4358846,INDUSTRIAL,,,,,industrial,kiln,
way_1176851540,28.7698198,77.4396189,INDUSTRIAL,,,,,industrial,kiln,
way_1176851541,28.7719726,77.4395448,INDUSTRIAL,,,,,industrial,kiln,
way_1176851542,28.772372,77.4368175,INDUSTRIAL,,,,,industrial,kiln,
way_1176851543,28.7735368,77.4357927,INDUSTRIAL,,,,,industrial,kiln,
way_1176851544,28.7666301,77.4383869,INDUSTRIAL,,,,,industrial,kiln,
way_1176851545,28.7559552,77.4392414,INDUSTRIAL,,,,,industrial,kiln,
way_1176851546,28.753526,77.4378426,INDUSTRIAL,,,,,industrial,kiln,
way_1176851547,28.7558796,77.4449132,INDUSTRIAL,,,,,industrial,kiln,
way_1176851551,28.7613085,77.4508553,INDUSTRIAL,,,,,industrial,kiln,
way_1176851552,28.7583936,77.4426847,INDUSTRIAL,,,,,industrial,kiln,
way_1176851553,28.7580211,77.4407056,INDUSTRIAL,,,,,industrial,kiln,
way_1176851554,28.7588134,77.4414196,INDUSTRIAL,,,,,industrial,kiln,
way_1176851555,28.7413648,77.4250538,INDUSTRIAL,,,,,industrial,kiln,
way_1176851556,28.760614,77.4394481,INDUSTRIAL,,,,,industrial,kiln,
way_1176851557,28.7614582,77.4430555,INDUSTRIAL,,,,,industrial,kiln,
way_1176851558,28.7631329,77.4478615,INDUSTRIAL,,,,,industrial,kiln,
way_1176851560,28.7571899,77.4492507,INDUSTRIAL,,,,,industrial,kiln,
way_1176851561,28.7554581,77.4481668,INDUSTRIAL,,,,,industrial,kiln,
way_1176851562,28.7528401,77.450035,INDUSTRIAL,,,,,industrial,kiln,
way_1176851563,28.7513378,77.4475568,INDUSTRIAL,,,,,industrial,kiln,
way_1176851564,28.7525635,77.4441203,INDUSTRIAL,,,,,industrial,kiln,
way_1176851565,28.7510901,77.4424389,INDUSTRIAL,,,,,industrial,kiln,
way_1176851566,28.7471421,77.4373219,INDUSTRIAL,,,,,industrial,kiln,
way_1176851567,28.7469496,77.435268,INDUSTRIAL,,,,,industrial,kiln,
way_1176851568,28.7440718,77.4561922,INDUSTRIAL,,,,,industrial,kiln,
way_1176851569,28.7457083,77.4546,INDUSTRIAL,,,,,industrial,kiln,
way_1176851570,28.7463335,77.4400208,INDUSTRIAL,,,,,industrial,kiln,
way_1176851571,28.7432276,77.4473166,INDUSTRIAL,,,,,industrial,kiln,
way_1176851572,28.7446902,77.4455937,INDUSTRIAL,,,,,industrial,kiln,
way_1176870231,29.7086095,77.4451356,INDUSTRIAL,"The Kisan Sahkari Chini Mills Ltd., Nanauta",,,,industrial,works,
way_1177548772,26.7419508,84.1468488,INDUSTRIAL,Brick yards,,,,industrial,,
way_1177550352,26.7449078,84.1204055,INDUSTRIAL,Brick yard,,,,industrial,,
way_1177550353,26.7403414,84.1198273,INDUSTRIAL,Brick yard,,,,industrial,,
way_1177581255,26.7468491,84.1244186,INDUSTRIAL,Brick yard,,,,industrial,,
way_1178304694,26.7394615,84.0004059,INDUSTRIAL,Brick yards,,,,industrial,,
way_1178304695,26.7342258,84.001899,INDUSTRIAL,Brick yards,,,,industrial,,
way_1178304696,26.7309166,84.0005704,INDUSTRIAL,Brick yards,,,,industrial,,
way_1178304697,26.7294614,84.0006908,INDUSTRIAL,Brick yards,,,,industrial,,
way_1178304698,26.7204383,84.0055261,INDUSTRIAL,Brick yards,,,,industrial,,
way_1178304699,26.7114574,84.0052208,INDUSTRIAL,Brick yards,,,,industrial,,
way_1178304700,26.7089811,84.0062884,INDUSTRIAL,Brick yards,,,,industrial,,
way_1178304701,26.70519,84.0067237,INDUSTRIAL,Brick yards,,,,industrial,,
way_1178304702,26.6990173,84.0051407,INDUSTRIAL,Brick yards,,,,industrial,,
way_1179768316,27.8752094,75.0871708,INDUSTRIAL,Antroli,,substation,,industrial,,Power Grid Corporation of India Ltd
way_1179860065,27.6070836,75.1159103,INDUSTRIAL,Tanuj Steel Workshop,,,,industrial,,
way_1179860066,27.6080452,75.1156919,INDUSTRIAL,Balaji Steel And Furniture Workshop,,,,industrial,,
way_1179903417,29.8296002,79.7701026,INDUSTRIAL,hydel power station,,plant,,industrial,,
way_1180050790,27.1671448,78.3867044,INDUSTRIAL,,,,,industrial,,
way_1180052092,27.1687806,78.3863103,INDUSTRIAL,,,,,,works,
way_1180265703,28.7456258,77.1542592,INDUSTRIAL,Vaishnavi Perfumery,,,,,works,
way_1181341449,26.863946,83.9878107,INDUSTRIAL,Brick yards,,,,industrial,,
way_1183344155,28.7504283,77.1562441,INDUSTRIAL,Khatu Shyam Industries,,,,,works,
way_1183858173,26.7446291,83.9953517,INDUSTRIAL,Brick yards,,,,industrial,,
way_1183858174,26.7487717,83.9983148,INDUSTRIAL,Brick yards,,,,industrial,,
way_1183858175,26.7494876,84.0007835,INDUSTRIAL,Brick yards,,,,industrial,,
way_1183858176,26.7552294,84.0032536,INDUSTRIAL,Brick yards,,,,industrial,,
way_1183858177,26.7572992,84.0021947,INDUSTRIAL,Brick yards,,,,industrial,,
way_1183858178,26.7591421,84.0020375,INDUSTRIAL,Brick yards,,,,industrial,,
way_1183858180,26.7603563,83.9948581,INDUSTRIAL,Brick yards,,,,industrial,,
way_1183858181,26.7657003,83.9916682,INDUSTRIAL,Brick yards,,,,industrial,,
way_1183858182,26.7636211,83.9929999,INDUSTRIAL,Brick yards,,,,industrial,,
way_1183858184,26.7600003,83.9877925,INDUSTRIAL,Brick yards,,,,industrial,,
way_1183858185,26.7541116,83.992092,INDUSTRIAL,Brick yards,,,,industrial,,
way_1183858186,26.7546558,83.9910114,INDUSTRIAL,Brick yards,,,,industrial,,
way_1183858188,26.7524957,83.9902602,INDUSTRIAL,Brick yards,,,,industrial,,
way_1183858189,26.7511405,83.9889769,INDUSTRIAL,Brick yards,,,,industrial,,
way_1183858190,26.7494553,83.990212,INDUSTRIAL,Brick yards,,,,industrial,,
way_1183858191,26.7492889,83.9912774,INDUSTRIAL,Brick yards,,,,industrial,,
way_1183858192,26.7482826,83.9898033,INDUSTRIAL,Brick yards,,,,industrial,,
way_1183858195,26.7484972,83.9860409,INDUSTRIAL,Brick yards,,,,industrial,,
way_1183858196,26.7505314,83.9840846,INDUSTRIAL,Brick yards,,,,industrial,,
way_1183859618,26.7521656,83.9872821,INDUSTRIAL,Brick yards,,,,industrial,,
way_1183859619,26.7732499,83.9899235,INDUSTRIAL,Brick yards,,,,industrial,,
way_1183859620,26.7705669,83.9894877,INDUSTRIAL,Brick yards,,,,industrial,,
way_1183912001,26.7636945,84.005112,INDUSTRIAL,Brick yards,,,,industrial,,
way_1184992138,26.7303518,83.9598491,INDUSTRIAL,Brick yards,,,,industrial,,
way_1184992139,26.7289338,83.9561627,INDUSTRIAL,Brick yards,,,,industrial,,
way_1184992140,26.7311649,83.9535487,INDUSTRIAL,Brick yards,,,,industrial,,
way_1184992141,26.7357703,83.9591796,INDUSTRIAL,Brick yards,,,,industrial,,
way_1184992142,26.7237516,83.9682361,INDUSTRIAL,Brick yrads,,,,industrial,,
way_1186489190,28.9543363,77.0856061,INDUSTRIAL,,,,,industrial,,
way_1186489191,28.9743096,77.0924968,INDUSTRIAL,,,,,industrial,,
way_1186489192,28.971669,77.0854157,INDUSTRIAL,,,,,industrial,,
way_1186489193,28.9768835,77.0838707,INDUSTRIAL,,,,,industrial,,
way_1186489196,28.9330853,77.1019622,INDUSTRIAL,,,,,industrial,,
way_1187826052,26.7278593,84.1341436,INDUSTRIAL,Brick yards,,,,industrial,,
way_1187826053,26.7265173,84.1320129,INDUSTRIAL,Brick yards,,,,industrial,,
way_1188373231,28.0172027,80.8300394,INDUSTRIAL,Khambarkhera Thermal Power Station,,plant,coal,industrial,,Bajaj Energy Limited
way_1188373232,28.0161609,80.8279905,INDUSTRIAL,,,,,industrial,,
way_1188373233,28.2464149,79.9960636,INDUSTRIAL,Maqsoodapur Thermal Power Station,,plant,coal,industrial,,Bajaj Energy Limited
way_1188373234,28.4732112,79.8061222,INDUSTRIAL,Barkhera Thermal Power Station,,plant,coal,industrial,,Bajaj Energy Limited
way_1188373235,28.4727796,79.8048618,INDUSTRIAL,,,,,industrial,,
way_1188993991,29.9185377,74.9870657,INDUSTRIAL,,,plant,solar,,,
way_1190425384,29.2675632,79.5437505,INDUSTRIAL,ISBT Kathgodam,depot,,,industrial,,Uttarakhand Transport Comission
way_1190548697,29.1065022,79.5167528,INDUSTRIAL,UCF,warehouse,,,industrial,,
way_1190979213,29.067054,79.5146089,INDUSTRIAL,Aanchal Nainital Milk Producer Cooperation Limited,agriculture,,,industrial,,
way_1191170388,29.0604677,79.5281543,INDUSTRIAL,,,plant,solar,,,
way_1191242993,28.6935824,77.5894689,INDUSTRIAL,,,,,industrial,,
way_1191246311,28.7475644,77.3614596,INDUSTRIAL,,,,,industrial,kiln,
way_1191246313,28.7747518,77.3529896,INDUSTRIAL,,,,,industrial,kiln,
way_1191246314,28.774039,77.3640465,INDUSTRIAL,,,,,industrial,kiln,
way_1191246315,28.7755647,77.3713723,INDUSTRIAL,,,,,industrial,kiln,
way_1191246316,28.7745963,77.3685483,INDUSTRIAL,,,,,industrial,kiln,
way_1191246317,28.7748209,77.3656005,INDUSTRIAL,,,,,industrial,kiln,
way_1191246318,28.7744462,77.3665754,INDUSTRIAL,,,,,industrial,kiln,
way_1191246319,28.7760082,77.364017,INDUSTRIAL,,,,,industrial,kiln,
way_1191246320,28.7770633,77.3616325,INDUSTRIAL,,,,,industrial,kiln,
way_1191246321,28.7781101,77.3654101,INDUSTRIAL,,,,,industrial,kiln,
way_1191246322,28.7767492,77.3674692,INDUSTRIAL,,,,,industrial,kiln,
way_1191246323,28.7930414,77.3593139,INDUSTRIAL,,,,,industrial,kiln,
way_1191246324,28.789049,77.360253,INDUSTRIAL,,,,,industrial,kiln,
way_1191246325,28.7868681,77.3543418,INDUSTRIAL,,,,,industrial,kiln,
way_1191246326,28.7851419,77.3548048,INDUSTRIAL,,,,,industrial,kiln,
way_1191246327,28.7860559,77.3570332,INDUSTRIAL,,,,,industrial,kiln,
way_1191246328,28.7837944,77.3646145,INDUSTRIAL,,,,,industrial,kiln,
way_1191246329,28.7557933,77.3556624,INDUSTRIAL,,,,,industrial,kiln,
way_1191246330,28.7520404,77.3572576,INDUSTRIAL,,,,,industrial,kiln,
way_1191246331,28.7520813,77.3558535,INDUSTRIAL,,,,,industrial,kiln,
way_1191246332,28.754275,77.346185,INDUSTRIAL,,,,,industrial,kiln,
way_1191246333,28.7555121,77.3453116,INDUSTRIAL,,,,,industrial,kiln,
way_1191246334,28.7594791,77.3408091,INDUSTRIAL,,,,,industrial,kiln,
way_1191246335,28.7589213,77.3450093,INDUSTRIAL,,,,,industrial,kiln,
way_1191246336,28.7642831,77.3488558,INDUSTRIAL,,,,,industrial,kiln,
way_1191246337,28.7612367,77.3510188,INDUSTRIAL,,,,,industrial,kiln,
way_1191246338,28.7622772,77.3509397,INDUSTRIAL,,,,,industrial,kiln,
way_1191246339,28.7636484,77.3466265,INDUSTRIAL,,,,,industrial,kiln,
way_1191246340,28.7613672,77.3456353,INDUSTRIAL,,,,,industrial,kiln,
way_1191247452,28.736675,77.4565303,INDUSTRIAL,,,,,industrial,kiln,
way_1191254926,29.0166088,79.5152542,INDUSTRIAL,Pantnagar Seed Processing Plant,factory,,,industrial,,
way_1191549184,28.9749438,79.3886626,INDUSTRIAL,Aloka Maple Furnitures,sawmill,,,industrial,,
way_1191707546,28.9708974,79.3913175,INDUSTRIAL,,warehouse,,,industrial,,
way_1191881425,28.943559,79.4493677,INDUSTRIAL,Shiv Shakti Processed Foods Private Limited,food_processing,,,industrial,,
way_1191881433,28.9423206,79.4488223,INDUSTRIAL,PLA Foods Private Limited,food_processing,,,industrial,,
way_1191887667,28.9726886,79.4135349,INDUSTRIAL,Aanchal Animal Fodder Processing Plant,factory,,,industrial,,
way_1191887673,28.97007,79.419454,INDUSTRIAL,Jai Gurudev Industries,factory,,,industrial,,
way_1192020326,28.8851184,79.5079078,INDUSTRIAL,,warehouse,,,industrial,,
way_1192020640,29.9719356,76.3124344,INDUSTRIAL,,,,,industrial,,
way_1192020641,29.9716856,76.3131538,INDUSTRIAL,,,,,industrial,,
way_1192143474,28.9198655,79.5021536,INDUSTRIAL,Interarch,factory,,,industrial,,
way_1192298922,28.9394106,79.4483875,INDUSTRIAL,,,,,industrial,,
way_1192298962,28.9410108,79.4472499,INDUSTRIAL,,,,,industrial,,
way_1192299021,28.9448072,79.4549837,INDUSTRIAL,Sheel Chand Agroils Private Limited,factory,,,industrial,,
way_1192299027,28.9404097,79.4520554,INDUSTRIAL,,,,,industrial,,
way_1192299028,28.9455642,79.4469596,INDUSTRIAL,,,,,industrial,,
way_1192299029,28.9480477,79.4430899,INDUSTRIAL,,,,,industrial,,
way_1192299031,28.9502558,79.4413525,INDUSTRIAL,,,,,industrial,,
way_1192299032,28.9459559,79.4449834,INDUSTRIAL,,,,,industrial,,
way_1192306703,28.938338,79.46684,INDUSTRIAL,Mahindra Tractors,factory,,,industrial,,
way_1192587428,28.9590297,79.3800847,INDUSTRIAL,Swastik Solvent Products India Limited,factory,,,industrial,,
way_1192599996,28.9707805,79.3798847,INDUSTRIAL,Cargo Shed Rudrapur City,railway,,,industrial,,
way_1194059692,28.3669709,76.8951816,INDUSTRIAL,Maruti Manesar Power Station,,plant,,industrial,,
way_1196225877,26.1568476,79.7888746,INDUSTRIAL,,brickyard,,,industrial,,
way_1197493040,28.4700924,76.8139637,INDUSTRIAL,,,,,industrial,,
way_1197775967,29.6928601,75.8147752,INDUSTRIAL,,,,,industrial,,
way_1197775968,29.6942864,75.8144527,INDUSTRIAL,,,,,industrial,,
way_1197790982,29.6819695,75.8454935,INDUSTRIAL,,,,,industrial,,
way_1197962124,26.6980783,84.061836,INDUSTRIAL,Brick yards,,,,industrial,,
way_1197962125,26.6999652,84.0609838,INDUSTRIAL,Brick yards,,,,industrial,,
way_1197962126,26.6995215,84.0594066,INDUSTRIAL,Brick yards,,,,industrial,,
way_1197963188,26.711474,84.0682798,INDUSTRIAL,Brick yards,,,,industrial,,
way_1197963200,26.7134767,84.079368,INDUSTRIAL,Brick yards,,,,industrial,,
way_1198073376,28.6566951,77.2995268,INDUSTRIAL,,,,,industrial,,
way_1198073377,28.6569604,77.3007939,INDUSTRIAL,,,,,industrial,,
way_1198093570,27.7885859,76.9509781,INDUSTRIAL,,,,,industrial,,
way_1198268920,26.7534406,84.0587807,INDUSTRIAL,Brick yards,,,,industrial,,
way_1198268928,26.7337677,84.0631352,INDUSTRIAL,Brick yards,,,,industrial,,
way_1198268929,26.7329936,84.0602253,INDUSTRIAL,Brick yards,,,,industrial,,
way_1198269330,29.8340587,75.9500163,INDUSTRIAL,,,,,industrial,,
way_1198558352,26.7395265,84.0557622,INDUSTRIAL,Brick yards,,,,industrial,,
way_1198662613,29.6698133,75.7321756,INDUSTRIAL,,,,,industrial,,
way_1198665927,29.6883845,75.7333534,INDUSTRIAL,,,,,industrial,,
way_1198665937,29.6781961,75.7290674,INDUSTRIAL,,,,,industrial,,
way_1198774365,28.0489777,81.6791472,INDUSTRIAL,,,,,industrial,,
way_1201591383,26.7817946,82.8697652,INDUSTRIAL,,,,,industrial,,
way_1204921087,26.3124439,78.1245024,INDUSTRIAL,,,,,industrial,,
way_1204921088,26.3072015,78.1275024,INDUSTRIAL,,,,,industrial,,
way_1205714454,28.9263781,78.8682639,INDUSTRIAL,,,,,industrial,,
way_1205848175,29.0413148,79.3522441,INDUSTRIAL,Dabur India Private Limited,factory,,,industrial,,
way_1206045077,28.9089037,78.7183419,INDUSTRIAL,,,,,industrial,,
way_1206045078,28.9119184,78.7165501,INDUSTRIAL,,,,,industrial,,
way_1206045079,28.9105332,78.7128058,INDUSTRIAL,,,,,industrial,,
way_1206045080,28.9112892,78.7084794,INDUSTRIAL,,,,,industrial,,
way_1206045081,28.9210009,78.7197379,INDUSTRIAL,,,,,industrial,,
way_1206045083,28.9143485,78.7230245,INDUSTRIAL,,,,,industrial,,
way_1206045084,28.9161446,78.6977827,INDUSTRIAL,,,,,industrial,,
way_1206045085,28.9213241,78.7117025,INDUSTRIAL,,,,,industrial,,
way_1206045086,28.9141548,78.7080744,INDUSTRIAL,,,,,industrial,,
way_1206045087,28.9147354,78.7103357,INDUSTRIAL,,,,,industrial,,
way_1206045089,28.9176002,78.7144232,INDUSTRIAL,,,,,industrial,,
way_1206045090,28.9338456,78.6980161,INDUSTRIAL,,,,,industrial,,
way_1206045091,28.9288877,78.698435,INDUSTRIAL,,,,,industrial,,
way_1206798531,28.9032427,78.8354168,INDUSTRIAL,,,plant,solar,industrial,,
way_1207684038,29.1979998,78.8785288,INDUSTRIAL,,,,,industrial,,
way_1207712296,29.1332844,78.7612678,INDUSTRIAL,,,,,industrial,,
way_1207759548,27.7003338,84.4553356,INDUSTRIAL,,,,,industrial,,
way_1208981802,29.2081844,78.8301203,INDUSTRIAL,,,,,industrial,,
way_1208981803,29.2079281,78.8265194,INDUSTRIAL,,,,,industrial,,
way_1208981806,29.2084841,78.8199453,INDUSTRIAL,,,,,industrial,,
way_1208981814,29.201945,78.8072571,INDUSTRIAL,,,,,industrial,,
way_1208981817,29.2308416,78.8776638,INDUSTRIAL,,,,,industrial,kiln,
way_1208981818,29.2314238,78.8721505,INDUSTRIAL,,,,,industrial,,
way_1208981823,29.2248675,78.7478449,INDUSTRIAL,,,,,industrial,,
way_1208981825,29.231188,78.7423731,INDUSTRIAL,,,,,industrial,,
way_1208981830,29.2246158,78.7245217,INDUSTRIAL,,,,,industrial,,
way_1208981833,29.2234622,78.7076436,INDUSTRIAL,,,,,industrial,,
way_1208981835,29.2359739,78.7195086,INDUSTRIAL,,,,,industrial,,
way_1208981840,29.2430316,78.7284793,INDUSTRIAL,,,,,industrial,,
way_1208981841,29.2439514,78.7252539,INDUSTRIAL,,,,,industrial,,
way_1208981845,29.2591111,78.7855245,INDUSTRIAL,,,,,industrial,,
way_1208981852,29.2471669,78.8179122,INDUSTRIAL,,,,,industrial,,
way_1208981856,29.2408618,78.8828391,INDUSTRIAL,,,,,industrial,,
way_1208981858,29.2385684,78.8879983,INDUSTRIAL,,,,,industrial,,
way_1208981862,29.1893046,78.8918178,INDUSTRIAL,,,,,industrial,,
way_1208981866,29.2046986,78.8018729,INDUSTRIAL,,,,,industrial,kiln,
way_1208981867,29.2032801,78.7981591,INDUSTRIAL,,,,,industrial,,
way_1208981868,29.204182,78.7971285,INDUSTRIAL,,,,,industrial,,
way_1208981870,29.2105795,78.796602,INDUSTRIAL,,,,,industrial,,
way_1208981873,29.2075591,78.7978033,INDUSTRIAL,,,,,industrial,,
way_1208981874,29.2135072,78.7893359,INDUSTRIAL,,,,,industrial,,
way_1210479882,29.0619696,78.8602207,INDUSTRIAL,,,,,industrial,,
way_1210479883,29.0597875,78.8601341,INDUSTRIAL,,,,,industrial,,
way_1210479891,29.060812,78.8623819,INDUSTRIAL,,,,,industrial,,
way_1210479894,29.0671338,78.8605137,INDUSTRIAL,,,,,industrial,,
way_1210701853,29.0602973,78.8375057,INDUSTRIAL,,,,,industrial,,
way_1210701854,29.0627585,78.840015,INDUSTRIAL,,,,,industrial,,
way_1211007453,28.9772354,78.8089442,INDUSTRIAL,,,,,industrial,,
way_1211007454,28.9719629,78.8105402,INDUSTRIAL,,,,,industrial,,
way_1211197429,28.97346,78.7802741,INDUSTRIAL,,,,,industrial,,
way_1212794023,29.6285539,74.7236073,INDUSTRIAL,,,plant,solar,,,
way_1213426888,27.7422157,81.5191052,INDUSTRIAL,Bahraich,,plant,solar,industrial,,
way_1214375320,28.9988648,76.241287,INDUSTRIAL,,,,,industrial,,
way_1214375321,29.0727403,75.9639626,INDUSTRIAL,,,,,industrial,,
way_1214375329,29.0911903,75.9839853,INDUSTRIAL,,,,,industrial,,
way_1214722162,28.0537459,76.1000848,INDUSTRIAL,,,,,industrial,,
way_1214874687,27.8740115,75.8275187,INDUSTRIAL,,,,,industrial,,
way_1214874688,27.8720957,75.8203733,INDUSTRIAL,,,,,industrial,,
way_1214874694,27.8639816,75.8420965,INDUSTRIAL,,,,,industrial,,
way_1215044708,31.1542594,84.3652662,INDUSTRIAL,,,plant,solar,industrial,,
way_1215102427,26.4927707,76.745207,INDUSTRIAL,,,,,industrial,,
way_1215102436,26.4959106,76.7440886,INDUSTRIAL,,,,,industrial,,
way_1215102437,26.4946225,76.7414332,INDUSTRIAL,,,,,industrial,,
way_1215102438,26.4960689,76.7474895,INDUSTRIAL,,,,,industrial,,
way_1215217056,26.5485542,76.3352421,INDUSTRIAL,,,,,industrial,,
way_1215217057,26.5494889,76.3352099,INDUSTRIAL,,,,,industrial,,
way_1215217060,26.4887232,76.4269924,INDUSTRIAL,,,,,industrial,,
way_1215942359,23.9790183,79.1952574,INDUSTRIAL,,mine,,,industrial,,
way_1215942375,23.931983,78.9647176,INDUSTRIAL,,,,,industrial,,
way_1215942395,24.0417243,78.9494062,INDUSTRIAL,,,,,industrial,,
way_1215942396,24.0411143,78.9593839,INDUSTRIAL,,,,,industrial,,
way_1215956729,24.5905878,79.3115741,INDUSTRIAL,,,,,industrial,,
way_1215956730,24.5866952,79.3076312,INDUSTRIAL,,,,,industrial,,
way_1215956732,24.5894513,79.3119656,INDUSTRIAL,,,,,industrial,,
way_1215966834,24.9345961,79.5981601,INDUSTRIAL,,,,,industrial,,
way_1215999715,24.5708064,79.0122127,INDUSTRIAL,,,,,industrial,,
way_1215999753,24.8324866,79.1467738,INDUSTRIAL,,,,,industrial,,
way_1216643930,27.4056295,82.1592658,INDUSTRIAL,Balrampur Mill Power Station,,plant,biomass,industrial,,
way_1218171117,30.7777494,81.6339896,INDUSTRIAL,,,,,industrial,,
way_1218171122,30.7775035,81.6159482,INDUSTRIAL,,,,,industrial,,
way_1218171123,30.7780899,81.616198,INDUSTRIAL,,,plant,solar,,,
way_1218204974,30.7731489,81.6136579,INDUSTRIAL,,,plant,solar,,,
way_1218204980,30.7605709,81.6373058,INDUSTRIAL,,,plant,solar,,,
way_1218770560,30.2373935,78.7192385,INDUSTRIAL,,,,,industrial,,
way_1219827101,29.1896969,78.7234381,INDUSTRIAL,,,,,industrial,,
way_1219827102,29.1898122,78.7218502,INDUSTRIAL,,,,,industrial,,
way_1219827103,29.1981783,78.7197044,INDUSTRIAL,,,,,industrial,,
way_1219827104,29.1929856,78.7203388,INDUSTRIAL,,,,,industrial,,
way_1219827117,29.207282,78.7102805,INDUSTRIAL,,,,,industrial,,
way_1219827118,29.206404,78.7095308,INDUSTRIAL,,,,,industrial,,
way_1219827119,29.2097998,78.7170168,INDUSTRIAL,,,,,industrial,,
way_1219827120,29.2051122,78.7100042,INDUSTRIAL,,,,,industrial,,
way_1220564904,29.1299524,78.7299747,INDUSTRIAL,,,,,industrial,,
way_1220564906,29.1333497,78.732626,INDUSTRIAL,,,,,industrial,,
way_1220564907,29.136762,78.7339175,INDUSTRIAL,,,,,industrial,,
way_1220564908,29.1367304,78.7330444,INDUSTRIAL,,,,,industrial,,
way_1220564909,29.1333134,78.7336506,INDUSTRIAL,,,,,industrial,,
way_1220564910,29.1342048,78.7333596,INDUSTRIAL,,,,,industrial,,
way_1220564911,29.1355924,78.7327657,INDUSTRIAL,,,,,industrial,,
way_1220564913,29.1384301,78.7324517,INDUSTRIAL,,,,,industrial,,
way_1220564914,29.1396905,78.7299907,INDUSTRIAL,,,,,industrial,,
way_1222048911,24.5657495,80.9927323,INDUSTRIAL,,,plant,solar,,,
way_1222121096,24.2556148,78.1560838,INDUSTRIAL,,,plant,coal,industrial,,
way_1222194580,29.1609006,78.7312352,INDUSTRIAL,,,,,industrial,,
way_1222194581,29.1606851,78.7327521,INDUSTRIAL,,,,,industrial,,
way_1222194582,29.1625648,78.7307753,INDUSTRIAL,,,,,industrial,,
way_1222194583,29.1645152,78.729176,INDUSTRIAL,,,,,industrial,,
way_1223255440,29.1172608,79.5211152,INDUSTRIAL,,,,,industrial,,
way_1223446336,29.1938625,78.7518856,INDUSTRIAL,,,,,industrial,,
way_1223849976,28.5840371,77.544087,INDUSTRIAL,,,,,,works,
way_1223849977,28.5855088,77.5442536,INDUSTRIAL,,,,,,works,
way_1223849978,28.5855733,77.5440102,INDUSTRIAL,,,,,,works,
way_1224791091,29.205441,79.5280189,INDUSTRIAL,UCF Resin Factory Warehouse,warehouse,,,industrial,,
way_1225010343,29.2635247,79.5439498,INDUSTRIAL,Bharat Petroleum Corporation Kathgodam Depot,depot,,,industrial,,
way_1225554154,24.5633261,81.1700572,INDUSTRIAL,,,plant,coal,industrial,,
way_1225927273,29.1703351,79.5199916,INDUSTRIAL,Mahavir Flour Mill,grinding_mill,,,industrial,,
way_1226403575,30.3731946,75.5261699,INDUSTRIAL,Sabzi Mandi,,,,industrial,,
way_1226403576,30.3714274,75.5306301,INDUSTRIAL,,,,,industrial,,
way_1226979616,29.1133231,78.7406766,INDUSTRIAL,,,,,industrial,,
way_1226979617,29.1132763,78.7433884,INDUSTRIAL,,,,,industrial,,
way_1226979619,29.1150402,78.7388493,INDUSTRIAL,,,,,industrial,,
way_1227190131,28.0331936,84.0795574,INDUSTRIAL,Bel Chautara Solar,,plant,solar,,,
way_1227432525,24.5974609,80.8569012,INDUSTRIAL,,,plant,,industrial,,
way_1227541036,27.1827776,83.8737302,INDUSTRIAL,,,,,industrial,,
way_1227746924,29.1449979,78.7288961,INDUSTRIAL,,,,,industrial,,
way_1227746925,29.1445497,78.7270952,INDUSTRIAL,,,,,industrial,,
way_1228550872,29.7124876,77.4976225,INDUSTRIAL,,brickyard,,,industrial,,
way_1228551855,29.6648699,77.4948835,INDUSTRIAL,,brickyard,,,industrial,,
way_1229451746,30.7674618,76.7589127,INDUSTRIAL,,,plant,solar,,,
way_1230228761,28.8281634,82.148608,INDUSTRIAL,,,plant,solar,,,
way_1230228762,28.8295498,82.1488178,INDUSTRIAL,,,plant,solar,,,
way_1230887773,29.1701995,78.8086243,INDUSTRIAL,,,,,industrial,,
way_1232410797,25.5553053,83.3985137,INDUSTRIAL,Lords Distillery Nandganj GZP,,,,industrial,works,Lods Group Nandganj
way_1232452631,27.5841565,83.0263819,INDUSTRIAL,,,,,industrial,,
way_1234944712,28.7129039,80.5867976,INDUSTRIAL,aalok garment,,,,industrial,,
way_1235425877,27.0562224,84.8072115,INDUSTRIAL,Hulas Steel,,,,industrial,,
way_1236009698,28.0219438,81.6293474,INDUSTRIAL,,,,,,works,
way_1237981253,25.4199093,81.8711556,INDUSTRIAL,,,plant,solar,,,
way_1237981254,25.418407,81.8716175,INDUSTRIAL,,,plant,solar,,,
way_1237983112,26.4514738,84.4405049,INDUSTRIAL,,,,,industrial,,
way_1237997031,28.0439171,81.6732247,INDUSTRIAL,,,,,industrial,,
way_1237997039,28.0499657,81.6761467,INDUSTRIAL,,,,,industrial,,
way_1238452896,30.1167568,78.7223495,INDUSTRIAL,,,,,industrial,,
way_1238800560,27.0167441,84.9928616,INDUSTRIAL,,,,,industrial,,
way_1238800561,27.0204808,84.9912022,INDUSTRIAL,,,,,industrial,,
way_1240364286,27.4191858,74.6161901,INDUSTRIAL,,,,,industrial,,
way_1240474564,24.8571258,74.6103966,INDUSTRIAL,,,,,industrial,,
way_1240474568,24.8982075,74.6218993,INDUSTRIAL,,,,,industrial,,
way_1240474569,24.8979229,74.6219194,INDUSTRIAL,,,,,industrial,,
way_1240474570,24.8982172,74.6235985,INDUSTRIAL,,,,,industrial,,
way_1240474571,24.8998302,74.6237245,INDUSTRIAL,,,,,industrial,,
way_1240474585,24.8883757,74.6280402,INDUSTRIAL,,depot,,,industrial,,
way_1240474589,24.9210019,74.5981818,INDUSTRIAL,,,,,industrial,,
way_1240474590,24.934869,74.6264415,INDUSTRIAL,,,,,industrial,,
way_1240886326,25.6093039,81.1518078,INDUSTRIAL,Brick Kiln,,,,,works,
way_1240887749,25.6089449,81.1621487,INDUSTRIAL,Brick Kiln,,,,,works,
way_1240889499,25.6122122,81.1746951,INDUSTRIAL,Brick Kiln,,,,,works,
way_1241464751,25.5479052,81.2475758,INDUSTRIAL,,,,,,works,
way_1241464758,25.5209087,81.2296609,INDUSTRIAL,,,,,,works,
way_1241464759,25.5213382,81.2300743,INDUSTRIAL,,,,,,works,
way_1241464760,25.5450076,81.2382482,INDUSTRIAL,,,,,,works,
way_1242825814,29.3551978,79.5512065,INDUSTRIAL,Government Mini Industrial Estate Bhimtal,,,,industrial,,
way_1243398297,25.3313957,74.5813144,INDUSTRIAL,,,,,industrial,,
way_1243398298,25.318721,74.5744872,INDUSTRIAL,,,,,industrial,,
way_1243398302,25.3186191,74.539243,INDUSTRIAL,,,,,industrial,,
way_1244555881,25.9378384,74.6487469,INDUSTRIAL,,,,,industrial,,
way_1244555890,25.8916789,74.6353586,INDUSTRIAL,,,,,industrial,,
way_1244555892,25.838976,74.7333062,INDUSTRIAL,,,,,industrial,,
way_1244555896,25.9008514,74.6588132,INDUSTRIAL,,,,,industrial,,
way_1244555900,25.8956301,74.6558439,INDUSTRIAL,,,,,industrial,,
way_1244555903,25.9242251,74.6507209,INDUSTRIAL,,,,,industrial,,
way_1245442940,24.9046931,81.6831576,INDUSTRIAL,,,,,industrial,,
way_1245442944,25.2017174,81.5724418,INDUSTRIAL,,,,,industrial,,
way_1245442945,25.1994708,81.6016919,INDUSTRIAL,,,,,industrial,,
way_1245442946,25.1975347,81.6002383,INDUSTRIAL,,,,,industrial,,
way_1245442947,25.1998384,81.5921402,INDUSTRIAL,,,,,industrial,,
way_1245442948,25.1971508,81.5914992,INDUSTRIAL,,,,,industrial,,
way_1245451308,25.3722964,81.8719641,INDUSTRIAL,,,plant,solar,,,
way_1245529429,23.6238806,79.0672586,INDUSTRIAL,,,,,industrial,,
way_1246121067,27.524209,76.596126,INDUSTRIAL,,,,,industrial,,
way_1246237681,23.5589611,80.8214538,INDUSTRIAL,,,,,industrial,,
way_1248113378,28.504168,80.9647923,INDUSTRIAL,,,,,industrial,,
way_1249417933,29.1559665,78.8682318,INDUSTRIAL,,,,,industrial,,
way_1249563473,29.1391997,78.8651566,INDUSTRIAL,,,,,industrial,,
way_1249563478,29.1457521,78.8656515,INDUSTRIAL,,,,,industrial,,
way_1250230081,29.1374062,78.8645772,INDUSTRIAL,,,,,industrial,,
way_1254531780,29.9285127,78.7169498,INDUSTRIAL,,,plant,solar,,,
way_1254632294,29.1386854,78.8189475,INDUSTRIAL,,,,,industrial,,
way_1254632297,29.120285,78.8326013,INDUSTRIAL,,,,,industrial,,
way_1254632298,29.1212058,78.8314037,INDUSTRIAL,,,,,industrial,,
way_1254632299,29.1217828,78.8328387,INDUSTRIAL,,,,,industrial,,
way_1254632300,29.1221935,78.8313528,INDUSTRIAL,,,,,industrial,,
way_1254632366,29.1212948,78.8560331,INDUSTRIAL,,,,,industrial,,
way_1254901640,28.0627222,81.6772019,INDUSTRIAL,,,,,industrial,,
way_1255989260,29.1224839,78.8131901,INDUSTRIAL,,,,,industrial,,
way_1256501909,29.1138633,78.8074127,INDUSTRIAL,,,,,industrial,,
way_1256501919,29.1114133,78.8199386,INDUSTRIAL,,,,,industrial,,
way_1257404300,29.1051223,78.8254117,INDUSTRIAL,,,,,industrial,,
way_1257404302,29.1050825,78.8285002,INDUSTRIAL,,,,,industrial,,
way_1257404303,29.1058839,78.8271242,INDUSTRIAL,,,,,industrial,,
way_1257404307,29.1074974,78.8422412,INDUSTRIAL,,,,,industrial,,
way_1257404310,29.1188017,78.8559432,INDUSTRIAL,,,,,industrial,,
way_1257404311,29.1185018,78.8527635,INDUSTRIAL,,,,,industrial,,
way_1257404312,29.118681,78.8498386,INDUSTRIAL,,,,,industrial,,
way_1260555969,29.0745043,78.7836778,INDUSTRIAL,,,,,industrial,,
way_1260555970,29.0745917,78.7817104,INDUSTRIAL,,,,,industrial,,
way_1260558929,30.9275602,74.6347104,INDUSTRIAL,,,plant,solar,,,
way_1260558932,31.4020872,75.4010686,INDUSTRIAL,,,plant,solar,industrial,,
way_1260562445,31.1615473,76.7588381,INDUSTRIAL,,,plant,solar,industrial,,
way_1260566967,28.8475586,75.6392963,INDUSTRIAL,,,plant,solar,industrial,,
way_1260566968,29.4567985,74.7734167,INDUSTRIAL,,,plant,solar,industrial,,
way_1260566972,29.8046971,75.3268411,INDUSTRIAL,,,plant,solar,,,
way_1260568751,25.4217879,75.053547,INDUSTRIAL,,,plant,solar,industrial,,
way_1260639571,28.7093586,77.2483345,INDUSTRIAL,,,plant,solar,industrial,,
way_1261397029,27.5870951,79.7316658,INDUSTRIAL,Bibiyapur,,plant,solar,,,
way_1261397033,27.5775001,79.7350269,INDUSTRIAL,,,plant,solar,,,
way_1261937339,25.6755287,74.6090009,INDUSTRIAL,,,plant,solar,industrial,,
way_1261940385,25.2303664,74.6176573,INDUSTRIAL,,,plant,solar,industrial,,
way_1261946201,24.6461252,74.6876101,INDUSTRIAL,NIMBAHERA JK CEMENT,,plant,solar,,,
way_1261946204,24.7210805,74.6106456,INDUSTRIAL,,,plant,solar,industrial,,
way_1261946210,25.0272052,74.649645,INDUSTRIAL,,,plant,solar,industrial,,
way_1261946213,25.2094919,74.6038742,INDUSTRIAL,,,plant,solar,industrial,,
way_1262559318,27.0186671,84.986256,INDUSTRIAL,,,,,industrial,,
way_1262829625,25.5073895,74.5849383,INDUSTRIAL,,,plant,solar,industrial,,
way_1262834541,25.4806276,77.5998088,INDUSTRIAL,,,plant,solar,,,
way_1262842417,29.0793954,78.8060541,INDUSTRIAL,,,,,industrial,,
way_1262842426,29.0865869,78.8011498,INDUSTRIAL,,,,,industrial,,
way_1262842427,29.0852895,78.8026645,INDUSTRIAL,,,,,industrial,,
way_1262842428,29.0880407,78.8007963,INDUSTRIAL,,,,,industrial,,
way_1262842429,29.0856376,78.8049666,INDUSTRIAL,,,,,industrial,,
way_1263060874,24.7174989,75.9522984,INDUSTRIAL,,,plant,coal,industrial,,
way_1263457747,24.5841551,74.8100678,INDUSTRIAL,,,plant,solar,,,
way_1263505009,29.3733086,76.89133,INDUSTRIAL,,,plant,solar,,,
way_1263512763,28.9343367,75.8719337,INDUSTRIAL,,,plant,solar,industrial,,
way_1263514641,28.8503673,75.8841016,INDUSTRIAL,,,plant,solar,industrial,,
way_1263676065,29.0684361,78.7832882,INDUSTRIAL,,,,,industrial,,
way_1263676083,29.0689214,78.7892595,INDUSTRIAL,,,,,industrial,,
way_1263772850,25.5115076,77.6622208,INDUSTRIAL,TPDDL-Shivpuri,,plant,solar,,,
way_1263778349,25.537874,77.6058551,INDUSTRIAL,,,plant,solar,,,
way_1263797616,24.0468632,77.7332522,INDUSTRIAL,,,plant,solar,,,
way_1263797617,24.0360565,77.7352227,INDUSTRIAL,,,plant,solar,,,
way_1264040093,29.0649113,78.7731864,INDUSTRIAL,,,,,industrial,,
way_1264749294,29.0530572,78.7393771,INDUSTRIAL,,,,,industrial,,
way_1264749295,29.0533632,78.743218,INDUSTRIAL,,,,,industrial,,
way_1264749299,29.0601309,78.7433119,INDUSTRIAL,,,,,industrial,,
way_1264749301,29.057934,78.7422189,INDUSTRIAL,,,,,industrial,,
way_1264749309,29.0632029,78.7410871,INDUSTRIAL,,,,,industrial,,
way_1264749325,29.0717712,78.7357146,INDUSTRIAL,,,,,industrial,,
way_1264851864,29.0652149,78.7975918,INDUSTRIAL,,,,,industrial,,
way_1264851886,29.0628318,78.7870373,INDUSTRIAL,,,,,industrial,,
way_1264851887,29.0648398,78.7888062,INDUSTRIAL,,,,,industrial,,
way_1264851888,29.0652009,78.7809004,INDUSTRIAL,,,,,industrial,,
way_1264851889,29.0634976,78.7812785,INDUSTRIAL,,,,,industrial,,
way_1265078207,29.0833206,78.8153225,INDUSTRIAL,,,,,industrial,,
way_1266203353,29.0807086,78.8271102,INDUSTRIAL,,,,,industrial,,
way_1266203354,29.0806758,78.8208827,INDUSTRIAL,,,,,industrial,,
way_1266835541,29.0724238,78.8401169,INDUSTRIAL,,,,,industrial,,
way_1267053982,26.963482,77.7398558,INDUSTRIAL,,,plant,solar,industrial,,
way_1267129727,29.0576324,78.3803135,INDUSTRIAL,,,plant,solar,,,
way_1267138206,26.0056977,79.0149053,INDUSTRIAL,,,plant,solar,,,
way_1267163295,27.9267883,79.3630385,INDUSTRIAL,,,plant,solar,industrial,,
way_1267165101,29.0544581,78.8279973,INDUSTRIAL,,,,,industrial,,
way_1267165957,27.6289852,79.7103197,INDUSTRIAL,,,plant,solar,,,
way_1267182429,27.4596614,80.4187428,INDUSTRIAL,,,plant,solar,industrial,,
way_1267184428,27.4471609,80.5105861,INDUSTRIAL,,,plant,solar,industrial,,
way_1267195235,25.2721609,81.2072807,INDUSTRIAL,,,plant,solar,,,
way_1267195239,27.3808585,80.9162274,INDUSTRIAL,,,plant,solar,industrial,,
way_1267214462,25.1934286,81.6544614,INDUSTRIAL,,,plant,solar,industrial,,
way_1267230807,24.8295111,82.7194577,INDUSTRIAL,,,plant,solar,industrial,,
way_1269081585,29.076222,78.8121796,INDUSTRIAL,,,,,industrial,,
way_1269152128,30.8402478,76.8697111,INDUSTRIAL,,brickyard,,,industrial,,
way_1269172561,30.8486813,76.86307,INDUSTRIAL,,brickyard,,,industrial,,
way_1269172581,30.8598225,76.9063031,INDUSTRIAL,,,,,industrial,,
way_1269172582,30.8682423,76.9029478,INDUSTRIAL,,,,,industrial,,
way_1269172583,30.8638586,76.9027546,INDUSTRIAL,,brickyard,,,industrial,,
way_1269172584,30.8635846,76.9053081,INDUSTRIAL,,brickyard,,,industrial,,
way_1269172585,30.8609254,76.908799,INDUSTRIAL,,brickyard,,,industrial,,
way_1269172616,30.8367662,76.8963186,INDUSTRIAL,,brickyard,,,industrial,,
way_1269172618,30.8389839,76.8951572,INDUSTRIAL,,brickyard,,,industrial,,
way_1269172656,30.8468437,76.8957836,INDUSTRIAL,,brickyard,,,industrial,,
way_1269172667,30.8428563,76.896206,INDUSTRIAL,,brickyard,,,industrial,,
way_1269172668,30.8408206,76.8948555,INDUSTRIAL,,brickyard,,,industrial,,
way_1269172669,30.8431488,76.8996593,INDUSTRIAL,,brickyard,,,industrial,,
way_1269172674,30.8435864,76.8941541,INDUSTRIAL,,brickyard,,,industrial,,
way_1269172701,30.8303095,76.883436,INDUSTRIAL,,brickyard,,,industrial,,
way_1269172736,30.8136733,76.8960933,INDUSTRIAL,,brickyard,,,industrial,,
way_1269190762,30.8584249,76.860943,INDUSTRIAL,,brickyard,,,industrial,,
way_1269190763,30.8613329,76.8606976,INDUSTRIAL,,brickyard,,,industrial,,
way_1269190786,30.8616592,76.8818876,INDUSTRIAL,,brickyard,,,industrial,,
way_1269190814,30.855891,76.8853846,INDUSTRIAL,,brickyard,,,industrial,,
way_1269190815,30.8549953,76.8830283,INDUSTRIAL,,brickyard,,,industrial,,
way_1269190816,30.8532648,76.8781748,INDUSTRIAL,,brickyard,,,industrial,,
way_1269190817,30.852345,76.8771623,INDUSTRIAL,,brickyard,,,industrial,,
way_1269190818,30.8534295,76.8747886,INDUSTRIAL,,brickyard,,,industrial,,
way_1269190880,30.8510727,76.8851405,INDUSTRIAL,,,,,industrial,,
way_1269190881,30.8524629,76.88344,INDUSTRIAL,,brickyard,,,industrial,,
way_1269190882,30.8529148,76.8809737,INDUSTRIAL,,brickyard,,,industrial,,
way_1269190883,30.8514587,76.8803125,INDUSTRIAL,,brickyard,,,industrial,,
way_1269190884,30.8499835,76.87527,INDUSTRIAL,,brickyard,,,industrial,,
way_1269199589,30.9444908,76.7932011,INDUSTRIAL,,brickyard,,,industrial,,
way_1269199590,30.9471558,76.7797163,INDUSTRIAL,,brickyard,,,industrial,,
way_1269199591,30.9540394,76.7780587,INDUSTRIAL,,,,,industrial,,
way_1269199592,30.9536001,76.776495,INDUSTRIAL,,brickyard,,,industrial,,
way_1269199593,30.9590641,76.7745343,INDUSTRIAL,,brickyard,,,industrial,,
way_1269199597,30.9672326,76.7714149,INDUSTRIAL,,,,,industrial,,
way_1269199598,30.9684733,76.7662435,INDUSTRIAL,,,,,industrial,,
way_1269199599,30.9713975,76.7640522,INDUSTRIAL,,brickyard,,,industrial,,
way_1269199600,30.9677638,76.7674894,INDUSTRIAL,,brickyard,,,industrial,,
way_1269199601,30.9801639,76.7842304,INDUSTRIAL,,brickyard,,,industrial,,
way_1269199602,30.9703374,76.798249,INDUSTRIAL,,brickyard,,,industrial,,
way_1269199603,30.9716391,76.7997672,INDUSTRIAL,,brickyard,,,industrial,,
way_1269199604,30.9715194,76.7928551,INDUSTRIAL,,brickyard,,,industrial,,
way_1269199622,30.8808809,76.8624483,INDUSTRIAL,,brickyard,,,industrial,,
way_1269199623,30.8796516,76.8619113,INDUSTRIAL,,brickyard,,,industrial,,
way_1269199624,30.8760881,76.8669699,INDUSTRIAL,,,,,industrial,,
way_1269199625,30.8771598,76.8663906,INDUSTRIAL,,brickyard,,,industrial,,
way_1269199630,30.8724818,76.8533309,INDUSTRIAL,,brickyard,,,industrial,,
way_1269984099,28.4353047,77.591242,INDUSTRIAL,,,,,industrial,,
way_1270143654,29.0586174,78.789639,INDUSTRIAL,,,,,industrial,,
way_1270143662,29.0610487,78.7854038,INDUSTRIAL,,,,,industrial,,
way_1270143663,29.0611279,78.787736,INDUSTRIAL,,,,,industrial,,
way_1270143664,29.0604662,78.7898832,INDUSTRIAL,,,,,industrial,,
way_1270143667,29.0605523,78.7923052,INDUSTRIAL,,,,,industrial,,
way_1270143669,29.0610229,78.7954487,INDUSTRIAL,,,,,industrial,,
way_1270235299,29.9090418,77.9439801,INDUSTRIAL,,brickyard,,,industrial,,
way_1270235301,29.9086651,77.9369246,INDUSTRIAL,,brickyard,,,industrial,,
way_1270235302,29.9084966,77.9402773,INDUSTRIAL,,brickyard,,,industrial,,
way_1270235303,29.9092928,77.9416466,INDUSTRIAL,,brickyard,,,industrial,,
way_1270235304,29.9123978,77.9390851,INDUSTRIAL,,brickyard,,,industrial,,
way_1270235305,29.9129639,77.9292602,INDUSTRIAL,,brickyard,,,industrial,,
way_1270235306,29.9138566,77.9309901,INDUSTRIAL,,brickyard,,,industrial,,
way_1270235307,29.9162338,77.9326397,INDUSTRIAL,,brickyard,,,industrial,,
way_1270453928,29.9366919,77.5838326,INDUSTRIAL,,brickyard,,,industrial,,
way_1270456340,29.9026467,77.642701,INDUSTRIAL,,brickyard,,,industrial,,
way_1270456341,29.9048845,77.6465257,INDUSTRIAL,,brickyard,,,industrial,,
way_1270456342,29.9051659,77.6481834,INDUSTRIAL,,brickyard,,,industrial,,
way_1270456343,29.9065958,77.6488905,INDUSTRIAL,,brickyard,,,industrial,,
way_1270456344,29.9069097,77.64644,INDUSTRIAL,,brickyard,,,industrial,,
way_1270456345,29.910095,77.6494521,INDUSTRIAL,,brickyard,,,industrial,,
way_1270456346,29.9093858,77.6473559,INDUSTRIAL,,brickyard,,,industrial,,
way_1270456347,29.947346,77.5862074,INDUSTRIAL,,brickyard,,,industrial,,
way_1270456348,29.9472095,77.5868379,INDUSTRIAL,,brickyard,,,industrial,,
way_1270456349,29.948274,77.5847693,INDUSTRIAL,,brickyard,,,industrial,,
way_1270456350,29.9485959,77.580011,INDUSTRIAL,,brickyard,,,industrial,,
way_1270456351,29.9459577,77.5785733,INDUSTRIAL,,brickyard,,,industrial,,
way_1270456352,29.9420714,77.5820998,INDUSTRIAL,,brickyard,,,industrial,,
way_1270456353,29.939685,77.5855122,INDUSTRIAL,,brickyard,,,industrial,,
way_1270456356,29.9369645,77.587485,INDUSTRIAL,,brickyard,,,industrial,,
way_1270463365,29.923752,77.5807875,INDUSTRIAL,,brickyard,,,industrial,,
way_1270597811,28.293379,80.3050228,INDUSTRIAL,,brickyard,,,industrial,,
way_1270597812,28.2890916,80.3074421,INDUSTRIAL,,brickyard,,,industrial,,
way_1270597825,28.2659647,80.344011,INDUSTRIAL,,brickyard,,,industrial,,
way_1270597826,28.2714287,80.3403957,INDUSTRIAL,,brickyard,,,industrial,,
way_1270597841,28.2994839,80.3458104,INDUSTRIAL,,brickyard,,,industrial,,
way_1270597843,28.4032938,80.2587949,INDUSTRIAL,,brickyard,,,industrial,,
way_1270643139,28.376495,80.2993056,INDUSTRIAL,,brickyard,,,industrial,,
way_1271019187,24.5860634,80.997904,INDUSTRIAL,,,plant,solar,,,
way_1271019192,24.3294603,81.3466215,INDUSTRIAL,,,plant,solar,,,
way_1271019195,23.6848703,80.6515533,INDUSTRIAL,,,plant,solar,industrial,,
way_1271161970,28.3664903,75.5771376,INDUSTRIAL,,,plant,solar,,,
way_1271173755,28.5298839,77.4191804,INDUSTRIAL,,,,,industrial,,
way_1271515246,26.724538,83.025311,INDUSTRIAL,,brickyard,,,industrial,,
way_1271572701,25.9837943,83.6024642,INDUSTRIAL,,brickyard,,,industrial,,
way_1271572721,26.2481737,83.5148866,INDUSTRIAL,,brickyard,,,industrial,,
way_1271576132,24.9210013,74.6293275,INDUSTRIAL,,,plant,solar,industrial,,
way_1271579177,25.9312908,83.7385212,INDUSTRIAL,,brickyard,,,industrial,,
way_1271579180,25.7802001,84.0250025,INDUSTRIAL,,brickyard,,,industrial,,
way_1271579181,25.7851845,84.0283098,INDUSTRIAL,,brickyard,,,industrial,,
way_1271579182,25.7919992,84.0249168,INDUSTRIAL,,brickyard,,,industrial,,
way_1271580068,26.0042222,83.5741514,INDUSTRIAL,,brickyard,,,industrial,,
way_1271580069,26.0024648,83.5757621,INDUSTRIAL,,brickyard,,,industrial,,
way_1271580070,25.9951078,83.587085,INDUSTRIAL,,brickyard,,,industrial,,
way_1271580071,25.9948672,83.5782967,INDUSTRIAL,,brickyard,,,industrial,,
way_1271580072,25.9870227,83.5873827,INDUSTRIAL,,brickyard,,,industrial,,
way_1271580073,25.98977,83.5818802,INDUSTRIAL,,brickyard,,,industrial,,
way_1271580074,25.98818,83.5831616,INDUSTRIAL,,brickyard,,,industrial,,
way_1271581672,25.9613268,83.6634796,INDUSTRIAL,,brickyard,,,industrial,,
way_1271581673,25.9639325,83.6073303,INDUSTRIAL,,brickyard,,,industrial,,
way_1271581674,25.9675521,83.6114032,INDUSTRIAL,,brickyard,,,industrial,,
way_1271581675,25.9703939,83.6094748,INDUSTRIAL,,brickyard,,,industrial,,
way_1271581676,25.9720879,83.615161,INDUSTRIAL,,brickyard,,,industrial,,
way_1271581677,25.9626327,83.634367,INDUSTRIAL,,brickyard,,,industrial,,
way_1271581680,25.9498642,83.6500351,INDUSTRIAL,,brickyard,,,industrial,,
way_1271581681,25.9550724,83.6355901,INDUSTRIAL,,brickyard,,,industrial,,
way_1271581682,25.9570402,83.6228469,INDUSTRIAL,,brickyard,,,industrial,,
way_1271581683,25.9675617,83.6364337,INDUSTRIAL,,brickyard,,,industrial,,
way_1271581684,25.9688506,83.6360367,INDUSTRIAL,,brickyard,,,industrial,,
way_1271581685,25.9714392,83.6394846,INDUSTRIAL,,brickyard,,,industrial,,
way_1271581686,25.9697609,83.6427563,INDUSTRIAL,,brickyard,,,industrial,,
way_1271581689,25.9847949,83.6607425,INDUSTRIAL,,brickyard,,,industrial,,
way_1271582559,25.9413877,83.6359092,INDUSTRIAL,,brickyard,,,industrial,,
way_1271740319,26.0255194,75.6913934,INDUSTRIAL,,,plant,solar,industrial,,
way_1271813121,27.6721305,76.1409451,INDUSTRIAL,,,plant,solar,industrial,,
way_1271835536,27.0907124,84.4395675,INDUSTRIAL,,brickyard,,,industrial,,
way_1271835537,27.0948274,84.4259151,INDUSTRIAL,,brickyard,,,industrial,,
way_1271835538,27.096906,84.4297734,INDUSTRIAL,,brickyard,,,industrial,,
way_1271835539,27.0954232,84.432642,INDUSTRIAL,,brickyard,,,industrial,,
way_1271835540,27.0962111,84.432937,INDUSTRIAL,,brickyard,,,industrial,,
way_1271835541,27.1143237,84.446619,INDUSTRIAL,,brickyard,,,industrial,,
way_1271835542,27.1178117,84.4412546,INDUSTRIAL,,brickyard,,,industrial,,
way_1271835543,27.1277175,84.4348321,INDUSTRIAL,,brickyard,,,industrial,,
way_1271835544,27.1089351,84.4964826,INDUSTRIAL,,brickyard,,,industrial,,
way_1271835545,27.0993045,84.4957048,INDUSTRIAL,,brickyard,,,industrial,,
way_1271835564,27.0810762,84.4790361,INDUSTRIAL,,brickyard,,,industrial,,
way_1271835567,27.0955843,84.4811753,INDUSTRIAL,,brickyard,,,industrial,,
way_1271835568,27.1501401,84.4829146,INDUSTRIAL,,brickyard,,,industrial,,
way_1271835569,27.1381853,84.4785313,INDUSTRIAL,,brickyard,,,industrial,,
way_1271835574,27.1762949,84.4661615,INDUSTRIAL,,brickyard,,,industrial,,
way_1271835575,27.1783172,84.473028,INDUSTRIAL,,brickyard,,,industrial,,
way_1271835578,27.1760826,84.4907467,INDUSTRIAL,,brickyard,,,industrial,,
way_1271835580,27.1919467,84.5144829,INDUSTRIAL,,brickyard,,,industrial,,
way_1271835583,27.2648845,84.4934626,INDUSTRIAL,,brickyard,,,industrial,,
way_1271835586,27.2387678,84.4803122,INDUSTRIAL,,brickyard,,,industrial,,
way_1271835588,27.2278075,84.4713584,INDUSTRIAL,,brickyard,,,industrial,,
way_1271835594,27.2180846,84.4521752,INDUSTRIAL,,brickyard,,,industrial,,
way_1272069018,28.217402,80.1708245,INDUSTRIAL,,,plant,solar,,,
way_1272069039,28.0129195,78.8188765,INDUSTRIAL,,,plant,solar,,,
way_1272099913,27.105956,84.7719159,INDUSTRIAL,,brickyard,,,industrial,,
way_1272111026,26.4744455,84.2515801,INDUSTRIAL,,brickyard,,,industrial,,
way_1272223984,26.3275507,84.8709539,INDUSTRIAL,,brickyard,,,industrial,,
way_1272223985,26.3306145,84.8719878,INDUSTRIAL,,brickyard,,,industrial,,
way_1272223986,26.3322781,84.8696851,INDUSTRIAL,,brickyard,,,industrial,,
way_1272223987,26.3328069,84.8672444,INDUSTRIAL,,brickyard,,,industrial,,
way_1272223988,26.3329091,84.8645675,INDUSTRIAL,,brickyard,,,industrial,,
way_1272223989,26.3358298,84.8615943,INDUSTRIAL,,brickyard,,,industrial,,
way_1272223990,26.3348766,84.8644159,INDUSTRIAL,,brickyard,,,industrial,,
way_1272223991,26.3920619,84.8504081,INDUSTRIAL,,brickyard,,,industrial,,
way_1272223992,26.3910264,84.8482865,INDUSTRIAL,,brickyard,,,industrial,,
way_1272223993,26.388551,84.8505301,INDUSTRIAL,,brickyard,,,industrial,,
way_1272223994,26.3893823,84.8595779,INDUSTRIAL,,brickyard,,,industrial,,
way_1272223995,26.3883353,84.8619624,INDUSTRIAL,,brickyard,,,industrial,,
way_1272223996,26.3815324,84.8714943,INDUSTRIAL,,brickyard,,,industrial,,
way_1272495559,25.801276,84.8321423,INDUSTRIAL,,brickyard,,,industrial,,
way_1272505645,25.833037,84.8051097,INDUSTRIAL,,brickyard,,,industrial,,
way_1272505658,25.8644187,84.7742722,INDUSTRIAL,,brickyard,,,industrial,,
way_1272505659,25.8578351,84.7818295,INDUSTRIAL,,brickyard,,,industrial,,
way_1272505664,25.8605101,84.7904674,INDUSTRIAL,,brickyard,,,industrial,,
way_1272505670,25.8555909,84.8291871,INDUSTRIAL,,brickyard,,,industrial,,
way_1272505671,25.8427795,84.808844,INDUSTRIAL,,brickyard,,,industrial,,
way_1272505672,25.842884,84.8078931,INDUSTRIAL,,brickyard,,,industrial,,
way_1272505673,25.8410372,84.8073452,INDUSTRIAL,,brickyard,,,industrial,,
way_1272505674,25.8439322,84.7982506,INDUSTRIAL,,brickyard,,,industrial,,
way_1272505759,25.78972,84.7806385,INDUSTRIAL,,brickyard,,,industrial,,
way_1272505760,25.7937139,84.7829841,INDUSTRIAL,,brickyard,,,industrial,,
way_1272505761,25.8075979,84.7974452,INDUSTRIAL,,brickyard,,,industrial,,
way_1272505762,25.8132964,84.8007524,INDUSTRIAL,,brickyard,,,industrial,,
way_1272505763,25.8134087,84.8102574,INDUSTRIAL,,brickyard,,,industrial,,
way_1272505765,25.8191565,84.823523,INDUSTRIAL,,brickyard,,,industrial,,
way_1272505766,25.8298417,84.834113,INDUSTRIAL,,brickyard,,,industrial,,
way_1272505767,25.8306324,84.8357096,INDUSTRIAL,,brickyard,,,industrial,,
way_1272505789,25.7647693,84.8231904,INDUSTRIAL,,brickyard,,,industrial,,
way_1272505791,25.7706655,84.8176048,INDUSTRIAL,,brickyard,,,industrial,,
way_1272505792,25.7738394,84.8157178,INDUSTRIAL,,brickyard,,,industrial,,
way_1272505793,25.7801156,84.809208,INDUSTRIAL,,brickyard,,,industrial,,
way_1272505794,25.7812894,84.8088366,INDUSTRIAL,,brickyard,,,industrial,,
way_1272505795,25.7842432,84.7860633,INDUSTRIAL,,brickyard,,,industrial,,
way_1272505796,25.7844135,84.7877812,INDUSTRIAL,,brickyard,,,industrial,,
way_1272505797,25.7818678,84.7940603,INDUSTRIAL,,brickyard,,,industrial,,
way_1272505798,25.7831153,84.7958198,INDUSTRIAL,,brickyard,,,industrial,,
way_1272505799,25.785609,84.8018488,INDUSTRIAL,,brickyard,,,industrial,,
way_1272505801,25.786616,84.8493493,INDUSTRIAL,,brickyard,,,industrial,,
way_1272505802,25.7937392,84.8477534,INDUSTRIAL,,brickyard,,,industrial,,
way_1272505803,25.8088457,84.8563245,INDUSTRIAL,,brickyard,,,industrial,,
way_1272505804,25.8114535,84.8653125,INDUSTRIAL,,brickyard,,,industrial,,
way_1272505811,25.8199973,84.8471519,INDUSTRIAL,,brickyard,,,industrial,,
way_1272508714,25.807744,84.6831026,INDUSTRIAL,,brickyard,,,industrial,,
way_1272508715,25.8057784,84.6845806,INDUSTRIAL,,brickyard,,,industrial,,
way_1272508716,25.8041389,84.6849198,INDUSTRIAL,,brickyard,,,industrial,,
way_1272556213,25.7470789,84.9593474,INDUSTRIAL,,brickyard,,,industrial,,
way_1272556242,25.7371103,84.8824471,INDUSTRIAL,,brickyard,,,industrial,,
way_1273194178,28.9106423,77.6390603,INDUSTRIAL,,,plant,solar,,,
way_1273266450,27.4768658,83.3592302,INDUSTRIAL,,,,,industrial,,
way_1273388986,29.0471518,78.7747488,INDUSTRIAL,,,,,industrial,,
way_1273775236,28.076805,81.675114,INDUSTRIAL,,,,,industrial,,
way_1273779360,28.0441796,81.6686857,INDUSTRIAL,,,,,industrial,,
way_1273849307,28.0736693,81.6754923,INDUSTRIAL,,,,,industrial,,
way_1273864057,28.1019695,81.6413343,INDUSTRIAL,,,,,industrial,,
way_1273864065,28.1075965,81.6424078,INDUSTRIAL,,,,,industrial,,
way_1274052907,28.1212081,81.6712815,INDUSTRIAL,,,,,,works,
way_1274224430,28.1289746,81.6420016,INDUSTRIAL,,,,,industrial,,
way_1274224434,28.1067415,81.6429825,INDUSTRIAL,,,,,industrial,,
way_1274612022,27.4929523,83.4643454,INDUSTRIAL,,,,,industrial,,
way_1274834552,28.5283804,81.0599505,INDUSTRIAL,,brickyard,,,industrial,,
way_1275970337,28.9956005,78.8003061,INDUSTRIAL,,,,,industrial,,
way_1275970340,28.9982134,78.7998093,INDUSTRIAL,,,,,industrial,,
way_1275970341,28.999204,78.7991608,INDUSTRIAL,,,,,industrial,,
way_1275970347,28.9971946,78.8002526,INDUSTRIAL,,,,,industrial,,
way_1276137348,28.9939712,78.8078861,INDUSTRIAL,,,,,industrial,,
way_1276137357,28.986771,78.8136261,INDUSTRIAL,,,,,industrial,,
way_1276291986,29.0383993,78.8265918,INDUSTRIAL,,,,,industrial,,
way_1277859503,28.9970233,78.7661563,INDUSTRIAL,,,,,industrial,,
way_1277859505,28.9996297,78.7651907,INDUSTRIAL,,,,,industrial,,
way_1277859506,28.9995394,78.7676462,INDUSTRIAL,,,,,industrial,,
way_1277859513,29.0049067,78.7640065,INDUSTRIAL,,,,,industrial,,
way_1277859516,29.0053536,78.7701072,INDUSTRIAL,,,,,industrial,,
way_1277859528,29.0073892,78.7699724,INDUSTRIAL,,,,,industrial,,
way_1277859652,29.0424755,78.7626721,INDUSTRIAL,,,,,industrial,,
way_1278051629,29.0015797,78.7566197,INDUSTRIAL,,,,,industrial,,
way_1278051645,29.0037208,78.7578186,INDUSTRIAL,,,,,industrial,,
way_1278051649,29.0100123,78.7570978,INDUSTRIAL,,,,,industrial,,
way_1278051659,29.0087596,78.7630342,INDUSTRIAL,,,,,industrial,,
way_1278076269,28.991855,78.761862,INDUSTRIAL,,,,,industrial,,
way_1278076275,29.0004889,78.759664,INDUSTRIAL,,,,,industrial,,
way_1278076278,28.9992262,78.7589666,INDUSTRIAL,,,,,industrial,,
way_1278076282,29.0019311,78.7597539,INDUSTRIAL,,,,,industrial,,
way_1278076283,29.0012554,78.7586977,INDUSTRIAL,,,,,industrial,,
way_1278224055,28.9912967,78.7570113,INDUSTRIAL,,,,,industrial,,
way_1278224056,28.9936767,78.7571273,INDUSTRIAL,,,,,industrial,,
way_1278224057,28.9906808,78.7655018,INDUSTRIAL,,,,,industrial,,
way_1278540271,28.987964,78.7881276,INDUSTRIAL,,,,,industrial,,
way_1278540272,28.9888836,78.7889202,INDUSTRIAL,,,,,industrial,,
way_1278540273,28.9901905,78.7869562,INDUSTRIAL,,,,,industrial,,
way_1278540274,28.9904521,78.7880378,INDUSTRIAL,,,,,industrial,,
way_1278540277,28.9896908,78.7837529,INDUSTRIAL,,,,,industrial,,
way_1278724529,28.9943266,78.7862178,INDUSTRIAL,,,,,industrial,,
way_1278724542,28.9927841,78.7849813,INDUSTRIAL,,,,,industrial,,
way_1278950037,28.5748187,81.106735,INDUSTRIAL,,brickyard,,,industrial,,
way_1279006344,29.0237477,78.7901352,INDUSTRIAL,,,,,industrial,,
way_1279006351,29.0228376,78.7936328,INDUSTRIAL,,,,,industrial,,
way_1279006352,29.0217488,78.7910224,INDUSTRIAL,,,,,industrial,,
way_1279006353,29.0220297,78.7896719,INDUSTRIAL,,,,,industrial,,
way_1279006368,29.0186487,78.7913938,INDUSTRIAL,,,,,industrial,,
way_1279006372,29.0195681,78.7859965,INDUSTRIAL,,,,,industrial,,
way_1279006373,29.0200583,78.786529,INDUSTRIAL,,,,,industrial,,
way_1279006374,29.0209648,78.7884856,INDUSTRIAL,,,,,industrial,,
way_1279006375,29.0214668,78.7884682,INDUSTRIAL,,,,,industrial,,
way_1279006385,29.0221587,78.7826405,INDUSTRIAL,,,,,industrial,,
way_1279006386,29.0203738,78.7819478,INDUSTRIAL,,,,,industrial,,
way_1279006394,29.0191049,78.7836617,INDUSTRIAL,,,,,industrial,,
way_1279152158,27.6153918,83.6864488,INDUSTRIAL,,,,,,works,
way_1279569283,28.568574,81.1068476,INDUSTRIAL,,brickyard,,,industrial,,
way_1280481982,28.9987171,78.7628585,INDUSTRIAL,,,,,industrial,,
way_1283827923,25.3419996,81.9003682,INDUSTRIAL,Kanishka Services,,,,industrial,,
way_1286855146,28.5081041,77.2808428,INDUSTRIAL,,,,,industrial,,
way_1286855149,28.5077968,77.2803604,INDUSTRIAL,,,plant,waste,,,
way_1287059107,27.5795559,83.5413085,INDUSTRIAL,,,,,industrial,,
way_1297324907,28.5954737,77.2592608,INDUSTRIAL,,,plant,solar,,,
way_1300404698,24.817447,81.4494993,INDUSTRIAL,Madhya Pradesh Warehousing And Logistics Corporation (MPWLC),warehouse,,,industrial,,
way_1302307382,30.579796,79.5722392,INDUSTRIAL,,,,,industrial,,
way_1304050002,28.7248618,77.071364,INDUSTRIAL,,,plant,solar,,,
way_1304086012,28.6113176,77.2765497,INDUSTRIAL,,,plant,solar,,,
way_1304242420,28.7212426,77.1383618,INDUSTRIAL,,,plant,solar,,,
way_1304242421,28.7215101,77.13896,INDUSTRIAL,,,plant,solar,,,
way_1304242422,28.7222389,77.1382553,INDUSTRIAL,,,plant,solar,,,
way_1304242423,28.722765,77.1379126,INDUSTRIAL,,,plant,solar,,,
way_1304242424,28.7232614,77.1375934,INDUSTRIAL,,,plant,solar,,,
way_1304242425,28.7237953,77.1372635,INDUSTRIAL,,,plant,solar,,,
way_1304242426,28.7243197,77.1369524,INDUSTRIAL,,,plant,solar,,,
way_1304242427,28.7251077,77.1364803,INDUSTRIAL,,,plant,solar,,,
way_1304242428,28.7256229,77.136145,INDUSTRIAL,,,plant,solar,,,
way_1304242429,28.7261239,77.1358178,INDUSTRIAL,,,plant,solar,,,
way_1304242430,28.7266696,77.135504,INDUSTRIAL,,,plant,solar,,,
way_1304242431,28.7271424,77.1352063,INDUSTRIAL,,,plant,solar,,,
way_1304255792,24.6778718,74.7971462,INDUSTRIAL,,,,,,works,
way_1304461021,25.9401488,83.5688504,INDUSTRIAL,,,,,industrial,,
way_1307810828,27.9726362,77.8197227,INDUSTRIAL,,,,,industrial,,
way_1307810846,27.9962452,77.8113167,INDUSTRIAL,,,,,industrial,,
way_1307925339,27.9832719,77.7840212,INDUSTRIAL,Feed Pro Hatchery Ruppur Aligarh,,,,industrial,,
way_1308444299,27.9948691,77.7715784,INDUSTRIAL,,,,,industrial,,
way_1308631302,27.9623905,77.750098,INDUSTRIAL,,,,,industrial,,
way_1308871429,27.9746355,77.803954,INDUSTRIAL,,,,,industrial,,
way_1311210865,28.0952729,77.6339409,INDUSTRIAL,,,,,industrial,,
way_1311664250,28.3680966,76.8223899,INDUSTRIAL,,,,,industrial,,
way_1311795179,28.2269647,78.273584,INDUSTRIAL,,,,,industrial,,
way_1311795191,28.2388707,78.2891187,INDUSTRIAL,,,,,industrial,,
way_1311832513,28.250477,78.2953576,INDUSTRIAL,,,,,industrial,,
way_1311832529,28.2346385,78.2640038,INDUSTRIAL,,,,,industrial,,
way_1311960677,28.2739646,78.2408765,INDUSTRIAL,,,,,industrial,,
way_1312034099,28.2531752,78.2336385,INDUSTRIAL,,,,,industrial,,
way_1312093122,28.3764005,78.1246523,INDUSTRIAL,,,,,industrial,,
way_1312183207,28.2445319,78.2209826,INDUSTRIAL,,,,,industrial,,
way_1312298828,28.2535035,78.2231015,INDUSTRIAL,,,,,industrial,,
way_1312431845,28.29163,78.2918371,INDUSTRIAL,,,,,industrial,,
way_1312431848,28.2815517,78.2968461,INDUSTRIAL,,,,,industrial,,
way_1312431850,28.2772161,78.3016178,INDUSTRIAL,,,,,industrial,,
way_1312431857,28.2590953,78.2894165,INDUSTRIAL,,,,,industrial,,
way_1313084491,27.4587135,79.1987939,INDUSTRIAL,,,,,industrial,,
way_1313836784,27.4264687,79.2175185,INDUSTRIAL,,,,,industrial,,
way_1315074879,27.0105764,74.982765,INDUSTRIAL,,,,,industrial,,
way_1315074884,27.0241701,74.994902,INDUSTRIAL,,,,,industrial,,
way_1315461641,30.5200719,76.6586439,INDUSTRIAL,,,,,industrial,,
way_1315893277,25.4084024,75.6393946,INDUSTRIAL,,,,,industrial,,
way_1315957843,27.8661786,79.3412574,INDUSTRIAL,,,,,industrial,,
way_1315957845,27.8688693,79.3370886,INDUSTRIAL,,,,,industrial,,
way_1316151467,27.8830577,79.299767,INDUSTRIAL,,,,,industrial,,
way_1316151469,27.8818889,79.3027041,INDUSTRIAL,,,,,industrial,,
way_1316217199,27.8772787,79.3233235,INDUSTRIAL,,,,,industrial,,
way_1316717312,27.8205018,79.3444828,INDUSTRIAL,,,,,industrial,,
way_1318605608,28.7327216,77.1921918,INDUSTRIAL,Burari Bus Depot 1,bus_depot,,,industrial,,Delhi Transport Corporation
way_1318750311,29.3416866,76.9817178,INDUSTRIAL,Panipat Bus Depot,bus_depot,,,industrial,,Haryana Roadways
way_1318751060,27.9552347,77.3523181,INDUSTRIAL,JBM Electric Vehicles Private Limited,,,,industrial,,
way_1319050609,30.5606303,77.0494451,INDUSTRIAL,,,,,industrial,,
way_1319050659,30.5699623,76.8854752,INDUSTRIAL,,,,,industrial,,
way_1319691673,30.6056211,76.9909859,INDUSTRIAL,,,,,industrial,,
way_1319772336,30.517176,76.8080564,INDUSTRIAL,Container Corporation of India (CONCOR),,,,industrial,container_terminal,
way_1320710185,31.350283,84.666532,INDUSTRIAL,,,plant,solar,,,
way_1320762260,31.4113183,84.5940702,INDUSTRIAL,,,plant,solar,,,
way_1320762264,31.4123462,84.6027296,INDUSTRIAL,,,plant,solar,,,
way_1321113248,31.1276809,84.5806793,INDUSTRIAL,,,plant,solar,,,
way_1321600368,31.1946141,83.832947,INDUSTRIAL,,,plant,solar,,,
way_1321600369,31.1946167,83.8331235,INDUSTRIAL,,,plant,solar,,,
way_1321600370,31.1947009,83.8330927,INDUSTRIAL,,,plant,solar,,,
way_1321619072,31.2081148,83.826679,INDUSTRIAL,,,plant,solar,,,
way_1321900149,31.210925,83.8302498,INDUSTRIAL,,,plant,solar,,,
way_1321900150,31.2110086,83.8302125,INDUSTRIAL,,,plant,solar,,,
way_1324693897,30.5671792,77.9957969,INDUSTRIAL,,,plant,solar,,,
way_1324693898,30.567642,77.9964368,INDUSTRIAL,,,,,industrial,,
way_1324696248,30.5882785,78.0074033,INDUSTRIAL,,,,,industrial,,
way_1328485100,25.3161222,83.1495681,INDUSTRIAL,Brick yards,,,,industrial,,
way_1328485101,25.3167375,83.1455251,INDUSTRIAL,Brick yards,,,,industrial,,
way_1331479321,30.1482895,78.6702636,INDUSTRIAL,,,,,industrial,,
way_1331479322,30.1493053,78.674494,INDUSTRIAL,,,,,industrial,,
way_1335026374,30.1169266,75.4364263,INDUSTRIAL,,,plant,hydro,,,
way_1337119285,28.9227051,77.6656483,INDUSTRIAL,,,,,industrial,,
way_1339456799,28.2232786,77.5948504,INDUSTRIAL,,,,,industrial,,
way_1339456800,28.2197406,77.5949268,INDUSTRIAL,,,,,industrial,,
way_1339460198,28.7465871,77.3565341,INDUSTRIAL,,,,,industrial,kiln,
way_1339460199,28.748436,77.3535011,INDUSTRIAL,,,,,industrial,kiln,
way_1339494819,25.0192636,83.6000382,INDUSTRIAL,Brick yard,,,,industrial,,
way_1339798134,25.021448,83.5961565,INDUSTRIAL,Brick yard,,,,industrial,,
way_1340099730,25.2588202,83.2889143,INDUSTRIAL,,,,,industrial,,
way_1341276430,25.3085345,83.0640849,INDUSTRIAL,,,,,industrial,,
way_1341288385,25.3096612,83.1033081,INDUSTRIAL,Brick yards,,,,industrial,,
way_1341316771,25.3130507,83.135797,INDUSTRIAL,Brick yards,,,,industrial,,
way_1341316772,25.3103358,83.1321777,INDUSTRIAL,Brick yards,,,,industrial,,
way_1341316773,25.3159335,83.1324166,INDUSTRIAL,Brick yards,,,,industrial,,
way_1341316774,25.3174895,83.1318582,INDUSTRIAL,Brick yards,,,,industrial,,
way_1341316777,25.3087174,83.1300775,INDUSTRIAL,Brick yards,,,,industrial,,
way_1341316781,25.3105105,83.1425136,INDUSTRIAL,Brick yards,,,,industrial,,
way_1341512577,25.3144227,83.1173016,INDUSTRIAL,Brick yards,,,,industrial,,
way_1342572139,25.3765968,83.1860133,INDUSTRIAL,Brick yards,,,,industrial,,
way_1342572145,25.3985507,83.2000248,INDUSTRIAL,Brick yards,,,,industrial,,
way_1344895228,25.3092244,83.1540952,INDUSTRIAL,Brick yards,,,,industrial,,
way_1344895230,25.299407,83.1574517,INDUSTRIAL,Brick yards,,,,industrial,,
way_1344895245,25.30187,83.1447567,INDUSTRIAL,Brick yards,,,,industrial,,
way_1344895247,25.3073181,83.1448814,INDUSTRIAL,Brick yards,,,,industrial,,
way_1344895248,25.3047709,83.1472806,INDUSTRIAL,Brick yards,,,,industrial,,
way_1348383393,25.309912,83.1469581,INDUSTRIAL,Brick yards,,,,industrial,,
way_1348972588,25.5721483,83.5443676,INDUSTRIAL,Brick yards,,,,industrial,,
way_1348980162,25.5663109,83.536952,INDUSTRIAL,Brick yards,,,,industrial,,
way_1348995038,25.5695335,83.5362563,INDUSTRIAL,Brick yards,,,,industrial,,
way_1348995039,25.5715622,83.5367954,INDUSTRIAL,Brick yards,,,,industrial,,
way_1349186565,25.5344544,83.4912916,INDUSTRIAL,Brick yards,,,,industrial,,
way_1349186589,25.5324672,83.5141151,INDUSTRIAL,Brick yards,,,,industrial,,
way_1349186884,25.5690328,83.5350725,INDUSTRIAL,Brick yards,,,,industrial,,
way_1349776603,25.4106655,78.4799928,INDUSTRIAL,Badanpur,,plant,solar,,,
way_1349785071,28.2026412,79.8363992,INDUSTRIAL,,,plant,solar,,,
way_1351181315,25.5143444,83.4684444,INDUSTRIAL,Brick yards,,,,industrial,,
way_1351181316,25.514922,83.4653774,INDUSTRIAL,Brick yards,,,,industrial,,
way_1351838025,25.5385478,83.2349232,INDUSTRIAL,,,,,industrial,,
way_1351838029,25.529187,83.2391287,INDUSTRIAL,Brick yards,,,,industrial,,
way_1352770487,28.8321576,76.9291648,INDUSTRIAL,Maruti Suzuki Manufacturing Plant Kharkhoda,,,,,works,Maruti Suzuki
way_1353096687,28.6048043,77.1260395,INDUSTRIAL,Area Depot,warehouse,,,industrial,,
way_1355376202,25.5737823,83.5337166,INDUSTRIAL,Brick yards,,,,industrial,,
way_1355376206,25.5748766,83.5248644,INDUSTRIAL,Brick yards,,,,industrial,,
way_1357179493,25.1848532,82.9891155,INDUSTRIAL,Brick yards,,,,industrial,,
way_1357179494,25.1824431,82.9882923,INDUSTRIAL,Brick yards,,,,industrial,,
way_1359070906,25.3922399,83.0489017,INDUSTRIAL,Brick yards,,,,industrial,,
way_1359070907,25.3928089,83.0506051,INDUSTRIAL,Brick yards,,,,industrial,,
way_1359070909,25.3892345,83.0498371,INDUSTRIAL,Brick yards,,,,industrial,,
way_1359070910,25.387195,83.0511602,INDUSTRIAL,Brick yards,,,,industrial,,
way_1359070911,25.3862316,83.0494278,INDUSTRIAL,Brick yards,,,,industrial,,
way_1359634543,25.5296706,83.1391512,INDUSTRIAL,Brick yards,,,,industrial,,
way_1360303504,27.9686858,77.6262669,INDUSTRIAL,,brickyard,,,industrial,,Mr.  Narendra Singh
way_1360305031,27.9707016,77.6277973,INDUSTRIAL,Bhatta 2,brewery,,,industrial,,Mr. Laur
way_1360315525,24.7609335,84.3675042,INDUSTRIAL,South Bihar Power Distribution Company Ltd.,,plant,,industrial,,
way_1360369346,28.338382,76.878152,INDUSTRIAL,,,,,industrial,,
way_1360369347,28.3376914,76.8790575,INDUSTRIAL,,,,,industrial,,
way_1360555822,28.603959,77.3644635,INDUSTRIAL,,,,,,works,
way_1360610956,25.3740739,83.0695474,INDUSTRIAL,Brick yards,,,,industrial,,
way_1360612601,25.3765315,83.1141761,INDUSTRIAL,Brick yards,,,,industrial,,
way_1360621847,26.7987195,83.3546957,INDUSTRIAL,Madhu Enterprises,,,,,works,
way_1360664769,25.3956733,83.133517,INDUSTRIAL,Brick yards,,,,industrial,,
way_1360667872,29.6779539,75.5772819,INDUSTRIAL,small gaushala,slaughterhouse,,,industrial,,
way_1360684891,30.3937988,79.3136088,INDUSTRIAL,"PTCUL KOTHIYALSAIN ,CHAMOLI",,plant,,industrial,,
way_1360687873,28.7975622,76.1632233,INDUSTRIAL,,,,,,works,
way_1360902088,28.7477132,77.0543636,INDUSTRIAL,Rohini Sector 37 Bus Depot 2,bus_depot,,,industrial,,Delhi Transport Corporation
way_1360904231,28.7342079,77.1930943,INDUSTRIAL,Burari Bus Depot 2,bus_depot,,,industrial,,Delhi Transport Corporation
way_1360907369,28.560339,77.0887209,INDUSTRIAL,Delhi Airport Bus Depot,bus_depot,,,industrial,,
way_1360907370,28.5610954,77.0853139,INDUSTRIAL,Delhi Airport Bus Depot,bus_depot,,,industrial,,
way_1360907371,28.5640436,77.086373,INDUSTRIAL,Delhi Airport Bus Depot,bus_depot,,,industrial,,
way_1360909049,26.7638357,80.8855919,INDUSTRIAL,Lucknow Airport Bus Depot,bus_depot,,,industrial,,
way_1361155540,25.3018865,82.9975427,INDUSTRIAL,,,,,industrial,,
way_1361168203,25.2990348,82.9966349,INDUSTRIAL,,,plant,solar,,,
way_1361168204,25.2995184,82.9959855,INDUSTRIAL,,,plant,solar,,,
way_1361611037,25.5053208,78.7460139,INDUSTRIAL,Ash Sedimentation Area,,,,industrial,,
way_1361612882,25.457093,78.5644866,INDUSTRIAL,Guru Nanak Trolley Center,,,,industrial,,
way_1362868968,30.0872409,78.2865242,INDUSTRIAL,Lime factory,factory,,,industrial,,
way_1363055892,30.3744947,75.8672112,INDUSTRIAL,Dhuri Sugar Mill,,,,industrial,,
way_1363346042,25.3387441,82.987373,INDUSTRIAL,,,plant,solar,,,
way_1364273191,25.2800402,82.6848489,INDUSTRIAL,Brick yards,,,,industrial,,
way_1364436963,28.8319041,76.9352887,INDUSTRIAL,IMT Kharkhoda,,,,industrial,,
way_1365512492,28.4969802,77.0679829,INDUSTRIAL,,,,,industrial,,
way_1366742092,30.2604454,76.8550317,INDUSTRIAL,NueGo Depot,bus_depot,,,industrial,,
way_1368794658,30.2686357,74.9287038,INDUSTRIAL,,,,,industrial,,
way_1368794659,30.2623708,74.9249837,INDUSTRIAL,,,,,industrial,,
way_1369003904,28.5112686,77.5162802,INDUSTRIAL,Anchor Container Services Pvt Ltd,,,,industrial,,
way_1369008085,28.5357434,77.531626,INDUSTRIAL,AB Sea Container Private Limited,,,,industrial,,
way_1369024507,28.5242273,77.5225043,INDUSTRIAL,Denso India Pvt Ltd,,,,industrial,,
way_1369120788,29.6849606,80.6498488,INDUSTRIAL,Chameliya HEP,,plant,hydro,,,
way_1369162421,29.6614159,80.8568725,INDUSTRIAL,Upper Sanigad Hydroelectric Project,,plant,hydro,,,
way_1369171556,29.5486985,80.8589458,INDUSTRIAL,Kalanga Gad HEP,,plant,hydro,,,
way_1369180982,25.4213182,82.8737036,INDUSTRIAL,,,plant,solar,,,
way_1369181021,25.4190329,82.8769915,INDUSTRIAL,,,plant,solar,,,
way_1369382765,28.5071271,83.6598345,INDUSTRIAL,Mistri Khola Powerhouse,,plant,hydro,,,
way_1369389229,28.3080127,83.7736568,INDUSTRIAL,,,plant,hydro,,,
way_1369389230,28.2690937,83.7358537,INDUSTRIAL,,,plant,hydro,,,
way_1369391310,27.554975,83.6925682,INDUSTRIAL,Saurya,,plant,solar,,,
way_1369391311,27.554057,83.6879361,INDUSTRIAL,,,plant,solar,,,
way_1369394008,28.2259799,84.4504908,INDUSTRIAL,,,plant,hydro,,,
way_1369394443,28.188636,84.420104,INDUSTRIAL,Middle Marsyandgi HEP,,plant,hydro,,,
way_1369563743,27.6326306,83.4522503,INDUSTRIAL,Butwal Solar Power Project,,plant,solar,,,
way_1369675110,25.3905421,83.1401068,INDUSTRIAL,Brick yards,,,,industrial,,
way_1369675114,25.3936614,83.1439573,INDUSTRIAL,Brick yards,,,,industrial,,
way_1369675115,25.3946093,83.1433787,INDUSTRIAL,Brick yards,,,,industrial,,
way_1369675116,25.3949601,83.1414037,INDUSTRIAL,Brick yards,,,,industrial,,
way_1369675119,25.3963222,83.1458218,INDUSTRIAL,Brick yards,,,,industrial,,
way_1369683726,28.2516619,84.4739051,INDUSTRIAL,Upper Dordi A,,plant,hydro,,,
way_1370848645,27.4266234,83.79297,INDUSTRIAL,Gandak HEP,,plant,hydro,,,
way_1371197839,25.6823746,84.7871321,INDUSTRIAL,Brick yards,,,,industrial,,
way_1371197851,25.6911775,84.7901066,INDUSTRIAL,Brick yards,,,,industrial,,
way_1371666424,28.1469137,81.6650212,INDUSTRIAL,Sikhar Ply,,,,,works,
way_1371666596,28.1344573,81.6682018,INDUSTRIAL,Dugar Group,,,,,works,
way_1372376642,25.3296753,82.9287481,INDUSTRIAL,Brick yards,,,,industrial,,
way_1373996642,27.7033947,84.4122083,INDUSTRIAL,Bhrikuti paper Factory,,,,,works,
way_1374441766,28.1603188,84.0570063,INDUSTRIAL,Yarsa Tech Pvt Ltd,,,,,works,
way_1374493107,25.0117136,75.2287396,INDUSTRIAL,,,,solar,industrial,,
way_1374493108,25.0014606,75.1936269,INDUSTRIAL,,,,solar,industrial,,
way_1374687011,24.3261916,79.968785,INDUSTRIAL,,,,,industrial,,
way_1375191884,25.4209228,81.8688317,INDUSTRIAL,Prayagraj RNG Private Limited,,plant,biogas,industrial,,
way_1375582288,25.2819399,83.2290297,INDUSTRIAL,Brick yards,,,,industrial,,
way_1375582296,25.2777085,83.2176937,INDUSTRIAL,Brick yards,,,,industrial,,
way_1377017662,27.5982803,79.137905,INDUSTRIAL,,,,,industrial,,
way_1377017663,27.5977901,79.1395549,INDUSTRIAL,,,,,industrial,,
way_1377017664,27.6011037,79.1375761,INDUSTRIAL,,,,,industrial,,
way_1377214416,30.5217124,75.894992,INDUSTRIAL,Acme Creations,factory,,,industrial,,
way_1380170722,27.5331936,83.409489,INDUSTRIAL,अर्घाखाँची सिमेन्ट उद्योग,factory,,,industrial,,
way_1385458005,27.4142381,83.8132774,INDUSTRIAL,Nawalpara,,plant,solar,,,
way_1385458249,28.1613495,81.5830507,INDUSTRIAL,Banke,,plant,solar,,,
way_1388308854,25.2028125,78.4371967,INDUSTRIAL,,,plant,solar,,,
way_1388421017,24.0036407,77.6934967,INDUSTRIAL,,,plant,solar,,,
way_1390388238,25.4982936,81.5950954,INDUSTRIAL,,brickyard,,,industrial,,
way_1390629810,30.7860765,75.9073292,INDUSTRIAL,,,plant,hydro,,,
way_1390666011,30.829817,75.9403148,INDUSTRIAL,,,,,industrial,,
way_1390666012,30.8289477,75.9414898,INDUSTRIAL,,,,,industrial,,
way_1390666915,30.8969231,76.0087931,INDUSTRIAL,,,,,industrial,,
way_1390666916,30.8964469,76.0102201,INDUSTRIAL,,,,,industrial,,
way_1390666917,30.8956655,76.0102079,INDUSTRIAL,,,,,industrial,,
way_1390666918,30.8952904,76.0102119,INDUSTRIAL,,,,,industrial,,
way_1390666919,30.8953201,76.0097363,INDUSTRIAL,,,,,industrial,,
way_1390666920,30.8973976,76.0097689,INDUSTRIAL,,,,,industrial,,
way_1390669481,30.878125,76.0320256,INDUSTRIAL,,,,,industrial,,
way_1390669482,30.8764874,76.0330419,INDUSTRIAL,,,,,industrial,,
way_1390685931,30.7376783,75.8298295,INDUSTRIAL,,,,,industrial,,
way_1391102017,30.8832416,75.9498447,INDUSTRIAL,,,,,industrial,,
way_1395282848,28.4341512,76.8011864,INDUSTRIAL,Maersk,,,,industrial,,
way_1395948877,28.7245215,76.7333472,INDUSTRIAL,,,,,industrial,,
way_1408253859,28.6059769,77.3908414,INDUSTRIAL,,,,,industrial,,
way_1408733577,28.4621275,77.5003102,INDUSTRIAL,,,,,industrial,,
way_1409695443,28.4256663,77.0042882,INDUSTRIAL,Rico Auto Industries Ltd,,,,industrial,,
way_1413099301,28.6811808,77.3884645,INDUSTRIAL,Sunrise Industrial Area,,,,industrial,,
way_1415170718,28.0404548,78.7891361,INDUSTRIAL,,,plant,solar,,,
way_1415170719,28.0383257,78.7919209,INDUSTRIAL,,,plant,solar,,,
way_1415689909,27.5442005,79.1607332,INDUSTRIAL,,,,,industrial,,
way_1415693720,27.4896689,79.1598347,INDUSTRIAL,,,,,industrial,,
way_1415693746,27.5775553,79.1095715,INDUSTRIAL,,,,,industrial,,
way_1415706780,27.5195387,79.1171271,INDUSTRIAL,,,,,industrial,,
way_1420299077,28.6306173,77.1297881,INDUSTRIAL,Food Corporation of India Mayapuri Depot,warehouse,,,industrial,,
way_1420982676,30.6833831,75.0569303,INDUSTRIAL,SM,brickyard,,,industrial,,
way_1420983669,30.6840707,75.0544829,INDUSTRIAL,gadam,warehouse,,,industrial,,
way_1420995381,30.682746,75.0594723,INDUSTRIAL,,warehouse,,,industrial,,
way_1420995386,30.6827181,75.0576426,INDUSTRIAL,,,,,industrial,,
way_1421049188,30.6827247,75.0555163,INDUSTRIAL,,,,,industrial,,
way_1421110326,27.5905727,77.1308758,INDUSTRIAL,"Power House, Kaithwara",,plant,,industrial,,
way_1421530355,28.7037666,77.3556912,INDUSTRIAL,,,plant,solar,,,
way_1421557506,30.9896658,75.6964755,INDUSTRIAL,,,,,industrial,,
way_1421563479,30.9881908,75.6733892,INDUSTRIAL,,,,,industrial,,
way_1422149357,30.9809981,75.6693689,INDUSTRIAL,,,,,industrial,,
way_1422450005,27.4697642,83.10626,INDUSTRIAL,Bhardvaj Oil Udyog,factory,,,industrial,,
way_1422477310,24.6864202,84.9889749,INDUSTRIAL,Brick yards,,,,industrial,,
way_1422651080,30.9757749,75.6925242,INDUSTRIAL,,,,,industrial,,
way_1422677646,30.9643638,75.6764599,INDUSTRIAL,,warehouse,,,industrial,,
way_1422677648,30.9591808,75.672959,INDUSTRIAL,,brickyard,,,industrial,,
way_1422686420,30.9574352,75.6729845,INDUSTRIAL,,,,,industrial,,
way_1423830044,24.7997265,84.9721417,INDUSTRIAL,,,,,industrial,,
way_1424598797,28.541119,77.2782849,INDUSTRIAL,,,,,industrial,,
way_1424598799,28.541461,77.2780653,INDUSTRIAL,,,,,industrial,,
way_1424598804,28.5412855,77.2781744,INDUSTRIAL,,,,,industrial,,
way_1424598806,28.5418025,77.2778421,INDUSTRIAL,,,,,industrial,,
way_1424598808,28.541626,77.2779582,INDUSTRIAL,,,,,industrial,,
way_1424605645,28.5412337,77.2774618,INDUSTRIAL,Iki Chic Private Limited,,,,industrial,,
way_1424605646,28.5414422,77.2773363,INDUSTRIAL,,,,,industrial,,
way_1424605647,28.5403732,77.2779698,INDUSTRIAL,Delhivery,warehouse,,,industrial,,
way_1424605648,28.5413424,77.2773973,INDUSTRIAL,,,,,industrial,,
way_1424605649,28.540859,77.2777034,INDUSTRIAL,,,,,industrial,,
way_1424605653,28.5410216,77.277598,INDUSTRIAL,,,,,industrial,,
way_1424605656,28.541543,77.2772724,INDUSTRIAL,,,,,industrial,,
way_1424605658,28.5411289,77.2775299,INDUSTRIAL,,,,,industrial,,
way_1425911829,30.4145745,76.8820465,INDUSTRIAL,,,,,industrial,,
way_1426841892,24.879722,84.867561,INDUSTRIAL,Brick yards,,,,industrial,,
way_1426841893,24.8828263,84.8731818,INDUSTRIAL,Brick yards,,,,industrial,,
way_1426841894,24.8806207,84.8723601,INDUSTRIAL,Brick yards,,,,industrial,,
way_1427032666,28.2236264,77.6005453,INDUSTRIAL,,,,,industrial,,
way_1427034783,28.2573381,77.6092297,INDUSTRIAL,,,,,industrial,,
way_1427034784,28.2570925,77.612561,INDUSTRIAL,,,,,industrial,,
way_1427912946,28.5293765,77.2333002,INDUSTRIAL,,construction,,,industrial,,
way_1428261504,24.8884922,84.8742823,INDUSTRIAL,Brick yards,,,,industrial,,
way_1428264803,24.90665,84.8720737,INDUSTRIAL,Brick yards,,,,industrial,,
way_1428298595,24.7253403,84.8318693,INDUSTRIAL,Brick yards,,,,industrial,,
way_1428298599,24.7304519,84.8343942,INDUSTRIAL,Brick yards,,,,industrial,,
way_1428298600,24.7386529,84.836858,INDUSTRIAL,Brick yards,,,,industrial,,
way_1428522690,27.8212199,84.8417366,INDUSTRIAL,,,plant,hydro,,,
way_1428752615,25.0300815,84.3857929,INDUSTRIAL,Brick yards,,,,industrial,,
way_1430519310,24.8365998,84.9433459,INDUSTRIAL,Brick yards,,,,industrial,,
way_1430821666,23.5116686,84.6628832,INDUSTRIAL,Kisko Solar Mini Grid (Mlinda),,plant,solar,,,Azhar
way_1434851118,24.8787547,84.999396,INDUSTRIAL,Brick yards,,,,industrial,,
way_1434851120,24.8938833,84.9866406,INDUSTRIAL,Brick yards,,,,industrial,,
way_1434851121,24.8933169,84.9896611,INDUSTRIAL,Brick yards,,,,industrial,,
way_1434851122,24.8959238,84.9973481,INDUSTRIAL,Brick yards,,,,industrial,,
way_1436110483,29.9231685,74.728446,INDUSTRIAL,,,,,industrial,,
way_1436332165,29.791264,74.5287448,INDUSTRIAL,,,,,industrial,,
way_1446718599,31.4630767,77.8390304,INDUSTRIAL,,,plant,,industrial,,
way_1447993404,30.5670925,79.5456773,INDUSTRIAL,Vishnuprayag hydro power plant,,plant,hydro,,,Jaiprakash Power Ventures Limited
way_1448354768,27.6366488,82.8595224,INDUSTRIAL,,,,,industrial,,
way_1448391302,27.5715908,82.9141294,INDUSTRIAL,,,,,industrial,,
way_1448397964,27.6098136,82.9055518,INDUSTRIAL,,,,,industrial,,
way_1450211150,27.6140165,82.8844177,INDUSTRIAL,,,,,industrial,,
way_1451833159,30.1780866,78.1039531,INDUSTRIAL,Tata Communication,telecommunication,,,industrial,,
way_1453288289,28.499795,84.3608713,INDUSTRIAL,,,plant,hydro,,,
way_1453652970,29.2111002,77.6320927,INDUSTRIAL,,,plant,solar,,,
way_1453988449,31.1267749,75.3835435,INDUSTRIAL,,,,,industrial,,
way_1453997597,31.0836192,75.2293213,INDUSTRIAL,,,,,industrial,,
way_1454014336,31.0367846,75.358578,INDUSTRIAL,,,,,industrial,,
way_1454174590,27.6003655,82.9608301,INDUSTRIAL,,,,,industrial,,
way_1454187969,27.602462,82.9034482,INDUSTRIAL,,,,,industrial,,
way_1454487041,31.1305434,75.3417576,INDUSTRIAL,,,,,industrial,,
way_1454553626,31.1228931,75.448891,INDUSTRIAL,,,,,industrial,,
way_1454554469,31.143007,75.4883567,INDUSTRIAL,,,,,industrial,,
way_1454554988,31.1195209,75.5045339,INDUSTRIAL,,,,,industrial,,
way_1454663019,30.9588898,75.5467167,INDUSTRIAL,,,,,industrial,,
way_1454851167,27.5826978,82.8286439,INDUSTRIAL,,,,,industrial,,
way_1454937716,30.5244403,77.8854099,INDUSTRIAL,Hathiari Power Station,,plant,hydro,,,
way_1455212866,31.0630221,78.0975044,INDUSTRIAL,Naitwar Mori Hydro Power Station,,plant,hydro,,,SJVN
way_1455439860,26.8620967,80.9699394,INDUSTRIAL,,scrap_yard,,,industrial,,
way_1455517418,31.3224737,75.3564776,INDUSTRIAL,,,,,industrial,,
way_1455747152,31.0695689,75.334166,INDUSTRIAL,,,,,industrial,,
way_1455747153,31.0695915,75.3318105,INDUSTRIAL,,,,,industrial,,
way_1455747158,31.0695752,75.3310144,INDUSTRIAL,,,,,industrial,,
way_1455747159,31.0679216,75.3305927,INDUSTRIAL,,,,,industrial,,
way_1455813386,31.0613415,75.3307088,INDUSTRIAL,,,,,industrial,,
way_1455818871,31.059104,75.3349404,INDUSTRIAL,,,,,industrial,,
way_1455882832,31.4193925,75.4528016,INDUSTRIAL,,,,,industrial,,
way_1456052941,27.5591344,82.9651559,INDUSTRIAL,,,,,industrial,,
way_1456055017,27.5463491,82.9853294,INDUSTRIAL,,,,,industrial,,
way_1456160875,27.5638277,82.9563769,INDUSTRIAL,,,,,industrial,,
way_1456160885,27.5540698,82.9389399,INDUSTRIAL,,,,,industrial,,
way_1456160886,27.5520049,82.9381232,INDUSTRIAL,,,,,industrial,,
way_1456160887,27.552943,82.9380293,INDUSTRIAL,,,,,industrial,,
way_1456160888,27.5534513,82.9369651,INDUSTRIAL,,,,,industrial,,
way_1456163446,27.5718666,82.9592377,INDUSTRIAL,,,,,industrial,,
way_1456172382,27.5486916,82.960933,INDUSTRIAL,,,,,industrial,,
way_1456185719,27.612592,82.8571795,INDUSTRIAL,,,,,industrial,,
way_1456193765,27.6349837,82.8558851,INDUSTRIAL,,,,,industrial,,
way_1456326662,31.0866002,75.3997754,INDUSTRIAL,,,,,industrial,,
way_1456369057,31.1516571,75.3182491,INDUSTRIAL,,,,,industrial,,
way_1456422298,27.5494057,82.9156536,INDUSTRIAL,,,,,industrial,,
way_1456493887,27.5759347,82.9681365,INDUSTRIAL,,,,,industrial,,
way_1456545105,27.5625802,82.9355874,INDUSTRIAL,,,,,industrial,,
way_1456561896,31.0633393,75.5366068,INDUSTRIAL,,brickyard,,,industrial,,
way_1456569918,31.3088021,75.2958576,INDUSTRIAL,,,,,industrial,,
way_1456579881,31.333726,75.3458809,INDUSTRIAL,,,,,industrial,,
way_1456614883,27.5469383,82.9396655,INDUSTRIAL,,,,,industrial,,
way_1456620629,27.5512447,82.9446342,INDUSTRIAL,,,,,industrial,,
way_1456620819,27.5473051,82.9439456,INDUSTRIAL,,,,,industrial,,
way_1456965915,31.2520692,74.9884642,INDUSTRIAL,,,,,industrial,,
way_1456967992,27.6140062,83.1727749,INDUSTRIAL,,,,,,works,
way_1457167928,31.1217709,75.3826566,INDUSTRIAL,,,,,industrial,,
way_1457342521,31.1121496,75.214066,INDUSTRIAL,,brickyard,,,industrial,,
way_1457626837,31.0653113,75.4885576,INDUSTRIAL,,brickyard,,,industrial,,
way_1457880941,31.0651925,76.1671993,INDUSTRIAL,,brickyard,,,industrial,,
way_1457880942,31.0654211,76.1698564,INDUSTRIAL,,brickyard,,,industrial,,
way_1457880943,31.0661136,76.1728304,INDUSTRIAL,,brickyard,,,industrial,,
way_1458121683,31.0681867,76.1868867,INDUSTRIAL,,brickyard,,,industrial,,
way_1458123574,31.0752993,76.2069029,INDUSTRIAL,,brickyard,,,industrial,,
way_1458123578,31.0847606,76.1943591,INDUSTRIAL,,brickyard,,,industrial,,
way_1458132032,31.1106715,76.1439204,INDUSTRIAL,,brickyard,,,industrial,,
way_1458132046,31.1162485,76.1655049,INDUSTRIAL,,brickyard,,,industrial,,
way_1458139589,31.0523382,76.0685391,INDUSTRIAL,,brickyard,,,industrial,,
way_1458139590,31.04931,76.0731525,INDUSTRIAL,,brickyard,,,industrial,,
way_1458162703,31.0814519,76.0033443,INDUSTRIAL,,brickyard,,,industrial,,
way_1458166595,31.0667702,76.0139966,INDUSTRIAL,,brickyard,,,industrial,,
way_1458180363,31.1447668,76.1326787,INDUSTRIAL,,brickyard,,,industrial,,
way_1458253987,31.0667697,76.0208237,INDUSTRIAL,,brickyard,,,industrial,,
way_1458257028,31.0688613,76.0606284,INDUSTRIAL,,brickyard,,,industrial,,
way_1458257034,31.0993036,76.0594741,INDUSTRIAL,,brickyard,,,industrial,,
way_1458267275,31.0826273,76.1222381,INDUSTRIAL,,brickyard,,,industrial,,
way_1458379015,31.090838,76.3305092,INDUSTRIAL,,brickyard,,,industrial,,
way_1458379016,31.0865983,76.3260291,INDUSTRIAL,,brickyard,,,industrial,,
way_1458379017,31.0870248,76.325507,INDUSTRIAL,,brickyard,,,industrial,,
way_1458380757,31.0750446,76.3187504,INDUSTRIAL,,,,,industrial,,
way_1458380760,31.0774894,76.3177573,INDUSTRIAL,,brickyard,,,industrial,,
way_1458393198,31.0619463,76.2673193,INDUSTRIAL,,brickyard,,,industrial,,
way_1458487259,31.0719408,75.9555984,INDUSTRIAL,,,,,industrial,,
way_1458490681,31.1097977,75.8317576,INDUSTRIAL,,brickyard,,,industrial,,
way_1458492747,31.0905787,75.9553394,INDUSTRIAL,,brickyard,,,industrial,,
way_1458495181,31.1013929,75.9583711,INDUSTRIAL,,brickyard,,,industrial,,
way_1458519174,27.6414225,83.1590661,INDUSTRIAL,,,,,industrial,,
way_1458529831,31.1223664,76.0458831,INDUSTRIAL,,brickyard,,,industrial,,
way_1458560897,31.13305,75.9879901,INDUSTRIAL,,brickyard,,,industrial,,
way_1458566805,31.1496501,75.8282122,INDUSTRIAL,,brickyard,,,industrial,,
way_1458799581,31.0922677,76.0325839,INDUSTRIAL,,brickyard,,,industrial,,
way_1458827470,31.1463224,75.9118144,INDUSTRIAL,,brickyard,,,industrial,,
way_1459320039,27.6710835,83.4918085,INDUSTRIAL,,slaughterhouse,,,industrial,,
way_1459320040,27.6713742,83.4920626,INDUSTRIAL,,slaughterhouse,,,industrial,,
way_1459363910,31.1950867,76.0346273,INDUSTRIAL,,brickyard,,,industrial,,
way_1459363918,31.1816686,76.0592894,INDUSTRIAL,,brickyard,,,industrial,,
way_1459381041,31.2201719,75.9284908,INDUSTRIAL,,brickyard,,,industrial,,
way_1459383116,31.1034564,75.4740935,INDUSTRIAL,,brickyard,,,industrial,,
way_1459412240,31.0705228,76.1229853,INDUSTRIAL,,brickyard,,,industrial,,
way_1459412244,31.0685124,76.1281096,INDUSTRIAL,,brickyard,,,industrial,,
way_1459412794,31.0694606,76.1260174,INDUSTRIAL,,brickyard,,,industrial,,
way_1459414903,31.0755684,76.1583863,INDUSTRIAL,,brickyard,,,industrial,,
way_1459749328,28.898433,77.6449947,INDUSTRIAL,,,plant,solar,,,
way_1460528428,31.0468049,75.646904,INDUSTRIAL,,brickyard,,,industrial,,
way_1460528429,31.0472929,75.6440712,INDUSTRIAL,,brickyard,,,industrial,,
way_1460528430,31.047716,75.6451661,INDUSTRIAL,,brickyard,,,industrial,,
way_1460528431,31.0479411,75.6475691,INDUSTRIAL,,brickyard,,,industrial,,
way_1460880417,31.2001328,75.7278884,INDUSTRIAL,,brickyard,,,industrial,,
way_1460880418,31.1987807,75.7255853,INDUSTRIAL,,brickyard,,,industrial,,
way_1460880425,31.2044943,75.7242488,INDUSTRIAL,,brickyard,,,industrial,,
way_1460880426,31.2090376,75.7327038,INDUSTRIAL,,brickyard,,,industrial,,
way_1461588956,31.293502,75.7414778,INDUSTRIAL,,brickyard,,,industrial,,
way_1461588957,31.2913676,75.7411322,INDUSTRIAL,,brickyard,,,industrial,,
way_1461613637,31.2597773,75.830284,INDUSTRIAL,,brickyard,,,industrial,,
way_1461644680,31.2895825,75.9746969,INDUSTRIAL,,brickyard,,,industrial,,
way_1461644681,31.2925171,75.9761295,INDUSTRIAL,,brickyard,,,industrial,,
way_1461644682,31.292679,75.9781727,INDUSTRIAL,,brickyard,,,industrial,,
way_1461651505,31.31125,75.9889277,INDUSTRIAL,,brickyard,,,industrial,,
way_1461657068,31.0716116,75.9537317,INDUSTRIAL,,brickyard,,,industrial,,
way_1461672459,31.1858298,76.2329647,INDUSTRIAL,,brickyard,,,industrial,,
way_1461846189,31.298902,76.0881359,INDUSTRIAL,,brickyard,,,industrial,,
way_1461847927,31.2780824,76.0977357,INDUSTRIAL,,brickyard,,,industrial,,
way_1461849351,31.2812119,76.1288852,INDUSTRIAL,,brickyard,,,industrial,,
way_1461854179,27.5777469,83.100645,INDUSTRIAL,,brickyard,,,industrial,,
way_1461879964,27.5782479,83.0957003,INDUSTRIAL,,brickyard,,,industrial,,
way_1461932190,31.1404408,76.2897052,INDUSTRIAL,,brickyard,,,industrial,,
way_1461932191,31.1421589,76.2843184,INDUSTRIAL,,brickyard,,,industrial,,
way_1461932192,31.141866,76.2871373,INDUSTRIAL,,brickyard,,,industrial,,
way_1461932203,31.1398947,76.268967,INDUSTRIAL,,brickyard,,,industrial,,
way_1461932205,31.1399262,76.2670553,INDUSTRIAL,,brickyard,,,industrial,,
way_1461938718,31.1094077,76.2511453,INDUSTRIAL,,brickyard,,,industrial,,
way_1461940599,31.095134,76.2639056,INDUSTRIAL,,brickyard,,,industrial,,
way_1462041680,26.8670181,75.7550347,INDUSTRIAL,,,plant,solar,,,
way_1462041682,26.8910536,75.8157572,INDUSTRIAL,,,plant,solar,,,
way_1462041683,26.8354673,75.8304034,INDUSTRIAL,,,plant,solar,,,
way_1462041691,26.9434164,75.7970059,INDUSTRIAL,,,plant,solar,,,
way_1462041692,26.9942241,75.7858312,INDUSTRIAL,,,plant,solar,,,
way_1462041693,26.994487,75.7812003,INDUSTRIAL,,,plant,solar,,,
way_1462041694,26.9134482,75.7010043,INDUSTRIAL,,,plant,solar,,,
way_1462041696,26.9817931,75.7792014,INDUSTRIAL,,,plant,solar,,,
way_1462041697,26.9783343,75.7766345,INDUSTRIAL,,,plant,solar,,,
way_1462041698,26.9784168,75.7757615,INDUSTRIAL,,,plant,solar,,,
way_1462041699,26.9743293,75.7728044,INDUSTRIAL,,,plant,solar,,,
way_1462041700,26.9741953,75.7740462,INDUSTRIAL,,,plant,solar,,,
way_1462041701,26.9749149,75.7757816,INDUSTRIAL,,,plant,solar,,,
way_1462041702,26.9733899,75.7787454,INDUSTRIAL,,,plant,solar,,,
way_1462041703,26.9730241,75.7780722,INDUSTRIAL,,,plant,solar,,,
way_1462041704,26.9710722,75.7797485,INDUSTRIAL,,,plant,solar,,,
way_1462041705,26.9764328,75.7790297,INDUSTRIAL,,,plant,solar,,,
way_1462041706,26.9789952,75.7783149,INDUSTRIAL,,,plant,solar,,,
way_1462041707,26.9772144,75.7766533,INDUSTRIAL,,,plant,solar,,,
way_1462041708,26.9836036,75.7768906,INDUSTRIAL,,,plant,solar,,,
way_1462041709,26.9835881,75.7764119,INDUSTRIAL,,,plant,solar,,,
way_1462041710,26.9839251,75.7759774,INDUSTRIAL,,,plant,solar,,,
way_1462041711,26.9844606,75.7764428,INDUSTRIAL,,,plant,solar,,,
way_1462041712,26.9844104,75.7759733,INDUSTRIAL,,,plant,solar,,,
way_1462041713,26.9852134,75.7746443,INDUSTRIAL,,,plant,solar,,,
way_1462041714,26.9853401,75.7747301,INDUSTRIAL,,,plant,solar,,,
way_1462041715,26.9861038,75.7745317,INDUSTRIAL,,,plant,solar,,,
way_1462041716,26.9855636,75.7742822,INDUSTRIAL,,,plant,solar,,,
way_1462041717,26.984249,75.7755174,INDUSTRIAL,,,plant,solar,,,
way_1462041718,26.9858325,75.7776551,INDUSTRIAL,,,plant,solar,,,
way_1462041719,26.9812827,75.7857862,INDUSTRIAL,,,plant,solar,,,
way_1462041720,26.9804988,75.783957,INDUSTRIAL,,,plant,solar,,,
way_1462041721,26.981952,75.7837772,INDUSTRIAL,,,plant,solar,,,
way_1462041722,26.9905494,75.777867,INDUSTRIAL,,,plant,solar,,,
way_1462041723,26.9945611,75.7771294,INDUSTRIAL,,,plant,solar,,,
way_1462041724,26.9949996,75.7913357,INDUSTRIAL,,,plant,solar,,,
way_1462041725,26.9954274,75.7910326,INDUSTRIAL,,,plant,solar,,,
way_1462041726,26.9928272,75.7845765,INDUSTRIAL,,,plant,solar,,,
way_1462041727,26.9852398,75.7777114,INDUSTRIAL,,,plant,solar,,,
way_1462041728,26.9861982,75.7767633,INDUSTRIAL,,,plant,solar,,,
way_1462041729,26.9880195,75.7745733,INDUSTRIAL,,,plant,solar,,,
way_1462041730,26.9875247,75.7741897,INDUSTRIAL,,,plant,solar,,,
way_1462041731,26.9789259,75.7820526,INDUSTRIAL,,,plant,solar,,,
way_1462041732,26.9898969,75.7812292,INDUSTRIAL,,,plant,solar,,,
way_1462041733,26.9912378,75.7862341,INDUSTRIAL,,,plant,solar,,,
way_1462041734,26.9947893,75.7835224,INDUSTRIAL,,,plant,solar,,,
way_1462041735,26.9950355,75.7839932,INDUSTRIAL,,,plant,solar,,,
way_1462041736,26.9967096,75.7827084,INDUSTRIAL,,,plant,solar,,,
way_1462041737,26.9994712,75.7807987,INDUSTRIAL,,,plant,solar,,,
way_1462041738,26.9997149,75.7800356,INDUSTRIAL,,,plant,solar,,,
way_1462041744,27.3268388,75.5836053,INDUSTRIAL,,,plant,solar,,,
way_1462041745,27.333948,75.5796558,INDUSTRIAL,,,plant,solar,,,
way_1462041746,27.3318726,75.5833062,INDUSTRIAL,,,plant,solar,,,
way_1462041747,27.3398951,75.5816634,INDUSTRIAL,,,plant,solar,,,
way_1462158000,31.1829024,76.1765724,INDUSTRIAL,,brickyard,,,industrial,,
way_1462280797,27.6478011,83.1016039,INDUSTRIAL,,sand_washing,,,industrial,,
way_1462359696,27.6830863,83.1507459,INDUSTRIAL,,sand_washing,,,industrial,,
way_1462359700,27.6741859,83.1343496,INDUSTRIAL,,sand_washing,,,industrial,,
way_1462359704,27.682015,83.1550096,INDUSTRIAL,,sand_washing,,,industrial,,
way_1462384227,31.1886104,76.2687029,INDUSTRIAL,,brickyard,,,industrial,,
way_1462399646,31.183115,76.229196,INDUSTRIAL,,brickyard,,,industrial,,
way_1462461262,31.249012,76.1222891,INDUSTRIAL,,brickyard,,,industrial,,
way_1462461264,31.2599653,76.1271108,INDUSTRIAL,,brickyard,,,industrial,,
way_1462461265,31.2622336,76.1295863,INDUSTRIAL,,brickyard,,,industrial,,
way_1462461266,31.259603,76.1301816,INDUSTRIAL,,brickyard,,,industrial,,
way_1462464063,31.2998712,76.1035967,INDUSTRIAL,,brickyard,,,industrial,,
way_1462552960,31.2550768,76.0980744,INDUSTRIAL,,brickyard,,,industrial,,
way_1462552961,31.2574707,76.098235,INDUSTRIAL,,brickyard,,,industrial,,
way_1462565969,31.2713021,76.094542,INDUSTRIAL,,brickyard,,,industrial,,
way_1462565979,31.2576897,76.0947958,INDUSTRIAL,,brickyard,,,industrial,,
way_1462612310,31.3294349,76.0622305,INDUSTRIAL,,brickyard,,,industrial,,
way_1462696649,31.3615403,75.9079098,INDUSTRIAL,,brickyard,,,industrial,,
way_1462771383,28.4289909,76.9194647,INDUSTRIAL,,,,,industrial,,
way_1463154925,29.3978329,74.7513198,INDUSTRIAL,,,plant,solar,,,
way_1463155761,29.9146715,79.2173749,INDUSTRIAL,,,plant,solar,,,
way_1463155841,29.6711999,79.6408421,INDUSTRIAL,,,plant,solar,,,
way_1463155842,29.6668742,79.6343319,INDUSTRIAL,,,plant,solar,,,
way_1463155935,29.8980777,79.259676,INDUSTRIAL,,,plant,solar,,,
way_1463156012,29.8349971,79.2071504,INDUSTRIAL,,,plant,solar,,,
way_1463156551,27.9968644,79.9435133,INDUSTRIAL,,,plant,solar,,,
way_1463156924,27.7625166,80.8809078,INDUSTRIAL,,,plant,solar,,,
way_1463157213,26.7868706,80.938122,INDUSTRIAL,,,plant,solar,,,
way_1463158077,25.8525375,79.5299059,INDUSTRIAL,,,plant,solar,,,
way_1463159515,25.9416831,79.6697401,INDUSTRIAL,,,plant,solar,,,
way_1463159516,25.9431977,79.6809196,INDUSTRIAL,,,plant,solar,,,
way_1463159677,25.6341993,80.7064274,INDUSTRIAL,,,plant,solar,,,
way_1463162949,24.562044,81.0070682,INDUSTRIAL,,,plant,solar,,,
way_1463163325,23.9848509,79.2027569,INDUSTRIAL,,,plant,solar,,,
way_1463163326,23.9823635,79.2002624,INDUSTRIAL,,,plant,solar,,,
way_1463163689,25.1315096,82.0446646,INDUSTRIAL,,,plant,solar,,,
way_1463163762,25.0513884,82.3417193,INDUSTRIAL,,,plant,solar,,,
way_1463166142,27.335685,75.2815953,INDUSTRIAL,,,plant,solar,,,
way_1463378881,27.5907449,82.8552862,INDUSTRIAL,,,,,industrial,,
way_1463407809,27.629725,82.86564,INDUSTRIAL,,,,,industrial,,
way_1463407816,27.6287622,82.8629825,INDUSTRIAL,,,,,industrial,,
way_1463419121,31.3965517,77.6500261,INDUSTRIAL,,,plant,hydro,,,
way_1463419123,31.4305204,78.2408617,INDUSTRIAL,,,plant,hydro,,,
way_1463419124,31.3946308,77.7370007,INDUSTRIAL,,,plant,hydro,,,
way_1463419125,31.4682321,78.1860468,INDUSTRIAL,,,plant,hydro,,,
way_1463419126,31.3887379,77.7136474,INDUSTRIAL,,,plant,hydro,,,
way_1463419131,31.3942176,77.7560444,INDUSTRIAL,,,plant,hydro,,,
way_1463420133,30.6439611,75.1053909,INDUSTRIAL,,,plant,hydro,,,
way_1463420135,31.0284866,74.8492232,INDUSTRIAL,,,plant,hydro,,,
way_1463424768,30.7846495,78.6191189,INDUSTRIAL,,,plant,hydro,,,
way_1463424769,30.2169161,77.3925153,INDUSTRIAL,,,plant,hydro,,,
way_1463424770,30.4144088,75.877849,INDUSTRIAL,,,plant,hydro,,,
way_1463425948,30.7268835,77.4194245,INDUSTRIAL,,,plant,hydro,,,
way_1463425949,30.7820548,75.9810946,INDUSTRIAL,,,plant,hydro,,,
way_1463428147,30.4098358,79.0475321,INDUSTRIAL,Singoli Bhatwari hydro power station,,plant,hydro,,,
way_1463428149,30.5305197,79.0914157,INDUSTRIAL,,,plant,hydro,,,
way_1463428150,29.9899696,79.9157658,INDUSTRIAL,,,plant,hydro,,,
way_1463475013,27.6111931,82.8721414,INDUSTRIAL,,,,,industrial,,
way_1463475019,27.6229907,82.8659428,INDUSTRIAL,,,,,industrial,,
way_1463478716,27.6059518,82.8610233,INDUSTRIAL,,,,,industrial,,
way_1463478720,27.609313,82.862793,INDUSTRIAL,,,,,industrial,,
way_1463480730,27.6091229,82.8648098,INDUSTRIAL,,,,,industrial,,
way_1463480731,27.6069316,82.8650762,INDUSTRIAL,,,,,industrial,,
way_1463480732,27.6093648,82.8679557,INDUSTRIAL,,,,,industrial,,
way_1463654969,27.680886,82.8239254,INDUSTRIAL,,,,,industrial,,
way_1463742379,28.5494269,77.4072781,INDUSTRIAL,,,,,industrial,,
way_1463742380,28.5476716,77.4083483,INDUSTRIAL,,,,,industrial,,
way_1463742382,28.5553898,77.400004,INDUSTRIAL,,,,,industrial,,
way_1464464796,30.8689692,76.3418227,INDUSTRIAL,,brickyard,,,industrial,,
way_1464464798,30.8722406,76.3439532,INDUSTRIAL,,brickyard,,,industrial,,
way_1464464799,30.8733601,76.3408648,INDUSTRIAL,,brickyard,,,industrial,,
way_1464464800,30.8679832,76.3449714,INDUSTRIAL,,brickyard,,,industrial,,
way_1464464801,30.8661779,76.3435433,INDUSTRIAL,,brickyard,,,industrial,,
way_1464464807,30.873588,76.3526386,INDUSTRIAL,,brickyard,,,industrial,,
way_1464464808,30.8790264,76.3574653,INDUSTRIAL,,brickyard,,,industrial,,
way_1464466978,30.8759407,76.3665449,INDUSTRIAL,,brickyard,,,industrial,,
way_1464466982,30.8700512,76.3516418,INDUSTRIAL,,brickyard,,,industrial,,
way_1464466984,30.8647918,76.3555553,INDUSTRIAL,,brickyard,,,industrial,,
way_1464466986,30.8616843,76.3550891,INDUSTRIAL,,brickyard,,,industrial,,
way_1464466989,30.8668629,76.3491004,INDUSTRIAL,,brickyard,,,industrial,,
way_1464467780,30.8705344,76.3551819,INDUSTRIAL,,brickyard,,,industrial,,
way_1464467781,30.8722553,76.3548754,INDUSTRIAL,,brickyard,,,industrial,,
way_1464467782,30.8777026,76.3535619,INDUSTRIAL,,brickyard,,,industrial,,
way_1464467783,30.878509,76.3496916,INDUSTRIAL,,brickyard,,,industrial,,
way_1464467785,30.8772345,76.3558441,INDUSTRIAL,,brickyard,,,industrial,,
way_1464467787,30.8746365,76.3692731,INDUSTRIAL,,brickyard,,,industrial,,
way_1464469892,30.8759111,76.3575388,INDUSTRIAL,,brickyard,,,industrial,,
way_1464469894,30.8750687,76.3556139,INDUSTRIAL,,brickyard,,,industrial,,
way_1464469900,30.860023,76.3470937,INDUSTRIAL,,brickyard,,,industrial,,
way_1464469908,30.8735779,76.3579797,INDUSTRIAL,,brickyard,,,industrial,,
way_1464469910,30.8808797,76.3682485,INDUSTRIAL,,brickyard,,,industrial,,
way_1464469913,30.8799243,76.3714114,INDUSTRIAL,,brickyard,,,industrial,,
way_1464469914,30.8794851,76.3696556,INDUSTRIAL,,brickyard,,,industrial,,
way_1464469915,30.8750073,76.3748284,INDUSTRIAL,,brickyard,,,industrial,,
way_1464471312,30.8884844,76.3812333,INDUSTRIAL,,brickyard,,,industrial,,
way_1464882911,30.8901546,76.3809454,INDUSTRIAL,,brickyard,,,industrial,,
way_1464882921,30.8782954,76.381335,INDUSTRIAL,,brickyard,,,industrial,,
way_1464882922,30.8782525,76.3729121,INDUSTRIAL,,brickyard,,,industrial,,
way_1464882923,30.8811643,76.3728073,INDUSTRIAL,,brickyard,,,industrial,,
way_1464884476,30.8555232,76.3333729,INDUSTRIAL,,brickyard,,,industrial,,
way_1464885629,30.8763837,76.3436837,INDUSTRIAL,,brickyard,,,industrial,,
way_1464885633,30.8795609,76.3423035,INDUSTRIAL,,brickyard,,,industrial,,
way_1464885635,30.8767086,76.3391904,INDUSTRIAL,,brickyard,,,industrial,,
way_1464885636,30.8780642,76.3401691,INDUSTRIAL,,brickyard,,,industrial,,
way_1464885637,30.8787571,76.3384464,INDUSTRIAL,,brickyard,,,industrial,,
way_1464885642,30.8805004,76.3395259,INDUSTRIAL,,brickyard,,,industrial,,
way_1464885643,30.8802635,76.3384647,INDUSTRIAL,,brickyard,,,industrial,,
way_1464885645,30.8812117,76.3382954,INDUSTRIAL,,brickyard,,,industrial,,
way_1464886893,30.8761315,76.3594284,INDUSTRIAL,,brickyard,,,industrial,,
way_1464886895,30.8762423,76.3633588,INDUSTRIAL,,brickyard,,,industrial,,
way_1464886897,30.8787043,76.3605177,INDUSTRIAL,,brickyard,,,industrial,,
way_1464886898,30.8792404,76.3640402,INDUSTRIAL,,brickyard,,,industrial,,
way_1464886899,30.8806182,76.3617663,INDUSTRIAL,,brickyard,,,industrial,,
way_1464888952,30.8856346,76.3603469,INDUSTRIAL,,brickyard,,,industrial,,
way_1464890620,30.8667716,76.4178798,INDUSTRIAL,,brickyard,,,industrial,,
way_1464900730,30.8544143,76.4195791,INDUSTRIAL,,brickyard,,,industrial,,
way_1464908837,30.8865766,76.4686316,INDUSTRIAL,,brickyard,,,industrial,,
way_1464918908,30.8896048,76.5128713,INDUSTRIAL,,brickyard,,,industrial,,
way_1464918909,30.8890057,76.5146871,INDUSTRIAL,,brickyard,,,industrial,,
way_1464920556,30.8996113,76.5143893,INDUSTRIAL,,brickyard,,,industrial,,
way_1464920557,30.8978937,76.5171772,INDUSTRIAL,,brickyard,,,industrial,,
way_1464920561,30.8936324,76.5105265,INDUSTRIAL,,brickyard,,,industrial,,
way_1464920562,30.893411,76.513155,INDUSTRIAL,,brickyard,,,industrial,,
way_1464922858,30.8781707,76.4466138,INDUSTRIAL,,brickyard,,,industrial,,
way_1464925372,30.880933,76.4617975,INDUSTRIAL,,brickyard,,,industrial,,
way_1465834438,30.8210322,76.184749,INDUSTRIAL,,brickyard,,,industrial,,
way_1465991599,30.8345794,76.1853565,INDUSTRIAL,,,,,industrial,,
way_1466007874,30.8308966,76.1492061,INDUSTRIAL,,brickyard,,,industrial,,
way_1466007875,30.833144,76.1513116,INDUSTRIAL,,brickyard,,,industrial,,
way_1466007876,30.8348604,76.1470209,INDUSTRIAL,,brickyard,,,industrial,,
way_1466009261,30.8412055,76.1584866,INDUSTRIAL,,,,,industrial,,
way_1466292559,31.5007478,79.8300559,INDUSTRIAL,,,plant,solar,,,
way_1466306472,30.844062,76.2368479,INDUSTRIAL,,brickyard,,,industrial,,
way_1466306475,30.8419426,76.2295448,INDUSTRIAL,,brickyard,,,industrial,,
way_1466306476,30.8445703,76.2283715,INDUSTRIAL,,brickyard,,,industrial,,
way_1466307725,30.8411643,76.2236519,INDUSTRIAL,,brickyard,,,industrial,,
way_1466308607,30.841887,76.2167443,INDUSTRIAL,,brickyard,,,industrial,,
way_1466308616,30.8405082,76.205971,INDUSTRIAL,,brickyard,,,industrial,,
way_1466325256,30.8220238,76.1156834,INDUSTRIAL,,brickyard,,,industrial,,
way_1466327373,30.8200217,76.1118687,INDUSTRIAL,,brickyard,,,industrial,,
way_1466327374,30.8221955,76.1117526,INDUSTRIAL,,brickyard,,,industrial,,
way_1466329391,30.8209569,76.1086971,INDUSTRIAL,,brickyard,,,industrial,,
way_1466329392,30.8257575,76.1133646,INDUSTRIAL,,brickyard,,,industrial,,
way_1466329393,30.8286737,76.1149236,INDUSTRIAL,,brickyard,,,industrial,,
way_1466329394,30.8294567,76.1127972,INDUSTRIAL,,brickyard,,,industrial,,
way_1466329395,30.8240763,76.1098592,INDUSTRIAL,,brickyard,,,industrial,,
way_1466329405,30.8261614,76.0965829,INDUSTRIAL,,brickyard,,,industrial,,
way_1466330296,30.8283663,76.0974854,INDUSTRIAL,,brickyard,,,industrial,,
way_1466330300,30.8360113,76.1001763,INDUSTRIAL,,brickyard,,,industrial,,
way_1466330302,30.8267573,76.0916247,INDUSTRIAL,,brickyard,,,industrial,,
way_1466330303,30.8242167,76.0896603,INDUSTRIAL,,brickyard,,,industrial,,
way_1466330306,30.8196645,76.0938222,INDUSTRIAL,,brickyard,,,industrial,,
way_1466331647,30.8271802,76.0772688,INDUSTRIAL,,brickyard,,,industrial,,
way_1466331649,30.825856,76.0823563,INDUSTRIAL,,brickyard,,,industrial,,
way_1466332128,30.8252317,76.0857175,INDUSTRIAL,,brickyard,,,industrial,,
way_1466332129,30.8213923,76.0871523,INDUSTRIAL,,brickyard,,,industrial,,
way_1466332130,30.8218208,76.0828913,INDUSTRIAL,,brickyard,,,industrial,,
way_1466332131,30.8219463,76.0786185,INDUSTRIAL,,brickyard,,,industrial,,
way_1466332133,30.8187351,76.0850741,INDUSTRIAL,,brickyard,,,industrial,,
way_1466333731,30.8161832,76.093634,INDUSTRIAL,,brickyard,,,industrial,,
way_1466333734,30.8113465,76.0945865,INDUSTRIAL,,brickyard,,,industrial,,
way_1466333736,30.8043392,76.0996662,INDUSTRIAL,,brickyard,,,industrial,,
way_1466333737,30.806741,76.1004983,INDUSTRIAL,,brickyard,,,industrial,,
way_1466333743,30.7997052,76.1141511,INDUSTRIAL,,brickyard,,,industrial,,
way_1466334204,30.7970156,76.107061,INDUSTRIAL,,brickyard,,,industrial,,
way_1466334205,30.796819,76.1088158,INDUSTRIAL,,brickyard,,,industrial,,
way_1466334207,30.7921042,76.1126895,INDUSTRIAL,,brickyard,,,industrial,,
way_1466334208,30.7891118,76.1148886,INDUSTRIAL,,brickyard,,,industrial,,
way_1466613606,30.8232212,76.0228055,INDUSTRIAL,,brickyard,,,industrial,,
way_1466613607,30.8399504,76.0166124,INDUSTRIAL,,brickyard,,,industrial,,
way_1466613608,30.8392595,76.0200655,INDUSTRIAL,,brickyard,,,industrial,,
way_1466621409,31.36803,76.1933387,INDUSTRIAL,,brickyard,,,industrial,,
way_1466630278,31.111658,76.2557726,INDUSTRIAL,,brickyard,,,industrial,,
way_1466630290,31.09567,76.2693647,INDUSTRIAL,,brickyard,,,industrial,,
way_1466630292,31.0867857,76.2750911,INDUSTRIAL,,brickyard,,,industrial,,
way_1466776402,31.3666617,76.2933164,INDUSTRIAL,,,plant,solar,,,
way_1466776404,31.3667777,76.2953226,INDUSTRIAL,,,plant,solar,,,
way_1466776405,31.3665629,76.2957066,INDUSTRIAL,,,plant,solar,,,
way_1466820592,31.3524616,76.216057,INDUSTRIAL,,,,,industrial,,
way_1466828536,28.9988344,79.4105651,INDUSTRIAL,,,plant,solar,,,
way_1466828537,28.9530421,79.4474052,INDUSTRIAL,,,plant,solar,,,
way_1466828538,30.3324073,79.342449,INDUSTRIAL,,,plant,solar,,,
way_1466828540,28.3061789,75.3711006,INDUSTRIAL,,,plant,solar,,,
way_1466828542,28.2137067,75.3608761,INDUSTRIAL,,,plant,solar,,,
way_1466828543,28.3758189,75.8412275,INDUSTRIAL,,,plant,solar,,,
way_1466828544,28.1253685,76.3704756,INDUSTRIAL,,,plant,solar,,,
way_1466828545,28.6007625,76.9588906,INDUSTRIAL,,,plant,solar,,,
way_1466832086,31.4188536,76.2704495,INDUSTRIAL,,brickyard,,,industrial,,
way_1467119323,31.0032163,75.600005,INDUSTRIAL,,brickyard,,,industrial,,
way_1467119324,31.0002802,75.5938437,INDUSTRIAL,,brickyard,,,industrial,,
way_1467465768,31.1573217,76.1948676,INDUSTRIAL,,brickyard,,,industrial,,
way_1467465769,31.1561111,76.1938056,INDUSTRIAL,,brickyard,,,industrial,,
way_1467468271,31.1681977,76.2356653,INDUSTRIAL,,brickyard,,,industrial,,
way_1467633248,24.3794295,75.8521575,INDUSTRIAL,,,plant,solar,,,
way_1467697079,31.3972112,76.18104,INDUSTRIAL,,,plant,solar,,,
way_1467858487,28.5110237,77.5248289,INDUSTRIAL,,depot,,,industrial,,DFCCIL
way_1468044823,30.8317315,76.2101979,INDUSTRIAL,,,,,industrial,,
way_1468044824,30.8315661,76.2091437,INDUSTRIAL,,,,,industrial,,
way_1468049788,30.8205205,76.2157371,INDUSTRIAL,,,,,industrial,,
way_1468580448,31.3700053,76.3167499,INDUSTRIAL,,brickyard,,,industrial,,
way_1468583958,31.366518,76.3187092,INDUSTRIAL,,brickyard,,,industrial,,
way_1468583977,31.4494417,76.2087638,INDUSTRIAL,,brickyard,,,industrial,,
way_1468713482,30.5581233,78.6431287,INDUSTRIAL,,,plant,hydro,,,
way_1468713483,30.6999859,76.8429715,INDUSTRIAL,,,plant,solar,,,
way_1468713485,30.1892311,75.578772,INDUSTRIAL,,,plant,hydro,,,
way_1468713486,30.8928348,75.695906,INDUSTRIAL,,,plant,hydro,,,
way_1468713487,30.9281909,75.4423522,INDUSTRIAL,,,plant,hydro,,,
way_1468713489,31.2403283,77.9178567,INDUSTRIAL,,,plant,hydro,,,
way_1468713492,31.3903344,77.6857907,INDUSTRIAL,,,plant,hydro,,,
way_1468713493,31.3072239,77.8853256,INDUSTRIAL,,,plant,hydro,,,
way_1468719622,31.192675,76.2466884,INDUSTRIAL,,,,,industrial,,
way_1468719623,31.1919307,76.2417932,INDUSTRIAL,,brickyard,,,industrial,,
way_1469666832,28.6294309,77.1252884,INDUSTRIAL,Metal Forgings Private Limited,,,,,works,
way_1469753950,29.2071645,77.7257358,INDUSTRIAL,,,,,industrial,,
way_1469763334,29.1550132,77.7119843,INDUSTRIAL,,depot,,,industrial,,DFCCIL
way_1470020364,29.097054,77.6689124,INDUSTRIAL,,,,,industrial,,
way_1470128055,24.8686489,81.353792,INDUSTRIAL,,,plant,hydro,,,
way_1470130906,25.6526151,78.9719099,INDUSTRIAL,,,plant,solar,,,
way_1470188014,25.173228,75.8320516,INDUSTRIAL,,,plant,hydro,,,
way_1471970001,31.3488552,75.0522723,INDUSTRIAL,,brickyard,,,industrial,,
way_1472096559,28.7811268,77.6595224,INDUSTRIAL,,,,,industrial,,
way_1472096564,28.7874375,77.6438361,INDUSTRIAL,,,,,industrial,,
way_1472097521,31.0909618,76.3268638,INDUSTRIAL,,brickyard,,,industrial,,
way_1472342438,29.2023247,82.3156751,INDUSTRIAL,Guthichaur Kastha Udhyog Pvt. Ltd.,factory,,,industrial,,
way_1473023973,28.3110383,77.7269841,INDUSTRIAL,,,,,industrial,,
way_1473933476,28.2128288,77.8140077,INDUSTRIAL,,depot,,,industrial,,
way_1474171163,28.1551744,77.9039468,INDUSTRIAL,,,,,industrial,,
way_1474215040,28.1643701,77.9115738,INDUSTRIAL,,,plant,coal,industrial,,
way_1474790636,27.627098,78.136037,INDUSTRIAL,,depot,,,industrial,,
way_1474790690,27.6203921,78.1185903,INDUSTRIAL,,depot,,,industrial,,
way_1475015955,27.9699897,77.9905952,INDUSTRIAL,,,,,industrial,,
way_1475276065,28.0609401,77.9439886,INDUSTRIAL,Aligarh Grinding Unit,cement,,,industrial,,Wonder Cement Ltd.
way_1476563559,28.6751048,77.0951774,INDUSTRIAL,Peeragarhi Depot,depot,,,industrial,,Delhi Transport Corporation
way_1480925793,30.8545457,75.5092213,INDUSTRIAL,,,,,industrial,,
way_1480925802,30.8552369,75.5638007,INDUSTRIAL,,,,,industrial,,
way_1482120832,28.2209116,77.5971685,INDUSTRIAL,,,,,industrial,,
way_1483766093,24.2273629,83.8845484,INDUSTRIAL,,,,,,works,
way_1484746292,31.3233415,76.3103919,INDUSTRIAL,,,,,industrial,,
way_1485423568,28.1149077,76.1587978,INDUSTRIAL,,brickyard,,,industrial,,
way_1485426632,28.0863664,76.0763347,INDUSTRIAL,,brickyard,,,industrial,,
way_1485436212,28.1166386,75.9585787,INDUSTRIAL,,brickyard,,,industrial,,
way_1485448314,28.1117055,75.9687143,INDUSTRIAL,,brickyard,,,industrial,,
way_1486999652,31.2537651,76.4758436,INDUSTRIAL,,brickyard,,,industrial,,
way_1486999653,31.2534583,76.4790477,INDUSTRIAL,,brickyard,,,industrial,,
way_1486999658,31.2476155,76.4801902,INDUSTRIAL,,brickyard,,,industrial,,
way_1486999664,31.2396556,76.4695976,INDUSTRIAL,,brickyard,,,industrial,,
way_1486999667,31.2365105,76.4748933,INDUSTRIAL,,,,,industrial,,
way_1487014171,31.1711529,76.4687311,INDUSTRIAL,,brickyard,,,industrial,,
way_1487126238,28.6233354,77.0870371,INDUSTRIAL,,,plant,solar,,,
way_1487126239,28.6230913,77.087126,INDUSTRIAL,,,plant,solar,,,
way_1487126240,28.6228232,77.0869579,INDUSTRIAL,,,plant,solar,,,
way_1487823235,28.027387,76.0007791,INDUSTRIAL,,brickyard,,,industrial,,
way_1488705799,28.0297107,76.0941363,INDUSTRIAL,,,,,industrial,,
way_1488941881,31.05972,75.5622377,INDUSTRIAL,,brickyard,,,industrial,,
way_1489511833,27.5455432,83.4118228,INDUSTRIAL,,,,,industrial,,
way_1489987647,31.131652,75.5150444,INDUSTRIAL,,brickyard,,,industrial,,
way_1490312360,28.0450411,76.0438765,INDUSTRIAL,,brickyard,,,industrial,,
way_1491156785,28.2348583,83.9854148,INDUSTRIAL,Malla Rice Mill,,,,,works,
way_1491358957,28.0476227,76.0917422,INDUSTRIAL,,,,,industrial,,
way_1491358972,28.0329112,76.1187353,INDUSTRIAL,,,,,industrial,,
way_1491358975,28.0338502,76.1198697,INDUSTRIAL,,,,,industrial,,
way_1491995731,27.6334506,75.195787,INDUSTRIAL,,,,,industrial,,
way_1492208995,31.2824902,84.8903771,INDUSTRIAL,,,,,industrial,,
way_1492564763,28.602313,77.1232597,INDUSTRIAL,,depot,,,industrial,,
way_1492564764,28.6023683,77.1231523,INDUSTRIAL,,depot,,,industrial,,
way_1493146289,28.0136611,75.951709,INDUSTRIAL,,,plant,solar,,,
way_1493222095,27.888866,76.0722814,INDUSTRIAL,,brickyard,,,industrial,,
way_1493402024,27.9667588,76.1946658,INDUSTRIAL,,,plant,solar,,,
way_1493469353,27.93692,76.1312702,INDUSTRIAL,,brickyard,,,industrial,,
way_1493469354,27.9352734,76.133863,INDUSTRIAL,,brickyard,,,industrial,,
way_1493470448,27.9581012,76.1314894,INDUSTRIAL,,brickyard,,,industrial,,
way_1493507059,28.1515381,76.1230537,INDUSTRIAL,,,,,industrial,,
way_1493529442,28.0974097,76.158486,INDUSTRIAL,,brickyard,,,industrial,,
way_1494407008,28.9483624,77.1010883,INDUSTRIAL,,,plant,solar,,,
way_1494407009,28.9484065,77.101061,INDUSTRIAL,,,plant,solar,,,
way_1494407012,28.9484929,77.1003879,INDUSTRIAL,,,plant,solar,,,
way_1494407013,28.9482887,77.100893,INDUSTRIAL,,,plant,solar,,,
way_1494407014,28.9484529,77.1007922,INDUSTRIAL,,,plant,solar,,,
way_1494407015,28.9484542,77.1008653,INDUSTRIAL,,,plant,solar,,,
way_1494638867,27.9778401,76.0017566,INDUSTRIAL,,brickyard,,,industrial,,
way_1494638868,27.9779142,75.9973646,INDUSTRIAL,,brickyard,,,industrial,,
way_1494640385,28.1285069,76.1108024,INDUSTRIAL,,brickyard,,,industrial,,
way_1494646740,29.9935903,77.5152402,INDUSTRIAL,,brickyard,,,industrial,,
way_1494650286,29.7153212,77.4886235,INDUSTRIAL,,brickyard,,,industrial,,
way_1494668306,29.7843888,77.4980056,INDUSTRIAL,,brickyard,,,industrial,,
way_1494668319,29.7613462,77.4997555,INDUSTRIAL,,brickyard,,,industrial,,
way_1494671615,29.7714276,77.5405531,INDUSTRIAL,,brickyard,,,industrial,,
way_1494676408,29.7350248,77.5148732,INDUSTRIAL,,brickyard,,,industrial,,
way_1494676423,29.7451597,77.5086744,INDUSTRIAL,,brickyard,,,industrial,,
way_1494676424,29.7436555,77.5108926,INDUSTRIAL,,brickyard,,,industrial,,
way_1494745129,29.738022,77.5469971,INDUSTRIAL,,brickyard,,,industrial,,
way_1494749357,29.7286758,77.5535358,INDUSTRIAL,,brickyard,,,industrial,,
way_1494781364,29.8229997,77.4769041,INDUSTRIAL,,brickyard,,,industrial,,
way_1494789121,29.7991506,77.4666515,INDUSTRIAL,,brickyard,,,industrial,,
way_1494790962,29.7863539,77.5003234,INDUSTRIAL,,brickyard,,,industrial,,
way_1494981901,29.7524856,77.4654091,INDUSTRIAL,,brickyard,,,industrial,,
way_1494996980,29.711977,77.450851,INDUSTRIAL,,brickyard,,,industrial,,
way_1495002737,29.7120619,77.4727759,INDUSTRIAL,,brickyard,,,industrial,,
way_1495028155,29.8128584,77.4651676,INDUSTRIAL,,brickyard,,,industrial,,
way_1495165089,29.7099705,77.5124052,INDUSTRIAL,,brickyard,,,industrial,,
way_1495166862,29.7041716,77.5379299,INDUSTRIAL,,brickyard,,,industrial,,
way_1495169448,29.7107029,77.5065894,INDUSTRIAL,,,,,industrial,,
way_1495169449,29.7123316,77.5077056,INDUSTRIAL,,,,,industrial,,
way_1495736259,29.677658,77.518502,INDUSTRIAL,,brickyard,,,industrial,,
way_1495739116,29.6604287,77.4966907,INDUSTRIAL,,brickyard,,,industrial,,
way_1495850500,29.7101913,77.4632344,INDUSTRIAL,,,,,industrial,,
way_1495855117,29.6974502,77.4570355,INDUSTRIAL,,brickyard,,,industrial,,
way_1495922475,28.6712716,77.3492978,INDUSTRIAL,,,plant,solar,,,
way_1496003600,31.4622781,80.4185217,INDUSTRIAL,,,,,industrial,,
way_1496147174,29.7893421,77.551887,INDUSTRIAL,,,,,industrial,,
way_1496294699,29.7195065,77.5581799,INDUSTRIAL,,brickyard,,,industrial,,
way_1496468578,29.7185569,77.5902999,INDUSTRIAL,,brickyard,,,industrial,,
way_1496964274,29.724878,77.2733784,INDUSTRIAL,,brickyard,,,industrial,,
way_1496964289,29.7526311,77.267162,INDUSTRIAL,,brickyard,,,industrial,,
way_1497029307,29.8393918,77.552427,INDUSTRIAL,,brickyard,,,industrial,,
way_1497029319,29.8457587,77.5563269,INDUSTRIAL,,brickyard,,,industrial,,
way_1497640942,29.7006963,77.5431085,INDUSTRIAL,,brickyard,,,industrial,,
way_1497734036,29.6925364,77.387963,INDUSTRIAL,,brickyard,,,industrial,,
way_1497746203,29.7469702,77.43596,INDUSTRIAL,,brickyard,,,industrial,,
way_1497773854,29.742299,77.4318022,INDUSTRIAL,,,,,industrial,,
way_1497773855,29.7435445,77.4333213,INDUSTRIAL,,,,,industrial,,
way_1497773899,29.7113198,77.448164,INDUSTRIAL,,,,,industrial,,
way_1497776241,29.7040919,77.4322221,INDUSTRIAL,,,,,industrial,,
way_1497776242,29.7059442,77.4323131,INDUSTRIAL,,,,,industrial,,
way_1498062680,28.7213561,77.1768077,INDUSTRIAL,,,substation,,industrial,,
way_1498408001,29.8037695,77.4802931,INDUSTRIAL,,brickyard,,,industrial,,
way_1498434617,29.7850167,77.5921308,INDUSTRIAL,,brickyard,,,industrial,,
way_1498626937,29.5682126,77.4054687,INDUSTRIAL,,,,,industrial,,
way_1498626938,29.5685385,77.4108363,INDUSTRIAL,,brickyard,,,industrial,,
way_1498626952,29.5772767,77.4394647,INDUSTRIAL,,brickyard,,,industrial,,
way_1498626957,29.5870632,77.4499005,INDUSTRIAL,,brickyard,,,industrial,,
way_1498626958,29.5857693,77.4485871,INDUSTRIAL,,brickyard,,,industrial,,
way_1498626959,29.5857482,77.4497965,INDUSTRIAL,,brickyard,,,industrial,,
way_1498754706,28.6463588,77.3230478,INDUSTRIAL,,,,,industrial,,Bisleri
way_1498754712,28.6393499,77.4357572,INDUSTRIAL,,,,,,works,
way_1498788098,29.637705,77.4384672,INDUSTRIAL,,brickyard,,,industrial,,
way_1499088155,23.7697683,74.9510426,INDUSTRIAL,,,plant,solar,,,
way_1499088156,23.7662041,74.9444872,INDUSTRIAL,,,plant,solar,,,
way_1499088159,24.5858867,80.7362012,INDUSTRIAL,,,plant,solar,,,
way_1499088160,24.6082079,80.8687198,INDUSTRIAL,,,plant,solar,,,
way_1499088161,24.5919549,80.8675102,INDUSTRIAL,,,plant,solar,,,
way_1499088162,24.5923085,80.8649151,INDUSTRIAL,,,plant,solar,,,
way_1499088172,23.7801782,75.0788122,INDUSTRIAL,,,plant,solar,,,
way_1499127501,23.7272598,80.5533617,INDUSTRIAL,,,plant,solar,,,
way_1499127502,23.9932304,77.7361894,INDUSTRIAL,,,plant,solar,,,
way_1499127503,23.9972209,77.4476856,INDUSTRIAL,,,plant,solar,,,
way_1499127735,24.2426357,82.4344217,INDUSTRIAL,,,plant,solar,,,
way_1499128176,23.7617805,76.1271215,INDUSTRIAL,,,plant,solar,,,
way_1499128177,23.75691,76.1178732,INDUSTRIAL,,,plant,solar,,,
way_1499128178,23.7518626,76.1179804,INDUSTRIAL,,,plant,solar,,,
way_1499128179,23.7516073,76.1151265,INDUSTRIAL,,,plant,solar,,,
way_1499128180,23.7534535,76.1121439,INDUSTRIAL,,,plant,solar,,,
way_1499128181,23.7440849,76.1030674,INDUSTRIAL,,,plant,solar,,,
way_1499128182,23.7435742,76.096673,INDUSTRIAL,,,plant,solar,,,
way_1499128183,23.7404119,76.1030351,INDUSTRIAL,,,plant,solar,,,
way_1499128184,23.7416198,76.1093223,INDUSTRIAL,,,plant,solar,,,
way_1499128185,23.7360808,76.1083781,INDUSTRIAL,,,plant,solar,,,
way_1499128186,23.7362281,76.1227119,INDUSTRIAL,,,plant,solar,,,
way_1499128187,23.732992,76.1139357,INDUSTRIAL,,,plant,solar,,,
way_1499128188,23.7341362,76.1181522,INDUSTRIAL,,,plant,solar,,,
way_1499128189,23.7300455,76.1062378,INDUSTRIAL,,,plant,solar,,,
way_1499128190,23.7314206,76.1152714,INDUSTRIAL,,,plant,solar,,,
way_1499467386,29.7430493,77.6104303,INDUSTRIAL,,brickyard,,,industrial,,
way_1499467395,29.7570486,77.6109262,INDUSTRIAL,,brickyard,,,industrial,,
way_1500095995,29.8304871,77.469936,INDUSTRIAL,,brickyard,,,industrial,,
way_1500665397,29.8663205,77.5065603,INDUSTRIAL,,,,,industrial,,
way_1500665404,29.8573026,77.5072234,INDUSTRIAL,,brickyard,,,industrial,,
way_1500995655,30.0730261,83.4324208,INDUSTRIAL,,,plant,solar,,,
way_1501200529,30.1270094,75.8154106,INDUSTRIAL,,,,,industrial,,
way_1501645936,28.737963,79.0636984,INDUSTRIAL,,,,,industrial,,
way_1501667866,25.434232,78.5460489,INDUSTRIAL,"Coach Mid-life Rehabilitation Workshop, Jhansi",railway,,,industrial,,
way_1501675619,31.2844764,84.0381735,INDUSTRIAL,,,,,industrial,,
way_1501675621,31.2836902,84.0444258,INDUSTRIAL,,,,,industrial,,
way_1503468496,29.7686829,77.3881137,INDUSTRIAL,,brickyard,,,industrial,,
way_1503471653,29.7270466,77.3653748,INDUSTRIAL,,brickyard,,,industrial,,
way_1503471654,29.727861,77.3633616,INDUSTRIAL,,brickyard,,,industrial,,
way_1503773070,29.8606168,77.5559843,INDUSTRIAL,,brickyard,,,industrial,,
way_1504225107,29.6348846,77.3971928,INDUSTRIAL,,brickyard,,,industrial,,
way_1504434634,29.671085,77.5512778,INDUSTRIAL,,brickyard,,,industrial,,
way_1504434645,29.6600235,77.5481466,INDUSTRIAL,,brickyard,,,industrial,,
way_1504526322,29.8094151,77.5857854,INDUSTRIAL,,,,,industrial,,
way_1504526330,29.833905,77.6031794,INDUSTRIAL,,brickyard,,,industrial,,
way_1504635541,29.7022254,77.4030651,INDUSTRIAL,,brickyard,,,industrial,,
way_1504635556,29.7157168,77.4093619,INDUSTRIAL,,,,,industrial,,
way_1504714082,30.7521874,76.5965288,INDUSTRIAL,,,,,industrial,,
way_1505805649,28.527496,77.5825713,INDUSTRIAL,R.P. Foam Home Pvt. Ltd.,,,,industrial,,
way_1505805657,28.528152,77.5918675,INDUSTRIAL,Dadri Warehousing & Logistics LLP,warehouse,,,industrial,,
way_1505805658,28.5278299,77.5884983,INDUSTRIAL,,warehouse,,,industrial,,
way_1505805660,28.5256202,77.5933005,INDUSTRIAL,,warehouse,,,industrial,,
way_1505805664,28.5322116,77.5824465,INDUSTRIAL,,warehouse,,,industrial,,
way_1507441217,31.1120425,75.3445288,INDUSTRIAL,,,,,industrial,,
way_1507441249,31.1191698,75.3599377,INDUSTRIAL,,,,,industrial,,
way_1507545370,29.7335646,77.3516556,INDUSTRIAL,,brickyard,,,industrial,,
way_1508865240,24.5798718,74.832726,INDUSTRIAL,,,plant,solar,,,
way_1508866810,24.2174104,82.4486229,INDUSTRIAL,,,plant,solar,,,
way_1508891771,29.1354646,75.7697974,INDUSTRIAL,,,plant,solar,,,
way_1508891955,29.1361781,75.7730706,INDUSTRIAL,,,plant,solar,,,
way_1508931189,29.6738884,77.56124,INDUSTRIAL,,brickyard,,,industrial,,
way_1509825252,29.8007745,76.3435189,INDUSTRIAL,,brickyard,,,industrial,,
way_1509852910,29.8302021,76.4026895,INDUSTRIAL,,,,,industrial,,
way_1509852911,29.8220113,76.3190175,INDUSTRIAL,,brickyard,,,industrial,,
way_1509901303,29.5288882,77.3792785,INDUSTRIAL,,brickyard,,,industrial,,
way_1509901304,29.5320446,77.3831707,INDUSTRIAL,,brickyard,,,industrial,,
way_1509901305,29.5321633,77.3871566,INDUSTRIAL,,brickyard,,,industrial,,
way_1509901314,29.5357935,77.3855373,INDUSTRIAL,,brickyard,,,industrial,,
way_1510276052,29.6560125,77.429705,INDUSTRIAL,,,,,industrial,,
way_1510604869,29.8606054,77.5543935,INDUSTRIAL,,brickyard,,,industrial,,
way_1510699282,29.6101975,77.3849507,INDUSTRIAL,,brickyard,,,industrial,,
way_1510734314,29.7682343,77.5017225,INDUSTRIAL,,brickyard,,,industrial,,
way_1510971659,29.9781688,74.903815,INDUSTRIAL,,,,,industrial,,
way_1510971660,29.9838942,74.9079773,INDUSTRIAL,,,,,industrial,,
way_1511088711,29.7636856,77.4959988,INDUSTRIAL,,brickyard,,,industrial,,
way_1512257366,29.6376206,77.3348567,INDUSTRIAL,,brickyard,,,industrial,,
way_1512257367,29.6389748,77.3352481,INDUSTRIAL,,brickyard,,,industrial,,
way_1512257368,29.6381715,77.3321825,INDUSTRIAL,,brickyard,,,industrial,,
way_1514075424,29.6352625,77.3321983,INDUSTRIAL,,brickyard,,,industrial,,
way_1514370019,31.4078056,75.3277756,INDUSTRIAL,,,,,industrial,,
way_1514850745,29.6239464,77.5317218,INDUSTRIAL,,brickyard,,,industrial,,
way_1514884571,29.7834079,77.283836,INDUSTRIAL,,brickyard,,,industrial,,
way_1514884574,29.7848925,77.2853537,INDUSTRIAL,,brickyard,,,industrial,,
way_1514884628,29.8002093,77.2678882,INDUSTRIAL,,brickyard,,,industrial,,
way_1515054684,27.5666742,83.1730056,INDUSTRIAL,,brickyard,,,industrial,,
way_1515353281,29.8339601,77.4831469,INDUSTRIAL,,,,,industrial,,
way_1515353308,29.841249,77.4842824,INDUSTRIAL,,brickyard,,,industrial,,
way_1515353311,29.8425,77.4822369,INDUSTRIAL,,brickyard,,,industrial,,
way_1515353319,29.838398,77.4845859,INDUSTRIAL,,brickyard,,,industrial,,
way_1515353322,29.8422427,77.4789217,INDUSTRIAL,,brickyard,,,industrial,,
way_1515353323,29.8307716,77.4744653,INDUSTRIAL,,brickyard,,,industrial,,
way_1515696007,29.6385688,77.4938607,INDUSTRIAL,,brickyard,,,industrial,,
way_1515696010,29.6405631,77.4975201,INDUSTRIAL,,brickyard,,,industrial,,
way_1516622836,29.6999592,77.2236483,INDUSTRIAL,,brickyard,,,industrial,,
way_1516622850,29.7081172,77.1790525,INDUSTRIAL,,brickyard,,,industrial,,
way_1516627061,29.7244568,77.1700992,INDUSTRIAL,,brickyard,,,industrial,,
way_1516635626,29.7291959,77.1752634,INDUSTRIAL,,brickyard,,,industrial,,
way_1517257967,26.1749478,81.0036463,INDUSTRIAL,,,,,industrial,,
way_1517538756,30.7133869,76.7050637,INDUSTRIAL,,,,,,works,
way_1517824664,29.6362684,77.5586068,INDUSTRIAL,,brickyard,,,industrial,,
way_1517826936,29.7635682,77.5010583,INDUSTRIAL,,brickyard,,,industrial,,
way_1518361655,28.5951754,77.4613457,INDUSTRIAL,,,,,industrial,,
way_1518361656,28.5963881,77.4604931,INDUSTRIAL,,,,,industrial,,
way_1518361657,28.5969946,77.4633645,INDUSTRIAL,,,,,industrial,,
way_1518361658,28.5979124,77.4607278,INDUSTRIAL,,,,,industrial,,
way_1520625318,29.7169489,77.6366518,INDUSTRIAL,,brickyard,,,industrial,,
way_1523529326,24.6745336,83.9891217,INDUSTRIAL,,,plant,solar,,,
way_1524070652,29.5115244,77.2834197,INDUSTRIAL,,brickyard,,,industrial,,
way_1524070653,29.5137071,77.2815253,INDUSTRIAL,,brickyard,,,industrial,,
way_1524070660,29.5098149,77.2766254,INDUSTRIAL,,brickyard,,,industrial,,
way_1524070664,29.5100003,77.2681696,INDUSTRIAL,,brickyard,,,industrial,,
way_1524070665,29.5111312,77.2688115,INDUSTRIAL,,brickyard,,,industrial,,
way_1524208366,29.6267381,77.5501761,INDUSTRIAL,,brickyard,,,industrial,,
way_1524451569,29.6024327,77.4697459,INDUSTRIAL,,brickyard,,,industrial,,
way_1524451574,29.6120984,77.4542542,INDUSTRIAL,,brickyard,,,industrial,,
way_1524577857,27.8062041,82.7758777,INDUSTRIAL,शुभश्री अग्नी सिमेन्ट उद्योग प्रा.लि.,,,,industrial,,
way_1524780923,28.295693,75.7192893,INDUSTRIAL,,,plant,solar,,,
way_1524940325,27.5987604,79.2157064,INDUSTRIAL,,,,,industrial,,
way_1525315937,29.7936229,77.3740638,INDUSTRIAL,,brickyard,,,industrial,,
way_1525714783,24.8193958,74.6318877,INDUSTRIAL,,refinery,,,industrial,,
way_1526025749,28.7077677,77.2494774,INDUSTRIAL,,,plant,solar,,,
way_1526448028,28.3513995,75.8996633,INDUSTRIAL,,,,,industrial,,
way_1526510144,29.7255305,77.2262937,INDUSTRIAL,,brickyard,,,industrial,,
way_1526513104,29.7440843,77.2302178,INDUSTRIAL,,brickyard,,,industrial,,
way_1526731556,30.9179559,75.1867313,INDUSTRIAL,,,,,industrial,,
way_1527565110,29.7101505,77.5208399,INDUSTRIAL,,,,,industrial,,
way_1528307944,29.8225193,77.5692799,INDUSTRIAL,,brickyard,,,industrial,,
way_1528307945,29.8218046,77.5684863,INDUSTRIAL,,brickyard,,,industrial,,
way_1528552362,29.6053518,77.1367584,INDUSTRIAL,,brickyard,,,industrial,,
way_1528552382,29.6014079,77.1250449,INDUSTRIAL,,brickyard,,,industrial,,
way_1528773869,31.2065434,75.3275441,INDUSTRIAL,,,,,industrial,,
way_1528991913,31.3114084,76.7600906,INDUSTRIAL,,,,,industrial,,
way_1529562449,28.8034843,77.0264267,INDUSTRIAL,Bawana DTC Bus Depot,depot,,,industrial,,DTC
way_1529605463,31.4471402,74.6623618,INDUSTRIAL,,,plant,solar,,,
way_1530472638,29.8494113,77.3853407,INDUSTRIAL,,brickyard,,,industrial,,
way_1531388080,27.1550129,78.1173505,INDUSTRIAL,,,plant,solar,,,
way_1531733588,29.7107789,77.4950726,INDUSTRIAL,,brickyard,,,industrial,,
way_1531760366,28.4275416,75.9508092,INDUSTRIAL,,,,,industrial,,
way_1531807418,28.1717058,77.3360979,INDUSTRIAL,,,,,industrial,,
way_1531809401,27.908914,77.37235,INDUSTRIAL,,,,,industrial,,
way_1531913180,29.606268,77.2782183,INDUSTRIAL,,brickyard,,,industrial,chimney,
way_1532968476,28.62128,77.2824897,INDUSTRIAL,,,,,industrial,,
way_1533067114,28.3773869,76.0710707,INDUSTRIAL,,,plant,solar,,,
way_1533127175,30.3157054,78.0334809,INDUSTRIAL,Dehradun Hill Depot,depot,,,industrial,,Uttarakhand Transport Corporation
way_1533128386,28.3294055,76.0709414,INDUSTRIAL,,,plant,solar,,,
way_1533128401,28.3225953,76.0887094,INDUSTRIAL,,brickyard,,,industrial,,
way_1533128413,28.3290698,76.1259441,INDUSTRIAL,,brickyard,,,industrial,,
way_1533128434,28.33039,76.1147189,INDUSTRIAL,,,,,industrial,,
way_1533240860,28.2894207,76.1039354,INDUSTRIAL,,,,,industrial,,
way_1533366155,29.8102674,77.2564792,INDUSTRIAL,,brickyard,,,industrial,,
way_1533366160,29.814074,77.2584419,INDUSTRIAL,,brickyard,,,industrial,,
way_1533366161,29.8046064,77.2572551,INDUSTRIAL,,brickyard,,,industrial,,
way_1533366171,29.794814,77.2522185,INDUSTRIAL,,brickyard,,,industrial,,
way_1533366174,29.8014444,77.2588902,INDUSTRIAL,,brickyard,,,industrial,,
way_1533366175,29.8021676,77.2589795,INDUSTRIAL,,brickyard,,,industrial,,
way_1533523154,28.3241909,76.0610047,INDUSTRIAL,,,,,industrial,,
way_1533544490,28.2870249,76.0677371,INDUSTRIAL,,,plant,solar,,,
way_1533601228,31.0559053,75.1969281,INDUSTRIAL,,,,,industrial,,
way_1533601234,31.057019,75.2009647,INDUSTRIAL,,,,,industrial,,
way_1534359975,29.8747597,77.4997904,INDUSTRIAL,,,,,industrial,,
way_1534650171,31.0817598,75.4772234,INDUSTRIAL,,,,,industrial,,
way_1534932126,28.3553446,76.0621918,INDUSTRIAL,,,plant,solar,,,
way_1535046971,28.3246281,76.1393823,INDUSTRIAL,,brickyard,,,industrial,,
way_1535046972,28.3250527,76.1420004,INDUSTRIAL,,brickyard,,,industrial,,
way_1535167351,29.592563,77.2588738,INDUSTRIAL,,brickyard,,,industrial,,
way_1535190696,30.7396658,76.8118214,INDUSTRIAL,,,plant,solar,,,
way_1535293081,29.7270126,77.2695276,INDUSTRIAL,,brickyard,,,industrial,,
way_1535682279,28.3501344,76.0122765,INDUSTRIAL,,,,,industrial,,
way_1536314954,28.2761759,76.0840114,INDUSTRIAL,,,,,industrial,,
way_1536568148,29.8437554,77.3151145,INDUSTRIAL,,brickyard,,,industrial,,
way_1536568157,29.8469395,77.3169679,INDUSTRIAL,,brickyard,,,industrial,,
way_1536568158,29.8495777,77.3206733,INDUSTRIAL,,brickyard,,,industrial,,
way_1536568159,29.8496769,77.3227773,INDUSTRIAL,,brickyard,,,industrial,,
way_1536944617,28.3893199,76.168507,INDUSTRIAL,,brickyard,,,industrial,,
way_1536944618,28.386767,76.1655374,INDUSTRIAL,,brickyard,,,industrial,,
way_1537115349,28.3241378,77.3645141,INDUSTRIAL,Yash Blowers Private Limited,factory,,,industrial,,
way_1537202209,30.4547722,76.8016393,INDUSTRIAL,,,plant,solar,,,
way_1538562161,29.6405808,77.1726286,INDUSTRIAL,,brickyard,,,industrial,,
way_1539028162,28.3751877,76.2315756,INDUSTRIAL,,brickyard,,,industrial,,
way_1539122738,29.5912251,77.2565446,INDUSTRIAL,,brickyard,,,industrial,,
way_1539122786,29.5896464,77.2410711,INDUSTRIAL,,brickyard,,,industrial,,
way_1539122788,29.5920574,77.2421953,INDUSTRIAL,,brickyard,,,industrial,,
way_1539122821,29.5860559,77.2378523,INDUSTRIAL,,brickyard,,,industrial,,
way_1539122823,29.6040787,77.2343774,INDUSTRIAL,,brickyard,,,industrial,,
way_1539178909,29.608296,77.2405724,INDUSTRIAL,,brickyard,,,industrial,,
way_1539178934,29.6036685,77.273849,INDUSTRIAL,,brickyard,,,industrial,,
way_1539185184,29.6095134,77.3429028,INDUSTRIAL,,brickyard,,,industrial,,
way_1539229620,28.3860559,76.1919072,INDUSTRIAL,,brickyard,,,industrial,,
way_1539229621,28.3844805,76.1918817,INDUSTRIAL,,brickyard,,,industrial,,
way_1539464263,29.5362601,77.2652007,INDUSTRIAL,,brickyard,,,industrial,,
way_1540077621,28.2945315,76.0882125,INDUSTRIAL,,,plant,solar,,,
way_1540109748,29.9027766,77.3075106,INDUSTRIAL,,brickyard,,,industrial,,
way_1540336760,29.138268,77.2333832,INDUSTRIAL,,,,,industrial,,
way_1540728798,29.4944732,76.9264144,INDUSTRIAL,,,plant,solar,,,
way_1540728799,29.4952846,76.92635,INDUSTRIAL,,,plant,solar,,,
way_1540729593,30.5475455,77.1696264,INDUSTRIAL,,,plant,solar,,,
way_1540729886,28.7327737,76.8651782,INDUSTRIAL,,,plant,solar,,,
way_1540729919,30.2742084,76.8968537,INDUSTRIAL,,,plant,solar,,,
way_1540732501,28.4652192,75.5015351,INDUSTRIAL,,,plant,solar,,,
way_1541268906,27.4896704,83.3214613,INDUSTRIAL,,,,,industrial,,
way_1541290289,31.0590742,74.5016974,INDUSTRIAL,,,plant,solar,,,
way_1541290290,31.0585767,74.5019824,INDUSTRIAL,,,plant,solar,,,
way_1543948091,28.5312783,77.3453017,INDUSTRIAL,,concrete_plant,,,industrial,works,
way_1543948092,28.531673,77.3440451,INDUSTRIAL,,,,,industrial,,
way_1543948093,28.5299239,77.3452762,INDUSTRIAL,,,,,industrial,,
way_1543995910,28.4749083,77.212599,INDUSTRIAL,,,,,industrial,,
way_1544004340,28.4915224,77.1971673,INDUSTRIAL,,,,,industrial,,
way_1544088755,29.5394059,77.1885692,INDUSTRIAL,,,,,industrial,,
way_1544088767,29.5230941,77.2079104,INDUSTRIAL,,,,,industrial,,
way_1544088775,29.5352311,77.1962598,INDUSTRIAL,,,,,industrial,,
way_1544088792,29.5467347,77.1787389,INDUSTRIAL,,,,,industrial,,
way_1544098040,28.4365109,77.1999728,INDUSTRIAL,,,,,industrial,,
way_1544404863,26.8970639,75.4322498,INDUSTRIAL,Bharat Petroleum Corporation Limited Jobner Plant,oil,,,industrial,,
way_1544541931,29.7280007,77.273568,INDUSTRIAL,,,,,industrial,,
way_1544621569,28.6267163,77.2259313,INDUSTRIAL,,,,,industrial,,
way_1544649391,29.9576735,77.5177326,INDUSTRIAL,,brickyard,,,industrial,,
way_1544664955,29.9735522,77.6137231,INDUSTRIAL,,,,,industrial,,
way_1544664969,29.9830742,77.6229247,INDUSTRIAL,,,,,industrial,,
way_1544664974,29.968213,77.615266,INDUSTRIAL,,,,,industrial,,
way_1544808380,29.6696514,77.2674922,INDUSTRIAL,,brickyard,,,industrial,,
way_1544901680,29.9347391,77.3244844,INDUSTRIAL,,brickyard,,,industrial,,
way_1544901681,29.9333082,77.3220812,INDUSTRIAL,,brickyard,,,industrial,,
way_1544901682,29.93224,77.3228203,INDUSTRIAL,,brickyard,,,industrial,,
way_1544901685,29.9293766,77.3169005,INDUSTRIAL,,brickyard,,,industrial,,
way_1544901704,29.9714126,77.3718114,INDUSTRIAL,,brickyard,,,industrial,,
way_1544901708,29.9704416,77.3711186,INDUSTRIAL,,brickyard,,,industrial,,
way_1545160328,29.7335762,77.1522241,INDUSTRIAL,,,,,industrial,,
way_1545380757,31.2047509,76.1527472,INDUSTRIAL,,,,,industrial,,
way_1545387694,29.8886229,77.24755,INDUSTRIAL,,brickyard,,,industrial,,
way_1545387700,29.8875032,77.2848011,INDUSTRIAL,,brickyard,,,industrial,,
way_1545387701,29.9006501,77.2906077,INDUSTRIAL,,brickyard,,,industrial,,
way_1545529484,29.7785717,77.2247701,INDUSTRIAL,,brickyard,,,industrial,,
way_1545671922,29.5845346,77.1250361,INDUSTRIAL,,,,,industrial,,
way_1545709766,28.2771573,76.0765644,INDUSTRIAL,,,,,industrial,,
way_1545709767,28.2771372,76.0779773,INDUSTRIAL,,,,,industrial,,
way_1545709768,28.2762345,76.081148,INDUSTRIAL,,,,,industrial,,
way_1546012429,28.2943601,76.1828522,INDUSTRIAL,,,,,industrial,,
way_1546012431,28.2924832,76.1842365,INDUSTRIAL,,,,,industrial,,
way_1546012433,28.2915934,76.1873091,INDUSTRIAL,,,,,industrial,,
way_1546062120,29.4834114,77.2126279,INDUSTRIAL,,brickyard,,,industrial,,
way_1546129359,28.6708215,77.0502331,INDUSTRIAL,,,plant,solar,,,
way_1546129360,28.6713427,77.0502251,INDUSTRIAL,,,plant,solar,,,
way_1546129361,28.6718934,77.0502613,INDUSTRIAL,,,plant,solar,,,
way_1546129362,28.6694717,77.0501768,INDUSTRIAL,,,plant,solar,,,
way_1546160837,31.3335366,75.8112397,INDUSTRIAL,,,,,industrial,,
way_1546160838,31.3386991,75.8176996,INDUSTRIAL,,,,,industrial,,
way_1546160852,31.3618299,75.8195872,INDUSTRIAL,,,,,industrial,,
way_1546160853,31.3798324,75.8257715,INDUSTRIAL,,,,,industrial,,
way_1546279711,29.6602024,77.2693784,INDUSTRIAL,,brickyard,,,industrial,,
way_1546279723,29.6609273,77.2475862,INDUSTRIAL,,brickyard,,,industrial,,
way_1546423062,29.8737002,77.3252721,INDUSTRIAL,,,,,industrial,,
way_1546423112,29.8227089,77.3215082,INDUSTRIAL,,brickyard,,,industrial,,
way_1546963004,29.5891689,77.3235619,INDUSTRIAL,,brickyard,,,industrial,,
way_1546996923,29.4545942,77.3700448,INDUSTRIAL,,brickyard,,,industrial,,
way_1546996953,29.4235573,77.3673156,INDUSTRIAL,,brickyard,,,industrial,,
way_1546996955,29.4228709,77.3737296,INDUSTRIAL,,brickyard,,,industrial,,
way_1546996957,29.4393712,77.3651285,INDUSTRIAL,,brickyard,,,industrial,,
way_1546996958,29.4418093,77.3715068,INDUSTRIAL,,brickyard,,,industrial,,
way_1547063354,27.2002707,78.0522479,INDUSTRIAL,Nunhai Industrial Area,,,,industrial,,
way_1547515776,25.3095996,75.7215755,INDUSTRIAL,,,,,industrial,,
way_1547733914,29.6035289,77.2507184,INDUSTRIAL,,brickyard,,,industrial,,
way_1547741100,29.5997028,77.2690563,INDUSTRIAL,,brickyard,,,industrial,,
way_1547880525,29.5007466,77.3345373,INDUSTRIAL,,brickyard,,,industrial,,
way_1547880526,29.4967643,77.3474656,INDUSTRIAL,,brickyard,,,industrial,,
way_1547922930,29.8280357,77.2876448,INDUSTRIAL,,,,,industrial,,
way_1548854663,29.7136634,77.2779735,INDUSTRIAL,,,,,industrial,,
way_1549346568,30.4685638,77.119386,INDUSTRIAL,,,,,industrial,,
way_1549487329,29.2262293,77.1988152,INDUSTRIAL,,brickyard,,,industrial,,
way_1549487332,29.2164965,77.1939919,INDUSTRIAL,,brickyard,,,industrial,,
way_1549733389,26.6210768,80.1941932,INDUSTRIAL,Jai Bharat Ara Machine,sawmill,,,industrial,,
way_1550359576,29.5017554,76.9932958,INDUSTRIAL,,,,,industrial,,
way_1550359577,29.5031792,76.9929094,INDUSTRIAL,,,,,industrial,,
way_1550359579,29.5016297,76.9906767,INDUSTRIAL,,,,,industrial,,
way_1550359580,29.500981,76.9974026,INDUSTRIAL,,,,,industrial,,
way_1550359581,29.5108539,76.9987661,INDUSTRIAL,,,,,industrial,,
way_1550359582,29.4958517,77.0042726,INDUSTRIAL,,,,,industrial,,
way_1550359583,29.4947306,77.0033272,INDUSTRIAL,,brickyard,,,industrial,,
way_1550359584,29.494665,77.0021074,INDUSTRIAL,,,,,industrial,,
way_1550359586,29.4933368,77.0014199,INDUSTRIAL,,,,,industrial,,
way_1551182319,29.7874458,77.2674839,INDUSTRIAL,,,,,industrial,,
way_1551339530,27.8538714,82.4918344,INDUSTRIAL,,,,,industrial,,
way_1552239148,29.251592,82.382865,INDUSTRIAL,intake,,plant,hydro,industrial,,
way_1552638790,29.8583979,77.6238756,INDUSTRIAL,,brickyard,,,industrial,,
way_1552638791,29.8592509,77.6259486,INDUSTRIAL,,brickyard,,,industrial,,
way_1552701734,29.7696469,77.2626395,INDUSTRIAL,,,,,industrial,,
way_1552701754,29.7567431,77.2682654,INDUSTRIAL,,,,,industrial,,
way_1552906699,28.1016957,76.1679848,INDUSTRIAL,,brickyard,,,industrial,,
way_1553070684,29.4183869,77.2546169,INDUSTRIAL,,,,,industrial,,
way_1553070685,29.4190351,77.2466832,INDUSTRIAL,,brickyard,,,industrial,,
way_1553070696,29.4235432,77.2507919,INDUSTRIAL,,brickyard,,,industrial,,
way_1553070704,29.4156183,77.2563324,INDUSTRIAL,,,,,industrial,,
way_1553070711,29.4405722,77.2656734,INDUSTRIAL,,brickyard,,,industrial,,
way_1553210065,29.7597183,77.2697622,INDUSTRIAL,,,,,industrial,,
way_1553210066,29.7596608,77.2684957,INDUSTRIAL,,,,,industrial,,
way_1553210069,29.7648131,77.2650235,INDUSTRIAL,,,,,industrial,,
way_1553319589,28.1372462,76.2014975,INDUSTRIAL,,brickyard,,,industrial,,
relation_1952385,28.3736534,77.3105585,INDUSTRIAL,,,,,,works,
relation_3557809,28.7002464,77.1663749,INDUSTRIAL,Wazirpur Industrial Area,,,,industrial,,
relation_3594115,28.5094769,77.0868172,INDUSTRIAL,,,,,industrial,,
relation_3596105,28.4329279,77.0103299,INDUSTRIAL,Electronic Hardware and Technology Park,,,,industrial,,
relation_3596106,28.4301406,77.0150336,INDUSTRIAL,Infocity,,,,industrial,,
relation_3611269,28.4399386,77.0106741,INDUSTRIAL,Pace City I,,,,industrial,,
relation_3611270,28.4343883,76.999014,INDUSTRIAL,Pace CityII,,,,industrial,,
relation_3632692,28.36119,76.9201026,INDUSTRIAL,Sector 3,,,,industrial,,
relation_3632902,28.3685136,76.926732,INDUSTRIAL,Sector 5,,,,industrial,,
relation_3633262,28.3687386,76.9121491,INDUSTRIAL,Sector 4,,,,industrial,,
relation_3633263,28.376015,76.9122261,INDUSTRIAL,Sector 7,,,,industrial,,
relation_3633269,28.3746261,76.8917637,INDUSTRIAL,Sector 8,,,,industrial,,
relation_3633944,28.3658015,76.8914176,INDUSTRIAL,Sector 3A,,,,industrial,,
relation_3633979,28.3912793,76.8862508,INDUSTRIAL,Sector 10,,,,industrial,,
relation_3633980,28.3941709,76.9015961,INDUSTRIAL,Sector 12,,,,industrial,,
relation_3633981,28.399593,76.8865555,INDUSTRIAL,Sector 12,,,,industrial,,
relation_3633982,28.3832747,76.9015808,INDUSTRIAL,Sector 14,,,,industrial,,
relation_3633983,28.3831376,76.9168772,INDUSTRIAL,Sector 15,,,,industrial,,
relation_3633984,28.3835269,76.8861053,INDUSTRIAL,Sector 9,,,,industrial,,
relation_3633992,28.37738,76.8746228,INDUSTRIAL,Sector 11,,,,industrial,,
relation_3642999,28.3758203,76.9268069,INDUSTRIAL,Sector 6,,,,industrial,,
relation_3670761,28.5363861,77.2747696,INDUSTRIAL,Okhla Phase - II,,,,industrial,,
relation_3670762,28.5239495,77.2789585,INDUSTRIAL,Okhla Phase - I,,,,industrial,,
relation_3670763,28.5513728,77.2702101,INDUSTRIAL,Okhla Ph III,,,,industrial,,
relation_3682209,28.6421487,77.1386192,INDUSTRIAL,Ware Housing Scheme Block 2,,,,industrial,,
relation_3682210,28.6350575,77.1336651,INDUSTRIAL,Ware Housing Scheme Block 1,,,,industrial,,
relation_3682213,28.6503733,77.1463021,INDUSTRIAL,Kirti Nagar Indl Area,,,,industrial,,
relation_3682215,28.645765,77.142112,INDUSTRIAL,Ware Housing Scheme Furniture Block,,,,industrial,,
relation_3691012,28.6443658,77.1460198,INDUSTRIAL,Naraina Indl Area - II,,,,industrial,,
relation_3691013,28.6292902,77.1263231,INDUSTRIAL,Mayapuri Industrial Area 1,,,,industrial,,
relation_3691014,28.6320922,77.1370802,INDUSTRIAL,Naraina Indl Area - I,,,,industrial,,
relation_3691015,28.6397161,77.1415418,INDUSTRIAL,Naraina Loha Mandi,,,,industrial,,
relation_3691016,28.6181007,77.1172465,INDUSTRIAL,,,,,industrial,,
relation_3691319,28.6566131,77.142592,INDUSTRIAL,DLF Indl Area,,,,industrial,,
relation_3697143,28.680936,77.1470055,INDUSTRIAL,Doctor Lohia Industrial Area,,,,industrial,,
relation_3705424,28.6596707,77.153889,INDUSTRIAL,,,,,industrial,,
relation_3765045,28.6217239,77.336138,INDUSTRIAL,Intergrated Freight Complex,,,,industrial,,
relation_3807284,28.6208832,77.2874326,INDUSTRIAL,Patparganj Industrial Area,,,,industrial,,
relation_3808258,28.6407938,77.3104848,INDUSTRIAL,Patparganj Industrial Area,,,,industrial,,
relation_3864584,28.7894925,77.0462294,INDUSTRIAL,Sector 1,,,,industrial,,
relation_3864794,28.7976126,77.0500442,INDUSTRIAL,Sector 2,,,,industrial,,
relation_3864796,28.784374,77.0536024,INDUSTRIAL,Sector 3,,,,industrial,,
relation_3864797,28.7900352,77.0604895,INDUSTRIAL,Sector 4,,,,industrial,,
relation_3865998,28.8298188,77.1030301,INDUSTRIAL,Narela Industrial Complex,,,,industrial,,
relation_3865999,28.8248105,77.0880404,INDUSTRIAL,Sector G-1,,,,industrial,,
relation_3870005,28.6743842,77.3040002,INDUSTRIAL,Factory Area,,,,industrial,,
relation_3888947,28.7259063,77.1597362,INDUSTRIAL,Rajasthani Udyog Nagar,,,,industrial,,
relation_3892837,28.641595,77.1051056,INDUSTRIAL,Tilak Nagar Indl Area,,,,industrial,,
relation_3893712,28.6827141,77.0804916,INDUSTRIAL,DSIIDC Indl Complex,,,,industrial,,
relation_3893714,28.682021,77.0884803,INDUSTRIAL,Udyog Vihar,,,,industrial,,
relation_3895584,28.5121704,77.2938276,INDUSTRIAL,Mohan Co-op Indl Estate,,,,industrial,,
relation_3908085,28.6994146,77.1834245,INDUSTRIAL,GT Karnal Road Industrial Area,,,,industrial,,
relation_3911489,28.6481196,77.2044709,INDUSTRIAL,Flatted Factories,,,,industrial,,
relation_6278572,31.4102889,76.4316759,INDUSTRIAL,Bhakra Power station,,plant,hydro,,,Bhakra Beas Management Board
relation_6365208,28.204549,84.0102066,INDUSTRIAL,Pokhara Industrial Estate,,,,industrial,,
relation_8321894,26.9144501,81.0589921,INDUSTRIAL,Tata Motors,,,,industrial,,
relation_10721565,29.0250031,79.6928832,INDUSTRIAL,,,,,,works,
relation_10725871,27.966856,76.3753263,INDUSTRIAL,,,,,,works,
relation_11645093,28.2169717,76.850504,INDUSTRIAL,,,,,industrial,,
relation_11645094,28.1472405,76.8847838,INDUSTRIAL,,,,,industrial,,
relation_11888810,30.2139997,74.7500364,INDUSTRIAL,Sardargarh,,plant,solar,,,
relation_11889298,29.9581286,74.5070618,INDUSTRIAL,Bheeti Wala,,plant,solar,,,
relation_11889299,30.065338,74.6647462,INDUSTRIAL,Badal,,plant,solar,,,
relation_11890387,29.8192021,75.5755224,INDUSTRIAL,Sher Khan Wala,,plant,solar,,,
relation_11890388,29.8019848,75.5206673,INDUSTRIAL,Gami Wala,,plant,solar,,,
relation_11890389,29.7936998,75.5205586,INDUSTRIAL,Hakamwala,,plant,solar,,,
relation_11891532,29.9869413,74.7530526,INDUSTRIAL,Pathrala,,plant,solar,,,
relation_11891893,29.858282,75.8066578,INDUSTRIAL,Bakhora Kalan,,plant,solar,,,
relation_11898136,23.9433165,76.0341662,INDUSTRIAL,Project Susner,,plant,solar,,,Ujjas Energy Limited
relation_11898393,24.0279848,75.3369858,INDUSTRIAL,Sitamau,,plant,solar,,,
relation_11898752,23.8497981,75.8016997,INDUSTRIAL,Rajkot Solar,,plant,solar,,,
relation_11899148,23.8275156,75.899465,INDUSTRIAL,Khamkhera,,plant,solar,,,
relation_11899948,23.9696664,76.7273441,INDUSTRIAL,Rajgarh,,plant,solar,,,
relation_12233008,29.917502,77.7521995,INDUSTRIAL,Project Haridwar 3,,plant,solar,industrial,,Rays Power Infra
relation_12471119,29.0457477,77.070846,INDUSTRIAL,,,,,industrial,,
relation_12609358,27.1155464,84.9562121,INDUSTRIAL,,,,,industrial,,
relation_13114753,26.504426,81.5519728,INDUSTRIAL,,,,,industrial,,
relation_13171013,25.0609216,82.2923747,INDUSTRIAL,Mehrauni,,plant,solar,,,
relation_13232788,29.0476124,79.2188823,INDUSTRIAL,,,plant,solar,,,
relation_13446096,28.3653071,76.8982754,INDUSTRIAL,,,plant,solar,,,
relation_13446097,28.5409398,77.0843188,INDUSTRIAL,,,plant,solar,,,
relation_13469917,30.7498454,76.7287443,INDUSTRIAL,,,plant,solar,,,
relation_13485783,24.5968702,84.6872695,INDUSTRIAL,Sawkala Solar Plant,,plant,solar,industrial,,
relation_14263822,28.2016801,77.329376,INDUSTRIAL,,,,,industrial,container_terminal,
relation_14386705,28.5282748,77.5377988,INDUSTRIAL,CONCOR,,,,industrial,container_terminal,
relation_14387900,28.5354118,77.5310942,INDUSTRIAL,,,,,industrial,,
relation_14450073,24.191539,82.808532,INDUSTRIAL,Anpara Power Plant,,,,industrial,,
relation_15834488,26.7267021,84.2306703,INDUSTRIAL,The United Provinces Sugar Company Limited,sugar_refinery,,,industrial,works,
relation_15906286,29.1148251,77.0306718,INDUSTRIAL,,,,,,works,
relation_16397366,24.4858533,84.8387309,INDUSTRIAL,,,plant,solar,industrial,,
relation_17236628,24.2052009,82.79754,INDUSTRIAL,Anpara-C Power Plant,,plant,coal,industrial,,LANCO Group
relation_17236629,24.2000135,82.7941371,INDUSTRIAL,Anpara Thermal Power Station,,plant,coal,industrial,,Uttar Pradesh Rajya Vidyut Utpadan Nigam Ltd
relation_17330495,25.8457335,74.7556312,INDUSTRIAL,Agucha Mine,,plant,solar,,,
relation_17341137,24.4727531,81.5768894,INDUSTRIAL,Rewa Ultra Mega Solar,,plant,solar,industrial,,
relation_17359633,25.5314244,77.6217219,INDUSTRIAL,,,plant,solar,industrial,,
relation_17387805,26.0554609,77.3305303,INDUSTRIAL,Ladpura,,plant,solar,,,
relation_17400959,25.299178,81.2182835,INDUSTRIAL,,,plant,solar,,,
relation_17642524,27.1509861,84.3317458,INDUSTRIAL,,,,,industrial,,
relation_17749550,29.3171571,76.9803124,INDUSTRIAL,,,plant,solar,,,
relation_19830068,28.1794004,81.7606804,INDUSTRIAL,,,,,industrial,,
relation_20054210,30.8788385,76.3443764,INDUSTRIAL,,brickyard,,,industrial,,
