osm_id,latitude,longitude,source_type,name,industrial,power,plant_source,landuse,man_made,operator
node_1894140780,27.1059398,76.2453629,MINING,Dagota,,,,,mineshaft,
node_4008695799,28.0722172,84.0678502,MINING,,,,,quarry,,
node_4879093078,25.8307441,75.2647537,MINING,,,,,quarry,,
node_4894025134,24.8750326,84.1564784,MINING,Katar Balu Ghat,,,,quarry,,
node_5377516416,28.0678196,81.6308601,MINING,Arya Farme,,,,,mineshaft,
node_6261128419,27.5779865,83.6999854,MINING,Shrijana tole,,,,,adit,
node_6837300903,28.2858142,83.7837188,MINING,,,,,,mineshaft,Bishnu Sunar
node_6901961040,28.2820407,83.8345436,MINING,Aaran,,,,,mineshaft,Bhairam Sunar
node_6907751251,28.2697131,83.8161839,MINING,Aaran,,,,,mineshaft,Lal Bahadur
node_8344625434,31.3581099,83.9518545,MINING,Zabuye Lithium Mine,,,,quarry,,
node_9175996341,29.1465403,79.4769342,MINING,,,,,quarry,,
node_10833882474,28.2713458,84.5328503,MINING,,,,,,adit,
node_11261980945,27.5160227,83.567064,MINING,,,,,quarry,,
node_13321539784,28.9527693,82.2510927,MINING,dhaukhani,,,,quarry,,
node_14019284866,28.8357065,77.0164127,MINING,,,,,,mineshaft,
way_34264322,28.3177422,77.1749103,MINING,,,,,quarry,,
way_94527538,26.0660161,83.7078911,MINING,,,,,quarry,,
way_94580942,26.0640902,83.7057952,MINING,,,,,quarry,,
way_95392746,26.0801161,83.6978475,MINING,,,,,quarry,,
way_95459503,26.0679079,83.6780325,MINING,,,,,quarry,,
way_95459511,26.0710354,83.6749438,MINING,,,,,quarry,,
way_95459531,26.0681102,83.6770656,MINING,,,,,quarry,,
way_95459823,26.0664513,83.6900981,MINING,,,,,quarry,,
way_95459939,26.0669097,83.6778704,MINING,,,,,quarry,,
way_95460024,26.0680811,83.6805488,MINING,,,,,quarry,,
way_95460037,26.0693343,83.6688223,MINING,,,,,quarry,,
way_95685685,26.0653607,83.674117,MINING,,,,,quarry,,
way_95685695,26.0658812,83.6729159,MINING,,,,,quarry,,
way_95685721,26.0644567,83.6738088,MINING,,,,,quarry,,
way_101848556,24.6299525,80.8928569,MINING,,,,,quarry,,
way_119157175,23.9752435,80.4568374,MINING,,,,,quarry,,
way_119157176,23.8141854,80.3862699,MINING,,,,,quarry,,
way_119221867,24.6548319,83.979288,MINING,,,,,quarry,,
way_119221868,24.6887302,83.991884,MINING,,,,,quarry,,
way_119238615,23.990982,79.3837765,MINING,,,,,quarry,,
way_120223185,25.4604763,78.6706218,MINING,,,,,quarry,,
way_120223188,25.420271,78.6600333,MINING,,,,,quarry,,
way_134518627,24.4072544,83.5946701,MINING,,,,,quarry,,
way_134518628,24.4642718,83.0303999,MINING,,,,,quarry,,
way_134518629,24.4775122,83.0127461,MINING,,,,,quarry,,
way_136505868,24.6014166,83.9082992,MINING,,,,,quarry,,
way_148585007,28.8843311,75.8493924,MINING,,,,,quarry,,
way_148585013,28.9020834,75.8632738,MINING,,,,,quarry,,
way_164499472,24.1462405,80.832274,MINING,,,,,quarry,,
way_164499473,24.1726439,80.8533928,MINING,,,,,quarry,,
way_168237664,31.249236,76.966685,MINING,Darlaghat Mines,,,,quarry,,
way_194637144,23.8074676,84.8444327,MINING,Tetariakhar Coal Mine,,,,quarry,,Central Coalfields Limited (CCL)
way_196365367,27.0218283,74.6892428,MINING,,,,,quarry,,
way_196365369,27.0264879,74.711289,MINING,,,,,quarry,,
way_196527355,24.1314886,82.7091016,MINING,Khadia Mine,,,,quarry,,Northern Coalfields Limited
way_196935284,24.1543911,82.747596,MINING,Bina Mine,,,,quarry,,Northern Coalfields Limited
way_197159959,24.1350937,82.5950458,MINING,Amlohri Coal Mine,,,,quarry,,Northern Coalfields Limited
way_197159960,24.1516215,82.68892,MINING,Dudhichua Mine,,,,quarry,,Northern Coalfields Limited
way_197159969,24.1626618,82.6553734,MINING,Jayant Mine,,,,quarry,,Northern Coalfields Limited
way_197159970,24.2069431,82.7143995,MINING,Jhingurdah Mine,,,,quarry,,Northern Coalfields Limited
way_197159971,24.1768542,82.7512667,MINING,Kakri Mine,,,,quarry,,Northern Coalfields Limited
way_197159973,24.1478775,82.6185769,MINING,Nigahi Mine,,,,quarry,,Northern Coalfields Limited
way_198048693,25.450905,78.5047119,MINING,,,,,quarry,,
way_203111507,28.2826599,77.0153863,MINING,,,,,quarry,,
way_203111517,28.259142,77.0189689,MINING,,,,,quarry,,
way_203151422,24.0867663,80.6623346,MINING,,,,,quarry,,
way_203151424,23.9849756,80.8518862,MINING,,,,,quarry,,
way_203151425,24.0129427,80.530341,MINING,,,,,quarry,,
way_203151426,24.150851,80.8103484,MINING,,,,,quarry,,
way_203151427,24.0594834,80.621968,MINING,,,,,quarry,,
way_203151428,24.1134238,80.7344055,MINING,,,,,quarry,,
way_203151429,24.1331039,80.7676223,MINING,,,,,quarry,,
way_233783926,28.1589174,84.0269363,MINING,,,,,quarry,,
way_234248853,27.524583,84.8082494,MINING,,,,,quarry,,
way_234302073,27.4732785,84.8798051,MINING,,,,,quarry,,
way_234430198,27.4584267,84.9211218,MINING,,,,,quarry,,
way_234430202,27.4601365,84.9123162,MINING,,,,,quarry,,
way_263194165,27.0115632,75.7162768,MINING,,,,,quarry,,
way_293960882,30.2485752,77.5014738,MINING,,,,,quarry,,
way_301548780,28.6657925,80.5960264,MINING,,,,,quarry,,
way_301550873,28.6667059,80.5915135,MINING,,,,,quarry,,
way_301553682,28.6900847,80.5942325,MINING,,,,,quarry,,
way_301553683,28.6862534,80.5930802,MINING,,,,,quarry,,
way_305231234,31.372805,76.1642119,MINING,,,,,quarry,,
way_305259886,31.3362171,76.9008594,MINING,,,,,quarry,,
way_305259887,31.3977605,76.8461016,MINING,,,,,quarry,,
way_319619331,26.4207546,74.7206313,MINING,,,,,quarry,,
way_322354222,29.5675725,75.5449025,MINING,,,,,quarry,,
way_323885658,24.5984092,83.8723925,MINING,,,,,quarry,,
way_323885660,24.6042446,83.8596076,MINING,,,,,quarry,,
way_323885661,24.5941511,83.8864129,MINING,,,,,quarry,,
way_323885662,24.6119078,83.9227092,MINING,,,,,quarry,,
way_323929317,24.5588004,83.7394705,MINING,,,,,quarry,,
way_323929318,24.6393729,83.9514759,MINING,,,,,quarry,,
way_328865564,27.7684223,83.523572,MINING,,,,,quarry,,
way_336976244,24.6744758,84.3041896,MINING,,,,,quarry,,
way_336976245,24.6752463,84.3040067,MINING,,,,,quarry,,
way_340716204,27.9793914,84.5237343,MINING,,,,,quarry,,
way_341129125,27.9679517,84.2650189,MINING,,,,,quarry,,
way_342010533,27.9309979,84.4061027,MINING,,,,,quarry,,
way_342010534,27.932457,84.406827,MINING,,,,,quarry,,
way_342559634,27.308795,84.9988286,MINING,,,,,quarry,,
way_344855236,27.5742949,84.3119741,MINING,,,,,quarry,,
way_347639279,27.8762758,83.3895855,MINING,,,,,quarry,,
way_349626671,27.9943458,83.1280813,MINING,,,,,quarry,,
way_354695517,27.6710443,84.2022491,MINING,,,,,quarry,,
way_354695520,27.6699913,84.2001409,MINING,,,,,quarry,,
way_354695522,27.6777023,84.2010212,MINING,,,,,quarry,,
way_356298330,28.3436123,83.5239214,MINING,,,,,quarry,,
way_357161176,24.5747035,84.7302279,MINING,,,,,quarry,,
way_361255039,29.6116584,75.7034278,MINING,,,,,quarry,,
way_361255057,29.614315,75.6970401,MINING,,,,,quarry,,
way_362293022,29.6139273,75.5615264,MINING,,,,,quarry,,
way_362845244,29.5550883,75.4814026,MINING,,,,,quarry,,
way_363767143,29.5381673,75.7392027,MINING,,,,,quarry,,
way_363767152,29.5368487,75.7329521,MINING,,,,,quarry,,
way_363767157,29.5558752,75.8138247,MINING,,,,,quarry,,
way_363767158,29.5378722,75.7322743,MINING,,,,,quarry,,
way_363908425,29.5708113,75.7507564,MINING,,,,,quarry,,
way_363959002,29.5630175,75.7780628,MINING,,,,,quarry,,
way_363959021,29.5679533,75.7733212,MINING,,,,,quarry,,
way_363959025,29.5627405,75.7763379,MINING,,,,,quarry,,
way_364208247,29.6108871,75.7862664,MINING,,,,,quarry,,
way_364208249,29.5972657,75.7896154,MINING,,,,,quarry,,
way_364208250,29.6103472,75.7995408,MINING,,,,,quarry,,
way_364208252,29.6016732,75.7830818,MINING,,,,,quarry,,
way_364208254,29.6009778,75.7876103,MINING,,,,,quarry,,
way_365619620,24.5663422,74.8426532,MINING,,,,,quarry,,
way_375890695,27.0321513,75.7770497,MINING,,,,,quarry,,
way_380404859,27.5225538,76.5982792,MINING,,,,,quarry,,
way_380404871,27.5173967,76.5970239,MINING,,,,,quarry,,
way_380404886,27.4783018,76.5768322,MINING,,,,,quarry,,
way_384560110,27.0178491,75.9034571,MINING,,,,,quarry,,
way_386782980,27.136203,75.9172322,MINING,,,,,quarry,,
way_393922535,30.76401,81.2803394,MINING,,,,,quarry,,
way_396531037,26.9203851,75.403632,MINING,,,,,quarry,,
way_401835207,27.5543273,83.5175014,MINING,,,,,quarry,,
way_401835208,27.5127156,83.3754703,MINING,,,,,quarry,,
way_401835213,27.5163766,83.4094137,MINING,,,,,quarry,,
way_401835219,27.5617285,83.5239145,MINING,,,,,quarry,,
way_401835220,27.5604707,83.521192,MINING,,,,,quarry,,
way_401835221,27.5540277,83.5160944,MINING,,,,,quarry,,
way_401835222,27.5521081,83.512794,MINING,,,,,quarry,,
way_401835225,27.5536829,83.5121824,MINING,,,,,quarry,,
way_401835226,27.5168928,83.4080048,MINING,,,,,quarry,,
way_401835227,27.5113352,83.3765465,MINING,,,,,quarry,,
way_401835232,27.5196361,83.4114012,MINING,,,,,quarry,,
way_401835234,27.5676455,83.4119829,MINING,,,,,quarry,,
way_401835235,27.5561334,83.5160422,MINING,,,,,quarry,,
way_401835236,27.5674006,83.4091512,MINING,,,,,quarry,,
way_401835237,27.5242668,83.4202095,MINING,,,,,quarry,,
way_401835239,27.5598976,83.5220128,MINING,,,,,quarry,,
way_401835240,27.508331,83.4701522,MINING,,,,,quarry,,
way_401835242,27.5638352,83.5232841,MINING,,,,,quarry,,
way_401835245,27.5428006,83.5263928,MINING,,,,,quarry,,
way_401835247,27.5240503,83.4247342,MINING,,,,,quarry,,
way_401835248,27.5609961,83.5237374,MINING,,,,,quarry,,
way_401835253,27.5523619,83.5155218,MINING,,,,,quarry,,
way_401835254,27.5067053,83.4696936,MINING,,,,,quarry,,
way_401835257,27.506296,83.4677382,MINING,,,,,quarry,,
way_401842386,27.4853724,83.3978017,MINING,,,,,quarry,,
way_401845834,27.4858715,83.3947963,MINING,,,,,quarry,,
way_401850951,27.5019852,83.3966668,MINING,,,,,quarry,,
way_401850952,27.4971306,83.3938615,MINING,,,,,quarry,,
way_401850958,27.5197484,83.418163,MINING,,,,,quarry,,
way_401850963,27.5008063,83.394282,MINING,,,,,quarry,,
way_401850967,27.4847758,83.3951464,MINING,,,,,quarry,,
way_401850968,27.4842838,83.39575,MINING,,,,,quarry,,
way_401850973,27.5194344,83.4163525,MINING,,,,,quarry,,
way_401854851,27.4457391,83.4023452,MINING,,,,,quarry,,
way_401854853,27.5063316,83.3579716,MINING,,,,,quarry,,
way_401854854,27.4700204,83.3975493,MINING,,,,,quarry,,
way_401854855,27.5087497,83.3588003,MINING,,,,,quarry,,
way_401967931,27.4767919,83.3358233,MINING,,,,,quarry,,
way_401967935,27.4771347,83.3343776,MINING,,,,,quarry,,
way_401967937,27.5092682,83.3283144,MINING,,,,,quarry,,
way_401967938,27.4781984,83.3353566,MINING,,,,,quarry,,
way_401967939,27.509562,83.3316257,MINING,,,,,quarry,,
way_401967941,27.5105897,83.3281549,MINING,,,,,quarry,,
way_401967942,27.5118137,83.3294812,MINING,,,,,quarry,,
way_401975951,27.6131696,83.3524078,MINING,,,,,quarry,,
way_401975953,27.6125409,83.3552657,MINING,,,,,quarry,,
way_401975954,27.6139372,83.3566457,MINING,,,,,quarry,,
way_401998391,27.6044122,83.4093886,MINING,,,,,quarry,,
way_401998394,27.5896568,83.3556975,MINING,,,,,quarry,,
way_401998399,27.6311156,83.4188367,MINING,,,,,quarry,,
way_401998400,27.6238689,83.4190607,MINING,,,,,quarry,,
way_401998403,27.5912161,83.3571312,MINING,,,,,quarry,,
way_401998406,27.6316183,83.4182547,MINING,,,,,quarry,,
way_401998409,27.6051027,83.4069814,MINING,,,,,quarry,,
way_401998410,27.5914693,83.3558987,MINING,,,,,quarry,,
way_401998411,27.6253417,83.4188387,MINING,,,,,quarry,,
way_401998412,27.6299489,83.4173508,MINING,,,,,quarry,,
way_401998415,27.6060012,83.4086926,MINING,,,,,quarry,,
way_401998418,27.5914087,83.3548125,MINING,,,,,quarry,,
way_401998423,27.6053862,83.4085565,MINING,,,,,quarry,,
way_401998426,27.6248789,83.4159772,MINING,,,,,quarry,,
way_402032461,27.6828038,83.3561796,MINING,,,,,quarry,,
way_402032463,27.6868149,83.3314401,MINING,,,,,quarry,,
way_402032464,27.680513,83.3538058,MINING,,,,,quarry,,
way_402032467,27.6876289,83.331176,MINING,,,,,quarry,,
way_402032469,27.6837206,83.3241845,MINING,,,,,quarry,,
way_402032470,27.6819155,83.3543328,MINING,,,,,quarry,,
way_402032471,27.684474,83.3311432,MINING,,,,,quarry,,
way_403529193,27.5069131,83.2265165,MINING,,,,,quarry,,
way_403546126,27.5988409,83.5534488,MINING,,,,,quarry,,
way_403546128,27.5953313,83.5335985,MINING,,,,,quarry,,
way_403660778,27.6287034,83.5893126,MINING,,,,,quarry,,
way_403881414,27.5564009,83.5891358,MINING,,,,,quarry,,
way_403881416,27.5540571,83.5161103,MINING,,,,,quarry,,
way_403881421,27.5808645,83.5436993,MINING,,,,,quarry,,
way_403881428,27.5521541,83.5128045,MINING,,,,,quarry,,
way_403881434,27.5536769,83.5121878,MINING,,,,,quarry,,
way_403881444,27.5489235,83.558854,MINING,,,,,quarry,,
way_403881446,27.5561691,83.5160273,MINING,,,,,quarry,,
way_403881449,27.5561102,83.5876861,MINING,,,,,quarry,,
way_403881450,27.578244,83.5428868,MINING,,,,,quarry,,
way_403881455,27.5543346,83.5175302,MINING,,,,,quarry,,
way_403881461,27.5507061,83.5602681,MINING,,,,,quarry,,
way_403881465,27.5550614,83.5894237,MINING,,,,,quarry,,
way_403881469,27.5517386,83.5578327,MINING,,,,,quarry,,
way_404058311,27.5935662,83.4194173,MINING,,,,,quarry,,
way_404058313,27.6135903,83.4348899,MINING,,,,,quarry,,
way_404058315,27.5715902,83.411635,MINING,,,,,quarry,,
way_404058318,27.6436017,83.4510058,MINING,क्रसर,,,,quarry,,
way_404058320,27.58817,83.4235945,MINING,,,,,quarry,,
way_404058323,27.6280137,83.4399116,MINING,,,,,quarry,,
way_404058324,27.6158986,83.4347399,MINING,,,,,quarry,,
way_404058332,27.5904909,83.4189947,MINING,,,,,quarry,,
way_404058333,27.5912848,83.4242332,MINING,,,,,quarry,,
way_404058335,27.6299933,83.4198248,MINING,,,,,quarry,,
way_404058338,27.6316535,83.4417126,MINING,,,,,quarry,,
way_404075048,27.5862924,83.4622413,MINING,,,,,quarry,,
way_404097089,27.5781295,83.456989,MINING,,,,,quarry,,
way_404477070,27.4914041,83.7195914,MINING,,,,,quarry,,
way_404698442,27.5626966,83.6735713,MINING,,,,,quarry,,
way_404698443,27.5605127,83.6741951,MINING,,,,,quarry,,
way_404984048,27.8578173,82.5555641,MINING,,,,,quarry,,
way_404984049,27.8572154,82.5538528,MINING,,,,,quarry,,
way_404984050,27.857961,82.5519169,MINING,,,,,quarry,,
way_404984051,27.8548336,82.5432396,MINING,,,,,quarry,,
way_404985689,27.8561828,82.5767958,MINING,,,,,quarry,,
way_404985690,27.8667935,82.5717931,MINING,,,,,quarry,,
way_405011304,27.5470484,83.6678973,MINING,,,,,quarry,,
way_405011307,27.5434271,83.59447,MINING,,,,,quarry,,
way_405011312,27.4948211,83.5444786,MINING,,,,,quarry,,
way_405011313,27.4909188,83.5495978,MINING,,,,,quarry,,
way_405011317,27.517098,83.5670311,MINING,,,,,quarry,,
way_405011321,27.4905216,83.5501352,MINING,,,,,quarry,,
way_405011327,27.547537,83.666511,MINING,,,,,quarry,,
way_405011335,27.5460941,83.6669187,MINING,,,,,quarry,,
way_405011340,27.5025402,83.5698868,MINING,,,,,quarry,,
way_405011344,27.5157547,83.5674284,MINING,,,,,quarry,,
way_405011348,27.5019075,83.5718059,MINING,,,,,quarry,,
way_405011349,27.5445868,83.5947325,MINING,,,,,quarry,,
way_405011352,27.4889367,83.5495015,MINING,,,,,quarry,,
way_405011354,27.5199232,83.5688477,MINING,,,,,quarry,,
way_405011356,27.5054019,83.5884998,MINING,,,,,quarry,,
way_405011357,27.5489962,83.6664832,MINING,,,,,quarry,,
way_405011359,27.5161413,83.563332,MINING,,,,,quarry,,
way_405011361,27.5197816,83.5671808,MINING,,,,,quarry,,
way_405011363,27.5159696,83.5620455,MINING,,,,,quarry,,
way_405011368,27.5425764,83.5942457,MINING,,,,,quarry,,
way_405011371,27.5444868,83.5961205,MINING,,,,,quarry,,
way_405030312,27.5546421,83.6905837,MINING,,,,,quarry,,
way_405030317,27.5570663,83.68862,MINING,,,,,quarry,,
way_405030319,27.5552669,83.6926076,MINING,,,,,quarry,,
way_416377975,24.697111,76.0123766,MINING,,,,,quarry,,
way_416377976,24.6314617,76.0011649,MINING,,,,,quarry,,
way_416377977,24.7160311,75.9405685,MINING,,,,,quarry,,
way_416377978,24.6317402,76.0439515,MINING,,,,,quarry,,
way_416377979,24.7557014,75.9930862,MINING,,,,,quarry,,
way_428313265,29.3930889,75.7985443,MINING,,,,,quarry,,
way_428330204,29.4194191,75.8152787,MINING,,,,,quarry,,
way_428330205,29.4167042,75.815604,MINING,,,,,quarry,,
way_428330211,29.4197516,75.8080358,MINING,,,,,quarry,,
way_428330212,29.420573,75.8066478,MINING,,,,,quarry,,
way_428341610,29.4228871,75.8249167,MINING,,,,,quarry,,
way_428341612,29.4212866,75.8246023,MINING,,,,,quarry,,
way_434450103,27.0781007,84.6948548,MINING,,,,,quarry,,
way_434450106,27.0794189,84.6952826,MINING,,,,,quarry,,
way_434450108,27.0798608,84.6976255,MINING,,,,,quarry,,
way_434450110,27.0415802,84.6632965,MINING,,,,,quarry,,
way_434450112,27.0795921,84.6963395,MINING,,,,,quarry,,
way_434450113,27.040329,84.6631508,MINING,,,,,quarry,,
way_434450116,27.0787479,84.6980333,MINING,,,,,quarry,,
way_434450117,27.0398654,84.6623142,MINING,,,,,quarry,,
way_434450119,27.0779474,84.6963485,MINING,,,,,quarry,,
way_434923745,27.0885905,84.6959679,MINING,,,,,quarry,,
way_434923751,27.0860788,84.697321,MINING,,,,,quarry,,
way_434923752,27.0872158,84.696094,MINING,,,,,quarry,,
way_435005067,27.1344006,84.7089467,MINING,,,,,quarry,,
way_435005073,27.1358973,84.7109308,MINING,,,,,quarry,,
way_435005077,27.1360167,84.7078801,MINING,,,,,quarry,,
way_435025125,27.0525225,84.7492859,MINING,,,,,quarry,,
way_435025127,27.0525557,84.7505643,MINING,,,,,quarry,,
way_438989417,27.0514427,84.7668622,MINING,,,,,quarry,,
way_438989423,27.045856,84.7688667,MINING,,,,,quarry,,
way_439383996,27.113627,84.7204756,MINING,,,,,quarry,,
way_446909093,27.1142753,84.7551503,MINING,,,,,quarry,,
way_446909094,27.1167678,84.7541083,MINING,,,,,quarry,,
way_446909096,27.1139363,84.7546112,MINING,,,,,quarry,,
way_446909097,27.1155598,84.753077,MINING,,,,,quarry,,
way_446909099,27.1153485,84.7555217,MINING,,,,,quarry,,
way_446962303,27.1173981,84.7775765,MINING,,,,,quarry,,
way_446962306,27.1073231,84.7015816,MINING,,,,,quarry,,
way_446962308,27.1159495,84.7790615,MINING,,,,,quarry,,
way_446962311,27.1085206,84.7011833,MINING,,,,,quarry,,
way_447028403,27.0880316,84.813914,MINING,,,,,quarry,,
way_447028408,27.0875315,84.8161244,MINING,,,,,quarry,,
way_447028413,27.0876651,84.8102126,MINING,,,,,quarry,,
way_447070009,27.0989117,84.8622638,MINING,,,,,quarry,,
way_447070010,27.0950874,84.8534417,MINING,,,,,quarry,,
way_447551690,27.0490752,84.8516212,MINING,,,,,quarry,,
way_447570946,27.127645,84.8294387,MINING,,,,,quarry,,
way_447570948,27.1256881,84.8304562,MINING,,,,,quarry,,
way_447570955,27.1278347,84.8308938,MINING,,,,,quarry,,
way_454486482,23.7547252,77.7726781,MINING,,,,,quarry,,
way_454486483,23.7500264,77.7289672,MINING,,,,,quarry,,
way_454486484,23.7497539,77.7205585,MINING,,,,,quarry,,
way_456185114,28.0143682,78.1009904,MINING,,,,,quarry,,
way_457625693,27.0050271,77.3373609,MINING,,,,,quarry,,
way_457646357,26.9679876,77.6490394,MINING,,,,,quarry,,
way_457646363,26.9250549,77.5797204,MINING,,,,,quarry,,
way_457661724,27.0102333,77.5257265,MINING,,,,,quarry,,
way_457661777,26.9719086,77.45776,MINING,,,,,quarry,,
way_465265817,28.683841,74.581827,MINING,,,,,quarry,,
way_465279758,28.6806199,74.56876,MINING,,,,,quarry,,
way_465380802,28.6861306,74.5664269,MINING,,,,,quarry,,
way_465380803,28.6863147,74.5659562,MINING,,,,,quarry,,
way_465380804,28.6863988,74.5666985,MINING,,,,,quarry,,
way_465380806,28.6872632,74.5590811,MINING,,,,,quarry,,
way_465380809,28.6868547,74.5649933,MINING,,,,,quarry,,
way_465380810,28.685957,74.5642115,MINING,,,,,quarry,,
way_465454461,28.6660156,74.5422539,MINING,,,,,quarry,,
way_465524796,28.6705112,74.5379221,MINING,,,,,quarry,,
way_465524799,28.6702783,74.5393664,MINING,,,,,quarry,,
way_465524801,28.6687374,74.5412232,MINING,,,,,quarry,,
way_465531063,28.6650787,74.5547568,MINING,,,,,quarry,,
way_465709123,28.6709011,74.5364052,MINING,,,,,quarry,,
way_465866727,28.6531578,74.5533193,MINING,,,,,quarry,,
way_465866733,28.6618386,74.5577503,MINING,,,,,quarry,,
way_465866737,28.6528419,74.5506109,MINING,,,,,quarry,,
way_465866739,28.6541841,74.5550882,MINING,,,,,quarry,,
way_465866752,28.6649435,74.5562081,MINING,,,,,quarry,,
way_465866753,28.6623981,74.5576772,MINING,,,,,quarry,,
way_465866755,28.6631054,74.5573681,MINING,,,,,quarry,,
way_465866757,28.6551774,74.5570718,MINING,,,,,quarry,,
way_465887723,28.6606771,74.5580967,MINING,,,,,quarry,,
way_465887739,28.6512913,74.5550202,MINING,,,,,quarry,,
way_465887740,28.6481113,74.5549477,MINING,,,,,quarry,,
way_465887766,28.6538939,74.5583286,MINING,,,,,quarry,,
way_465887772,28.6519312,74.5570654,MINING,,,,,quarry,,
way_465887792,28.6588172,74.5600151,MINING,,,,,quarry,,
way_465887796,28.6606083,74.5591448,MINING,,,,,quarry,,
way_476951422,25.0407,83.0016826,MINING,,,,,quarry,,
way_476951423,25.0369499,83.0019567,MINING,,,,,quarry,,
way_476951424,25.0448725,83.0049298,MINING,,,,,quarry,,
way_476951425,25.0537926,82.996022,MINING,,,,,quarry,,
way_476951426,25.0440882,82.9784537,MINING,,,,,quarry,,
way_476951436,25.0646027,82.9978477,MINING,,,,,quarry,,
way_487520499,27.2663313,80.2261339,MINING,,,,,quarry,,
way_487772881,28.3314559,79.5072452,MINING,,,,,quarry,,
way_487772889,28.3329976,79.4943995,MINING,,,,,quarry,,
way_487772892,28.3289981,79.4992998,MINING,,,,,quarry,,
way_487772893,28.3330306,79.5020116,MINING,,,,,quarry,,
way_487772894,28.333033,79.4998255,MINING,,,,,quarry,,
way_487772910,28.2993165,79.5210336,MINING,,,,,quarry,,
way_487812201,28.2453537,79.4411937,MINING,,,,,quarry,,
way_488016485,28.3141728,79.5909084,MINING,,,,,quarry,,
way_488116509,28.2258278,79.5343139,MINING,,,,,quarry,,
way_488116510,28.2248258,79.5321575,MINING,,,,,quarry,,
way_488116511,28.2214733,79.5337936,MINING,,,,,quarry,,
way_488116512,28.2189105,79.5306501,MINING,,,,,quarry,,
way_488116513,28.2355995,79.5196236,MINING,,,,,quarry,,
way_488116514,28.2359681,79.5179256,MINING,,,,,quarry,,
way_488116515,28.234926,79.5161179,MINING,,,,,quarry,,
way_488116516,28.232603,79.5186097,MINING,,,,,quarry,,
way_488116517,28.23175,79.5171371,MINING,,,,,quarry,,
way_488116518,28.2303109,79.5172953,MINING,,,,,quarry,,
way_488116519,28.229245,79.5164371,MINING,,,,,quarry,,
way_488116520,28.230696,79.5157156,MINING,,,,,quarry,,
way_488116521,28.2222734,79.5292741,MINING,,,,,quarry,,
way_488116529,28.2401955,79.5181429,MINING,,,,,quarry,,
way_488116530,28.2418183,79.5146453,MINING,,,,,quarry,,
way_488116535,28.2502069,79.5197938,MINING,,,,,quarry,,
way_488116536,28.2510055,79.5182837,MINING,,,,,quarry,,
way_488116537,28.2539234,79.511369,MINING,,,,,quarry,,
way_488116538,28.2515489,79.5119055,MINING,,,,,quarry,,
way_488116542,28.2598535,79.5128811,MINING,,,,,quarry,,
way_488326609,28.0743765,79.6290548,MINING,,,,,quarry,,
way_488326611,28.078479,79.6221534,MINING,,,,,quarry,,
way_488749779,28.2805266,79.8267634,MINING,,,,,quarry,,
way_488753995,28.2739113,79.8659211,MINING,,,,,quarry,,
way_488917125,28.3204297,79.7986834,MINING,,,,,quarry,,
way_488944486,28.3331005,79.7984531,MINING,,,,,quarry,,
way_488951724,28.184469,79.8395373,MINING,,,,,quarry,,
way_488951725,28.1793294,79.8409246,MINING,,,,,quarry,,
way_488951726,28.1780742,79.8448838,MINING,,,,,quarry,,
way_488951727,28.1800504,79.8440614,MINING,,,,,quarry,,
way_488951728,28.1805515,79.8406501,MINING,,,,,quarry,,
way_491187299,24.0728442,78.9711374,MINING,,,,,quarry,,
way_492326277,24.4491289,83.0021769,MINING,,,,,quarry,,
way_494295633,26.923969,84.8273409,MINING,,,,,quarry,,
way_494295634,26.9261729,84.8220184,MINING,,,,,quarry,,
way_494295635,26.9257572,84.8246848,MINING,,,,,quarry,,
way_494295636,26.9273598,84.8240663,MINING,,,,,quarry,,
way_494295637,26.9308952,84.8230856,MINING,,,,,quarry,,
way_494295638,26.931713,84.8227667,MINING,,,,,quarry,,
way_494295640,26.9319534,84.8151582,MINING,,,,,quarry,,
way_494295641,26.9332962,84.814427,MINING,,,,,quarry,,
way_494295642,26.9330207,84.8165865,MINING,,,,,quarry,,
way_494295644,26.9297801,84.8188611,MINING,,,,,quarry,,
way_494295646,26.9283018,84.8191173,MINING,,,,,quarry,,
way_494295647,26.926616,84.8191515,MINING,,,,,quarry,,
way_494379390,24.515999,81.168925,MINING,,,,,quarry,,
way_495269629,27.3701542,83.3985354,MINING,,,,,quarry,,
way_495269630,27.3712977,83.3972586,MINING,,,,,quarry,,
way_495273290,27.3464721,83.3802214,MINING,,,,,quarry,,
way_495273291,27.3468263,83.3781132,MINING,,,,,quarry,,
way_495273293,27.3470473,83.3790574,MINING,,,,,quarry,,
way_495273296,27.3481647,83.3795392,MINING,,,,,quarry,,
way_495273308,27.3476384,83.4172219,MINING,,,,,quarry,,
way_495273309,27.3474038,83.4169835,MINING,,,,,quarry,,
way_495273310,27.3467341,83.4174474,MINING,,,,,quarry,,
way_495273311,27.345046,83.4201582,MINING,,,,,quarry,,
way_495273312,27.3448934,83.4191832,MINING,,,,,quarry,,
way_495273313,27.3436018,83.4189076,MINING,,,,,quarry,,
way_498378324,31.4998556,75.2429685,MINING,,,,,quarry,,
way_498378326,31.4975593,75.2408477,MINING,,,,,quarry,,
way_498378327,31.4998533,75.2392212,MINING,,,,,quarry,,
way_508949464,28.6713509,80.466426,MINING,,,,,quarry,,
way_508949467,28.6721955,80.4637284,MINING,,,,,quarry,,
way_517795017,27.8833064,84.1373982,MINING,,,,,quarry,,
way_519539560,30.9776689,81.1552897,MINING,,,,,quarry,,
way_532170962,28.6864652,80.5091377,MINING,,,,,quarry,,
way_540439594,26.0642426,76.4450366,MINING,,,,,quarry,,
way_542476934,29.4641876,80.5758,MINING,,,,,quarry,,
way_544555990,27.5372962,82.9822679,MINING,,,,,quarry,,
way_544555992,27.5392097,82.9829626,MINING,,,,,quarry,,
way_544555996,27.5484328,82.9865826,MINING,,,,,quarry,,
way_544556000,27.5515205,82.9891194,MINING,,,,,quarry,,
way_544556001,27.5529067,82.988783,MINING,,,,,quarry,,
way_544556002,27.5538721,82.989401,MINING,,,,,quarry,,
way_544556003,27.5549184,82.988269,MINING,,,,,quarry,,
way_544556007,27.5678321,82.9713436,MINING,,,,,quarry,,
way_544556008,27.5521813,82.9446798,MINING,,,,,quarry,,
way_544556009,27.5525023,82.9435617,MINING,,,,,quarry,,
way_544556011,27.5533774,82.9387179,MINING,,,,,quarry,,
way_544556012,27.5531254,82.9395132,MINING,,,,,quarry,,
way_544556016,27.5043974,82.8914325,MINING,,,,,quarry,,
way_544556017,27.5042087,82.8923783,MINING,,,,,quarry,,
way_544556018,27.5051198,82.8920505,MINING,,,,,quarry,,
way_544556030,27.5750074,82.9441128,MINING,,,,,quarry,,
way_544556031,27.5760749,82.9432865,MINING,,,,,quarry,,
way_544556040,27.6271794,82.8667573,MINING,,,,,quarry,,
way_544556041,27.6290342,82.8671297,MINING,,,,,quarry,,
way_544556043,27.6137163,82.8739379,MINING,,,,,quarry,,
way_544556046,27.6173865,82.870952,MINING,,,,,quarry,,
way_544556048,27.6087204,82.8706655,MINING,,,,,quarry,,
way_544556049,27.6096569,82.8693739,MINING,,,,,quarry,,
way_544556051,27.6094929,82.8560572,MINING,,,,,quarry,,
way_544556052,27.6097813,82.8554655,MINING,,,,,quarry,,
way_544556054,27.5607356,82.8468543,MINING,,,,,quarry,,
way_544556055,27.5613919,82.8453723,MINING,,,,,quarry,,
way_544556057,27.5567217,82.8362573,MINING,,,,,quarry,,
way_544556059,27.5569214,82.8339508,MINING,,,,,quarry,,
way_544556068,27.5262926,82.7723179,MINING,,,,,quarry,,
way_544556069,27.5268213,82.772619,MINING,,,,,quarry,,
way_545903687,27.6000113,83.0054453,MINING,,,,,quarry,,
way_545903688,27.613387,83.0116519,MINING,,,,,quarry,,
way_545903689,27.6044527,83.0129447,MINING,,,,,quarry,,
way_545903690,27.6043184,83.0114816,MINING,,,,,quarry,,
way_550826538,25.9072434,76.2481217,MINING,,,,,quarry,,
way_550955364,29.7159242,78.2467921,MINING,,,,,quarry,,
way_553322709,27.2791257,84.9947043,MINING,,,,,quarry,,
way_553455276,25.1029324,81.0878616,MINING,,,,,quarry,,
way_553455277,25.0911592,81.0793403,MINING,,,,,quarry,,
way_553455296,24.8452024,81.2441969,MINING,,,,,quarry,,
way_553455301,24.5753094,80.9156746,MINING,,,,,quarry,,
way_553455303,24.6278249,80.8545256,MINING,,,,,quarry,,
way_553455307,24.5620928,80.9783792,MINING,,,,,quarry,,
way_553455310,24.5783444,81.0009956,MINING,,,,,quarry,,
way_553455311,24.615682,80.9693563,MINING,,,,,quarry,,
way_553455312,24.6220705,80.9179544,MINING,,,,,quarry,,
way_553455314,24.6182277,80.9506774,MINING,,,,,quarry,,
way_553491330,25.2195399,81.0534703,MINING,,,,,quarry,,
way_553496117,24.8702939,80.3577322,MINING,,,,,quarry,,
way_555259218,24.1331495,84.0766955,MINING,,,,,quarry,,
way_559557027,25.4698563,75.5779981,MINING,,,,,quarry,,
way_559557028,25.6375368,76.1382794,MINING,Lakheri Limestone Mines,,,,quarry,,
way_559642334,25.356611,74.6676886,MINING,,,,,quarry,,
way_559642352,25.4775856,75.5533325,MINING,,,,,quarry,,
way_559642353,25.4626689,75.5551994,MINING,,,,,quarry,,
way_560895905,26.6328916,74.8632645,MINING,,,,,quarry,,
way_560895906,26.6209701,74.8645305,MINING,,,,,quarry,,
way_561436519,27.7299765,76.0085677,MINING,,,,,quarry,,
way_561436520,27.6208815,76.0085034,MINING,,,,,quarry,,
way_561436585,27.6669007,76.1105132,MINING,,,,,quarry,,
way_561436587,27.6610661,76.1003208,MINING,,,,,quarry,,
way_561436589,27.6775019,76.1211508,MINING,,,,,quarry,,
way_561697648,27.5442665,76.1952737,MINING,,,,,quarry,,
way_561946300,25.1290058,75.2349329,MINING,,,,,quarry,,
way_561946301,25.1051084,75.524547,MINING,,,,,quarry,,
way_561946302,25.1129351,75.4750871,MINING,,,,,quarry,,
way_561946303,25.0552785,75.5579781,MINING,,,,,quarry,,
way_561946304,25.0451893,75.5268859,MINING,,,,,quarry,,
way_561946307,25.0977247,75.2127993,MINING,,,,,quarry,,
way_561946308,25.0891444,75.2252984,MINING,,,,,quarry,,
way_561946309,25.1178536,75.2029986,MINING,,,,,quarry,,
way_561946310,25.1458574,75.1871144,MINING,,,,,quarry,,
way_562433326,25.4870382,75.1082468,MINING,,,,,quarry,,
way_562433358,24.9199607,74.6506941,MINING,,,,,quarry,,
way_562433377,24.9482422,74.681561,MINING,,,,,quarry,,
way_562433398,24.7056871,74.6897471,MINING,,,,,quarry,,
way_562433399,24.6981527,74.6907771,MINING,,,,,quarry,,
way_562433403,24.6484991,74.6794045,MINING,,,,,quarry,,
way_562493431,26.8418776,75.3516841,MINING,,,,,quarry,,
way_562493432,26.762352,75.3346708,MINING,,,,,quarry,,
way_562493433,26.7819165,75.3143048,MINING,,,,,quarry,,
way_562493434,26.8144481,75.3282201,MINING,,,,,quarry,,
way_562585251,26.2362027,77.4179184,MINING,,,,,quarry,,
way_562585263,26.5742693,77.6243627,MINING,,,,,quarry,,
way_562585264,26.5863971,77.6267659,MINING,,,,,quarry,,
way_562585265,26.5839218,77.6490712,MINING,,,,,quarry,,
way_562585266,26.5939381,77.6606422,MINING,,,,,quarry,,
way_562585267,26.5895633,77.6623535,MINING,,,,,quarry,,
way_562585268,26.5977588,77.6803592,MINING,,,,,quarry,,
way_562585269,26.6012484,77.6914018,MINING,,,,,quarry,,
way_562585270,26.594509,77.6948458,MINING,,,,,quarry,,
way_562585271,26.5976077,77.6965249,MINING,,,,,quarry,,
way_562585272,26.6011764,77.6983166,MINING,,,,,quarry,,
way_562585273,26.5923983,77.6925217,MINING,,,,,quarry,,
way_562585274,26.5309571,77.6201784,MINING,,,,,quarry,,
way_562585291,26.6777369,77.1598791,MINING,,,,,quarry,,
way_562585296,26.6576034,77.1349239,MINING,,,,,quarry,,
way_562585301,26.6350483,77.1078658,MINING,,,,,quarry,,
way_562585307,26.6123182,77.0896053,MINING,,,,,quarry,,
way_563382490,25.7707066,78.9627099,MINING,,,,,quarry,,
way_572450427,23.7816914,77.5937279,MINING,,,,,quarry,,
way_626388847,28.1576193,76.4072943,MINING,,,,,quarry,,
way_626388848,28.1493613,76.4037323,MINING,,,,,quarry,,
way_626388849,28.1412917,76.399033,MINING,,,,,quarry,,
way_626388855,28.1087305,76.3469553,MINING,,,,,quarry,,
way_640154537,31.4046893,75.0559196,MINING,,,,,quarry,,
way_642128684,30.3818257,76.2428452,MINING,,,,,quarry,,
way_643193945,31.0156135,76.6338779,MINING,,,,,quarry,,
way_646941635,31.257977,76.3814431,MINING,,,,,quarry,,
way_646941636,31.2523088,76.3936097,MINING,,,,,quarry,,
way_647871602,27.9880634,79.7490612,MINING,,,,,quarry,,
way_647891367,28.1988272,80.292061,MINING,,,,,quarry,,
way_648027639,28.2396492,80.6331172,MINING,,,,,quarry,,
way_653507666,25.9986873,75.6565923,MINING,,,,,quarry,,
way_655728959,26.0373307,78.3092004,MINING,,,,,quarry,,
way_655731503,26.1116122,78.1020855,MINING,,,,,quarry,,
way_655731504,26.1116989,78.0803382,MINING,,,,,quarry,,
way_655731505,26.0862147,78.0576682,MINING,,,,,quarry,,
way_656047104,25.6964328,78.3708,MINING,,,,,quarry,,
way_656047105,25.6947311,78.386271,MINING,,,,,quarry,,
way_656300441,25.5675494,79.2209959,MINING,,,,,quarry,,
way_656300442,25.5838851,79.2269933,MINING,,,,,quarry,,
way_657063039,27.2814273,75.184781,MINING,,,,,quarry,,
way_657063163,27.2978628,75.1934686,MINING,,,,,quarry,,
way_657063198,27.5400974,75.2226162,MINING,,,,,quarry,,
way_657202091,24.7226064,76.0144258,MINING,,,,,quarry,,
way_657202092,24.7318837,76.0201978,MINING,,,,,quarry,,
way_657202093,24.65873,76.0800165,MINING,,,,,quarry,,
way_657202096,24.6999462,76.0397029,MINING,,,,,quarry,,
way_659112684,29.9158642,77.57409,MINING,,,,,quarry,,
way_659112685,29.9253792,77.5890729,MINING,,,,,quarry,,
way_659112686,29.9223061,77.58478,MINING,,,,,quarry,,
way_659112687,29.9200604,77.5791112,MINING,,,,,quarry,,
way_659112688,29.9193594,77.5771692,MINING,,,,,quarry,,
way_659112689,29.917459,77.5794599,MINING,,,,,quarry,,
way_659287835,29.4982436,77.7064725,MINING,,,,,quarry,,
way_659287836,29.4992077,77.7121782,MINING,,,,,quarry,,
way_659716338,26.076423,76.4407146,MINING,,,,,quarry,,
way_661045798,27.1032466,75.9364405,MINING,,,,,quarry,,
way_661502143,27.4118024,76.0503619,MINING,,,,,quarry,,
way_662692743,27.6508967,76.0904006,MINING,,,,,quarry,,
way_662692744,27.6525942,76.1006882,MINING,,,,,quarry,,
way_662748252,23.7099525,84.9882081,MINING,Purnadih Coal Mine,,,,quarry,,Central Coalfields Limited (CCL)
way_663034703,27.8000379,76.1546149,MINING,,,,,quarry,,
way_663034704,27.8069781,76.1528226,MINING,,,,,quarry,,
way_663034719,27.774681,76.1569449,MINING,,,,,quarry,,
way_663034721,27.7791797,76.1558291,MINING,,,,,quarry,,
way_663034722,27.7831991,76.1553262,MINING,,,,,quarry,,
way_663128648,23.7231259,84.6144729,MINING,,,,,quarry,,
way_663937456,28.2524168,76.782479,MINING,,,,,quarry,,
way_664238609,27.8717637,76.1509421,MINING,,,,,quarry,,
way_664256381,28.4976372,76.1539919,MINING,,,,,quarry,,
way_664256385,28.5128025,76.156446,MINING,,,,,quarry,,
way_664374393,28.5583465,76.1776114,MINING,,,,,quarry,,
way_664374395,28.5599709,76.1924654,MINING,,,,,quarry,,
way_665916231,23.4987948,80.121907,MINING,,,,,quarry,,
way_665920192,23.5818938,80.1112211,MINING,,,,,quarry,,
way_665920193,23.5986973,80.2084994,MINING,,,,,quarry,,
way_665920194,23.6217405,80.2212291,MINING,,,,,quarry,,
way_665920195,23.6299851,80.1867977,MINING,,,,,quarry,,
way_665920196,23.6280463,80.1805562,MINING,,,,,quarry,,
way_665920197,23.6361454,80.1992995,MINING,,,,,quarry,,
way_665938089,23.6732488,80.4558152,MINING,,,,,quarry,,
way_666073526,24.2948301,80.8933425,MINING,,,,,quarry,,
way_666073537,24.1273874,80.7562708,MINING,,,,,quarry,,
way_666081937,24.5922463,80.72829,MINING,,,,,quarry,,
way_666167841,25.3094387,80.3830039,MINING,,,,,quarry,,
way_666169016,25.3318082,79.9880648,MINING,,,,,quarry,,
way_666169017,25.4050193,79.9299415,MINING,,,,,quarry,,
way_666169018,25.3352215,79.9671649,MINING,,,,,quarry,,
way_666169019,25.3940772,79.9896419,MINING,,,,,quarry,,
way_666169020,25.3997976,79.9944219,MINING,,,,,quarry,,
way_666169021,25.4093124,80.0103163,MINING,,,,,quarry,,
way_666169022,25.404244,80.0116896,MINING,,,,,quarry,,
way_666172615,24.8086389,79.8547375,MINING,,,,,quarry,,
way_668476992,24.6078836,83.8479084,MINING,,,,,quarry,,
way_668476994,24.7222455,83.9929676,MINING,,,,,quarry,,
way_668476998,24.9437579,84.0668249,MINING,,,,,quarry,,
way_669111816,25.7281398,84.838974,MINING,,,,,quarry,,
way_672977908,24.3163927,81.3181533,MINING,,,,,quarry,,
way_673044911,28.1278978,75.3871778,MINING,,,,,quarry,,
way_673044916,28.0004643,75.7750815,MINING,,,,,quarry,,
way_673127914,27.887184,75.800364,MINING,,,,,quarry,,
way_673127915,27.9035882,75.8068013,MINING,,,,,quarry,,
way_673127916,27.9189091,75.8150625,MINING,,,,,quarry,,
way_673127919,28.000739,75.6878185,MINING,,,,,quarry,,
way_673127923,28.0140524,75.7764279,MINING,,,,,quarry,,
way_673127924,28.0158568,75.7666862,MINING,,,,,quarry,,
way_673197879,24.4410256,76.4946699,MINING,,,,,quarry,,
way_673604621,27.8624593,76.5367376,MINING,,,,,quarry,,
way_673604625,27.8606808,76.5660783,MINING,,,,,quarry,,
way_674533616,27.7946375,77.0355749,MINING,,,,,quarry,,
way_674690542,27.6247363,76.8636936,MINING,,,,,quarry,,
way_674690552,27.61099,76.8541154,MINING,,,,,quarry,,
way_674690555,27.5671233,76.8400178,MINING,,,,,quarry,,
way_677696818,27.3246335,76.6500879,MINING,,,,,quarry,,
way_677915139,24.6441453,80.0316399,MINING,,,,,quarry,,
way_678651417,26.9753333,77.0292046,MINING,,,,,quarry,,
way_678683866,26.9985917,77.0724043,MINING,,,,,quarry,,
way_678683873,27.0084878,77.0647037,MINING,,,,,quarry,,
way_678683938,26.9970144,77.065621,MINING,,,,,quarry,,
way_678683944,27.0037681,77.057113,MINING,,,,,quarry,,
way_678683945,26.9979081,77.049796,MINING,,,,,quarry,,
way_678691908,26.9893161,77.0754245,MINING,,,,,quarry,,
way_678691909,26.9866488,77.0599052,MINING,,,,,quarry,,
way_678691914,26.9933457,77.0672089,MINING,,,,,quarry,,
way_678691915,26.9909318,77.0576012,MINING,,,,,quarry,,
way_678691916,26.9901407,77.0500454,MINING,,,,,quarry,,
way_678828282,27.0083992,77.1340709,MINING,,,,,quarry,,
way_678828355,26.9951215,77.1676898,MINING,,,,,quarry,,
way_678909162,27.1526434,76.9828749,MINING,,,,,quarry,,
way_678919478,27.2758847,77.3346761,MINING,,,,,quarry,,
way_681823429,25.7342879,76.2059352,MINING,,,,,quarry,,
way_684608655,29.6181969,80.2908459,MINING,,,,,quarry,,
way_686729055,31.2417101,76.9894355,MINING,,,,,quarry,,
way_693832658,26.2650841,78.1924974,MINING,,,,,quarry,,
way_718472054,24.2324663,79.3080925,MINING,,,,,quarry,,
way_718472055,24.2247566,79.3043911,MINING,,,,,quarry,,
way_718499167,23.8967065,78.0760145,MINING,,,,,quarry,,
way_718499169,23.8682854,78.0737507,MINING,,,,,quarry,,
way_718499170,23.8856415,78.0684614,MINING,,,,,quarry,,
way_718980925,24.442813,78.401345,MINING,,,,,quarry,,
way_718980926,24.465549,78.3587408,MINING,,,,,quarry,,
way_718980927,24.4748159,78.3385169,MINING,,,,,quarry,,
way_733855328,23.8426128,84.9838721,MINING,Magadh coal mine,,,,quarry,,Central Coalfields Limited (CCL)
way_733855329,23.8881819,85.0022373,MINING,Amrapali Coal Mine,,,,quarry,,Central Coalfields Limited (CCL)
way_744339399,25.1546321,82.413168,MINING,,,,,quarry,,
way_757935112,28.9587974,80.216511,MINING,,,,,quarry,,
way_760706456,29.1848368,74.7916241,MINING,,,,,quarry,,
way_760706458,29.1856341,74.7993743,MINING,,,,,quarry,,
way_760706462,29.1845323,74.8211726,MINING,,,,,quarry,,
way_760706463,29.1849785,74.815996,MINING,,,,,quarry,,
way_760706469,29.3365009,74.6946018,MINING,,,,,quarry,,
way_760706471,29.314222,74.8009434,MINING,,,,,quarry,,
way_760706473,29.3557755,74.8038255,MINING,,,,,quarry,,
way_760706475,29.3108028,74.8938337,MINING,,,,,quarry,,
way_760706476,29.3110237,74.893646,MINING,,,,,quarry,,
way_760706482,29.3280606,74.8877401,MINING,,,,,quarry,,
way_760706484,29.3280127,74.8880026,MINING,,,,,quarry,,
way_766041574,28.7960455,80.6498691,MINING,,,,,quarry,,
way_790395730,23.8882849,82.6418968,MINING,,,,,quarry,,
way_791394782,23.8908733,82.6348783,MINING,,,,,quarry,,
way_791799727,23.8893671,82.5979119,MINING,,,,,quarry,,
way_798365538,26.5452011,74.5165408,MINING,,,,,quarry,,
way_798373598,26.4592157,74.691732,MINING,,,,,quarry,,
way_805183940,24.5921781,79.121899,MINING,,,,,quarry,,
way_815891599,24.9121704,79.5696428,MINING,,,,,quarry,,
way_821103424,27.1349358,78.3601517,MINING,,,,,quarry,,
way_821103425,27.1336398,78.3749306,MINING,,,,,quarry,,
way_821103426,27.1269656,78.3746034,MINING,,,,,quarry,,
way_821527733,25.28654,80.5384423,MINING,,,,,quarry,,
way_821891217,25.2940801,79.2968273,MINING,,,,,quarry,,
way_827347347,24.3801207,81.5392197,MINING,,,,,quarry,,
way_827347348,24.3802677,81.5393978,MINING,,,,,quarry,,
way_827347349,24.3802684,81.5390354,MINING,,,,,quarry,,
way_828536721,25.0945779,80.9344749,MINING,,,,,quarry,,
way_829277662,25.4053986,80.4544454,MINING,,,,,quarry,,
way_834215752,24.110775,81.3328972,MINING,,,,,quarry,,
way_835643524,24.0788121,80.8189594,MINING,,,,,quarry,,
way_835643538,24.2774966,81.3553529,MINING,,,,,quarry,,
way_835808245,27.9658777,80.7720959,MINING,,,,,quarry,,
way_840166577,27.0476431,84.8506978,MINING,,,,,quarry,,
way_840166844,27.0488877,84.8467335,MINING,,,,,quarry,,
way_840166845,27.0484936,84.8473732,MINING,,,,,quarry,,
way_840178264,27.0493038,84.8448908,MINING,,,,,quarry,,
way_840178271,27.0420549,84.8445715,MINING,,,,,quarry,,
way_840178274,27.046807,84.8428698,MINING,,,,,quarry,,
way_840271072,24.2951952,81.6527764,MINING,,,,,quarry,,
way_840833654,27.0657277,84.8903435,MINING,,,,,quarry,,
way_840833655,27.0656393,84.8939927,MINING,,,,,quarry,,
way_840984317,24.0788594,81.3627783,MINING,,,,,quarry,,
way_841658486,27.0921321,84.875063,MINING,,,,,quarry,,
way_841679264,27.1067922,84.8612898,MINING,,,,,quarry,,
way_842614990,27.1007909,84.8620315,MINING,,,,,quarry,,
way_842614991,27.101962,84.8620624,MINING,,,,,quarry,,
way_842627932,27.0986849,84.8724448,MINING,,,,,quarry,,
way_842645214,27.0866834,84.8609828,MINING,,,,,quarry,,
way_842944053,27.0919571,84.8791346,MINING,,,,,quarry,,
way_843469478,27.0986407,84.9195448,MINING,,,,,quarry,,
way_844747855,24.3007895,81.3618665,MINING,,,,,quarry,,
way_846356790,27.0404584,84.8717304,MINING,,,,,quarry,,
way_846362551,27.0473634,84.8725247,MINING,,,,,quarry,,
way_846362553,27.0492453,84.8731878,MINING,,,,,quarry,,
way_846362554,27.0479173,84.8711658,MINING,,,,,quarry,,
way_846379927,27.0368015,84.8678968,MINING,,,,,quarry,,
way_846382610,27.036771,84.8719677,MINING,,,,,quarry,,
way_846382611,27.0363568,84.8713404,MINING,,,,,quarry,,
way_847010245,25.0387933,83.0542373,MINING,,,,,quarry,,
way_848882757,23.9892826,81.1681384,MINING,,,,,quarry,,
way_849334144,27.9147471,76.0531247,MINING,,,,,quarry,,
way_850453147,25.463036,81.5854274,MINING,,,,,quarry,,
way_851008342,25.7622865,81.335356,MINING,,,,,quarry,,
way_875848607,25.8418211,74.747377,MINING,Rampura Agucha Mine,,,,quarry,,Hindustan Zinc Limited
way_878363647,27.2300862,75.9250536,MINING,,,,,quarry,,
way_878363648,27.2255166,75.9332773,MINING,,,,,quarry,,
way_878363649,27.2244308,75.9339297,MINING,,,,,quarry,,
way_878363662,27.2210903,75.9321499,MINING,,,,,quarry,,
way_888349996,24.7072076,74.6819096,MINING,,,,,quarry,,
way_888349997,24.7211446,74.6791952,MINING,,,,,quarry,,
way_892738907,24.896468,79.6046189,MINING,,,,,quarry,,
way_892931910,28.0605572,76.0759448,MINING,,,,,quarry,,
way_892931911,27.9745805,76.0649667,MINING,,,,,quarry,,
way_892931912,27.9933877,76.0655164,MINING,,,,,quarry,,
way_893140232,25.0361885,79.0780985,MINING,,,,,quarry,,
way_898033964,24.8775211,79.582264,MINING,,,,,quarry,,
way_898033992,24.850462,79.5626262,MINING,,,,,quarry,,
way_898033993,24.8522655,79.5582434,MINING,,,,,quarry,,
way_898084702,24.9970586,79.6711591,MINING,,,,,quarry,,
way_898084703,24.9982911,79.6689811,MINING,,,,,quarry,,
way_898099320,25.022005,79.6518284,MINING,,,,,quarry,,
way_918440978,24.9242637,79.9016266,MINING,,,,,quarry,,
way_918775593,27.987977,84.090519,MINING,,,,,quarry,,
way_918775606,27.9887959,84.0908891,MINING,,,,,quarry,,
way_918775607,27.9879811,84.0922298,MINING,,,,,quarry,,
way_919630530,27.9921852,84.0818909,MINING,,,,,quarry,,
way_927211047,24.7404199,79.8438746,MINING,,,,,quarry,,
way_927211048,24.7421713,79.8442662,MINING,,,,,quarry,,
way_927211057,24.749177,79.8457226,MINING,,,,,quarry,,
way_930407213,24.815363,79.8389125,MINING,,,,,quarry,,
way_938141429,25.1448367,82.0432806,MINING,,,,,quarry,,
way_945668978,27.969215,84.1102235,MINING,,,,,quarry,,
way_948861160,27.9719332,84.1384386,MINING,,,,,quarry,,
way_948861162,27.969559,84.1353054,MINING,,,,,quarry,,
way_951617731,27.1245486,84.7156516,MINING,,,,,quarry,,
way_951644532,27.1092727,84.7018652,MINING,,,,,quarry,,
way_951644599,27.0845882,84.6958969,MINING,,,,,quarry,,
way_961856250,27.0728068,76.4690709,MINING,,,,,quarry,,
way_969874900,28.7934957,80.5238712,MINING,,,,,quarry,,
way_970114229,27.980332,78.528053,MINING,,,,,quarry,,
way_970114230,27.9799439,78.5275207,MINING,,,,,quarry,,
way_970137385,24.2403491,82.5326416,MINING,,,,,quarry,,
way_973332620,27.02365,84.9141081,MINING,,,,,quarry,,
way_978476375,26.9635022,74.6781492,MINING,,,,,quarry,,
way_978476376,27.0162754,74.6974235,MINING,,,,,quarry,,
way_978476378,26.9945466,74.6945643,MINING,,,,,quarry,,
way_978476379,27.0446404,74.7127068,MINING,,,,,quarry,,
way_978476380,27.0440335,74.7087907,MINING,,,,,quarry,,
way_978476381,27.056923,74.7183341,MINING,,,,,quarry,,
way_978476382,27.0439857,74.7147185,MINING,,,,,quarry,,
way_978476383,27.0424091,74.7172612,MINING,,,,,quarry,,
way_978529576,27.1120257,74.8548827,MINING,,,,,quarry,,
way_980799328,30.5612886,77.6057535,MINING,,,,,quarry,,
way_980800311,30.1631292,77.7847508,MINING,,,,,quarry,,
way_980800312,30.1692118,77.7825514,MINING,,,,,quarry,,
way_980800313,30.173541,77.781795,MINING,,,,,quarry,,
way_980800314,30.1844735,77.7843404,MINING,,,,,quarry,,
way_981621748,24.1332276,82.431305,MINING,Amelia North Coal Mine,,,,quarry,,Jaiprakash Power Ventures Ltd (JPVL)
way_982784437,24.1301255,82.7511636,MINING,Krishnashila Coal Mine,,,,quarry,,Northern Coalfields Limited
way_982838079,23.6701152,84.9988985,MINING,KDH coal mine,,,,quarry,,Central Coalfields Limited (CCL)
way_982838081,23.6928381,84.9885765,MINING,Rohini Coal Mine,,,,quarry,,Central Coalfields Limited (CCL)
way_983099764,26.5075808,77.0937574,MINING,,,,,quarry,,
way_983099765,26.5000632,77.0825512,MINING,,,,,quarry,,
way_983318141,27.6509428,83.4517827,MINING,बुटवल तयार मिक्स कंक्रीट प्रा. लि.,,,,quarry,,
way_985843341,24.1619134,82.5663006,MINING,Block - B coal mine,,,,quarry,,NCL
way_985910680,27.6328545,83.435278,MINING,,,,,quarry,,
way_985910685,27.6316166,83.4383464,MINING,,,,,quarry,,
way_991082290,29.3000221,80.641172,MINING,building to lokrajbhatta,,,,quarry,,
way_991083216,29.299988,80.6412974,MINING,netra raj bhatta,,,,quarry,,
way_998507703,23.5956099,80.1785766,MINING,,,,,quarry,,
way_998507704,23.5510053,80.1383114,MINING,,,,,quarry,,
way_998637074,23.8762432,80.8666169,MINING,,,,,quarry,,
way_998637075,23.9074056,80.8249113,MINING,,,,,quarry,,
way_998637091,24.0226777,80.6682193,MINING,,,,,quarry,,
way_999323105,23.7251493,76.4945948,MINING,,,,,quarry,,
way_999620164,24.1781073,75.3612274,MINING,,,,,quarry,,
way_999620165,24.1820713,75.3566944,MINING,,,,,quarry,,
way_1001049281,24.7940589,75.8814203,MINING,,,,,quarry,,
way_1001049282,24.7793481,75.8975029,MINING,,,,,quarry,,
way_1001052173,26.3992816,76.840699,MINING,,,,,quarry,,
way_1001052174,26.3621859,76.8175945,MINING,,,,,quarry,,
way_1001052175,26.3757803,76.8283099,MINING,,,,,quarry,,
way_1001054241,25.3858046,74.57394,MINING,,,,,quarry,,
way_1001054242,25.399088,74.5822576,MINING,,,,,quarry,,
way_1001054243,25.3947654,74.574573,MINING,,,,,quarry,,
way_1001054244,25.3880122,74.5675671,MINING,,,,,quarry,,
way_1001054245,25.3914943,74.5683127,MINING,,,,,quarry,,
way_1001087616,24.8670477,78.7750733,MINING,,,,,quarry,,
way_1001087617,24.8731885,78.7788538,MINING,,,,,quarry,,
way_1001087618,24.8877212,78.8004175,MINING,,,,,quarry,,
way_1001087619,24.8812853,78.7951442,MINING,,,,,quarry,,
way_1001117361,26.437014,76.9960258,MINING,,,,,quarry,,
way_1001117362,26.440626,76.9980187,MINING,,,,,quarry,,
way_1001117363,26.4390218,77.0007196,MINING,,,,,quarry,,
way_1001117364,26.4380419,76.9976566,MINING,,,,,quarry,,
way_1001117365,26.431425,76.9545936,MINING,,,,,quarry,,
way_1001117366,26.4144932,76.9519973,MINING,,,,,quarry,,
way_1001117367,26.4112767,76.9536066,MINING,,,,,quarry,,
way_1001117368,26.4098834,76.9566938,MINING,,,,,quarry,,
way_1001117369,26.4129907,76.9652648,MINING,,,,,quarry,,
way_1001117370,26.4133594,76.962356,MINING,,,,,quarry,,
way_1001117371,26.4207988,76.9558785,MINING,,,,,quarry,,
way_1001117372,26.432441,76.9669479,MINING,,,,,quarry,,
way_1001117373,26.4276505,76.9720106,MINING,,,,,quarry,,
way_1001117374,26.4298806,76.9734898,MINING,,,,,quarry,,
way_1001117375,26.4431979,76.9734201,MINING,,,,,quarry,,
way_1001117376,26.4505107,76.9747129,MINING,,,,,quarry,,
way_1001117377,26.4524415,76.979962,MINING,,,,,quarry,,
way_1001138176,26.4661335,77.1151722,MINING,,,,,quarry,,
way_1001138177,26.4662019,77.1188776,MINING,,,,,quarry,,
way_1001138178,26.4656406,77.118321,MINING,,,,,quarry,,
way_1001138179,26.4648224,77.1202804,MINING,,,,,quarry,,
way_1001149328,24.7885266,74.5774913,MINING,,,,,quarry,,
way_1001153757,26.8032015,76.7545813,MINING,,,,,quarry,,
way_1001153758,26.8018273,76.7507833,MINING,,,,,quarry,,
way_1001464383,25.1145978,77.9667252,MINING,,,,,quarry,,
way_1001466434,25.6951083,77.7091313,MINING,,,,,quarry,,
way_1001466435,25.7259231,77.6957255,MINING,,,,,quarry,,
way_1001466436,25.7317585,77.6965946,MINING,,,,,quarry,,
way_1001468426,29.7664937,79.7473526,MINING,,,,,quarry,,
way_1001468427,27.6403152,75.6118369,MINING,,,,,quarry,,
way_1001472444,24.6278835,81.10035,MINING,,,,,quarry,,
way_1001474018,24.2583312,80.9042376,MINING,,,,,quarry,,
way_1001474019,24.2663737,80.8828068,MINING,,,,,quarry,,
way_1001474020,24.2705501,80.8792368,MINING,,,,,quarry,,
way_1001474021,24.2732471,80.8741888,MINING,,,,,quarry,,
way_1001474022,24.2696943,80.8664614,MINING,,,,,quarry,,
way_1001476207,25.4000475,75.0518989,MINING,,,,,quarry,,
way_1001476208,25.4076261,75.0447106,MINING,,,,,quarry,,
way_1001476209,25.4240031,75.0659162,MINING,,,,,quarry,,
way_1001476210,25.4628118,75.09512,MINING,,,,,quarry,,
way_1001476211,25.4524392,75.0846112,MINING,,,,,quarry,,
way_1001476212,25.4336635,75.0799817,MINING,,,,,quarry,,
way_1001476213,25.4315222,75.0702238,MINING,,,,,quarry,,
way_1001476214,25.4370788,75.0718761,MINING,,,,,quarry,,
way_1001481457,27.6080143,75.5446235,MINING,,,,,quarry,,
way_1001503694,27.6072443,75.5679909,MINING,,,,,quarry,,
way_1001503695,27.6043802,75.573382,MINING,,,,,quarry,,
way_1001506478,29.9025421,79.9600571,MINING,,,,,quarry,,
way_1001506479,29.9057158,79.9531558,MINING,,,,,quarry,,
way_1001506480,29.9023909,79.9465335,MINING,,,,,quarry,,
way_1001512976,26.378092,74.5713813,MINING,,,,,quarry,,
way_1001513497,24.6330816,74.6004402,MINING,,,,,quarry,,
way_1001513498,24.6442475,74.6088302,MINING,,,,,quarry,,
way_1001513499,24.6665753,74.613099,MINING,,,,,quarry,,
way_1001513500,24.6831894,74.6117323,MINING,,,,,quarry,,
way_1001516550,29.9015853,79.9773225,MINING,,,,,quarry,,
way_1001516551,29.9138695,79.9558635,MINING,,,,,quarry,,
way_1001516552,29.9146123,79.9597863,MINING,,,,,quarry,,
way_1001768437,26.2606126,76.1594716,MINING,,,,,quarry,,
way_1001787085,24.1100844,80.7599508,MINING,,,,,quarry,,
way_1001787086,24.1430235,80.7921856,MINING,,,,,quarry,,
way_1001787087,24.1296248,80.7869232,MINING,,,,,quarry,,
way_1001789777,24.7793705,74.5796477,MINING,,,,,quarry,,
way_1001789778,24.7104874,74.6102303,MINING,,,,,quarry,,
way_1001789779,24.6991956,74.6158791,MINING,,,,,quarry,,
way_1001789780,24.7034259,74.6126872,MINING,,,,,quarry,,
way_1001789781,24.7208909,74.6078754,MINING,,,,,quarry,,
way_1001789782,24.745993,74.603616,MINING,,,,,quarry,,
way_1001793787,27.7424473,75.913234,MINING,,,,,quarry,,
way_1001793788,27.7632854,75.9024274,MINING,,,,,quarry,,
way_1001793789,27.7575513,75.9163964,MINING,,,,,quarry,,
way_1001793790,27.7627919,75.9229409,MINING,,,,,quarry,,
way_1001793791,24.5899439,81.1273491,MINING,,,,,quarry,,
way_1001794526,23.5549295,84.623732,MINING,,,,,quarry,,
way_1001794527,23.5530019,84.6163452,MINING,,,,,quarry,,
way_1001794528,23.5486252,84.6156585,MINING,,,,,quarry,,
way_1001794529,23.5538379,84.5899334,MINING,,,,,quarry,,
way_1001794530,23.548335,84.5928919,MINING,,,,,quarry,,
way_1001794531,23.5421387,84.6086204,MINING,,,,,quarry,,
way_1001794532,23.543555,84.603669,MINING,,,,,quarry,,
way_1001794533,23.5384796,84.5997048,MINING,,,,,quarry,,
way_1001797463,26.2748685,76.0861373,MINING,,,,,quarry,,
way_1001797464,26.3965427,76.740725,MINING,,,,,quarry,,
way_1001800186,29.866847,79.8697578,MINING,,,,,quarry,,
way_1001800187,29.8657771,79.8625749,MINING,,,,,quarry,,
way_1001982884,31.229406,76.4614105,MINING,,,,,quarry,,
way_1001982885,31.2310044,76.451894,MINING,,,,,quarry,,
way_1001982886,31.2229126,76.4364231,MINING,,,,,quarry,,
way_1001982887,31.2315802,76.4237416,MINING,,,,,quarry,,
way_1001982888,31.2280183,76.4277595,MINING,,,,,quarry,,
way_1001982889,31.2401596,76.412369,MINING,,,,,quarry,,
way_1001982890,31.2487226,76.3994328,MINING,,,,,quarry,,
way_1001982891,31.2526528,76.3848897,MINING,,,,,quarry,,
way_1001982892,31.2625351,76.3594571,MINING,,,,,quarry,,
way_1001982893,31.2674976,76.3524391,MINING,,,,,quarry,,
way_1002782161,23.8257034,76.8243832,MINING,,,,,quarry,,
way_1002782187,24.4049835,76.55429,MINING,,,,,quarry,,
way_1002878025,23.9059269,76.6051984,MINING,,,,,quarry,,
way_1002878039,24.0373125,76.597538,MINING,,,,,quarry,,
way_1002878060,23.9374375,76.8381643,MINING,,,,,quarry,,
way_1007814640,31.5005026,79.7954059,MINING,,,,,quarry,,
way_1008781225,27.3603954,75.9593331,MINING,,,,,quarry,,
way_1008781240,27.2696695,75.9796214,MINING,,,,,quarry,,
way_1008781241,27.253733,75.9745681,MINING,,,,,quarry,,
way_1008781242,27.2447575,75.9772396,MINING,,,,,quarry,,
way_1008781243,27.2467416,75.9708077,MINING,,,,,quarry,,
way_1008781244,27.2704181,75.9221202,MINING,,,,,quarry,,
way_1008781247,27.2376416,75.9172761,MINING,,,,,quarry,,
way_1008781248,27.2454539,75.9242499,MINING,,,,,quarry,,
way_1008781255,27.2542671,75.9310305,MINING,,,,,quarry,,
way_1008781256,27.2468464,75.9478533,MINING,,,,,quarry,,
way_1008781265,27.1971213,75.7633817,MINING,,,,,quarry,,
way_1008781281,27.4523514,75.8777941,MINING,,,,,quarry,,
way_1008892012,27.1072889,76.2449831,MINING,Dagota,,,,quarry,,
way_1008892013,27.0825316,76.1818278,MINING,,,,,quarry,,
way_1008892021,27.2363337,76.2262344,MINING,,,,,quarry,,
way_1008908282,27.0859513,76.2012362,MINING,,,,,quarry,,
way_1009018748,27.1022032,76.4873958,MINING,,,,,quarry,,
way_1009018749,27.1078571,76.5001738,MINING,,,,,quarry,,
way_1009018752,27.0929577,76.5131611,MINING,,,,,quarry,,
way_1009018753,27.0805113,76.5111226,MINING,,,,,quarry,,
way_1009018755,27.0851012,76.4773267,MINING,,,,,quarry,,
way_1009018758,27.1632111,76.4154804,MINING,,,,,quarry,,
way_1009018760,27.1375306,76.3736915,MINING,,,,,quarry,,
way_1009018761,27.1424094,76.3810945,MINING,,,,,quarry,,
way_1009019995,27.3765977,76.1129057,MINING,,,,,quarry,,
way_1009020000,27.1820477,76.3970214,MINING,,,,,quarry,,
way_1009020001,27.1957756,76.390568,MINING,,,,,quarry,,
way_1009020002,27.2127845,76.3936633,MINING,,,,,quarry,,
way_1009020003,27.2159474,76.4100193,MINING,,,,,quarry,,
way_1014997061,28.802138,80.5990317,MINING,,,,,quarry,,
way_1014997062,28.802695,80.6054257,MINING,,,,,quarry,,
way_1015234608,28.8441754,80.5106744,MINING,,,,,quarry,,
way_1015234610,28.8302683,80.520266,MINING,,,,,quarry,,
way_1015244107,28.8404975,80.5138529,MINING,,,,,quarry,,
way_1016554172,28.5765273,81.5992782,MINING,,,,,quarry,,
way_1019721031,28.0018402,84.3159538,MINING,,,,,quarry,,
way_1019781351,23.538984,84.6882763,MINING,,,,,quarry,,
way_1019781352,23.5388288,84.6870197,MINING,,,,,quarry,,
way_1019781364,23.5690589,84.7548245,MINING,,,,,quarry,,
way_1019781365,23.5703094,84.7546167,MINING,,,,,quarry,,
way_1019781371,23.5020835,84.719161,MINING,,,,,quarry,,
way_1019784454,23.5618916,84.732417,MINING,,,,,quarry,,
way_1019784455,23.5527777,84.7228931,MINING,,,,,quarry,,
way_1019784555,23.5728225,84.7336452,MINING,,,,,quarry,,
way_1019784558,23.5634513,84.71749,MINING,,,,,quarry,,
way_1019784559,23.5638731,84.7167384,MINING,,,,,quarry,,
way_1019978387,28.2470336,81.2826155,MINING,,,,,quarry,,
way_1025255053,26.1996416,74.5101678,MINING,,,,,quarry,,
way_1025580664,24.9257694,74.5721805,MINING,,,,,quarry,,
way_1025580665,24.9516276,74.548738,MINING,,,,,quarry,,
way_1025580670,24.973532,74.6714544,MINING,,,,,quarry,,
way_1025580671,24.9722578,74.6563053,MINING,,,,,quarry,,
way_1025580672,24.9643115,74.6961629,MINING,,,,,quarry,,
way_1026514188,24.5500166,74.8613548,MINING,,,,,quarry,,
way_1026817347,23.7040423,84.6866311,MINING,,,,,quarry,,
way_1026817352,23.7284274,84.6608068,MINING,,,,,quarry,,
way_1026817353,23.7295446,84.6597862,MINING,,,,,quarry,,
way_1026817354,23.7119974,84.6583445,MINING,,,,,quarry,,
way_1026817355,23.711362,84.6571262,MINING,,,,,quarry,,
way_1026817356,23.7102427,84.6572817,MINING,,,,,quarry,,
way_1026817362,23.7043456,84.6737511,MINING,,,,,quarry,,
way_1026817366,23.6970427,84.6574688,MINING,,,,,quarry,,
way_1028161128,26.2721649,78.2373548,MINING,,,,,quarry,,
way_1028161149,26.2502426,78.1215691,MINING,,,,,quarry,,
way_1029061102,24.2673738,75.6242367,MINING,,,,,quarry,,
way_1029061103,24.2587896,75.4968734,MINING,,,,,quarry,,
way_1029061104,24.2564849,75.6172576,MINING,,,,,quarry,,
way_1029061105,24.2498356,75.6061345,MINING,,,,,quarry,,
way_1029061106,24.2477177,75.6114507,MINING,,,,,quarry,,
way_1029061107,24.2268651,75.5971572,MINING,,,,,quarry,,
way_1029061108,24.1941189,74.9920052,MINING,,,,,quarry,,
way_1029061109,24.1986744,74.9930459,MINING,,,,,quarry,,
way_1029061110,24.154326,75.0167674,MINING,,,,,quarry,,
way_1029061111,24.1512227,75.1162236,MINING,,,,,quarry,,
way_1029061112,24.1499304,75.1121735,MINING,,,,,quarry,,
way_1029061114,24.1680012,75.5789262,MINING,,,,,quarry,,
way_1029061115,24.1331079,75.2339164,MINING,,,,,quarry,,
way_1029061116,24.1221953,75.3396785,MINING,,,,,quarry,,
way_1029061581,24.4718282,75.1087403,MINING,,,,,quarry,,
way_1029354434,23.5687787,75.08533,MINING,,,,,quarry,,
way_1029354447,23.6848674,75.1390492,MINING,,,,,quarry,,
way_1029354451,23.7293456,75.1734567,MINING,,,,,quarry,,
way_1029358418,23.5688156,75.2446317,MINING,,,,,quarry,,
way_1029358453,23.6665915,75.247845,MINING,,,,,quarry,,
way_1029358454,23.6698636,75.2479953,MINING,,,,,quarry,,
way_1029358455,23.6705564,75.2430171,MINING,,,,,quarry,,
way_1029358469,23.7092991,75.2693295,MINING,,,,,quarry,,
way_1029392915,23.708431,75.3394639,MINING,,,,,quarry,,
way_1029516162,23.5467516,75.5090814,MINING,,,,,quarry,,
way_1029516178,23.6266652,75.4539031,MINING,,,,,quarry,,
way_1029516179,23.6194944,75.4176772,MINING,,,,,quarry,,
way_1029688716,23.719742,75.5510231,MINING,,,,,quarry,,
way_1029688736,23.7514403,75.5440199,MINING,,,,,quarry,,
way_1029688737,23.7454499,75.5348843,MINING,,,,,quarry,,
way_1029688738,23.7402081,75.5316871,MINING,,,,,quarry,,
way_1029688800,23.8390063,75.4222262,MINING,,,,,quarry,,
way_1029954697,23.9187115,75.3630888,MINING,,,,,quarry,,
way_1029954698,23.8729541,75.3369426,MINING,,,,,quarry,,
way_1029956235,23.9267878,75.3794638,MINING,,,,,quarry,,
way_1030034399,23.7878875,75.8401171,MINING,,,,,quarry,,
way_1030034400,23.7764228,75.7649454,MINING,,,,,quarry,,
way_1030034401,23.7563822,75.6894466,MINING,,,,,quarry,,
way_1030034994,23.9150166,76.0939867,MINING,,,,,quarry,,
way_1030034995,23.9224384,76.0943905,MINING,,,,,quarry,,
way_1030034996,23.9360941,76.0273406,MINING,,,,,quarry,,
way_1030034997,23.9299014,76.0950851,MINING,,,,,quarry,,
way_1030039509,23.630828,76.2770274,MINING,,,,,quarry,,
way_1030093262,23.7278528,75.8821365,MINING,,,,,quarry,,
way_1030093263,23.7268706,75.8792371,MINING,,,,,quarry,,
way_1030290580,23.7466947,75.9449512,MINING,,,,,quarry,,
way_1030376466,24.2319282,76.1515001,MINING,,,,,quarry,,
way_1030376467,24.2373175,76.1529874,MINING,,,,,quarry,,
way_1030599010,24.1689555,76.2808442,MINING,,,,,quarry,,
way_1030599019,24.1895193,76.4216763,MINING,,,,,quarry,,
way_1030599032,24.1847774,76.347414,MINING,,,,,quarry,,
way_1030603374,23.8458118,76.3873413,MINING,,,,,quarry,,
way_1030603440,24.0188706,76.4030832,MINING,,,,,quarry,,
way_1030725167,24.1282392,76.2995633,MINING,,,,,quarry,,
way_1030991308,24.0950847,83.9131699,MINING,,,,,quarry,,
way_1030994833,23.9228846,76.4409104,MINING,,,,,quarry,,
way_1031026557,24.0174288,83.9359934,MINING,,,,,quarry,,
way_1031026559,24.0431756,83.9609303,MINING,,,,,quarry,,
way_1031026560,24.0424187,83.9604016,MINING,,,,,quarry,,
way_1031026561,24.0416261,83.9632317,MINING,,,,,quarry,,
way_1031026562,24.0415209,83.965483,MINING,,,,,quarry,,
way_1031026581,24.0382973,83.9672484,MINING,,,,,quarry,,
way_1031026585,24.0496905,83.9539981,MINING,,,,,quarry,,
way_1031026592,24.0478161,83.9572728,MINING,,,,,quarry,,
way_1031026593,24.046633,83.9582056,MINING,,,,,quarry,,
way_1031026596,24.0335278,83.9737358,MINING,,,,,quarry,,
way_1031026597,24.0308249,83.972797,MINING,,,,,quarry,,
way_1031026604,24.0216672,83.9826638,MINING,,,,,quarry,,
way_1031026605,24.0245311,83.9781229,MINING,,,,,quarry,,
way_1031026606,24.022096,83.9769763,MINING,,,,,quarry,,
way_1031026607,24.0193484,83.979177,MINING,,,,,quarry,,
way_1031026608,24.019684,83.9778681,MINING,,,,,quarry,,
way_1031026609,24.0207007,83.9808749,MINING,,,,,quarry,,
way_1031026610,24.0100835,83.9665828,MINING,,,,,quarry,,
way_1031026611,24.0136649,83.9747635,MINING,,,,,quarry,,
way_1031026612,24.0118182,83.9800098,MINING,,,,,quarry,,
way_1031026613,24.013973,83.978831,MINING,,,,,quarry,,
way_1031026614,24.0166032,83.9820014,MINING,,,,,quarry,,
way_1031026615,24.0019967,83.9919565,MINING,,,,,quarry,,
way_1031027594,23.9906072,84.0432027,MINING,,,,,quarry,,
way_1031027595,23.9898512,84.0418884,MINING,,,,,quarry,,
way_1031107432,23.9906072,76.5836066,MINING,,,,,quarry,,
way_1031107433,23.9924353,76.588263,MINING,,,,,quarry,,
way_1031107442,23.9984387,76.5711209,MINING,,,,,quarry,,
way_1031316192,24.0274207,76.6105762,MINING,,,,,quarry,,
way_1031379839,23.8886139,76.8662095,MINING,,,,,quarry,,
way_1031379840,23.8849155,76.8635488,MINING,,,,,quarry,,
way_1031379841,23.8836304,76.8533134,MINING,,,,,quarry,,
way_1031379842,23.8864262,76.8575513,MINING,,,,,quarry,,
way_1031379919,23.8232351,76.6152513,MINING,,,,,quarry,,
way_1031379939,23.9137342,76.6490766,MINING,,,,,quarry,,
way_1031379944,23.9300412,76.747385,MINING,,,,,quarry,,
way_1031380034,24.011028,76.9643837,MINING,,,,,quarry,,
way_1031380035,24.0117901,76.9559321,MINING,,,,,quarry,,
way_1031380038,24.0400855,76.958161,MINING,,,,,quarry,,
way_1031380044,24.0305343,76.8283447,MINING,,,,,quarry,,
way_1031392214,24.0397144,76.8478887,MINING,,,,,quarry,,
way_1031392215,24.0419055,76.8434027,MINING,,,,,quarry,,
way_1031779526,23.7882827,76.6292417,MINING,,,,,quarry,,
way_1031779527,23.7863732,76.6306311,MINING,,,,,quarry,,
way_1031966312,24.0728637,76.9689757,MINING,,,,,quarry,,
way_1032476850,24.3011131,76.9302579,MINING,,,,,quarry,,
way_1032969961,24.3825425,84.1549482,MINING,,,,,quarry,,
way_1032969962,24.3830378,84.1552969,MINING,,,,,quarry,,
way_1032969963,24.3838006,84.1545003,MINING,,,,,quarry,,
way_1032969964,24.3864452,84.1540429,MINING,,,,,quarry,,
way_1032969965,24.3872855,84.1558709,MINING,,,,,quarry,,
way_1032969966,24.387859,84.155079,MINING,,,,,quarry,,
way_1032969967,24.3902798,84.1612547,MINING,,,,,quarry,,
way_1032981906,24.4209404,84.0824669,MINING,,,,,quarry,,
way_1032981907,24.421115,84.0809501,MINING,,,,,quarry,,
way_1032981908,24.4211974,84.0786199,MINING,,,,,quarry,,
way_1032981909,24.4203793,84.077264,MINING,,,,,quarry,,
way_1032981911,24.4191722,84.0813739,MINING,,,,,quarry,,
way_1032981912,24.4196783,84.0795614,MINING,,,,,quarry,,
way_1032981913,24.4174473,84.0801595,MINING,,,,,quarry,,
way_1032981914,24.4171487,84.0778341,MINING,,,,,quarry,,
way_1032981976,24.3990493,84.1437373,MINING,,,,,quarry,,
way_1032996224,24.5025622,84.0116183,MINING,,,,,quarry,,
way_1032996225,24.4992887,84.0024002,MINING,,,,,quarry,,
way_1032996226,24.5005267,84.0016976,MINING,,,,,quarry,,
way_1032996227,24.501024,84.0016821,MINING,,,,,quarry,,
way_1032996228,24.5015177,84.0008506,MINING,,,,,quarry,,
way_1032996229,24.5017696,84.0016411,MINING,,,,,quarry,,
way_1032996232,24.5002351,84.0038279,MINING,,,,,quarry,,
way_1032996233,24.5063135,84.0016298,MINING,,,,,quarry,,
way_1032996236,24.5109334,83.9916265,MINING,,,,,quarry,,
way_1032996237,24.5101013,83.9886506,MINING,,,,,quarry,,
way_1032996238,24.5085845,83.9852791,MINING,,,,,quarry,,
way_1032996239,24.5088382,83.9865021,MINING,,,,,quarry,,
way_1032996244,24.5083148,83.9903833,MINING,,,,,quarry,,
way_1032996245,24.5048479,83.9903511,MINING,,,,,quarry,,
way_1032996246,24.5041364,83.9903257,MINING,,,,,quarry,,
way_1032996247,24.4992893,83.9917928,MINING,,,,,quarry,,
way_1032996248,24.4980421,83.9934115,MINING,,,,,quarry,,
way_1032996292,24.5119853,83.9878748,MINING,,,,,quarry,,
way_1032996315,24.5190527,83.9776844,MINING,,,,,quarry,,
way_1032996318,24.5018191,83.9717392,MINING,,,,,quarry,,
way_1032996325,24.5140121,83.9669066,MINING,,,,,quarry,,
way_1032996326,24.512934,83.9663158,MINING,,,,,quarry,,
way_1032996327,24.5107924,83.9665277,MINING,,,,,quarry,,
way_1032996328,24.5112891,83.9644511,MINING,,,,,quarry,,
way_1032996350,24.4977992,83.9751778,MINING,,,,,quarry,,
way_1032996351,24.4950094,83.9713369,MINING,,,,,quarry,,
way_1032996352,24.4797937,83.974628,MINING,,,,,quarry,,
way_1032996353,24.4789052,83.9698147,MINING,,,,,quarry,,
way_1032996354,24.4782022,83.9694916,MINING,,,,,quarry,,
way_1032996355,24.4767729,83.9731045,MINING,,,,,quarry,,
way_1032996356,24.4720772,83.9729516,MINING,,,,,quarry,,
way_1032996357,24.4713345,83.9699294,MINING,,,,,quarry,,
way_1032996358,24.4695138,83.9662025,MINING,,,,,quarry,,
way_1032996359,24.4690109,83.9674518,MINING,,,,,quarry,,
way_1032996360,24.4689634,83.9671627,MINING,,,,,quarry,,
way_1032996361,24.4632127,83.975316,MINING,,,,,quarry,,
way_1032996362,24.4673661,83.9786748,MINING,,,,,quarry,,
way_1032996363,24.4666752,83.9784012,MINING,,,,,quarry,,
way_1032996364,24.4651354,83.9795237,MINING,,,,,quarry,,
way_1032996365,24.4651841,83.978194,MINING,,,,,quarry,,
way_1032996387,24.4732234,83.9570066,MINING,,,,,quarry,,
way_1032996392,24.4730708,83.9558264,MINING,,,,,quarry,,
way_1032996406,24.4845537,84.002527,MINING,,,,,quarry,,
way_1032996407,24.5138863,84.0386416,MINING,,,,,quarry,,
way_1032996408,24.5044306,84.0311529,MINING,,,,,quarry,,
way_1032996409,24.4954024,84.0182622,MINING,,,,,quarry,,
way_1032996410,24.4962902,84.0105207,MINING,,,,,quarry,,
way_1032996412,24.4976924,84.0115881,MINING,,,,,quarry,,
way_1032996413,24.4970041,84.0098803,MINING,,,,,quarry,,
way_1032996432,24.4594834,84.0559633,MINING,,,,,quarry,,
way_1032996448,24.443786,84.06299,MINING,,,,,quarry,,
way_1032996450,24.4439582,84.0621183,MINING,,,,,quarry,,
way_1033101350,24.1868102,83.788859,MINING,,,,,quarry,,
way_1033101351,24.1858312,83.7883348,MINING,,,,,quarry,,
way_1033101352,24.1872158,83.7867566,MINING,,,,,quarry,,
way_1033101353,24.1867451,83.7872575,MINING,,,,,quarry,,
way_1033101354,24.1843516,83.8237578,MINING,,,,,quarry,,
way_1033101355,24.1776411,83.7956841,MINING,,,,,quarry,,
way_1033101356,24.1784637,83.7951896,MINING,,,,,quarry,,
way_1033101357,24.1785332,83.796619,MINING,,,,,quarry,,
way_1033101387,24.2118685,83.7843605,MINING,,,,,quarry,,
way_1033101388,24.2144587,83.7900639,MINING,,,,,quarry,,
way_1033101410,24.2366033,83.7763548,MINING,,,,,quarry,,
way_1033101411,24.2359506,83.7760413,MINING,,,,,quarry,,
way_1033101412,24.2390484,83.7763006,MINING,,,,,quarry,,
way_1033101413,24.2403886,83.7756693,MINING,,,,,quarry,,
way_1033101414,24.2397523,83.7775129,MINING,,,,,quarry,,
way_1033101445,24.2609485,83.8079264,MINING,,,,,quarry,,
way_1033101461,24.2791733,83.8032124,MINING,,,,,quarry,,
way_1033101462,24.2801403,83.8028926,MINING,,,,,quarry,,
way_1033555304,23.5084589,75.4959977,MINING,,,,,quarry,,
way_1033555305,23.5080801,75.501126,MINING,,,,,quarry,,
way_1033555306,23.5007933,75.4991774,MINING,,,,,quarry,,
way_1033555311,23.5005141,75.4230523,MINING,,,,,quarry,,
way_1033743419,23.541937,75.5579701,MINING,,,,,quarry,,
way_1033743420,23.546213,75.5596599,MINING,,,,,quarry,,
way_1033743422,23.5689927,75.654838,MINING,,,,,quarry,,
way_1033743424,23.5599796,75.6474727,MINING,,,,,quarry,,
way_1033771442,23.5158816,75.5983696,MINING,,,,,quarry,,
way_1033771443,23.5124999,75.6087202,MINING,,,,,quarry,,
way_1033771444,23.503542,75.6099325,MINING,,,,,quarry,,
way_1033854760,28.9473914,80.2640883,MINING,,,,,quarry,,
way_1033895031,23.5410751,75.7753846,MINING,,,,,quarry,,
way_1033895111,23.6385805,75.6679702,MINING,,,,,quarry,,
way_1033895113,23.6475437,75.6623644,MINING,,,,,quarry,,
way_1033956800,23.7396777,75.6965115,MINING,,,,,quarry,,
way_1034130076,23.7036173,76.0342366,MINING,,,,,quarry,,
way_1034130078,23.7069243,75.9869197,MINING,,,,,quarry,,
way_1034180349,23.5700596,75.9932041,MINING,,,,,quarry,,
way_1034180371,23.613552,75.9607536,MINING,,,,,quarry,,
way_1034180446,23.6756733,76.1325824,MINING,,,,,quarry,,
way_1034180447,23.6765748,76.1244231,MINING,,,,,quarry,,
way_1034200630,23.5471401,76.1076111,MINING,,,,,quarry,,
way_1034200644,23.6010839,75.9545534,MINING,,,,,quarry,,
way_1034203483,23.6365521,75.9740075,MINING,,,,,quarry,,
way_1034297763,23.6902148,76.3404858,MINING,,,,,quarry,,
way_1034297875,23.8502864,76.2536466,MINING,,,,,quarry,,
way_1034297876,23.8687868,76.2524932,MINING,,,,,quarry,,
way_1034532471,23.7344799,76.4467442,MINING,,,,,quarry,,
way_1034572971,23.6002334,76.6603044,MINING,,,,,quarry,,
way_1034653819,23.8327006,84.091774,MINING,,,,,quarry,,
way_1034813152,28.0754639,75.9032428,MINING,,,,,quarry,,
way_1034892085,23.9146978,84.1428582,MINING,,,,,quarry,,
way_1034892086,23.9143778,84.1442173,MINING,,,,,quarry,,
way_1034892087,23.9126002,84.1435401,MINING,,,,,quarry,,
way_1034892088,23.9094664,84.1424861,MINING,,,,,quarry,,
way_1034934713,23.6505328,84.9844958,MINING,,brickyard,,,quarry,,
way_1034934714,23.6503534,84.9808795,MINING,,brickyard,,,quarry,,
way_1034934770,23.6539393,84.834779,MINING,,,,,quarry,,
way_1034934771,23.65051,84.8342579,MINING,,,,,quarry,,
way_1034934772,23.6497158,84.8330656,MINING,,,,,quarry,,
way_1034934788,23.6590887,84.766117,MINING,,,,,quarry,,
way_1034934789,23.6662426,84.7672851,MINING,,,,,quarry,,
way_1034934790,23.6666123,84.7692404,MINING,,,,,quarry,,
way_1034934791,23.6646335,84.7665435,MINING,,,,,quarry,,
way_1035039848,23.6364071,84.9478126,MINING,,,,,quarry,,
way_1035039850,23.6327667,84.9553925,MINING,,,,,quarry,,
way_1035039865,23.6394307,84.9485103,MINING,,,,,quarry,,
way_1035039866,23.6390166,84.9470683,MINING,,,,,quarry,,
way_1035039867,23.639599,84.9427029,MINING,,,,,quarry,,
way_1035039868,23.638132,84.9418326,MINING,,,,,quarry,,
way_1035039869,23.6375731,84.9407235,MINING,,,,,quarry,,
way_1035039870,23.6327164,84.9415805,MINING,,,,,quarry,,
way_1035039871,23.6344844,84.9398638,MINING,,,,,quarry,,
way_1035039877,23.6382906,84.9216128,MINING,,,,,quarry,,
way_1035039878,23.6373335,84.9203534,MINING,,,,,quarry,,
way_1035039883,23.6323133,84.9224589,MINING,,,,,quarry,,
way_1035039884,23.6349218,84.9217066,MINING,,,,,quarry,,
way_1035081694,24.087652,77.2551137,MINING,,,,,quarry,,
way_1035102422,23.9667616,77.1419419,MINING,,,,,quarry,,
way_1035102423,23.9898672,77.0917564,MINING,,,,,quarry,,
way_1035102424,24.0123364,77.128087,MINING,,,,,quarry,,
way_1035135423,23.7762191,77.139768,MINING,,,,,quarry,,
way_1035153788,23.6896264,84.9726243,MINING,,,,,quarry,,
way_1035153789,23.689441,84.9702197,MINING,,,,,quarry,,
way_1035153790,23.688951,84.9709821,MINING,,,,,quarry,,
way_1035153791,23.6854815,84.945475,MINING,,,,,quarry,,
way_1035153792,23.6875792,84.9474076,MINING,,,,,quarry,,
way_1035153793,23.6713634,84.9422215,MINING,,,,,quarry,,
way_1035153794,23.6763255,84.9309911,MINING,,,,,quarry,,
way_1035153795,23.6742105,84.933904,MINING,,,,,quarry,,
way_1035153797,23.6729908,84.9284269,MINING,,,,,quarry,,
way_1035153798,23.674127,84.9279213,MINING,,,,,quarry,,
way_1035153799,23.6695603,84.9263414,MINING,,,,,quarry,,
way_1035153800,23.6681772,84.9264353,MINING,,,,,quarry,,
way_1035153801,23.6671104,84.9249628,MINING,,,,,quarry,,
way_1035153802,23.6681533,84.9239851,MINING,,,,,quarry,,
way_1035153803,23.6653874,84.9832955,MINING,,,,,quarry,,
way_1035153804,23.6617445,84.9867108,MINING,,,,,quarry,,
way_1035153805,23.6530138,84.9721268,MINING,,,,,quarry,,
way_1035153806,23.6510424,84.9717446,MINING,,,,,quarry,,
way_1035153807,23.6557008,84.9813321,MINING,,,,,quarry,,
way_1035153808,23.6536813,84.9774161,MINING,,,,,quarry,,
way_1035153809,23.6508448,84.9766987,MINING,,,,,quarry,,
way_1035153810,23.6508239,84.9847513,MINING,,,,,quarry,,
way_1035153811,23.649964,84.9819684,MINING,,,,,quarry,,
way_1035153812,23.6396739,84.9748948,MINING,,,,,quarry,,
way_1035153813,23.6388176,84.9754741,MINING,,,,,quarry,,
way_1035153814,23.6381074,84.9741116,MINING,,,,,quarry,,
way_1035153815,23.6384896,84.9729006,MINING,,,,,quarry,,
way_1035153816,23.6422969,84.9677481,MINING,,,,,quarry,,
way_1035153817,23.644378,84.9705161,MINING,,,,,quarry,,
way_1035153818,23.6439431,84.9682134,MINING,,,,,quarry,,
way_1035153819,23.6743886,84.9669233,MINING,,,,,quarry,,
way_1035153820,23.6734703,84.9692501,MINING,,,,,quarry,,
way_1035153821,23.6716938,84.9674798,MINING,,,,,quarry,,
way_1035153822,23.6692287,84.9709372,MINING,,,,,quarry,,
way_1035153823,23.6705245,84.9699032,MINING,,,,,quarry,,
way_1035153824,23.6717033,84.9691328,MINING,,,,,quarry,,
way_1035153825,23.6673924,84.9740767,MINING,,,,,quarry,,
way_1035153826,23.6689363,84.9749887,MINING,,,,,quarry,,
way_1035153827,23.6640562,84.970044,MINING,,,,,quarry,,
way_1035153828,23.6615491,84.9704115,MINING,,,,,quarry,,
way_1035153829,23.6601329,84.975053,MINING,,,,,quarry,,
way_1035153830,23.6594916,84.9673645,MINING,,,,,quarry,,
way_1035153831,23.6608219,84.9664713,MINING,,,,,quarry,,
way_1035153832,23.6629126,84.964567,MINING,,,,,quarry,,
way_1035153834,23.6676975,84.9648212,MINING,,,,,quarry,,
way_1035153835,23.6700135,84.9491376,MINING,,,,,quarry,,
way_1035153836,23.6663556,84.9431442,MINING,,,,,quarry,,
way_1035153837,23.6597815,84.943014,MINING,,,,,quarry,,
way_1035153838,23.6603085,84.9414745,MINING,,,,,quarry,,
way_1035346046,24.5172151,77.6196849,MINING,,,,,quarry,,
way_1035346047,24.5173908,77.6148811,MINING,,,,,quarry,,
way_1035351736,23.6807258,84.8947747,MINING,,,,,quarry,,
way_1035351737,23.6785847,84.8947114,MINING,,,,,quarry,,
way_1035351738,23.6778087,84.8924041,MINING,,,,,quarry,,
way_1035351739,23.6706199,84.9000095,MINING,,,,,quarry,,
way_1035351740,23.6718804,84.8975495,MINING,,,,,quarry,,
way_1035383448,24.7558511,77.8162452,MINING,,,,,quarry,,
way_1035383449,24.7598773,77.8279853,MINING,,,,,quarry,,
way_1035426021,24.9389181,77.9029611,MINING,,,,,quarry,,
way_1035593006,24.8578339,78.111586,MINING,,,,,quarry,,
way_1035607000,25.0105716,77.5360108,MINING,,,,,quarry,,
way_1035607001,25.0053843,77.5286293,MINING,,,,,quarry,,
way_1035836389,25.2163807,78.2295496,MINING,,,,,quarry,,
way_1035906451,26.4167169,76.7426925,MINING,,,,,quarry,,
way_1035907101,24.1550836,80.8319349,MINING,,,,,quarry,,
way_1035907102,24.1581384,80.8346483,MINING,,,,,quarry,,
way_1035907103,24.1672253,80.8452315,MINING,,,,,quarry,,
way_1035907104,24.1466213,80.8086256,MINING,,,,,quarry,,
way_1035919881,25.33351,77.64714,MINING,,,,,quarry,,
way_1035936807,25.2611458,78.1532567,MINING,,,,,quarry,,
way_1035955263,25.4488186,78.0891358,MINING,,,,,quarry,,
way_1035955264,25.6103729,78.3629974,MINING,,,,,quarry,,
way_1036026712,28.9561959,80.2355027,MINING,,,,,quarry,,
way_1036043353,28.127573,76.9030953,MINING,,,,,quarry,,
way_1036043363,28.327285,77.0474302,MINING,,,,,quarry,,
way_1036043364,28.3167921,77.0496511,MINING,,,,,quarry,,
way_1036043365,28.3102938,77.0420175,MINING,,,,,quarry,,
way_1036043372,28.3084268,77.0029766,MINING,,,,,quarry,,
way_1036043374,28.2706011,77.0180216,MINING,,,,,quarry,,
way_1036043376,28.2184959,77.0489381,MINING,,,,,quarry,,
way_1036043382,28.2442094,77.0157981,MINING,,,,,quarry,,
way_1036043385,28.3005753,77.0013195,MINING,,,,,quarry,,
way_1036043386,28.2856346,77.0180122,MINING,,,,,quarry,,
way_1036043391,28.1292116,76.9578741,MINING,,,,,quarry,,
way_1036043392,28.1547846,76.9666327,MINING,,,,,quarry,,
way_1036043393,28.1635534,76.9686059,MINING,,,,,quarry,,
way_1036043394,28.1742166,76.9868096,MINING,,,,,quarry,,
way_1036043395,28.1961473,76.9978358,MINING,,,,,quarry,,
way_1036071390,25.7088673,78.4265471,MINING,,,,,quarry,,
way_1036071391,25.6284633,78.549698,MINING,,,,,quarry,,
way_1036071392,25.6122763,78.5431159,MINING,,,,,quarry,,
way_1036076555,25.6918599,78.5490355,MINING,,,,,quarry,,
way_1036085191,27.9017772,76.8834508,MINING,,,,,quarry,,
way_1036086241,27.5419524,76.7040163,MINING,,,,,quarry,,
way_1036086242,27.550447,76.6969407,MINING,,,,,quarry,,
way_1036096514,25.7190629,78.7404084,MINING,,,,,quarry,,
way_1036096515,25.7192997,78.7515503,MINING,,,,,quarry,,
way_1036096516,25.7089302,78.7439623,MINING,,,,,quarry,,
way_1036096517,25.7104067,78.7456495,MINING,,,,,quarry,,
way_1036096518,25.690436,78.7764328,MINING,,,,,quarry,,
way_1036096519,25.6834579,78.7748158,MINING,,,,,quarry,,
way_1036499882,26.2309769,78.501724,MINING,,,,,quarry,,
way_1036773757,26.4697374,78.4582615,MINING,,,,,quarry,,
way_1036773758,26.4556758,78.4438311,MINING,,,,,quarry,,
way_1036851710,26.3895583,78.0370474,MINING,,,,,quarry,,
way_1036862686,26.3250228,78.2052273,MINING,,,,,quarry,,
way_1037334597,25.470142,76.743139,MINING,,,,,quarry,,
way_1037777486,24.1430553,77.6430202,MINING,,,,,quarry,,
way_1037777487,24.2022635,77.4673381,MINING,,,,,quarry,,
way_1037910447,24.2496572,78.2575465,MINING,,,,,quarry,,
way_1038016073,23.8356794,77.8941286,MINING,,,,,quarry,,
way_1038016074,23.7947398,78.0295908,MINING,,,,,quarry,,
way_1038175858,23.7832536,77.6028836,MINING,,,,,quarry,,
way_1038284114,23.5263462,77.373029,MINING,,,,,quarry,,
way_1038284115,23.6836406,77.2789317,MINING,,,,,quarry,,
way_1038284116,23.7708509,77.2755414,MINING,,,,,quarry,,
way_1038365922,23.7421527,76.9782373,MINING,,,,,quarry,,
way_1038365923,23.749615,76.9796281,MINING,,,,,quarry,,
way_1038365924,23.7502337,76.9834328,MINING,,,,,quarry,,
way_1038672278,23.6155697,77.1239644,MINING,,,,,quarry,,
way_1038672279,23.7535934,77.1500891,MINING,,,,,quarry,,
way_1038690687,23.7134677,76.4833832,MINING,,,,,quarry,,
way_1038792717,23.6696917,76.4403605,MINING,,,,,quarry,,
way_1038795899,23.59328,76.3974747,MINING,,,,,quarry,,
way_1038993391,23.5587897,76.1931682,MINING,,,,,quarry,,
way_1038993392,23.5245952,76.2162378,MINING,,,,,quarry,,
way_1039417409,23.5936535,77.9828775,MINING,,,,,quarry,,
way_1039813802,23.5334766,76.3377016,MINING,,,,,quarry,,
way_1039864952,23.6823695,76.5268162,MINING,,,,,quarry,,
way_1039991638,23.7097976,76.9786262,MINING,,,,,quarry,,
way_1039991639,23.6995736,76.9768519,MINING,,,,,quarry,,
way_1040122089,23.7547595,77.1541071,MINING,,,,,quarry,,
way_1040166007,23.7943754,76.9802799,MINING,,,,,quarry,,
way_1040203984,24.1591325,77.2205615,MINING,,,,,quarry,,
way_1040860565,24.3676609,80.0708378,MINING,,,,,quarry,,
way_1040860566,24.3691366,80.0646149,MINING,,,,,quarry,,
way_1040860567,24.4762663,80.2340287,MINING,,,,,quarry,,
way_1040860568,24.4950033,80.3040451,MINING,,,,,quarry,,
way_1041476508,25.1554285,81.5417075,MINING,,,,,quarry,,
way_1041608660,25.1157829,81.4052823,MINING,,,,,quarry,,
way_1041611417,25.1612478,81.5431854,MINING,,,,,quarry,,
way_1041767043,25.1765766,81.558305,MINING,,,,,quarry,,
way_1041810507,25.1463128,81.606507,MINING,,,,,quarry,,
way_1042209017,24.8881641,81.5859747,MINING,,,,,quarry,,
way_1042209018,24.8862017,81.5796782,MINING,,,,,quarry,,
way_1042209019,24.8849231,81.5737063,MINING,,,,,quarry,,
way_1042209028,24.8644072,81.3910465,MINING,,,,,quarry,,
way_1046518345,24.5647641,74.5640454,MINING,,,,,quarry,,
way_1046518362,24.5330252,74.606148,MINING,,,,,quarry,,
way_1046518363,24.5481709,74.5846742,MINING,,,,,quarry,,
way_1046518364,24.5364949,74.5847305,MINING,,,,,quarry,,
way_1047389176,25.3584627,74.5596439,MINING,,,,,quarry,,
way_1047389177,25.3527669,74.5550626,MINING,,,,,quarry,,
way_1049391325,24.4922645,76.027869,MINING,,,,,quarry,,
way_1049391326,24.51138,76.0319138,MINING,,,,,quarry,,
way_1049391327,24.5050247,76.0217428,MINING,,,,,quarry,,
way_1049391342,24.5400328,76.0109014,MINING,,,,,quarry,,
way_1049595531,24.6208466,76.9861794,MINING,,,,,quarry,,
way_1049595973,24.6325063,77.0155334,MINING,,,,,quarry,,
way_1049595974,24.628298,77.0105016,MINING,,,,,quarry,,
way_1049595975,24.6218413,77.0129746,MINING,,,,,quarry,,
way_1049998439,27.349269,83.7099382,MINING,,,,,quarry,,
way_1049998440,27.3496549,83.7084926,MINING,,,,,quarry,,
way_1049998443,27.3474739,83.7113209,MINING,,,,,quarry,,
way_1049998444,27.3478527,83.7133592,MINING,,,,,quarry,,
way_1050043184,25.0773393,75.3694511,MINING,,,,,quarry,,
way_1050043198,25.0745844,75.3304732,MINING,,,,,quarry,,
way_1050043199,25.0739915,75.3393727,MINING,,,,,quarry,,
way_1050043202,25.0458773,75.4944447,MINING,,,,,quarry,,
way_1050043203,25.0647253,75.4949194,MINING,,,,,quarry,,
way_1050043204,25.0659013,75.4824418,MINING,,,,,quarry,,
way_1050175813,27.359822,83.7614507,MINING,,,,,quarry,,
way_1050254301,25.0703522,75.4677111,MINING,,,,,quarry,,
way_1050262603,25.1429439,75.2618087,MINING,,,,,quarry,,
way_1050262604,25.1438957,75.2365905,MINING,,,,,quarry,,
way_1050262612,25.1532482,75.3839242,MINING,,,,,quarry,,
way_1050262621,25.1143087,75.3623056,MINING,,,,,quarry,,
way_1050262622,25.1173835,75.3481919,MINING,,,,,quarry,,
way_1050262623,25.1300113,75.3493184,MINING,,,,,quarry,,
way_1050737351,25.2592659,75.44889,MINING,,,,,quarry,,
way_1050791225,25.5085727,75.8668452,MINING,,,,,quarry,,
way_1050796284,25.4536115,74.6550285,MINING,,,,,quarry,,
way_1050796285,25.4591623,74.6527648,MINING,,,,,quarry,,
way_1050796286,25.4565371,74.6470249,MINING,,,,,quarry,,
way_1051144721,25.7506374,75.2198856,MINING,,,,,quarry,,
way_1051144722,25.7656097,75.212633,MINING,,,,,quarry,,
way_1051144723,25.7762137,75.2113777,MINING,,,,,quarry,,
way_1051144724,25.7974256,75.2170747,MINING,,,,,quarry,,
way_1051144725,25.8041557,75.2237347,MINING,,,,,quarry,,
way_1051144726,25.8226657,75.2698231,MINING,,,,,quarry,,
way_1051144727,25.8100549,75.2549341,MINING,,,,,quarry,,
way_1051144728,25.8068409,75.2453345,MINING,,,,,quarry,,
way_1051144729,25.8054742,75.2339995,MINING,,,,,quarry,,
way_1051309034,26.5568308,77.1629637,MINING,,,,,quarry,,
way_1051309035,26.5507221,77.1531576,MINING,,,,,quarry,,
way_1051309036,26.5522552,77.1558452,MINING,,,,,quarry,,
way_1052510625,26.2827341,76.7379342,MINING,,,,,quarry,,
way_1052510626,26.2955742,76.7324282,MINING,,,,,quarry,,
way_1052510634,26.4652054,76.8259832,MINING,,,,,quarry,,
way_1052519438,26.9734818,77.2456025,MINING,,,,,quarry,,
way_1052519439,26.9736706,77.2438474,MINING,,,,,quarry,,
way_1052770396,26.8133928,76.8098206,MINING,,,,,quarry,,
way_1052770397,26.8168313,76.7902238,MINING,,,,,quarry,,
way_1052770398,26.8100513,76.7925086,MINING,,,,,quarry,,
way_1052770427,26.9745069,76.8545182,MINING,,,,,quarry,,
way_1052913349,26.8732653,76.8764961,MINING,,,,,quarry,,
way_1052913350,26.8793815,76.8825605,MINING,,,,,quarry,,
way_1052987811,26.7861384,76.1464504,MINING,,,,,quarry,,
way_1052987812,26.7836764,76.1493991,MINING,,,,,quarry,,
way_1052987813,26.78843,76.1222278,MINING,,,,,quarry,,
way_1052987814,26.7727288,76.1310512,MINING,,,,,quarry,,
way_1052987815,26.7613247,76.1365901,MINING,,,,,quarry,,
way_1052987823,26.7396078,76.1035424,MINING,,,,,quarry,,
way_1052987849,26.8168712,76.1157286,MINING,,,,,quarry,,
way_1052987858,26.8869888,75.9926633,MINING,,,,,quarry,,
way_1052987859,26.8847579,75.9901489,MINING,Dayarampura Quarry,,,,quarry,,
way_1052987860,26.8800113,76.0035108,MINING,,,,,quarry,,
way_1052987861,26.8706408,76.0295336,MINING,,,,,quarry,,
way_1052987871,26.8655383,76.1088264,MINING,,,,,quarry,,
way_1052987874,26.8730775,76.0817207,MINING,,,,,quarry,,
way_1052987881,26.8776732,76.0161108,MINING,,,,,quarry,,
way_1053060103,26.9766104,76.4089709,MINING,,,,,quarry,,
way_1053248991,26.9288352,76.6317603,MINING,,,,,quarry,,
way_1053248992,26.9379197,76.637299,MINING,,,,,quarry,,
way_1053248993,26.9412146,76.6451043,MINING,,,,,quarry,,
way_1053248994,26.9462528,76.6517856,MINING,,,,,quarry,,
way_1053294294,26.866317,76.6929308,MINING,,,,,quarry,,
way_1053333410,26.9873278,77.0531755,MINING,,,,,quarry,,
way_1053380045,26.9559526,77.4528971,MINING,,,,,quarry,,
way_1053380046,26.9699379,77.4587202,MINING,,,,,quarry,,
way_1053546132,27.6996969,77.0079803,MINING,,,,,quarry,,
way_1053546165,27.7365762,77.0153188,MINING,,,,,quarry,,
way_1053546166,27.7119456,76.9936144,MINING,,,,,quarry,,
way_1053546167,27.7291075,76.9983029,MINING,,,,,quarry,,
way_1053546168,27.7243993,77.0022726,MINING,,,,,quarry,,
way_1053546169,27.7244395,77.0087099,MINING,,,,,quarry,,
way_1053546177,27.806537,77.0429324,MINING,,,,,quarry,,
way_1053546178,27.8057285,77.0522502,MINING,,,,,quarry,,
way_1053546179,27.8045494,77.0508058,MINING,,,,,quarry,,
way_1053546180,27.8087012,77.0518237,MINING,,,,,quarry,,
way_1053551367,27.8044094,77.0781201,MINING,,,,,quarry,,
way_1053551368,27.8037261,77.0808506,MINING,,,,,quarry,,
way_1053551371,27.7950232,77.0531165,MINING,,,,,quarry,,
way_1053551372,27.801866,77.0574778,MINING,,,,,quarry,,
way_1053633407,27.5619564,76.9998103,MINING,,,,,quarry,,
way_1053940815,27.2026415,76.4345026,MINING,,,,,quarry,,
way_1054022698,27.8309359,76.7680729,MINING,,,,,quarry,,
way_1054022699,27.8273423,76.7638323,MINING,,,,,quarry,,
way_1054151500,27.7121499,76.4122779,MINING,,,,,quarry,,
way_1054173628,27.7088397,76.2781942,MINING,,,,,quarry,,
way_1054202737,27.4858306,76.1216551,MINING,,,,,quarry,,
way_1054202741,27.5188311,75.9910422,MINING,,,,,quarry,,
way_1054202742,27.5217735,75.9805762,MINING,,,,,quarry,,
way_1054210491,27.1768127,75.9240675,MINING,,,,,quarry,,
way_1054336284,27.1203625,75.8787301,MINING,,,,,quarry,,
way_1054336285,27.1265311,75.8826676,MINING,,,,,quarry,,
way_1054336286,27.1357071,75.8614379,MINING,,,,,quarry,,
way_1054336298,27.0824361,75.7949191,MINING,,,,,quarry,,
way_1054336299,27.0825316,75.8047145,MINING,,,,,quarry,,
way_1054412669,24.2655204,75.7488066,MINING,,,,,quarry,,
way_1054412670,24.2698679,75.7451964,MINING,,,,,quarry,,
way_1054422932,24.0124466,75.3214127,MINING,,,,,quarry,,
way_1054647554,24.2624051,75.507735,MINING,,,,,quarry,,
way_1054647555,24.0764146,75.5422229,MINING,,,,,quarry,,
way_1054783164,24.0662979,76.1457735,MINING,,,,,quarry,,
way_1055704368,24.5702892,77.3057163,MINING,,,,,quarry,,
way_1056712212,23.5996263,78.7507618,MINING,,,,,quarry,,
way_1056903309,27.8927882,74.5059406,MINING,,,,,quarry,,
way_1056923353,28.0449306,74.7601846,MINING,,,,,quarry,,
way_1056923354,28.0459557,74.7647739,MINING,,,,,quarry,,
way_1056923355,28.0390974,74.7548282,MINING,,,,,quarry,,
way_1056999526,27.9067123,75.8554029,MINING,,,,,quarry,,
way_1056999527,27.910481,75.8613306,MINING,,,,,quarry,,
way_1056999528,27.9139273,75.865016,MINING,,,,,quarry,,
way_1056999529,27.9152498,75.8700907,MINING,,,,,quarry,,
way_1057086924,27.8131732,75.9880113,MINING,,,,,quarry,,
way_1057086925,27.8152964,76.0201898,MINING,,,,,quarry,,
way_1057086926,27.8179131,76.0192162,MINING,,,,,quarry,,
way_1057337962,27.7117984,75.5762761,MINING,,,,,quarry,,
way_1057337963,27.7059943,75.5732721,MINING,,,,,quarry,,
way_1057337964,27.7063605,75.5697047,MINING,,,,,quarry,,
way_1057337965,27.7079468,75.565424,MINING,,,,,quarry,,
way_1057415934,27.625656,75.6127435,MINING,,,,,quarry,,
way_1057419293,27.7333644,75.6928155,MINING,,,,,quarry,,
way_1057504719,27.7526663,75.8295357,MINING,,,,,quarry,,
way_1057506985,27.754767,75.8847732,MINING,,,,,quarry,,
way_1057506986,27.7349099,75.8600512,MINING,,,,,quarry,,
way_1057506987,27.7432899,75.8629131,MINING,,,,,quarry,,
way_1057506988,27.7407309,75.873819,MINING,,,,,quarry,,
way_1057511056,27.7300287,76.0786753,MINING,,,,,quarry,,
way_1057511057,27.7403575,76.0898012,MINING,,,,,quarry,,
way_1057511058,27.7408496,76.0815131,MINING,,,,,quarry,,
way_1072154426,28.643592,80.475618,MINING,,,,,quarry,,
way_1073933497,27.0774209,76.127454,MINING,,,,,quarry,,
way_1079929218,27.022871,84.9121006,MINING,,,,,quarry,,
way_1080107207,27.492771,82.5330201,MINING,,,,,quarry,,
way_1080182134,27.0239024,84.9137049,MINING,,,,,quarry,,
way_1080182140,27.0240765,84.9161544,MINING,,,,,quarry,,
way_1080182141,27.0241631,84.918559,MINING,,,,,quarry,,
way_1080652821,28.650456,80.6211191,MINING,,,,,quarry,,
way_1080709724,28.3861832,80.9268862,MINING,,,,,quarry,,
way_1080817272,28.0128648,81.3718968,MINING,,,,,quarry,,
way_1080817273,28.0140665,81.3676187,MINING,,,,,quarry,,
way_1080900622,27.0459267,84.7711422,MINING,,,,,quarry,,
way_1080900628,27.0502518,84.7681501,MINING,,,,,quarry,,
way_1081016572,27.615844,81.6365527,MINING,,,,,quarry,,
way_1081016577,27.6176241,81.6342029,MINING,,,,,quarry,,
way_1081016580,27.61304,81.6414901,MINING,,,,,quarry,,
way_1081016583,27.6116586,81.6385641,MINING,,,,,quarry,,
way_1081016584,27.614203,81.638476,MINING,,,,,quarry,,
way_1081016587,27.6295932,81.6833616,MINING,,,,,quarry,,
way_1081016588,27.6350802,81.6746172,MINING,,,,,quarry,,
way_1081016589,27.6354117,81.6756893,MINING,,,,,quarry,,
way_1081016590,27.636507,81.6761446,MINING,,,,,quarry,,
way_1081016591,27.6397751,81.6603497,MINING,,,,,quarry,,
way_1081016593,27.6383162,81.6593692,MINING,,,,,quarry,,
way_1081016596,27.6341304,81.665089,MINING,,,,,quarry,,
way_1081016597,27.6197374,81.6361667,MINING,,,,,quarry,,
way_1081016598,27.6195383,81.634281,MINING,,,,,quarry,,
way_1081016599,27.6207038,81.6331833,MINING,,,,,quarry,,
way_1081016600,27.6196944,81.6431661,MINING,,,,,quarry,,
way_1081016601,27.6184209,81.642955,MINING,,,,,quarry,,
way_1081016602,27.6181525,81.6410298,MINING,,,,,quarry,,
way_1081016618,27.6197058,81.6472905,MINING,,,,,quarry,,
way_1081016625,27.6129663,81.6638259,MINING,,,,,quarry,,
way_1081016626,27.6157526,81.6532131,MINING,,,,,quarry,,
way_1081016627,27.6166294,81.6549663,MINING,,,,,quarry,,
way_1081016628,27.6128977,81.6534495,MINING,,,,,quarry,,
way_1081016629,27.6145157,81.6514714,MINING,,,,,quarry,,
way_1081016630,27.6113586,81.6518825,MINING,,,,,quarry,,
way_1081016631,27.6092871,81.6505117,MINING,,,,,quarry,,
way_1081016633,27.6069843,81.6474342,MINING,,,,,quarry,,
way_1081016634,27.6094746,81.6444279,MINING,,,,,quarry,,
way_1081016635,27.6091684,81.648071,MINING,,,,,quarry,,
way_1081016642,27.6010555,81.6493574,MINING,,,,,quarry,,
way_1081016643,27.6026266,81.6518152,MINING,,,,,quarry,,
way_1081016644,27.6030423,81.6496865,MINING,,,,,quarry,,
way_1081016645,27.6055169,81.6508318,MINING,,,,,quarry,,
way_1081016646,27.5745417,81.6424468,MINING,,,,,quarry,,
way_1081016648,27.5739907,81.6415628,MINING,,,,,quarry,,
way_1081016650,27.5734871,81.6434658,MINING,,,,,quarry,,
way_1081016651,27.579749,81.6446062,MINING,,,,,quarry,,
way_1081016652,27.5786663,81.6429145,MINING,,,,,quarry,,
way_1081016653,27.578297,81.6445607,MINING,,,,,quarry,,
way_1081016654,27.5776275,81.6362776,MINING,,,,,quarry,,
way_1081016655,27.5809492,81.6400439,MINING,,,,,quarry,,
way_1081016656,27.5820134,81.6379356,MINING,,,,,quarry,,
way_1081016657,27.5853254,81.6363547,MINING,,,,,quarry,,
way_1081016658,27.5836962,81.6366587,MINING,,,,,quarry,,
way_1081016659,27.5838085,81.6339505,MINING,,,,,quarry,,
way_1081016660,27.5826223,81.6332972,MINING,,,,,quarry,,
way_1081016661,27.5803157,81.6277296,MINING,,,,,quarry,,
way_1081016662,27.6030266,81.6543937,MINING,,,,,quarry,,
way_1081016663,27.6041143,81.6522814,MINING,,,,,quarry,,
way_1081016664,27.5913928,81.6432511,MINING,,,,,quarry,,
way_1081016665,27.5911594,81.6379553,MINING,,,,,quarry,,
way_1081016668,27.5707398,81.6695295,MINING,,,,,quarry,,
way_1081016669,27.5710565,81.6736066,MINING,,,,,quarry,,
way_1081016670,27.5692903,81.6739125,MINING,,,,,quarry,,
way_1081016677,27.5819638,81.7046304,MINING,,,,,quarry,,
way_1081016678,27.5796401,81.7060369,MINING,,,,,quarry,,
way_1081016679,27.5679503,81.6697334,MINING,,,,,quarry,,
way_1081016680,27.5649029,81.6665837,MINING,,,,,quarry,,
way_1081016681,27.560905,81.6549728,MINING,,,,,quarry,,
way_1081016682,27.5616966,81.6533633,MINING,,,,,quarry,,
way_1081016683,27.5631839,81.6505471,MINING,,,,,quarry,,
way_1081016699,27.5623389,81.648714,MINING,,,,,quarry,,
way_1081016700,27.5625968,81.637896,MINING,,,,,quarry,,
way_1081016701,27.5657059,81.6390953,MINING,,,,,quarry,,
way_1081016702,27.567953,81.638478,MINING,,,,,quarry,,
way_1081016707,27.566592,81.6362855,MINING,,,,,quarry,,
way_1081016708,27.5649608,81.6307681,MINING,,,,,quarry,,
way_1081016709,27.5635779,81.6309997,MINING,,,,,quarry,,
way_1081016710,27.5580978,81.6552311,MINING,,,,,quarry,,
way_1081016711,27.5564041,81.6550876,MINING,,,,,quarry,,
way_1081016712,27.5558487,81.6535672,MINING,,,,,quarry,,
way_1081016713,27.5540848,81.6535761,MINING,,,,,quarry,,
way_1081016725,27.5506938,81.6539136,MINING,,,,,quarry,,
way_1081016726,27.5552321,81.6519958,MINING,,,,,quarry,,
way_1081016727,27.5566796,81.6464065,MINING,,,,,quarry,,
way_1081016729,27.5543762,81.6412509,MINING,,,,,quarry,,
way_1081016730,27.5532598,81.6426001,MINING,,,,,quarry,,
way_1081016739,27.5504402,81.6400627,MINING,,,,,quarry,,
way_1081016740,27.5477907,81.6468008,MINING,,,,,quarry,,
way_1081016750,27.5457299,81.6467709,MINING,,,,,quarry,,
way_1081016751,27.5406659,81.6501502,MINING,,,,,quarry,,
way_1081016752,27.5398549,81.6491545,MINING,,,,,quarry,,
way_1081016753,27.5392862,81.6454821,MINING,,,,,quarry,,
way_1081016754,27.531089,81.6558904,MINING,,,,,quarry,,
way_1081016761,27.5308995,81.661095,MINING,,,,,quarry,,
way_1081016762,27.5178183,81.6632866,MINING,,,,,quarry,,
way_1081016764,27.5187497,81.6645376,MINING,,,,,quarry,,
way_1081016765,27.5201672,81.6629214,MINING,,,,,quarry,,
way_1081016766,27.5212831,81.6644613,MINING,,,,,quarry,,
way_1081016767,27.5212446,81.6625025,MINING,,,,,quarry,,
way_1081016768,27.5235735,81.6642734,MINING,,,,,quarry,,
way_1081016769,27.5261717,81.6611603,MINING,,,,,quarry,,
way_1081016770,27.5293906,81.6630301,MINING,,,,,quarry,,
way_1081016771,27.5283649,81.6659413,MINING,,,,,quarry,,
way_1081016772,27.5263605,81.6655641,MINING,,,,,quarry,,
way_1081016773,27.5231038,81.6711231,MINING,,,,,quarry,,
way_1081016774,27.5135089,81.6817521,MINING,,,,,quarry,,
way_1081016775,27.5155271,81.6813047,MINING,,,,,quarry,,
way_1081016776,27.5162022,81.6803079,MINING,,,,,quarry,,
way_1081016777,27.5123861,81.6649465,MINING,,,,,quarry,,
way_1081016778,27.515607,81.6645357,MINING,,,,,quarry,,
way_1081016779,27.5157729,81.6660046,MINING,,,,,quarry,,
way_1081016780,27.5168342,81.6647377,MINING,,,,,quarry,,
way_1081069582,27.0287281,84.9157303,MINING,,,,,quarry,,
way_1081069585,27.0287168,84.9207947,MINING,,,,,quarry,,
way_1081069590,27.0253106,84.9177946,MINING,,,,,quarry,,
way_1081069591,27.0265202,84.9150131,MINING,,,,,quarry,,
way_1081069592,27.0278823,84.9147245,MINING,,,,,quarry,,
way_1081069593,27.0287448,84.9146205,MINING,,,,,quarry,,
way_1081069595,27.0268791,84.9168901,MINING,,,,,quarry,,
way_1081204210,26.196428,76.0266027,MINING,,,,,quarry,,
way_1081227917,25.8392852,75.280788,MINING,,,,,quarry,,
way_1081227923,25.7653732,75.2299761,MINING,,,,,quarry,,
way_1081227924,25.7732959,75.226221,MINING,,,,,quarry,,
way_1081227925,25.7801844,75.2271223,MINING,,,,,quarry,,
way_1081227936,25.3925265,75.1125276,MINING,,,,,quarry,,
way_1081227937,25.3813044,75.0997174,MINING,,,,,quarry,,
way_1081227940,25.4913769,75.1446283,MINING,,,,,quarry,,
way_1081227942,25.5618488,75.2186787,MINING,,,,,quarry,,
way_1081227948,25.5877559,75.2477753,MINING,,,,,quarry,,
way_1081228018,25.6801318,76.1844992,MINING,,,,,quarry,,
way_1081228019,25.7180576,76.1907112,MINING,,,,,quarry,,
way_1082320838,27.9272502,78.6150848,MINING,,,,,quarry,,
way_1082320840,27.9258644,78.6116241,MINING,,,,,quarry,,
way_1082320842,27.9250947,78.6083472,MINING,,,,,quarry,,
way_1082463517,28.0292263,78.5107563,MINING,,,,,quarry,,
way_1082463518,28.0293707,78.5118346,MINING,,,,,quarry,,
way_1082463519,28.0305746,78.5151632,MINING,,,,,quarry,,
way_1082560985,27.8887772,78.4960927,MINING,,,,,quarry,,
way_1082560986,27.8865925,78.5003722,MINING,,,,,quarry,,
way_1082560987,27.8874923,78.4992014,MINING,,,,,quarry,,
way_1082974462,27.8575169,78.4928996,MINING,,,,,quarry,,
way_1082974463,27.8590351,78.4946685,MINING,,,,,quarry,,
way_1082974464,27.8582414,78.498791,MINING,,,,,quarry,,
way_1082974465,27.8562286,78.4989868,MINING,,,,,quarry,,
way_1082974466,27.8562939,78.4970891,MINING,,,,,quarry,,
way_1082974467,27.85641,78.4946409,MINING,,,,,quarry,,
way_1082974468,27.8561587,78.4914619,MINING,,,,,quarry,,
way_1082974469,27.8537588,78.4907525,MINING,,,,,quarry,,
way_1083009671,27.850383,78.4985791,MINING,,,,,quarry,,
way_1083009672,27.8507897,78.4980654,MINING,,,,,quarry,,
way_1083009673,27.8513748,78.4978208,MINING,,,,,quarry,,
way_1083145430,27.8895399,78.582948,MINING,,,,,quarry,,
way_1083145431,27.8894137,78.5844292,MINING,,,,,quarry,,
way_1083145432,27.8882604,78.5844017,MINING,,,,,quarry,,
way_1083145433,27.8853016,78.5846325,MINING,,,,,quarry,,
way_1083406919,23.6473989,84.9976855,MINING,,,,,quarry,,
way_1083521616,27.8245076,78.5446045,MINING,,,,,quarry,,
way_1083521617,27.8261029,78.5410988,MINING,,,,,quarry,,
way_1084374439,27.8709635,78.5516547,MINING,,,,,quarry,,
way_1084374440,27.8698823,78.5492769,MINING,,,,,quarry,,
way_1084959287,27.054659,84.9609513,MINING,,,,,quarry,,
way_1085176038,27.8294427,78.598773,MINING,,,,,quarry,,
way_1085176049,27.8221783,78.5991619,MINING,,,,,quarry,,
way_1085285288,27.8117812,78.611258,MINING,,,,,quarry,,
way_1085285289,27.8105749,78.6118267,MINING,,,,,quarry,,
way_1085397844,27.8131398,78.6259951,MINING,,,,,quarry,,
way_1085688274,27.806738,78.6324917,MINING,,,,,quarry,,
way_1085752779,27.8539129,78.6257104,MINING,,,,,quarry,,
way_1085795142,27.8525315,78.6166352,MINING,,,,,quarry,,
way_1085795144,27.8563033,78.620688,MINING,,,,,quarry,,
way_1086216863,27.8199579,78.7143172,MINING,,,,,quarry,,
way_1086216880,27.8200095,78.7103509,MINING,,,,,quarry,,
way_1086441988,27.8448186,78.7021333,MINING,,,,,quarry,,
way_1086441989,27.8445571,78.7056356,MINING,,,,,quarry,,
way_1086441990,27.8488474,78.7075828,MINING,,,,,quarry,,
way_1086441991,27.8511679,78.7081133,MINING,,,,,quarry,,
way_1086441992,27.8503272,78.7069077,MINING,,,,,quarry,,
way_1087565683,27.7963864,78.5459503,MINING,,,,,quarry,,
way_1087565686,27.7921913,78.5353361,MINING,,,,,quarry,,
way_1087667693,27.797218,78.5988629,MINING,,,,,quarry,,
way_1087667695,27.8035743,78.600263,MINING,,,,,quarry,,
way_1087667696,27.8007486,78.6064241,MINING,,,,,quarry,,
way_1087931709,27.7897592,78.5548599,MINING,,,,,quarry,,
way_1088174768,27.0964106,84.7711999,MINING,,,,,quarry,,
way_1089547570,28.7172426,79.8617166,MINING,,,,,quarry,,
way_1089547575,28.7080635,79.8518273,MINING,,,,,quarry,,
way_1089547576,28.7280815,79.8825386,MINING,,,,,quarry,,
way_1089547577,28.7297021,79.8816186,MINING,,,,,quarry,,
way_1089554966,28.8295875,79.8949157,MINING,,,,,quarry,,
way_1089554967,28.8257191,79.8837456,MINING,,,,,quarry,,
way_1089554968,28.8241999,79.8871037,MINING,,,,,quarry,,
way_1089792115,27.0944513,84.7418042,MINING,,,,,quarry,,
way_1089824226,27.0896373,84.7616806,MINING,,,,,quarry,,
way_1089826382,27.0859693,84.7662036,MINING,,,,,quarry,,
way_1090310472,28.1115814,76.8691063,MINING,,,,,quarry,,
way_1090310473,28.1081463,76.8614888,MINING,,,,,quarry,,
way_1090311725,28.9484431,80.271557,MINING,,,,,quarry,,
way_1090344497,28.9987476,80.1546863,MINING,,,,,quarry,,
way_1091178212,29.1418322,79.4692692,MINING,JP Stone Crushers,,,,quarry,,
way_1091178213,29.1425163,79.473034,MINING,Jai Shri Ram Stone Crusher,,,,quarry,,
way_1091178214,29.1372276,79.4669485,MINING,PNC Infratech Limited Stone Crusher,,,,quarry,,
way_1092258038,27.0929828,84.7369634,MINING,,,,,quarry,,
way_1095002698,27.7836738,78.6625131,MINING,,,,,quarry,,
way_1095002699,27.7820566,78.6621858,MINING,,,,,quarry,,
way_1095002700,27.7812937,78.6601929,MINING,,,,,quarry,,
way_1095002701,27.7794213,78.6571151,MINING,,,,,quarry,,
way_1099371608,27.9711971,78.5160215,MINING,,,,,quarry,,
way_1099371609,27.9715862,78.5152611,MINING,,,,,quarry,,
way_1099371619,27.9717675,78.5227062,MINING,,,,,quarry,,
way_1099371623,27.9811105,78.5304693,MINING,,,,,quarry,,
way_1099371624,27.9813082,78.5283865,MINING,,,,,quarry,,
way_1100996023,29.0975336,79.5139654,MINING,Pal Stone Industries Limited,,,,quarry,,
way_1102356069,27.983922,78.5110675,MINING,,,,,quarry,,
way_1102356070,27.982081,78.5099617,MINING,,,,,quarry,,
way_1106914543,26.3194165,75.3040856,MINING,,,,,quarry,,
way_1107443507,24.5264515,74.7802019,MINING,,,,,quarry,,
way_1107443508,24.5228204,74.771018,MINING,,,,,quarry,,
way_1117803725,29.5401609,79.4082729,MINING,,ston,,,quarry,,
way_1132924512,29.7721536,77.8763616,MINING,,,,,quarry,,
way_1132924513,29.7746122,77.8887856,MINING,,,,,quarry,,
way_1132924514,29.7748822,77.912668,MINING,,,,,quarry,,
way_1132924515,29.7750405,77.9256821,MINING,,,,,quarry,,
way_1132924516,29.7925546,77.9070782,MINING,,,,,quarry,,
way_1144173581,28.9535899,80.0927628,MINING,,,,,quarry,,
way_1144173582,28.9510048,80.0948606,MINING,,,,,quarry,,
way_1144854613,28.9970731,80.1574773,MINING,,,,,quarry,,
way_1144854614,28.9983124,80.1563955,MINING,,,,,quarry,,
way_1144969007,28.9810173,80.1847646,MINING,,,,,quarry,,
way_1145217510,28.9975705,80.15201,MINING,,,,,quarry,,
way_1145292579,29.0032343,80.1991658,MINING,,,,,quarry,,
way_1145292580,29.0004665,80.1976029,MINING,,,,,quarry,,
way_1145292581,29.0007454,80.1997617,MINING,,,,,quarry,,
way_1145292582,29.0010775,80.2014488,MINING,,,,,quarry,,
way_1145292605,29.0243643,80.1299601,MINING,,,,,quarry,,
way_1145292606,29.0236232,80.1311933,MINING,,,,,quarry,,
way_1153894382,28.7027174,80.3153009,MINING,,,,,quarry,,
way_1154143869,28.6893219,80.360347,MINING,,,,,quarry,,
way_1154260511,28.6381081,80.364706,MINING,,,,,quarry,,
way_1154260522,28.6383224,80.3665027,MINING,,,,,quarry,,
way_1154260533,28.6665618,80.3493878,MINING,,,,,quarry,,
way_1154383256,28.6799222,80.3819007,MINING,,,,,quarry,,
way_1154383304,28.6408102,80.3890718,MINING,,,,,quarry,,
way_1154624105,28.6916711,80.3968146,MINING,,,,,quarry,,
way_1154860083,28.6427864,80.4327705,MINING,,,,,quarry,,
way_1155774432,28.6213221,80.4855707,MINING,,,,,quarry,,
way_1155774435,28.6199506,80.485243,MINING,,,,,quarry,,
way_1155848248,28.6563826,80.476562,MINING,,,,,quarry,,
way_1155848249,28.654077,80.472383,MINING,,,,,quarry,,
way_1155848251,28.6551417,80.4737362,MINING,,,,,quarry,,
way_1155848263,28.6428207,80.4779577,MINING,,,,,quarry,,
way_1155887856,28.6172861,80.4879925,MINING,,,,,quarry,,
way_1155902274,28.6622277,80.4718393,MINING,,,,,quarry,,
way_1155902279,28.6595874,80.4688617,MINING,,,,,quarry,,
way_1155902281,28.6568999,80.4708388,MINING,,,,,quarry,,
way_1155902288,28.6606982,80.464552,MINING,,,,,quarry,,
way_1157422421,26.8639915,75.3769195,MINING,,,,,quarry,,
way_1164712808,29.1520019,79.0348828,MINING,,,,,quarry,,
way_1164712809,29.149696,79.0437448,MINING,,,,,quarry,,
way_1164712810,29.1196803,79.023993,MINING,,,,,quarry,,
way_1164712811,29.1318913,79.0262782,MINING,,,,,quarry,,
way_1164712812,29.1696904,79.0443241,MINING,,,,,quarry,,
way_1164818059,28.3987574,77.2200304,MINING,,,,,quarry,,
way_1164818060,28.4010459,77.2026443,MINING,,,,,quarry,,
way_1164818061,28.4025087,77.2013462,MINING,,,,,quarry,,
way_1164818062,28.4036506,77.2250461,MINING,,,,,quarry,,
way_1164818063,28.4041839,77.2379797,MINING,,,,,quarry,,
way_1164818064,28.3995076,77.2362256,MINING,,,,,quarry,,
way_1164818065,28.3948737,77.2371161,MINING,,,,,quarry,,
way_1164818066,28.3988847,77.2440576,MINING,,,,,quarry,,
way_1164818067,28.3899185,77.1929722,MINING,,,,,quarry,,
way_1164818068,28.3882381,77.2056913,MINING,,,,,quarry,,
way_1164818069,28.3836039,77.2092855,MINING,,,,,quarry,,
way_1164818070,28.3812065,77.2044629,MINING,,,,,quarry,,
way_1164818071,28.3914286,77.2317623,MINING,,,,,quarry,,
way_1164818072,28.3849159,77.2264194,MINING,,,,,quarry,,
way_1164818073,28.384293,77.2163021,MINING,,,,,quarry,,
way_1164896523,28.3756465,77.1891903,MINING,,,,,quarry,,
way_1164896524,28.3718658,77.1885305,MINING,,,,,quarry,,
way_1164896525,28.3947132,77.2011744,MINING,,,,,quarry,,
way_1164896526,28.3962893,77.2048062,MINING,,,,,quarry,,
way_1164896527,28.3997294,77.2048813,MINING,,,,,quarry,,
way_1176856915,27.5500195,83.5561156,MINING,,,,,quarry,,
way_1190584296,29.1759942,79.5276846,MINING,Uttarakhand Stone Crusher,,,,quarry,,
way_1190584297,29.1603522,79.5319687,MINING,,,,,quarry,,
way_1190584298,29.1357022,79.5335359,MINING,,,,,quarry,,
way_1190584300,29.1374473,79.5277939,MINING,,,,,quarry,,
way_1190967373,29.0936843,79.5416652,MINING,Sagar Stone Crusher,,,,quarry,,
way_1191179395,29.0720502,79.5235681,MINING,Stone Crusher,,,,quarry,,
way_1191371478,28.985582,79.5110804,MINING,,,,,quarry,,
way_1195312782,29.6614266,75.929325,MINING,,,,,quarry,,
way_1198093574,27.8187148,77.0438253,MINING,,,,,quarry,,
way_1214388221,28.2478874,76.0128164,MINING,,,,,quarry,,
way_1214388222,28.2397969,76.0192537,MINING,,,,,quarry,,
way_1214388223,28.2347779,76.0131168,MINING,,,,,quarry,,
way_1214874684,27.8945046,75.7884549,MINING,,,,,quarry,,
way_1214874695,27.8666231,75.8389154,MINING,,,,,quarry,,
way_1214874699,28.0326486,75.9562004,MINING,,,,,quarry,,
way_1214874701,28.0020841,75.9188318,MINING,,,,,quarry,,
way_1214874702,28.0035051,75.9428644,MINING,,,,,quarry,,
way_1215102439,26.4755238,76.7941493,MINING,,,,,quarry,,
way_1215102440,26.4424152,76.7580253,MINING,,,,,quarry,,
way_1215102441,26.4233113,76.7625582,MINING,,,,,quarry,,
way_1215217054,26.5591075,76.2362015,MINING,,,,,quarry,,
way_1215219676,26.5939861,76.3035679,MINING,,,,,quarry,,
way_1215230441,25.9236886,75.7850646,MINING,,,,,quarry,,
way_1215231987,26.0793247,75.9860265,MINING,,,,,quarry,,
way_1215942355,23.9675484,79.1417634,MINING,,,,,quarry,,
way_1215942379,23.9717736,79.1938358,MINING,,,,,quarry,,
way_1215942380,23.9640188,79.1648626,MINING,,,,,quarry,,
way_1215943723,24.0070708,79.4065725,MINING,,,,,quarry,,
way_1215966815,25.0684621,79.5141775,MINING,,,,,quarry,,
way_1215966821,25.0504869,79.4951337,MINING,,,,,quarry,,
way_1215966823,25.0335056,79.5048594,MINING,,,,,quarry,,
way_1215966827,25.1113506,79.420225,MINING,,,,,quarry,,
way_1215966831,24.884957,79.6293515,MINING,,,,,quarry,,
way_1215999722,24.8732287,79.2008472,MINING,,,,,quarry,,
way_1216004615,24.5759338,79.012422,MINING,,,,,quarry,,
way_1216395711,28.4362843,81.8344544,MINING,Crusher Industry,,,,quarry,,
way_1218204983,30.7396653,81.6460667,MINING,,,,,quarry,,
way_1218204984,30.7395224,81.6493639,MINING,,,,,quarry,,
way_1224759908,28.0207964,84.0833823,MINING,Crusher,,,,quarry,,Private
way_1226410844,24.2154515,74.9389243,MINING,,,,,quarry,,
way_1230398429,25.1309875,81.9893896,MINING,,,,,quarry,,
way_1232452635,27.5852547,83.0219718,MINING,,,,,quarry,,
way_1232452638,27.5835281,83.0259556,MINING,,,,,quarry,,
way_1236043005,23.7292263,81.0578245,MINING,,,,,quarry,,
way_1238452893,30.1181298,78.6224905,MINING,,,,,quarry,,
way_1240364289,27.3759404,74.5328057,MINING,,,,,quarry,,
way_1242653866,29.9683631,78.7025041,MINING,,,,,quarry,,
way_1243398303,25.3310902,74.5405196,MINING,,,,,quarry,,
way_1243398310,25.3823492,74.6860456,MINING,,,,,quarry,,
way_1243398317,25.1682514,74.6056223,MINING,,,,,quarry,,
way_1243398323,25.2242862,74.6886313,MINING,,,,,quarry,,
way_1243398324,25.2189189,74.6732354,MINING,,,,,quarry,,
way_1244585555,25.7103343,74.5385563,MINING,,,,,quarry,,
way_1244585556,25.7084686,74.5420647,MINING,,,,,quarry,,
way_1245613234,25.8977017,77.7319456,MINING,,,,,quarry,,
way_1245639245,25.410645,78.7630697,MINING,,,,,quarry,,
way_1245639246,25.3998866,78.7546722,MINING,,,,,quarry,,
way_1245639258,25.4794722,78.9104754,MINING,,,,,quarry,,
way_1253079181,30.080504,78.4383484,MINING,,,,,quarry,,
way_1269172571,30.8528987,76.857731,MINING,,,,,quarry,,
way_1269172574,30.8654946,76.9054556,MINING,,,,,quarry,,
way_1269172579,30.8620973,76.9058767,MINING,,,,,quarry,,
way_1269172580,30.8612753,76.9072137,MINING,,,,,quarry,,
way_1269172597,30.8594611,76.9082693,MINING,,,,,quarry,,
way_1269172598,30.8610002,76.9098544,MINING,,,,,quarry,,
way_1269172599,30.8621019,76.9092428,MINING,,,,,quarry,,
way_1269172600,30.8426963,76.9009856,MINING,,,,,quarry,,
way_1269172601,30.8449427,76.8975478,MINING,,,,,quarry,,
way_1269172602,30.8438523,76.8969946,MINING,,,,,quarry,,
way_1269172603,30.8427056,76.8984691,MINING,,,,,quarry,,
way_1269172604,30.8412743,76.8957903,MINING,,,,,quarry,,
way_1269172605,30.8401458,76.8967358,MINING,,,,,quarry,,
way_1269172606,30.8397658,76.8990142,MINING,,,,,quarry,,
way_1269172607,30.8376275,76.8974859,MINING,,,,,quarry,,
way_1269172608,30.8384693,76.8972373,MINING,,,,,quarry,,
way_1269172609,30.8362215,76.8974532,MINING,,,,,quarry,,
way_1269172610,30.8347694,76.8967652,MINING,,,,,quarry,,
way_1269172611,30.8349537,76.8911125,MINING,,,,,quarry,,
way_1269172612,30.8352968,76.892243,MINING,,,,,quarry,,
way_1269172613,30.8366856,76.894716,MINING,,,,,quarry,,
way_1269172614,30.8406697,76.8935962,MINING,,,,,quarry,,
way_1269172670,30.8455415,76.8998149,MINING,,,,,quarry,,
way_1269172675,30.8439755,76.8932515,MINING,,,,,quarry,,
way_1269172676,30.849371,76.8970763,MINING,,,,,quarry,,
way_1269172677,30.8479686,76.8950808,MINING,,,,,quarry,,
way_1269172678,30.8512431,76.8930047,MINING,,,,,quarry,,
way_1269172679,30.8497555,76.8896922,MINING,,,,,quarry,,
way_1269172680,30.8469231,76.888901,MINING,,,,,quarry,,
way_1269172681,30.8451592,76.8863958,MINING,,,,,quarry,,
way_1269172682,30.8446572,76.882115,MINING,,,,,quarry,,
way_1269172683,30.8451431,76.8835822,MINING,,,,,quarry,,
way_1269172684,30.8464143,76.8806881,MINING,,,,,quarry,,
way_1269172685,30.8464051,76.8762919,MINING,,,,,quarry,,
way_1269172686,30.8448264,76.8795159,MINING,,,,,quarry,,
way_1269172687,30.8395148,76.870495,MINING,,,,,quarry,,
way_1269172688,30.8417579,76.8701859,MINING,,,,,quarry,,
way_1269172689,30.840869,76.8757877,MINING,,,,,quarry,,
way_1269172690,30.8401194,76.8741582,MINING,,,,,quarry,,
way_1269172691,30.8352531,76.8802442,MINING,,,,,quarry,,
way_1269172702,30.8341327,76.8892685,MINING,,,,,quarry,,
way_1269172703,30.8302093,76.8797493,MINING,,,,,quarry,,
way_1269172704,30.8282193,76.8878657,MINING,,,,,quarry,,
way_1269172705,30.8283218,76.8833422,MINING,,,,,quarry,,
way_1269172706,30.8292466,76.8823738,MINING,,,,,quarry,,
way_1269172707,30.8320058,76.8864521,MINING,,,,,quarry,,
way_1269172708,30.83045,76.886019,MINING,,,,,quarry,,
way_1269172709,30.8312722,76.8882104,MINING,,,,,quarry,,
way_1269172710,30.8304856,76.8879515,MINING,,,,,quarry,,
way_1269172711,30.8304867,76.8887052,MINING,,,,,quarry,,
way_1269172712,30.8313055,76.8906807,MINING,,,,,quarry,,
way_1269172713,30.8322326,76.89735,MINING,,,,,quarry,,
way_1269172714,30.8327669,76.893151,MINING,,,,,quarry,,
way_1269172715,30.8346554,76.8773809,MINING,,,,,quarry,,
way_1269172716,30.8172369,76.8923731,MINING,,,,,quarry,,
way_1269172729,30.8307206,76.8818669,MINING,,,,,quarry,,
way_1269172730,30.81461,76.8971702,MINING,,,,,quarry,,
way_1269190752,30.8615033,76.8619635,MINING,,,,,quarry,,
way_1269190753,30.858266,76.8616739,MINING,,,,,quarry,,
way_1269190754,30.8577053,76.8596891,MINING,,,,,quarry,,
way_1269190755,30.8603958,76.8606694,MINING,,,,,quarry,,
way_1269190775,30.8608747,76.8576049,MINING,,,,,quarry,,
way_1269190776,30.8629497,76.8820922,MINING,,,,,quarry,,
way_1269190792,30.8615632,76.8803434,MINING,,,,,quarry,,
way_1269190793,30.8613824,76.883078,MINING,,,,,quarry,,
way_1269190794,30.8487441,76.875384,MINING,,,,,quarry,,
way_1269190795,30.8495283,76.8758601,MINING,,,,,quarry,,
way_1269190796,30.8509748,76.8748221,MINING,,,,,quarry,,
way_1269190797,30.8503761,76.8728104,MINING,,,,,quarry,,
way_1269190798,30.8525775,76.8752935,MINING,,,,,quarry,,
way_1269190799,30.8526252,76.8733187,MINING,,,,,quarry,,
way_1269190800,30.8537896,76.8767168,MINING,,,,,quarry,,
way_1269190801,30.8513835,76.879406,MINING,,,,,quarry,,
way_1269190802,30.8503531,76.8783692,MINING,,,,,quarry,,
way_1269190803,30.8508724,76.8810046,MINING,,,,,quarry,,
way_1269190805,30.8492352,76.880723,MINING,,,,,quarry,,
way_1269190806,30.8494458,76.8833408,MINING,,,,,quarry,,
way_1269190807,30.8528388,76.8841924,MINING,,,,,quarry,,
way_1269190808,30.8525073,76.8810019,MINING,,,,,quarry,,
way_1269190809,30.8545531,76.8821345,MINING,,,,,quarry,,
way_1269190810,30.8541801,76.879705,MINING,,,,,quarry,,
way_1269190811,30.8561269,76.8779885,MINING,,,,,quarry,,
way_1269190812,30.8548524,76.8851365,MINING,,,,,quarry,,
way_1269190813,30.8573923,76.8823872,MINING,,,,,quarry,,
way_1269199566,30.9718253,76.7897598,MINING,,,,,quarry,,
way_1269199567,30.9725647,76.8007301,MINING,,,,,quarry,,
way_1269199568,30.971248,76.8006714,MINING,,,,,quarry,,
way_1269199569,30.969706,76.7995405,MINING,,,,,quarry,,
way_1269199570,30.9706318,76.7974511,MINING,,,,,quarry,,
way_1269199575,30.9709249,76.7943437,MINING,,,,,quarry,,
way_1269199576,30.9800467,76.7859645,MINING,,,,,quarry,,
way_1269199577,30.9807366,76.784264,MINING,,,,,quarry,,
way_1269199578,30.981704,76.7823583,MINING,,,,,quarry,,
way_1269199579,30.9684522,76.7703592,MINING,,,,,quarry,,
way_1269199580,30.9688896,76.7677575,MINING,,,,,quarry,,
way_1269199581,30.9699361,76.7650098,MINING,,,,,quarry,,
way_1269199583,30.9583695,76.7786998,MINING,,,,,quarry,,
way_1269199584,30.9597933,76.7747314,MINING,,,,,quarry,,
way_1269199585,30.9581602,76.774364,MINING,,,,,quarry,,
way_1269199587,30.9479853,76.7802367,MINING,,,,,quarry,,
way_1269199588,30.9458458,76.7928873,MINING,,,,,quarry,,
way_1269199606,30.8818028,76.861631,MINING,,,,,quarry,,
way_1269199607,30.8793823,76.8597051,MINING,,,,,quarry,,
way_1269199609,30.8775435,76.8652949,MINING,,,,,quarry,,
way_1269199610,30.8775442,76.8646847,MINING,,,,,quarry,,
way_1269199611,30.8761618,76.8648885,MINING,,,,,quarry,,
way_1270235295,29.9077537,77.9390725,MINING,,,,,quarry,,
way_1270235296,29.9148169,77.9317922,MINING,,,,,quarry,,
way_1270235297,29.9119328,77.9302686,MINING,,,,,quarry,,
way_1270453902,29.9241641,77.585244,MINING,,,,,quarry,,
way_1270456336,29.9400592,77.5877452,MINING,,,,,quarry,,
way_1270456337,29.9408715,77.5869767,MINING,,,,,quarry,,
way_1270456338,29.9406264,77.5882266,MINING,,,,,quarry,,
way_1270456339,29.9045905,77.6498799,MINING,,,,,quarry,,
way_1270597809,28.2939836,80.3041394,MINING,,,,,quarry,,
way_1270597810,28.2920599,80.3061788,MINING,,,,,quarry,,
way_1270597829,28.2703102,80.3413439,MINING,,,,,quarry,,
way_1270597830,28.2727079,80.3368311,MINING,,,,,quarry,,
way_1270597831,28.2653587,80.3453417,MINING,,,,,quarry,,
way_1270597832,28.2767519,80.3463435,MINING,,,,,quarry,,
way_1270597833,28.2713319,80.3471402,MINING,,,,,quarry,,
way_1270597834,28.2740425,80.3438513,MINING,,,,,quarry,,
way_1270597840,28.3002905,80.3468451,MINING,,,,,quarry,,
way_1270638560,27.6394337,81.6580407,MINING,,,,,quarry,,
way_1270643138,28.3752686,80.2994169,MINING,,,,,quarry,,
way_1271515244,26.7243385,83.0247002,MINING,,,,,quarry,,
way_1271515245,26.7245162,83.0258636,MINING,,,,,quarry,,
way_1271572720,26.2480294,83.5145407,MINING,,,,,quarry,,
way_1271579175,25.9307408,83.7376628,MINING,,,,,quarry,,
way_1271579176,25.9308406,83.7391997,MINING,,,,,quarry,,
way_1271581687,25.9722084,83.6391789,MINING,,,,,quarry,,
way_1271581688,25.9861306,83.6608994,MINING,,,,,quarry,,
way_1271835563,27.080866,84.4790966,MINING,,,,,quarry,,
way_1271835572,27.1765252,84.4646555,MINING,,,,,quarry,,
way_1271835577,27.1764011,84.4896234,MINING,,,,,quarry,,
way_1271835582,27.2644437,84.4940766,MINING,,,,,quarry,,
way_1271835585,27.239237,84.4801245,MINING,,,,,quarry,,
way_1272099912,27.1050911,84.772093,MINING,,,,,quarry,,
way_1272223968,26.391945,84.8513416,MINING,,,,,quarry,,
way_1272223969,26.3921341,84.8495351,MINING,,,,,quarry,,
way_1272223970,26.3898153,84.8504953,MINING,,,,,quarry,,
way_1272223971,26.3895415,84.8587122,MINING,,,,,quarry,,
way_1272223972,26.3884338,84.8615501,MINING,,,,,quarry,,
way_1272223973,26.3809983,84.8711296,MINING,,,,,quarry,,
way_1272223974,26.3818586,84.8720328,MINING,,,,,quarry,,
way_1272223975,26.3366603,84.8633659,MINING,,,,,quarry,,
way_1272223976,26.3356819,84.864788,MINING,,,,,quarry,,
way_1272223977,26.3335389,84.8644321,MINING,,,,,quarry,,
way_1272223978,26.3326975,84.8680074,MINING,,,,,quarry,,
way_1272223979,26.3325461,84.8667281,MINING,,,,,quarry,,
way_1272223980,26.3325275,84.8695759,MINING,,,,,quarry,,
way_1272223981,26.3303158,84.8718322,MINING,,,,,quarry,,
way_1272223982,26.3271733,84.8715634,MINING,,,,,quarry,,
way_1272223983,26.3268788,84.8705977,MINING,,,,,quarry,,
way_1272495558,25.8019148,84.8333828,MINING,,,,,quarry,,
way_1272505646,25.8320827,84.8051981,MINING,,,,,quarry,,
way_1272505647,25.8331854,84.8047737,MINING,,,,,quarry,,
way_1272505648,25.8335463,84.8056441,MINING,,,,,quarry,,
way_1272505649,25.844354,84.7986046,MINING,,,,,quarry,,
way_1272505650,25.8435906,84.7973379,MINING,,,,,quarry,,
way_1272505651,25.8434693,84.7965802,MINING,,,,,quarry,,
way_1272505652,25.8407457,84.8061262,MINING,,,,,quarry,,
way_1272505653,25.8434114,84.8075906,MINING,,,,,quarry,,
way_1272505654,25.8418236,84.8076269,MINING,,,,,quarry,,
way_1272505655,25.8426177,84.809882,MINING,,,,,quarry,,
way_1272505656,25.8461904,84.8095112,MINING,,,,,quarry,,
way_1272505661,25.8565625,84.7815692,MINING,,,,,quarry,,
way_1272505662,25.8577983,84.7829197,MINING,,,,,quarry,,
way_1272505663,25.8595808,84.7816618,MINING,,,,,quarry,,
way_1272505666,25.859086,84.7920044,MINING,,,,,quarry,,
way_1272505667,25.8559832,84.8288472,MINING,,,,,quarry,,
way_1272505683,25.8319512,84.8332004,MINING,,,,,quarry,,
way_1272505684,25.8325245,84.8326921,MINING,,,,,quarry,,
way_1272505687,25.8302178,84.8341271,MINING,,,,,quarry,,
way_1272505688,25.8293637,84.8338488,MINING,,,,,quarry,,
way_1272505689,25.8294295,84.836297,MINING,,,,,quarry,,
way_1272505690,25.8301079,84.8365156,MINING,,,,,quarry,,
way_1272505691,25.8308786,84.8357673,MINING,,,,,quarry,,
way_1272505692,25.8304556,84.8334646,MINING,,,,,quarry,,
way_1272505700,25.8182209,84.8243737,MINING,,,,,quarry,,
way_1272505701,25.8175424,84.8230375,MINING,,,,,quarry,,
way_1272505702,25.8178116,84.8220022,MINING,,,,,quarry,,
way_1272505703,25.8177706,84.8223576,MINING,,,,,quarry,,
way_1272505704,25.8190235,84.8223201,MINING,,,,,quarry,,
way_1272505705,25.8187834,84.8205646,MINING,,,,,quarry,,
way_1272505706,25.8137986,84.8110199,MINING,,,,,quarry,,
way_1272505707,25.8132837,84.8116402,MINING,,,,,quarry,,
way_1272505708,25.8132783,84.8001978,MINING,,brickyard,,,quarry,,
way_1272505709,25.8132777,84.8011145,MINING,,brickyard,,,quarry,,
way_1272505710,25.8062541,84.7959358,MINING,,,,,quarry,,
way_1272505711,25.8068483,84.7975767,MINING,,,,,quarry,,
way_1272505712,25.8074455,84.7968101,MINING,,,,,quarry,,
way_1272505715,25.7960744,84.7806197,MINING,,,,,quarry,,
way_1272505716,25.7947088,84.7823216,MINING,,,,,quarry,,
way_1272505717,25.7936257,84.7834991,MINING,,,,,quarry,,
way_1272505718,25.7935617,84.7825549,MINING,,,,,quarry,,
way_1272505719,25.7854362,84.7871401,MINING,,,,,quarry,,
way_1272505720,25.7852781,84.7884652,MINING,,,,,quarry,,
way_1272505721,25.783829,84.7883177,MINING,,,,,quarry,,
way_1272505722,25.784405,84.78756,MINING,,,,,quarry,,
way_1272505723,25.7845414,84.7859614,MINING,,,,,quarry,,
way_1272505730,25.7822443,84.7943929,MINING,,,,,quarry,,
way_1272505731,25.7834957,84.7943767,MINING,,,,,quarry,,
way_1272505732,25.7828617,84.7972306,MINING,,,,,quarry,,
way_1272505733,25.7830066,84.7964247,MINING,,,,,quarry,,
way_1272505734,25.7836007,84.7953303,MINING,,,,,quarry,,
way_1272505735,25.7851965,84.8011427,MINING,,,,,quarry,,
way_1272505736,25.7859326,84.8017663,MINING,,,,,quarry,,
way_1272505741,25.7797219,84.8092521,MINING,,,,,quarry,,
way_1272505742,25.7785589,84.8082036,MINING,,,,,quarry,,
way_1272505743,25.7791712,84.8101415,MINING,,,,,quarry,,
way_1272505744,25.7812736,84.8110333,MINING,,,,,quarry,,
way_1272505745,25.7808848,84.8096814,MINING,,,,,quarry,,
way_1272505746,25.7817205,84.8087253,MINING,,,,,quarry,,
way_1272505747,25.7828566,84.8103665,MINING,,,,,quarry,,
way_1272505748,25.7834172,84.8092228,MINING,,,,,quarry,,
way_1272505749,25.7741232,84.8158797,MINING,,,,,quarry,,
way_1272505750,25.7736124,84.81518,MINING,,,,,quarry,,
way_1272505751,25.7727609,84.815577,MINING,,,,,quarry,,
way_1272505752,25.7700061,84.8175712,MINING,,,,,quarry,,
way_1272505753,25.7694916,84.8168175,MINING,,,,,quarry,,
way_1272505754,25.7633598,84.8219834,MINING,,,,,quarry,,
way_1272505755,25.7645012,84.8245932,MINING,,,,,quarry,,
way_1272505756,25.7659143,84.822548,MINING,,,,,quarry,,
way_1272505757,25.7663792,84.8220478,MINING,,,,,quarry,,
way_1272505758,25.7661897,84.8225306,MINING,,,,,quarry,,
way_1272505808,25.8205079,84.8479351,MINING,,,,,quarry,,
way_1272505810,25.8195325,84.8477434,MINING,,,,,quarry,,
way_1272508705,25.8036365,84.6838094,MINING,,,,,quarry,,
way_1272508706,25.8059323,84.6814504,MINING,,,,,quarry,,
way_1272508707,25.8063217,84.6817897,MINING,,,,,quarry,,
way_1272508713,25.8075617,84.6837558,MINING,,,,,quarry,,
way_1272556210,25.7458607,84.9586923,MINING,,,,,quarry,,
way_1272556211,25.74728,84.9586441,MINING,,,,,quarry,,
way_1272556212,25.746688,84.9609534,MINING,,,,,quarry,,
way_1272556241,25.7371955,84.8816659,MINING,,,,,quarry,,
way_1272571959,25.7787149,85.0001478,MINING,,,,,quarry,,
way_1272571966,25.7484692,84.9682738,MINING,,,,,quarry,,
way_1274650424,30.4214378,78.0670515,MINING,,,,,quarry,,
way_1280226497,30.2162261,78.7835309,MINING,,,,,quarry,,
way_1280226510,30.3427377,79.011995,MINING,,,,,quarry,,
way_1290459131,26.2335033,78.5086387,MINING,,,,,quarry,,
way_1290459132,26.2710731,78.4920788,MINING,,,,,quarry,,
way_1290459133,26.2655218,78.4862047,MINING,,,,,quarry,,
way_1290459134,26.2707123,78.4771013,MINING,,,,,quarry,,
way_1290461305,26.2730742,78.3501309,MINING,,,,,quarry,,
way_1290461306,26.2872778,78.3584404,MINING,,,,,quarry,,
way_1290653867,26.2303346,78.5082632,MINING,,,,,quarry,,
way_1291112621,26.0456981,78.2939226,MINING,,,,,quarry,,
way_1293580285,24.7106725,77.8632027,MINING,,,,,quarry,,
way_1293734972,24.5888951,77.6324844,MINING,,,,,quarry,,
way_1293874539,24.420444,77.8382206,MINING,,,,,quarry,,
way_1293874540,24.4213623,77.8432899,MINING,,,,,quarry,,
way_1295011184,24.198332,77.9259074,MINING,,,,,quarry,,
way_1295017404,24.1382311,77.4911857,MINING,,,,,quarry,,
way_1295131229,24.4178649,78.1040168,MINING,,,,,quarry,,
way_1295131230,24.4157353,78.1242057,MINING,,,,,quarry,,
way_1295131231,24.4196088,78.1207993,MINING,,,,,quarry,,
way_1295151315,25.4645288,78.7468726,MINING,,,,,quarry,,
way_1295151316,25.4661126,78.7522638,MINING,,,,,quarry,,
way_1295151317,25.469493,78.7551498,MINING,,,,,quarry,,
way_1295151321,25.4778519,78.7954098,MINING,,,,,quarry,,
way_1295455265,25.3133724,78.7072456,MINING,,,,,quarry,,
way_1295625529,25.2446498,78.7665734,MINING,,,,,quarry,,
way_1295781081,25.1596286,78.6997085,MINING,,,,,quarry,,
way_1296050882,25.3003657,80.062252,MINING,,,,,quarry,,
way_1296050886,25.339774,80.1010126,MINING,,,,,quarry,,
way_1296050889,25.3298105,80.0797051,MINING,,,,,quarry,,
way_1296050890,25.3239968,80.0746197,MINING,,,,,quarry,,
way_1296050891,25.3246126,80.0718462,MINING,,,,,quarry,,
way_1296050892,25.323507,80.0691104,MINING,,,,,quarry,,
way_1296050893,25.3197636,80.067367,MINING,,,,,quarry,,
way_1296050894,25.3192787,80.062083,MINING,,,,,quarry,,
way_1296050896,25.3234634,80.0604575,MINING,,,,,quarry,,
way_1296050900,25.3268043,80.0531352,MINING,,,,,quarry,,
way_1296050912,25.2354378,79.9455759,MINING,,,,,quarry,,
way_1296050913,25.2334531,79.9262774,MINING,,,,,quarry,,
way_1296050914,25.2379853,79.9536198,MINING,,,,,quarry,,
way_1296050915,25.2565781,79.9424619,MINING,,,,,quarry,,
way_1296056898,25.3872853,80.2354584,MINING,,,,,quarry,,
way_1296056899,25.3835632,80.2355548,MINING,,,,,quarry,,
way_1296069773,25.1591041,80.3464079,MINING,,,,,quarry,,
way_1296069879,25.2259945,80.2261805,MINING,,,,,quarry,,
way_1296118233,25.0977103,80.3519976,MINING,,,,,quarry,,
way_1296363668,25.0572515,79.9911493,MINING,,,,,quarry,,
way_1302307371,30.6063433,79.5700277,MINING,,,,,quarry,,
way_1311169642,28.9852248,80.194452,MINING,,,,,quarry,,
way_1311219652,29.021102,80.1664129,MINING,,,,,quarry,,
way_1311231248,29.0144619,80.15475,MINING,,,,,quarry,,
way_1311275004,29.0067992,80.146877,MINING,,,,,quarry,,
way_1316075020,31.189235,76.6178369,MINING,,,,,quarry,,
way_1318780045,28.1486605,75.8070024,MINING,,,,,quarry,,
way_1318780046,28.1487708,75.8041104,MINING,,,,,quarry,,
way_1318780205,28.1495831,75.8127544,MINING,,,,,quarry,,
way_1318780299,28.1500738,75.8106289,MINING,,,,,quarry,,
way_1339460201,28.7499123,77.359746,MINING,,,,,quarry,,
way_1339460202,28.756287,77.3464631,MINING,,,,,quarry,,
way_1339460203,28.7582842,77.3516533,MINING,,,,,quarry,,
way_1392264626,28.4622034,84.3726946,MINING,,,,,quarry,,
way_1448108557,27.7194615,83.0232209,MINING,,,,,quarry,,
way_1455415037,27.6505713,83.4484104,MINING,क्रसर,,,,quarry,,
way_1456282947,27.6068926,82.9558339,MINING,,,,,quarry,,
way_1459203795,23.6577989,84.935461,MINING,,,,,quarry,,
way_1460969938,27.5757601,82.8578802,MINING,,,,,quarry,,
way_1461660693,31.3231289,76.1992438,MINING,,,,,quarry,,
way_1461660696,31.32367,76.2021807,MINING,,,,,quarry,,
way_1461660699,31.3206482,76.2001485,MINING,,,,,quarry,,
way_1461662252,31.3067457,76.1870098,MINING,,,,,quarry,,
way_1461662253,31.3122737,76.1941386,MINING,,,,,quarry,,
way_1461662255,31.3074046,76.1925679,MINING,,,,,quarry,,
way_1461662256,31.3110375,76.1873823,MINING,,,,,quarry,,
way_1461662257,31.3172935,76.1882388,MINING,,,,,quarry,,
way_1461664228,31.3241187,76.1953214,MINING,,,,,quarry,,
way_1461664230,31.3238127,76.1901118,MINING,,,,,quarry,,
way_1461664231,31.3249832,76.1867348,MINING,,,,,quarry,,
way_1461664233,31.3224432,76.1857533,MINING,,,,,quarry,,
way_1461664234,31.3290508,76.1958683,MINING,,,,,quarry,,
way_1461664235,31.3262857,76.1965237,MINING,,,,,quarry,,
way_1461667257,31.3756368,76.2183967,MINING,,,,,quarry,,
way_1461667259,31.3747669,76.2134199,MINING,,,,,quarry,,
way_1461667260,31.3852065,76.2373669,MINING,,,,,quarry,,
way_1461667265,31.3740469,76.2219384,MINING,,,,,quarry,,
way_1461670145,31.2401939,76.2335881,MINING,,,,,quarry,,
way_1463378889,27.6108366,82.856788,MINING,,,,,quarry,,
way_1463378890,27.6088551,82.8576522,MINING,,,,,quarry,,
way_1463407814,27.6260673,82.8643234,MINING,,,,,quarry,,
way_1463409298,27.62615,82.8701118,MINING,,,,,quarry,,
way_1463475015,27.6179416,82.8734286,MINING,,,,,quarry,,
way_1463475016,27.6156338,82.8751774,MINING,,,,,quarry,,
way_1463475020,27.6235766,82.8642735,MINING,,,,,quarry,,
way_1463476254,27.6264908,82.8681533,MINING,,,,,quarry,,
way_1463664376,27.6786767,82.8035501,MINING,,,,,quarry,,
way_1464536797,27.8931616,82.3842001,MINING,,,,,quarry,,
way_1466490206,31.3355429,76.2507428,MINING,,,,,quarry,,
way_1466619578,31.3739923,76.173543,MINING,,,,,quarry,,
way_1466800670,31.3630179,76.2327789,MINING,,,,,quarry,,
way_1466820600,31.3591098,76.2462637,MINING,,,,,quarry,,
way_1467282065,31.303415,76.2227725,MINING,,,,,quarry,,
way_1467282066,31.3062904,76.2307624,MINING,,,,,quarry,,
way_1467697078,31.3936393,76.1681389,MINING,,,,,quarry,,
way_1467697081,31.4012907,76.1715763,MINING,,,,,quarry,,
way_1467697082,31.3944445,76.1752565,MINING,,,,,quarry,,
way_1467699198,31.3975763,76.1873508,MINING,,,,,quarry,,
way_1467699199,31.3927304,76.189629,MINING,,,,,quarry,,
way_1467699200,31.3907164,76.1981366,MINING,,,,,quarry,,
way_1468588428,31.4386714,76.2051579,MINING,,,,,quarry,,
way_1473383270,24.309945,81.2936434,MINING,,,,,quarry,,
way_1484725755,31.222544,76.4453481,MINING,,,,,quarry,,
way_1484731934,31.2590814,76.3558933,MINING,,,,,quarry,,
way_1484738306,31.2810376,76.3217208,MINING,,,,,quarry,,
way_1484738307,31.2782931,76.3258674,MINING,,,,,quarry,,
way_1484738308,31.2868325,76.3120689,MINING,,,,,quarry,,
way_1484738309,31.289722,76.3121616,MINING,,,,,quarry,,
way_1484738332,31.293614,76.3128993,MINING,,,,,quarry,,
way_1484740175,31.3086516,76.2947609,MINING,,,,,quarry,,
way_1484746284,31.306056,76.2726173,MINING,,,,,quarry,,
way_1484759427,31.2704038,76.4348021,MINING,,,,,quarry,,
way_1484760703,31.2352704,76.4326752,MINING,,,,,quarry,,
way_1488450274,27.9612566,76.0801599,MINING,,,,,quarry,,
way_1488450275,27.9609239,76.0823383,MINING,,,,,quarry,,
way_1488450276,27.9623687,76.0832672,MINING,,,,,quarry,,
way_1488450277,27.9639601,76.0815253,MINING,,,,,quarry,,
way_1488450278,27.966638,76.0829718,MINING,,,,,quarry,,
way_1488450288,27.9664077,76.0796074,MINING,,,,,quarry,,
way_1488450289,27.9726905,76.0864832,MINING,,,,,quarry,,
way_1488703570,27.9551601,76.0807434,MINING,,,,,quarry,,
way_1490309239,28.0447402,76.0512404,MINING,,,,,quarry,,
way_1493151931,28.0251626,75.9695161,MINING,,,,,quarry,,
way_1493151964,28.0175032,75.9595373,MINING,,,,,quarry,,
way_1493210672,27.9078398,76.0859169,MINING,,,,,quarry,,
way_1493215530,27.9229117,76.0575712,MINING,,,,,quarry,,
way_1493275143,27.8527813,76.0882333,MINING,,,,,quarry,,
way_1495050323,27.8447003,76.0659937,MINING,,,,,quarry,,
way_1495050324,27.8412699,76.0629674,MINING,,,,,quarry,,
way_1499899436,29.6919859,83.9801788,MINING,,,,,quarry,,
way_1533523152,28.3224015,76.0530057,MINING,,,,,quarry,,
way_1535974941,28.3588247,76.0514522,MINING,,,,,quarry,,
way_1535974942,28.3564626,76.0517844,MINING,,,,,quarry,,
way_1535989289,28.3514817,76.0504283,MINING,,,,,quarry,,
way_1535989310,28.3438692,76.0484571,MINING,,,,,quarry,,
way_1535989311,28.345722,76.0491012,MINING,,,,,quarry,,
way_1535989312,28.3466245,76.0501319,MINING,,,,,quarry,,
way_1537958208,28.8237241,80.5250148,MINING,,,,,quarry,,
way_1539003846,28.8903119,80.5103137,MINING,,,,,quarry,,
way_1540000182,28.8244831,80.5777122,MINING,,,,,quarry,,
way_1540056041,28.3980007,76.1199634,MINING,,,,,quarry,,
relation_13153736,28.5070246,83.6597946,MINING,,,,,quarry,,
relation_17177172,23.5109702,80.8206874,MINING,,,,,quarry,,
