latitude,longitude,bright_ti4,scan,track,acq_date,acq_time,satellite,instrument,confidence,version,bright_ti5,frp,daynight,source
27.83626,78.19711,335.7,0.49,0.49,2026-06-26,729,N20,VIIRS,n,2.0NRT,297.09,2.87,D,VIIRS_NOAA20_NRT
30.137,76.26283,340.9,0.47,0.39,2026-06-26,816,N21,VIIRS,n,2.0NRT,307.3,9.52,D,VIIRS_NOAA21_NRT
30.70545,75.57833,333.47,0.44,0.39,2026-06-26,816,N21,VIIRS,n,2.0NRT,301.15,1.94,D,VIIRS_NOAA21_NRT
30.33923,76.50933,333.65,0.48,0.4,2026-06-26,816,N21,VIIRS,n,2.0NRT,301.61,1.83,D,VIIRS_NOAA21_NRT
31.26789,75.40729,330.7,0.44,0.39,2026-06-26,816,N21,VIIRS,n,2.0NRT,300.24,1.69,D,VIIRS_NOAA21_NRT
30.89532,75.54023,339.67,0.44,0.39,2026-06-26,816,N21,VIIRS,n,2.0NRT,301.52,4.17,D,VIIRS_NOAA21_NRT
31.31031,75.48528,335.11,0.45,0.39,2026-06-26,816,N21,VIIRS,n,2.0NRT,303.36,3.73,D,VIIRS_NOAA21_NRT
31.40996,75.13355,334.05,0.43,0.38,2026-06-26,816,N21,VIIRS,n,2.0NRT,298.75,3.27,D,VIIRS_NOAA21_NRT
30.27654,76.21015,339.88,0.47,0.39,2026-06-26,816,N21,VIIRS,n,2.0NRT,306.85,5.83,D,VIIRS_NOAA21_NRT
30.4788,75.89355,342.34,0.45,0.39,2026-06-26,816,N21,VIIRS,n,2.0NRT,302.63,9.04,D,VIIRS_NOAA21_NRT
30.91506,76.19312,338.02,0.47,0.4,2026-06-26,816,N21,VIIRS,n,2.0NRT,305.8,6.07,D,VIIRS_NOAA21_NRT
30.25713,76.94401,341.13,0.5,0.41,2026-06-26,816,N21,VIIRS,n,2.0NRT,309.3,9.76,D,VIIRS_NOAA21_NRT
30.56736,77.15919,335.91,0.52,0.41,2026-06-26,816,N21,VIIRS,n,2.0NRT,304.22,8.37,D,VIIRS_NOAA21_NRT
30.77121,76.29691,333.08,0.47,0.4,2026-06-26,816,N21,VIIRS,l,2.0NRT,304.8,1.57,D,VIIRS_NOAA21_NRT
30.86339,76.22862,331.73,0.47,0.4,2026-06-26,816,N21,VIIRS,l,2.0NRT,305.37,10.64,D,VIIRS_NOAA21_NRT
30.864,76.23355,338.86,0.47,0.4,2026-06-26,816,N21,VIIRS,n,2.0NRT,309.89,16.27,D,VIIRS_NOAA21_NRT
30.51893,75.06693,334.76,0.42,0.38,2026-06-26,816,N21,VIIRS,n,2.0NRT,297.6,1.43,D,VIIRS_NOAA21_NRT
30.97295,77.60292,338.21,0.51,0.66,2026-06-26,709,N,VIIRS,n,2.0NRT,287.86,11.06,D,VIIRS_SNPP_NRT
30.5716,76.15328,331.5,0.47,0.39,2026-06-26,816,N21,VIIRS,l,2.0NRT,304.85,3.49,D,VIIRS_NOAA21_NRT
31.40938,75.12901,333.84,0.43,0.38,2026-06-26,816,N21,VIIRS,n,2.0NRT,299.33,3.53,D,VIIRS_NOAA21_NRT
30.67148,75.73577,337.18,0.45,0.39,2026-06-26,816,N21,VIIRS,n,2.0NRT,301.04,5.13,D,VIIRS_NOAA21_NRT
31.26315,75.56989,342.95,0.45,0.39,2026-06-26,816,N21,VIIRS,n,2.0NRT,305.14,13.0,D,VIIRS_NOAA21_NRT
31.46691,75.10486,346.23,0.43,0.38,2026-06-26,816,N21,VIIRS,n,2.0NRT,299.86,7.77,D,VIIRS_NOAA21_NRT
30.8841,75.50918,336.52,0.44,0.39,2026-06-26,816,N21,VIIRS,n,2.0NRT,301.88,2.73,D,VIIRS_NOAA21_NRT
30.31824,76.97668,333.18,0.5,0.41,2026-06-26,816,N21,VIIRS,n,2.0NRT,300.55,1.96,D,VIIRS_NOAA21_NRT
30.70517,75.57536,332.39,0.44,0.39,2026-06-26,816,N21,VIIRS,n,2.0NRT,301.56,2.79,D,VIIRS_NOAA21_NRT
30.55888,75.28674,341.12,0.43,0.38,2026-06-26,816,N21,VIIRS,n,2.0NRT,304.25,8.1,D,VIIRS_NOAA21_NRT
30.71737,76.10142,339.51,0.47,0.39,2026-06-26,816,N21,VIIRS,n,2.0NRT,303.57,3.28,D,VIIRS_NOAA21_NRT
31.41228,75.0406,337.25,0.43,0.38,2026-06-26,816,N21,VIIRS,n,2.0NRT,300.19,3.69,D,VIIRS_NOAA21_NRT
30.91031,75.68492,331.12,0.45,0.39,2026-06-26,816,N21,VIIRS,l,2.0NRT,301.39,3.34,D,VIIRS_NOAA21_NRT
31.38845,75.92859,338.41,0.46,0.39,2026-06-26,816,N21,VIIRS,n,2.0NRT,303.55,4.31,D,VIIRS_NOAA21_NRT
31.12558,75.33668,331.9,0.44,0.38,2026-06-26,816,N21,VIIRS,n,2.0NRT,299.57,3.23,D,VIIRS_NOAA21_NRT
30.79642,76.10518,333.86,0.47,0.39,2026-06-26,816,N21,VIIRS,n,2.0NRT,302.04,2.22,D,VIIRS_NOAA21_NRT
30.82107,76.15565,337.0,0.47,0.4,2026-06-26,816,N21,VIIRS,n,2.0NRT,302.2,4.41,D,VIIRS_NOAA21_NRT
30.88302,75.58492,330.59,0.45,0.39,2026-06-26,816,N21,VIIRS,l,2.0NRT,302.03,1.7,D,VIIRS_NOAA21_NRT
27.06167,79.88651,339.75,0.44,0.46,2026-06-26,813,N21,VIIRS,n,2.0NRT,298.49,4.34,D,VIIRS_NOAA21_NRT
30.88405,75.48098,332.26,0.44,0.38,2026-06-26,816,N21,VIIRS,n,2.0NRT,301.54,1.65,D,VIIRS_NOAA21_NRT
30.9187,76.19252,336.19,0.47,0.4,2026-06-26,816,N21,VIIRS,n,2.0NRT,305.82,6.07,D,VIIRS_NOAA21_NRT
31.15249,75.37883,337.72,0.44,0.38,2026-06-26,816,N21,VIIRS,n,2.0NRT,300.1,4.42,D,VIIRS_NOAA21_NRT
31.24092,75.33669,334.89,0.44,0.38,2026-06-26,816,N21,VIIRS,n,2.0NRT,299.6,5.76,D,VIIRS_NOAA21_NRT
30.75418,76.21944,337.44,0.47,0.4,2026-06-26,816,N21,VIIRS,n,2.0NRT,305.54,2.67,D,VIIRS_NOAA21_NRT
30.78086,76.25508,341.76,0.47,0.4,2026-06-26,816,N21,VIIRS,n,2.0NRT,303.5,10.2,D,VIIRS_NOAA21_NRT
30.13783,76.25993,337.46,0.47,0.39,2026-06-26,816,N21,VIIRS,n,2.0NRT,306.47,8.11,D,VIIRS_NOAA21_NRT
31.16832,75.39016,332.26,0.44,0.38,2026-06-26,816,N21,VIIRS,n,2.0NRT,299.99,4.54,D,VIIRS_NOAA21_NRT
31.18073,75.48717,336.24,0.44,0.39,2026-06-26,816,N21,VIIRS,n,2.0NRT,301.59,3.76,D,VIIRS_NOAA21_NRT
31.38726,75.84697,333.82,0.46,0.39,2026-06-26,816,N21,VIIRS,n,2.0NRT,303.79,2.37,D,VIIRS_NOAA21_NRT
31.48593,75.65202,345.71,0.45,0.39,2026-06-26,816,N21,VIIRS,n,2.0NRT,304.03,6.8,D,VIIRS_NOAA21_NRT
31.38698,75.63705,333.17,0.45,0.39,2026-06-26,816,N21,VIIRS,l,2.0NRT,303.66,2.62,D,VIIRS_NOAA21_NRT
30.92511,75.34912,330.14,0.44,0.38,2026-06-26,816,N21,VIIRS,l,2.0NRT,302.05,3.91,D,VIIRS_NOAA21_NRT
31.48661,75.54068,337.26,0.45,0.39,2026-06-26,816,N21,VIIRS,n,2.0NRT,303.68,8.43,D,VIIRS_NOAA21_NRT
24.93184,74.63378,310.54,0.39,0.36,2026-06-26,2040,N21,VIIRS,n,2.0NRT,293.19,4.11,N,VIIRS_NOAA21_NRT
31.27308,75.30759,331.1,0.44,0.38,2026-06-26,816,N21,VIIRS,n,2.0NRT,300.3,2.03,D,VIIRS_NOAA21_NRT
30.55692,75.28854,335.66,0.43,0.38,2026-06-26,816,N21,VIIRS,n,2.0NRT,304.07,5.18,D,VIIRS_NOAA21_NRT
31.24495,75.20061,334.65,0.43,0.38,2026-06-26,816,N21,VIIRS,n,2.0NRT,300.06,2.76,D,VIIRS_NOAA21_NRT
30.70107,75.57137,337.43,0.44,0.39,2026-06-26,816,N21,VIIRS,n,2.0NRT,302.22,2.79,D,VIIRS_NOAA21_NRT
31.18426,75.48656,335.98,0.44,0.39,2026-06-26,816,N21,VIIRS,n,2.0NRT,301.95,3.76,D,VIIRS_NOAA21_NRT
30.79117,75.68367,333.74,0.45,0.39,2026-06-26,816,N21,VIIRS,n,2.0NRT,301.16,8.66,D,VIIRS_NOAA21_NRT
31.18574,75.30275,337.02,0.44,0.38,2026-06-26,816,N21,VIIRS,n,2.0NRT,299.45,3.78,D,VIIRS_NOAA21_NRT
26.36384,80.52364,311.74,0.54,0.42,2026-06-26,2040,N21,VIIRS,n,2.0NRT,292.22,2.41,N,VIIRS_NOAA21_NRT
31.35114,75.83621,345.58,0.46,0.39,2026-06-26,816,N21,VIIRS,n,2.0NRT,304.57,7.57,D,VIIRS_NOAA21_NRT
31.1151,75.199,341.74,0.43,0.38,2026-06-26,816,N21,VIIRS,n,2.0NRT,301.71,5.87,D,VIIRS_NOAA21_NRT
31.09475,75.20723,336.24,0.43,0.38,2026-06-26,816,N21,VIIRS,n,2.0NRT,300.62,3.85,D,VIIRS_NOAA21_NRT
31.37816,75.50872,336.13,0.45,0.39,2026-06-26,816,N21,VIIRS,n,2.0NRT,302.37,3.27,D,VIIRS_NOAA21_NRT
30.8913,75.36694,331.17,0.33,0.55,2026-06-26,850,N,VIIRS,n,2.0NRT,295.5,2.55,D,VIIRS_SNPP_NRT
30.86334,76.23454,341.62,0.61,0.71,2026-06-26,709,N,VIIRS,n,2.0NRT,295.64,6.65,D,VIIRS_SNPP_NRT
31.2485,75.45327,338.74,0.44,0.39,2026-06-26,816,N21,VIIRS,n,2.0NRT,300.78,6.01,D,VIIRS_NOAA21_NRT
30.59257,74.80945,338.67,0.42,0.37,2026-06-26,816,N21,VIIRS,n,2.0NRT,303.53,7.9,D,VIIRS_NOAA21_NRT
30.60331,76.29225,333.2,0.47,0.4,2026-06-26,816,N21,VIIRS,l,2.0NRT,305.76,4.43,D,VIIRS_NOAA21_NRT
30.6705,75.42081,331.86,0.44,0.38,2026-06-26,816,N21,VIIRS,l,2.0NRT,302.71,7.99,D,VIIRS_NOAA21_NRT
30.93249,75.15846,338.04,0.43,0.38,2026-06-26,816,N21,VIIRS,n,2.0NRT,299.19,3.0,D,VIIRS_NOAA21_NRT
30.96176,75.27306,335.44,0.43,0.38,2026-06-26,816,N21,VIIRS,n,2.0NRT,301.4,13.79,D,VIIRS_NOAA21_NRT
31.1542,75.30827,331.95,0.44,0.38,2026-06-26,816,N21,VIIRS,n,2.0NRT,298.94,1.59,D,VIIRS_NOAA21_NRT
31.48013,75.48901,334.58,0.45,0.39,2026-06-26,816,N21,VIIRS,n,2.0NRT,302.74,4.13,D,VIIRS_NOAA21_NRT
31.16425,75.52802,341.77,0.45,0.39,2026-06-26,816,N21,VIIRS,n,2.0NRT,303.8,6.05,D,VIIRS_NOAA21_NRT
26.36286,80.52889,314.4,0.54,0.42,2026-06-26,2040,N21,VIIRS,n,2.0NRT,292.4,2.41,N,VIIRS_NOAA21_NRT
31.24145,75.20123,334.57,0.43,0.38,2026-06-26,816,N21,VIIRS,n,2.0NRT,300.43,2.93,D,VIIRS_NOAA21_NRT
31.29255,75.40298,339.78,0.44,0.39,2026-06-26,816,N21,VIIRS,n,2.0NRT,302.78,7.31,D,VIIRS_NOAA21_NRT
31.29597,75.34583,332.75,0.44,0.38,2026-06-26,816,N21,VIIRS,n,2.0NRT,301.06,2.39,D,VIIRS_NOAA21_NRT
31.30604,75.39591,336.55,0.44,0.39,2026-06-26,816,N21,VIIRS,n,2.0NRT,302.81,4.21,D,VIIRS_NOAA21_NRT
31.34038,75.92686,335.36,0.46,0.39,2026-06-26,816,N21,VIIRS,n,2.0NRT,303.19,2.82,D,VIIRS_NOAA21_NRT
31.09883,75.1834,336.21,0.43,0.38,2026-06-26,816,N21,VIIRS,n,2.0NRT,300.53,3.34,D,VIIRS_NOAA21_NRT
30.99034,76.5693,330.87,0.49,0.4,2026-06-26,816,N21,VIIRS,l,2.0NRT,305.47,2.77,D,VIIRS_NOAA21_NRT
30.70073,75.56974,332.17,0.44,0.39,2026-06-26,816,N21,VIIRS,n,2.0NRT,301.1,5.27,D,VIIRS_NOAA21_NRT
30.02706,77.08794,333.29,0.51,0.41,2026-06-26,816,N21,VIIRS,n,2.0NRT,302.25,4.43,D,VIIRS_NOAA21_NRT
26.70868,80.57373,330.28,0.44,0.62,2026-06-26,707,N,VIIRS,n,2.0NRT,294.09,1.95,D,VIIRS_SNPP_NRT
28.80302,77.07079,331.58,0.4,0.6,2026-06-26,850,N,VIIRS,n,2.0NRT,293.49,7.3,D,VIIRS_SNPP_NRT
30.69343,77.79775,334.73,0.56,0.43,2026-06-26,816,N21,VIIRS,n,2.0NRT,304.43,3.29,D,VIIRS_NOAA21_NRT
31.21061,75.15574,332.38,0.43,0.38,2026-06-26,816,N21,VIIRS,n,2.0NRT,299.12,3.01,D,VIIRS_NOAA21_NRT
29.81598,78.48139,306.4,0.41,0.37,2026-06-26,2040,N21,VIIRS,n,2.0NRT,293.65,1.16,N,VIIRS_NOAA21_NRT
26.75866,83.20074,306.92,0.5,0.49,2026-06-26,2040,N21,VIIRS,n,2.0NRT,291.56,4.94,N,VIIRS_NOAA21_NRT
26.87595,80.95889,298.41,0.56,0.43,2026-06-26,2040,N21,VIIRS,n,2.0NRT,286.87,1.98,N,VIIRS_NOAA21_NRT
26.87701,80.95343,296.94,0.55,0.43,2026-06-26,2040,N21,VIIRS,n,2.0NRT,286.06,4.91,N,VIIRS_NOAA21_NRT
29.47607,80.97343,333.25,0.55,0.51,2026-06-26,813,N21,VIIRS,n,2.0NRT,302.24,5.34,D,VIIRS_NOAA21_NRT
26.8798,80.95985,297.11,0.56,0.43,2026-06-26,2040,N21,VIIRS,n,2.0NRT,286.03,1.98,N,VIIRS_NOAA21_NRT
27.66849,76.1314,311.76,0.38,0.36,2026-06-26,2040,N21,VIIRS,n,2.0NRT,292.8,2.6,N,VIIRS_NOAA21_NRT
29.68702,77.04779,330.83,0.5,0.41,2026-06-26,813,N21,VIIRS,l,2.0NRT,300.98,2.38,D,VIIRS_NOAA21_NRT
27.32062,79.15506,335.68,0.4,0.45,2026-06-26,813,N21,VIIRS,n,2.0NRT,297.8,3.16,D,VIIRS_NOAA21_NRT
28.66006,79.9636,341.19,0.47,0.48,2026-06-26,813,N21,VIIRS,n,2.0NRT,300.28,9.15,D,VIIRS_NOAA21_NRT
30.99664,75.46222,332.34,0.67,0.74,2026-06-26,709,N,VIIRS,n,2.0NRT,286.58,4.97,D,VIIRS_SNPP_NRT
30.97263,77.6034,338.9,0.51,0.66,2026-06-26,709,N,VIIRS,n,2.0NRT,291.15,7.14,D,VIIRS_SNPP_NRT
28.36871,82.2485,349.9,0.32,0.55,2026-06-26,813,N21,VIIRS,n,2.0NRT,295.72,7.15,D,VIIRS_NOAA21_NRT
29.73826,75.85378,335.55,0.45,0.39,2026-06-26,816,N21,VIIRS,n,2.0NRT,303.21,2.85,D,VIIRS_NOAA21_NRT
31.48308,75.48372,334.96,0.45,0.39,2026-06-26,816,N21,VIIRS,n,2.0NRT,301.63,3.26,D,VIIRS_NOAA21_NRT
30.59041,75.89152,335.05,0.45,0.39,2026-06-26,816,N21,VIIRS,n,2.0NRT,301.39,5.48,D,VIIRS_NOAA21_NRT
30.90786,75.35838,330.11,0.68,0.74,2026-06-26,709,N,VIIRS,n,2.0NRT,287.61,4.52,D,VIIRS_SNPP_NRT
28.44871,79.20316,337.92,0.42,0.45,2026-06-26,813,N21,VIIRS,n,2.0NRT,301.54,4.15,D,VIIRS_NOAA21_NRT
27.29656,79.19991,339.27,0.41,0.45,2026-06-26,813,N21,VIIRS,n,2.0NRT,299.33,3.06,D,VIIRS_NOAA21_NRT
31.40822,75.11995,330.25,0.43,0.38,2026-06-26,816,N21,VIIRS,n,2.0NRT,299.58,2.25,D,VIIRS_NOAA21_NRT
29.34978,78.07426,346.56,0.56,0.43,2026-06-26,813,N21,VIIRS,n,2.0NRT,299.3,15.13,D,VIIRS_NOAA21_NRT
29.47839,80.97303,330.03,0.55,0.51,2026-06-26,813,N21,VIIRS,l,2.0NRT,302.06,7.67,D,VIIRS_NOAA21_NRT
30.52325,76.24837,348.47,0.37,0.58,2026-06-26,850,N,VIIRS,n,2.0NRT,298.09,7.37,D,VIIRS_SNPP_NRT
28.62326,81.85473,307.62,0.39,0.44,2026-06-26,2040,N21,VIIRS,n,2.0NRT,289.16,1.7,N,VIIRS_NOAA21_NRT
28.44916,79.20744,335.16,0.42,0.45,2026-06-26,813,N21,VIIRS,n,2.0NRT,301.28,4.15,D,VIIRS_NOAA21_NRT
27.57543,78.32112,335.77,0.55,0.43,2026-06-26,813,N21,VIIRS,n,2.0NRT,300.77,9.06,D,VIIRS_NOAA21_NRT
30.50693,76.32128,356.72,0.37,0.58,2026-06-26,850,N,VIIRS,n,2.0NRT,298.7,7.48,D,VIIRS_SNPP_NRT
28.73087,81.85956,331.57,0.33,0.55,2026-06-26,709,N,VIIRS,n,2.0NRT,285.9,3.56,D,VIIRS_SNPP_NRT
31.47612,75.06615,337.68,0.43,0.38,2026-06-26,816,N21,VIIRS,n,2.0NRT,299.87,7.25,D,VIIRS_NOAA21_NRT
28.92318,79.31097,344.7,0.43,0.46,2026-06-26,813,N21,VIIRS,n,2.0NRT,304.56,6.14,D,VIIRS_NOAA21_NRT
31.20533,75.42609,330.29,0.44,0.39,2026-06-26,816,N21,VIIRS,n,2.0NRT,300.05,2.16,D,VIIRS_NOAA21_NRT
28.35505,81.34019,331.28,0.56,0.52,2026-06-26,813,N21,VIIRS,n,2.0NRT,297.58,3.38,D,VIIRS_NOAA21_NRT
28.29129,80.15802,340.0,0.47,0.48,2026-06-26,813,N21,VIIRS,n,2.0NRT,299.55,3.77,D,VIIRS_NOAA21_NRT
28.14464,79.09636,333.49,0.41,0.45,2026-06-26,813,N21,VIIRS,n,2.0NRT,300.33,5.3,D,VIIRS_NOAA21_NRT
28.13405,80.2355,335.82,0.48,0.48,2026-06-26,813,N21,VIIRS,n,2.0NRT,296.97,3.34,D,VIIRS_NOAA21_NRT
27.83608,78.19262,335.01,0.54,0.42,2026-06-26,813,N21,VIIRS,n,2.0NRT,301.27,7.1,D,VIIRS_NOAA21_NRT
31.36502,75.18095,339.72,0.44,0.38,2026-06-26,816,N21,VIIRS,n,2.0NRT,299.74,10.95,D,VIIRS_NOAA21_NRT
27.66894,78.1912,335.1,0.54,0.42,2026-06-26,813,N21,VIIRS,n,2.0NRT,296.84,1.65,D,VIIRS_NOAA21_NRT
30.77407,75.67585,339.82,0.34,0.56,2026-06-26,850,N,VIIRS,n,2.0NRT,295.85,3.09,D,VIIRS_SNPP_NRT
27.67512,78.77409,340.22,0.39,0.44,2026-06-26,813,N21,VIIRS,n,2.0NRT,303.27,5.33,D,VIIRS_NOAA21_NRT
26.83191,79.13843,336.92,0.51,0.66,2026-06-26,850,N,VIIRS,n,2.0NRT,292.55,3.93,D,VIIRS_SNPP_NRT
30.98782,75.51025,336.83,0.34,0.56,2026-06-26,850,N,VIIRS,n,2.0NRT,295.33,1.68,D,VIIRS_SNPP_NRT
26.98671,82.59449,337.68,0.33,0.55,2026-06-26,707,N,VIIRS,n,2.0NRT,295.15,3.61,D,VIIRS_SNPP_NRT
24.82326,81.3632,333.06,0.43,0.62,2026-06-26,707,N,VIIRS,n,2.0NRT,292.21,2.94,D,VIIRS_SNPP_NRT
25.28577,82.08971,330.57,0.38,0.59,2026-06-26,707,N,VIIRS,n,2.0NRT,292.27,4.97,D,VIIRS_SNPP_NRT
25.45922,83.2488,338.11,0.32,0.55,2026-06-26,707,N,VIIRS,n,2.0NRT,292.99,1.74,D,VIIRS_SNPP_NRT
26.00463,83.73494,330.7,0.58,0.52,2026-06-26,707,N,VIIRS,n,2.0NRT,294.84,3.35,D,VIIRS_SNPP_NRT
26.17995,78.85278,342.7,0.57,0.69,2026-06-26,707,N,VIIRS,n,2.0NRT,290.11,6.48,D,VIIRS_SNPP_NRT
26.51872,82.88036,346.3,0.32,0.55,2026-06-26,707,N,VIIRS,n,2.0NRT,291.49,5.97,D,VIIRS_SNPP_NRT
26.72984,82.35667,332.38,0.34,0.56,2026-06-26,707,N,VIIRS,n,2.0NRT,295.47,2.78,D,VIIRS_SNPP_NRT
27.16899,82.66366,331.8,0.32,0.55,2026-06-26,707,N,VIIRS,n,2.0NRT,297.79,2.41,D,VIIRS_SNPP_NRT
31.33019,75.18272,331.21,0.68,0.74,2026-06-26,709,N,VIIRS,n,2.0NRT,287.19,5.69,D,VIIRS_SNPP_NRT
27.16967,82.66529,334.11,0.32,0.55,2026-06-26,707,N,VIIRS,n,2.0NRT,297.84,0.78,D,VIIRS_SNPP_NRT
30.06352,76.98188,332.22,0.4,0.6,2026-06-26,850,N,VIIRS,n,2.0NRT,297.41,3.27,D,VIIRS_SNPP_NRT
30.58521,76.26524,338.08,0.47,0.4,2026-06-26,816,N21,VIIRS,n,2.0NRT,305.7,11.18,D,VIIRS_NOAA21_NRT
30.93386,76.25423,337.95,0.37,0.58,2026-06-26,850,N,VIIRS,n,2.0NRT,298.52,2.0,D,VIIRS_SNPP_NRT
30.72539,76.13772,367.0,0.36,0.58,2026-06-26,850,N,VIIRS,h,2.0NRT,296.81,6.12,D,VIIRS_SNPP_NRT
25.26853,82.82686,321.02,0.51,0.49,2026-06-26,2040,N21,VIIRS,n,2.0NRT,290.52,5.26,N,VIIRS_NOAA21_NRT
31.48602,75.53598,330.37,0.45,0.39,2026-06-26,816,N21,VIIRS,l,2.0NRT,301.5,8.43,D,VIIRS_NOAA21_NRT
26.36227,80.52475,321.16,0.54,0.42,2026-06-26,2040,N21,VIIRS,n,2.0NRT,292.56,4.22,N,VIIRS_NOAA21_NRT
30.94323,76.23335,330.62,0.37,0.58,2026-06-26,850,N,VIIRS,n,2.0NRT,298.18,1.26,D,VIIRS_SNPP_NRT
30.8993,75.30887,337.65,0.33,0.55,2026-06-26,850,N,VIIRS,n,2.0NRT,294.32,2.2,D,VIIRS_SNPP_NRT
29.90065,76.95481,335.08,0.5,0.41,2026-06-26,816,N21,VIIRS,n,2.0NRT,299.21,3.63,D,VIIRS_NOAA21_NRT
30.09344,76.88058,332.39,0.4,0.6,2026-06-26,850,N,VIIRS,n,2.0NRT,295.72,2.53,D,VIIRS_SNPP_NRT
24.20297,82.71387,332.42,0.37,0.58,2026-06-26,707,N,VIIRS,n,2.0NRT,292.62,3.7,D,VIIRS_SNPP_NRT
30.53045,76.27142,330.75,0.37,0.58,2026-06-26,850,N,VIIRS,n,2.0NRT,298.22,1.66,D,VIIRS_SNPP_NRT
28.80334,77.07495,367.0,0.4,0.6,2026-06-26,850,N,VIIRS,h,2.0NRT,293.61,7.3,D,VIIRS_SNPP_NRT
28.8086,77.0703,332.56,0.4,0.6,2026-06-26,850,N,VIIRS,n,2.0NRT,296.32,4.72,D,VIIRS_SNPP_NRT
28.88538,77.02481,308.18,0.39,0.36,2026-06-26,2040,N21,VIIRS,n,2.0NRT,294.48,4.09,N,VIIRS_NOAA21_NRT
29.02657,79.27347,340.41,0.54,0.68,2026-06-26,850,N,VIIRS,n,2.0NRT,295.47,5.82,D,VIIRS_SNPP_NRT
31.40474,75.12057,345.04,0.43,0.38,2026-06-26,816,N21,VIIRS,n,2.0NRT,299.36,5.18,D,VIIRS_NOAA21_NRT
28.34291,80.0024,330.41,0.43,0.62,2026-06-26,709,N,VIIRS,n,2.0NRT,294.11,4.98,D,VIIRS_SNPP_NRT
27.29435,79.10522,337.21,0.4,0.44,2026-06-26,813,N21,VIIRS,n,2.0NRT,300.49,3.62,D,VIIRS_NOAA21_NRT
26.37375,76.70818,335.21,0.36,0.57,2026-06-26,850,N,VIIRS,n,2.0NRT,298.02,9.21,D,VIIRS_SNPP_NRT
30.66826,75.81079,333.23,0.35,0.57,2026-06-26,850,N,VIIRS,n,2.0NRT,295.94,2.29,D,VIIRS_SNPP_NRT
27.29569,78.97071,336.02,0.39,0.44,2026-06-26,813,N21,VIIRS,n,2.0NRT,301.44,4.61,D,VIIRS_NOAA21_NRT
28.80892,77.07447,351.49,0.4,0.6,2026-06-26,850,N,VIIRS,n,2.0NRT,296.72,4.72,D,VIIRS_SNPP_NRT
30.9,76.47263,339.65,0.38,0.59,2026-06-26,850,N,VIIRS,n,2.0NRT,299.94,3.9,D,VIIRS_SNPP_NRT
27.05504,79.86485,334.86,0.44,0.46,2026-06-26,813,N21,VIIRS,n,2.0NRT,298.94,3.43,D,VIIRS_NOAA21_NRT
28.85028,77.36034,336.45,0.51,0.41,2026-06-26,813,N21,VIIRS,n,2.0NRT,303.56,3.4,D,VIIRS_NOAA21_NRT
25.13382,74.55973,313.51,0.39,0.36,2026-06-26,2040,N21,VIIRS,n,2.0NRT,288.95,1.9,N,VIIRS_NOAA21_NRT
24.55285,83.93452,350.22,0.61,0.53,2026-06-26,707,N,VIIRS,n,2.0NRT,295.96,30.89,D,VIIRS_SNPP_NRT
30.56726,77.16281,336.88,0.52,0.41,2026-06-26,816,N21,VIIRS,n,2.0NRT,303.84,7.25,D,VIIRS_NOAA21_NRT
31.03493,75.57031,333.75,0.6,0.53,2026-06-26,729,N20,VIIRS,n,2.0NRT,296.63,7.06,D,VIIRS_NOAA20_NRT
26.7636,83.20388,306.42,0.43,0.62,2026-06-26,1934,N,VIIRS,n,2.0NRT,289.5,2.22,N,VIIRS_SNPP_NRT
31.48555,75.49587,330.53,0.59,0.53,2026-06-26,731,N20,VIIRS,n,2.0NRT,295.22,7.15,D,VIIRS_NOAA20_NRT
31.22733,75.2587,332.86,0.33,0.55,2026-06-26,850,N,VIIRS,n,2.0NRT,294.49,4.28,D,VIIRS_SNPP_NRT
31.2121,75.59138,336.38,0.45,0.39,2026-06-26,816,N21,VIIRS,n,2.0NRT,302.81,3.04,D,VIIRS_NOAA21_NRT
27.16874,79.19994,339.83,0.44,0.46,2026-06-26,729,N20,VIIRS,n,2.0NRT,299.22,5.72,D,VIIRS_NOAA20_NRT
26.85448,80.88177,297.12,0.6,0.71,2026-06-26,1934,N,VIIRS,n,2.0NRT,285.63,2.9,N,VIIRS_SNPP_NRT
31.34361,75.44949,335.14,0.6,0.53,2026-06-26,731,N20,VIIRS,n,2.0NRT,295.22,4.68,D,VIIRS_NOAA20_NRT
31.33738,75.24651,345.89,0.33,0.55,2026-06-26,850,N,VIIRS,n,2.0NRT,294.74,3.52,D,VIIRS_SNPP_NRT
31.20033,75.29371,332.49,0.77,0.78,2026-06-26,909,N20,VIIRS,n,2.0NRT,288.55,9.33,D,VIIRS_NOAA20_NRT
31.34532,75.45045,331.88,0.6,0.53,2026-06-26,731,N20,VIIRS,n,2.0NRT,295.09,3.22,D,VIIRS_NOAA20_NRT
25.6523,80.08054,339.12,0.42,0.45,2026-06-26,729,N20,VIIRS,n,2.0NRT,297.16,1.93,D,VIIRS_NOAA20_NRT
26.36714,80.52251,304.59,0.43,0.62,2026-06-26,2116,N,VIIRS,n,2.0NRT,286.3,1.33,N,VIIRS_SNPP_NRT
31.38202,75.48341,340.04,0.6,0.53,2026-06-26,731,N20,VIIRS,n,2.0NRT,295.43,4.2,D,VIIRS_NOAA20_NRT
25.08508,84.42342,340.45,0.4,0.6,2026-06-26,813,N21,VIIRS,n,2.0NRT,291.61,5.07,D,VIIRS_NOAA21_NRT
27.26405,79.49919,330.11,0.42,0.45,2026-06-26,813,N21,VIIRS,n,2.0NRT,298.67,3.31,D,VIIRS_NOAA21_NRT
24.55273,83.93518,338.86,0.37,0.58,2026-06-26,813,N21,VIIRS,n,2.0NRT,296.02,5.82,D,VIIRS_NOAA21_NRT
31.12762,75.81731,352.13,0.35,0.57,2026-06-26,850,N,VIIRS,n,2.0NRT,297.16,5.98,D,VIIRS_SNPP_NRT
25.69528,78.5561,296.5,0.34,0.56,2026-06-26,1953,N20,VIIRS,n,2.0NRT,286.42,3.39,N,VIIRS_NOAA20_NRT
28.6169,82.42471,316.19,0.43,0.46,2026-06-26,1951,N20,VIIRS,n,2.0NRT,289.23,3.27,N,VIIRS_NOAA20_NRT
27.35564,79.49792,331.38,0.42,0.46,2026-06-26,729,N20,VIIRS,n,2.0NRT,299.95,4.34,D,VIIRS_NOAA20_NRT
26.8607,80.88857,296.02,0.6,0.71,2026-06-26,1934,N,VIIRS,n,2.0NRT,285.09,2.27,N,VIIRS_SNPP_NRT
26.83329,81.0049,296.31,0.59,0.7,2026-06-26,1934,N,VIIRS,n,2.0NRT,285.67,4.91,N,VIIRS_SNPP_NRT
29.74166,79.4818,344.19,0.39,0.44,2026-06-26,729,N20,VIIRS,n,2.0NRT,298.45,5.83,D,VIIRS_NOAA20_NRT
31.27393,75.13141,337.99,0.32,0.55,2026-06-26,850,N,VIIRS,n,2.0NRT,294.26,1.51,D,VIIRS_SNPP_NRT
30.84204,75.43098,330.55,0.78,0.78,2026-06-26,909,N20,VIIRS,n,2.0NRT,288.49,3.68,D,VIIRS_NOAA20_NRT
31.23389,75.36612,335.23,0.44,0.38,2026-06-26,816,N21,VIIRS,n,2.0NRT,299.65,3.04,D,VIIRS_NOAA21_NRT
24.44913,83.03838,305.69,0.42,0.61,2026-06-26,1936,N,VIIRS,n,2.0NRT,285.8,1.79,N,VIIRS_SNPP_NRT
31.24899,75.47479,367.0,0.34,0.56,2026-06-26,850,N,VIIRS,h,2.0NRT,295.97,5.98,D,VIIRS_SNPP_NRT
28.61737,82.42688,316.3,0.43,0.46,2026-06-26,1951,N20,VIIRS,n,2.0NRT,289.66,3.82,N,VIIRS_NOAA20_NRT
31.13457,75.2875,337.27,0.33,0.55,2026-06-26,850,N,VIIRS,n,2.0NRT,294.72,2.68,D,VIIRS_SNPP_NRT
25.13931,82.47335,306.23,0.46,0.64,2026-06-26,1934,N,VIIRS,n,2.0NRT,286.75,3.74,N,VIIRS_SNPP_NRT
26.85986,80.89048,296.7,0.6,0.71,2026-06-26,1934,N,VIIRS,n,2.0NRT,285.31,7.42,N,VIIRS_SNPP_NRT
26.86612,80.8973,296.54,0.6,0.71,2026-06-26,1934,N,VIIRS,n,2.0NRT,284.57,4.38,N,VIIRS_SNPP_NRT
26.86692,80.89537,296.69,0.6,0.71,2026-06-26,1934,N,VIIRS,n,2.0NRT,284.78,2.27,N,VIIRS_SNPP_NRT
29.53502,76.994,342.11,0.54,0.51,2026-06-26,729,N20,VIIRS,n,2.0NRT,298.71,3.53,D,VIIRS_NOAA20_NRT
31.24348,75.20082,332.38,0.32,0.55,2026-06-26,850,N,VIIRS,n,2.0NRT,294.69,2.04,D,VIIRS_SNPP_NRT
26.85489,80.87544,296.74,0.6,0.71,2026-06-26,1934,N,VIIRS,n,2.0NRT,285.73,2.9,N,VIIRS_SNPP_NRT
28.4489,79.20841,342.49,0.42,0.45,2026-06-26,729,N20,VIIRS,n,2.0NRT,301.14,2.22,D,VIIRS_NOAA20_NRT
26.8603,80.89487,295.79,0.6,0.71,2026-06-26,1934,N,VIIRS,n,2.0NRT,285.01,2.27,N,VIIRS_SNPP_NRT
29.6279,76.7155,339.0,0.55,0.51,2026-06-26,729,N20,VIIRS,n,2.0NRT,300.69,3.85,D,VIIRS_NOAA20_NRT
27.04789,79.47417,345.41,0.43,0.46,2026-06-26,729,N20,VIIRS,n,2.0NRT,302.23,9.47,D,VIIRS_NOAA20_NRT
31.42785,75.47095,333.06,0.34,0.56,2026-06-26,850,N,VIIRS,n,2.0NRT,296.16,2.27,D,VIIRS_SNPP_NRT
27.2573,79.46053,334.13,0.43,0.46,2026-06-26,729,N20,VIIRS,n,2.0NRT,297.55,4.67,D,VIIRS_NOAA20_NRT
27.51264,78.71082,337.54,0.47,0.48,2026-06-26,729,N20,VIIRS,n,2.0NRT,301.5,3.92,D,VIIRS_NOAA20_NRT
31.0751,75.35477,331.39,0.78,0.78,2026-06-26,909,N20,VIIRS,n,2.0NRT,288.66,6.08,D,VIIRS_NOAA20_NRT
24.18368,82.66137,333.62,0.49,0.4,2026-06-26,726,N20,VIIRS,n,2.0NRT,298.92,5.18,D,VIIRS_NOAA20_NRT
30.06357,76.87462,339.75,0.5,0.41,2026-06-26,816,N21,VIIRS,n,2.0NRT,303.49,7.04,D,VIIRS_NOAA21_NRT
27.39845,81.73515,330.41,0.49,0.4,2026-06-26,729,N20,VIIRS,n,2.0NRT,298.79,1.37,D,VIIRS_NOAA20_NRT
27.04848,79.47118,335.21,0.43,0.46,2026-06-26,729,N20,VIIRS,n,2.0NRT,302.03,3.86,D,VIIRS_NOAA20_NRT
27.06045,79.88479,343.17,0.41,0.45,2026-06-26,729,N20,VIIRS,n,2.0NRT,299.92,4.57,D,VIIRS_NOAA20_NRT
29.12516,75.7797,308.33,0.4,0.44,2026-06-26,2114,N,VIIRS,n,2.0NRT,293.59,5.2,N,VIIRS_SNPP_NRT
25.08493,84.42386,339.41,0.4,0.6,2026-06-26,813,N21,VIIRS,n,2.0NRT,291.21,2.89,D,VIIRS_NOAA21_NRT
27.25519,79.4574,338.41,0.42,0.45,2026-06-26,813,N21,VIIRS,n,2.0NRT,302.02,3.88,D,VIIRS_NOAA21_NRT
26.17835,78.84942,343.97,0.49,0.48,2026-06-26,729,N20,VIIRS,n,2.0NRT,299.41,10.34,D,VIIRS_NOAA20_NRT
31.04435,76.1858,330.86,0.55,0.51,2026-06-26,729,N20,VIIRS,l,2.0NRT,301.95,3.66,D,VIIRS_NOAA20_NRT
31.23246,75.25817,367.0,0.33,0.55,2026-06-26,850,N,VIIRS,h,2.0NRT,294.84,4.28,D,VIIRS_SNPP_NRT
27.8631,79.63448,342.31,0.41,0.45,2026-06-26,729,N20,VIIRS,n,2.0NRT,298.56,7.7,D,VIIRS_NOAA20_NRT
25.34042,78.9589,295.59,0.32,0.54,2026-06-26,1953,N20,VIIRS,n,2.0NRT,282.58,3.22,N,VIIRS_NOAA20_NRT
30.02762,77.08612,333.58,0.51,0.41,2026-06-26,816,N21,VIIRS,n,2.0NRT,302.16,1.9,D,VIIRS_NOAA21_NRT
28.21799,80.12959,346.39,0.57,0.43,2026-06-26,729,N20,VIIRS,n,2.0NRT,300.83,15.32,D,VIIRS_NOAA20_NRT
27.16847,84.02473,367.0,0.4,0.37,2026-06-26,729,N20,VIIRS,h,2.0NRT,299.18,88.35,D,VIIRS_NOAA20_NRT
29.14271,77.1487,332.78,0.54,0.5,2026-06-26,729,N20,VIIRS,l,2.0NRT,304.94,11.05,D,VIIRS_NOAA20_NRT
29.13934,77.15533,330.95,0.53,0.5,2026-06-26,729,N20,VIIRS,l,2.0NRT,303.88,7.87,D,VIIRS_NOAA20_NRT
27.54227,78.41077,343.48,0.49,0.48,2026-06-26,729,N20,VIIRS,n,2.0NRT,300.56,8.68,D,VIIRS_NOAA20_NRT
31.10532,75.33897,331.83,0.33,0.55,2026-06-26,850,N,VIIRS,n,2.0NRT,294.81,1.61,D,VIIRS_SNPP_NRT
27.0926,80.08997,337.76,0.4,0.44,2026-06-26,729,N20,VIIRS,n,2.0NRT,303.47,5.74,D,VIIRS_NOAA20_NRT
31.41171,75.04496,336.54,0.32,0.55,2026-06-26,850,N,VIIRS,n,2.0NRT,293.83,3.1,D,VIIRS_SNPP_NRT
31.10749,75.33978,330.15,0.33,0.55,2026-06-26,850,N,VIIRS,n,2.0NRT,294.88,2.54,D,VIIRS_SNPP_NRT
27.04934,79.47543,336.71,0.43,0.46,2026-06-26,729,N20,VIIRS,n,2.0NRT,301.48,3.86,D,VIIRS_NOAA20_NRT
31.33332,75.88991,331.93,0.36,0.57,2026-06-26,850,N,VIIRS,n,2.0NRT,297.96,2.13,D,VIIRS_SNPP_NRT
26.85397,80.87733,296.69,0.6,0.71,2026-06-26,1934,N,VIIRS,n,2.0NRT,285.77,4.08,N,VIIRS_SNPP_NRT
29.25961,83.00294,338.6,0.71,0.75,2026-06-26,633,N21,VIIRS,n,2.0NRT,299.58,10.51,D,VIIRS_NOAA21_NRT
29.25624,83.00703,331.32,0.7,0.75,2026-06-26,633,N21,VIIRS,n,2.0NRT,300.68,8.6,D,VIIRS_NOAA21_NRT
29.40826,75.73147,330.85,0.32,0.55,2026-06-26,729,N20,VIIRS,n,2.0NRT,296.51,2.65,D,VIIRS_NOAA20_NRT
27.05724,79.86861,340.2,0.41,0.45,2026-06-26,729,N20,VIIRS,n,2.0NRT,299.11,4.07,D,VIIRS_NOAA20_NRT
24.13898,82.59087,334.9,0.6,0.53,2026-06-26,813,N21,VIIRS,n,2.0NRT,294.72,4.06,D,VIIRS_NOAA21_NRT
27.32798,79.0557,341.17,0.45,0.47,2026-06-26,729,N20,VIIRS,n,2.0NRT,297.22,8.83,D,VIIRS_NOAA20_NRT
25.13337,82.4726,304.9,0.46,0.64,2026-06-26,1934,N,VIIRS,n,2.0NRT,285.06,1.65,N,VIIRS_SNPP_NRT
27.17824,79.22523,337.55,0.44,0.46,2026-06-26,729,N20,VIIRS,n,2.0NRT,298.82,2.3,D,VIIRS_NOAA20_NRT
29.34977,78.07487,334.0,0.47,0.48,2026-06-26,729,N20,VIIRS,n,2.0NRT,296.97,4.2,D,VIIRS_NOAA20_NRT
27.0564,79.88578,334.05,0.41,0.45,2026-06-26,729,N20,VIIRS,n,2.0NRT,299.63,4.57,D,VIIRS_NOAA20_NRT
27.25552,79.45938,330.01,0.43,0.46,2026-06-26,729,N20,VIIRS,n,2.0NRT,299.29,4.17,D,VIIRS_NOAA20_NRT
27.30252,79.42692,334.69,0.43,0.46,2026-06-26,729,N20,VIIRS,n,2.0NRT,299.32,4.35,D,VIIRS_NOAA20_NRT
27.24235,78.97028,331.44,0.39,0.44,2026-06-26,813,N21,VIIRS,n,2.0NRT,296.74,3.92,D,VIIRS_NOAA21_NRT
28.36735,82.24882,337.0,0.45,0.39,2026-06-26,729,N20,VIIRS,l,2.0NRT,299.72,5.05,D,VIIRS_NOAA20_NRT
30.98161,76.16845,335.57,0.56,0.51,2026-06-26,729,N20,VIIRS,n,2.0NRT,301.7,6.92,D,VIIRS_NOAA20_NRT
30.99328,75.4717,330.65,0.61,0.53,2026-06-26,729,N20,VIIRS,n,2.0NRT,296.01,6.41,D,VIIRS_NOAA20_NRT
30.9862,76.16706,344.19,0.56,0.51,2026-06-26,729,N20,VIIRS,n,2.0NRT,303.57,6.92,D,VIIRS_NOAA20_NRT
30.98545,76.18541,332.32,0.56,0.51,2026-06-26,729,N20,VIIRS,n,2.0NRT,301.34,3.42,D,VIIRS_NOAA20_NRT
30.75939,76.1412,336.94,0.57,0.52,2026-06-26,729,N20,VIIRS,n,2.0NRT,301.07,5.95,D,VIIRS_NOAA20_NRT
29.95615,77.16982,331.46,0.51,0.5,2026-06-26,729,N20,VIIRS,n,2.0NRT,299.28,2.1,D,VIIRS_NOAA20_NRT
30.01599,77.17776,344.8,0.51,0.49,2026-06-26,729,N20,VIIRS,n,2.0NRT,299.89,12.66,D,VIIRS_NOAA20_NRT
30.28587,78.4506,331.56,0.43,0.46,2026-06-26,729,N20,VIIRS,n,2.0NRT,297.35,2.93,D,VIIRS_NOAA20_NRT
30.51701,75.84791,341.51,0.6,0.53,2026-06-26,729,N20,VIIRS,n,2.0NRT,297.54,5.44,D,VIIRS_NOAA20_NRT
30.53916,76.14413,341.31,0.57,0.52,2026-06-26,729,N20,VIIRS,n,2.0NRT,299.53,7.56,D,VIIRS_NOAA20_NRT
30.67105,76.15202,336.13,0.57,0.52,2026-06-26,729,N20,VIIRS,n,2.0NRT,299.52,2.85,D,VIIRS_NOAA20_NRT
30.67762,75.71738,341.71,0.6,0.53,2026-06-26,729,N20,VIIRS,n,2.0NRT,296.49,7.17,D,VIIRS_NOAA20_NRT
31.08201,75.30921,341.14,0.62,0.54,2026-06-26,729,N20,VIIRS,n,2.0NRT,293.36,10.84,D,VIIRS_NOAA20_NRT
31.08056,75.3029,335.21,0.62,0.54,2026-06-26,729,N20,VIIRS,n,2.0NRT,293.83,8.88,D,VIIRS_NOAA20_NRT
31.48625,75.49642,331.37,0.59,0.53,2026-06-26,731,N20,VIIRS,n,2.0NRT,295.4,5.75,D,VIIRS_NOAA20_NRT
31.23097,75.20309,341.53,0.43,0.38,2026-06-26,816,N21,VIIRS,n,2.0NRT,300.97,6.54,D,VIIRS_NOAA21_NRT
31.09122,75.20782,338.69,0.63,0.54,2026-06-26,729,N20,VIIRS,n,2.0NRT,294.22,5.03,D,VIIRS_NOAA20_NRT
31.09055,75.21098,335.87,0.63,0.54,2026-06-26,729,N20,VIIRS,n,2.0NRT,293.81,5.91,D,VIIRS_NOAA20_NRT
31.09132,75.29447,333.72,0.33,0.55,2026-06-26,850,N,VIIRS,n,2.0NRT,294.83,3.85,D,VIIRS_SNPP_NRT
31.21447,75.30482,342.2,0.62,0.54,2026-06-26,729,N20,VIIRS,n,2.0NRT,294.31,7.29,D,VIIRS_NOAA20_NRT
27.25566,79.46162,335.2,0.42,0.45,2026-06-26,813,N21,VIIRS,n,2.0NRT,301.57,3.88,D,VIIRS_NOAA21_NRT
26.83804,80.98857,297.23,0.5,0.49,2026-06-26,1953,N20,VIIRS,n,2.0NRT,285.42,3.88,N,VIIRS_NOAA20_NRT
31.31039,75.34201,331.23,0.61,0.54,2026-06-26,731,N20,VIIRS,n,2.0NRT,294.45,3.03,D,VIIRS_NOAA20_NRT
31.06096,76.08372,344.35,0.56,0.52,2026-06-26,729,N20,VIIRS,n,2.0NRT,300.25,11.52,D,VIIRS_NOAA20_NRT
31.04602,75.35426,341.17,0.62,0.54,2026-06-26,729,N20,VIIRS,n,2.0NRT,294.57,8.79,D,VIIRS_NOAA20_NRT
31.0239,75.44887,333.43,0.61,0.54,2026-06-26,729,N20,VIIRS,n,2.0NRT,295.76,4.02,D,VIIRS_NOAA20_NRT
30.55503,75.28859,330.68,0.76,0.77,2026-06-26,909,N20,VIIRS,n,2.0NRT,288.69,5.48,D,VIIRS_NOAA20_NRT
30.8541,76.23432,341.23,0.56,0.51,2026-06-26,729,N20,VIIRS,n,2.0NRT,302.11,3.91,D,VIIRS_NOAA20_NRT
31.23622,75.2161,336.49,0.44,0.38,2026-06-26,816,N21,VIIRS,n,2.0NRT,299.29,3.36,D,VIIRS_NOAA21_NRT
26.36205,80.52818,314.63,0.52,0.5,2026-06-26,1953,N20,VIIRS,n,2.0NRT,291.53,1.64,N,VIIRS_NOAA20_NRT
26.7411,78.55993,338.06,0.49,0.49,2026-06-26,729,N20,VIIRS,n,2.0NRT,298.25,6.06,D,VIIRS_NOAA20_NRT
30.77158,75.60191,333.73,0.61,0.53,2026-06-26,729,N20,VIIRS,n,2.0NRT,295.02,4.89,D,VIIRS_NOAA20_NRT
31.05771,76.0827,340.06,0.56,0.52,2026-06-26,729,N20,VIIRS,n,2.0NRT,300.32,8.21,D,VIIRS_NOAA20_NRT
31.05902,76.08841,339.06,0.56,0.52,2026-06-26,729,N20,VIIRS,n,2.0NRT,298.66,8.21,D,VIIRS_NOAA20_NRT
31.01912,75.45036,333.04,0.61,0.54,2026-06-26,729,N20,VIIRS,n,2.0NRT,295.43,4.02,D,VIIRS_NOAA20_NRT
31.23273,75.21672,334.54,0.44,0.38,2026-06-26,816,N21,VIIRS,n,2.0NRT,299.04,3.36,D,VIIRS_NOAA21_NRT
31.01568,75.40322,337.18,0.33,0.55,2026-06-26,850,N,VIIRS,n,2.0NRT,294.07,2.11,D,VIIRS_SNPP_NRT
26.36164,80.52803,311.69,0.52,0.5,2026-06-26,1953,N20,VIIRS,n,2.0NRT,291.42,3.46,N,VIIRS_NOAA20_NRT
31.08559,75.3516,347.25,0.33,0.55,2026-06-26,850,N,VIIRS,n,2.0NRT,294.53,3.21,D,VIIRS_SNPP_NRT
30.74166,76.08499,332.32,0.57,0.52,2026-06-26,729,N20,VIIRS,n,2.0NRT,299.4,5.34,D,VIIRS_NOAA20_NRT
31.02182,75.44888,342.5,0.61,0.54,2026-06-26,729,N20,VIIRS,n,2.0NRT,296.29,6.77,D,VIIRS_NOAA20_NRT
30.87678,75.48936,332.07,0.61,0.54,2026-06-26,729,N20,VIIRS,n,2.0NRT,295.76,7.35,D,VIIRS_NOAA20_NRT
26.74022,78.56232,343.7,0.49,0.49,2026-06-26,729,N20,VIIRS,n,2.0NRT,298.95,6.25,D,VIIRS_NOAA20_NRT
31.31272,75.33986,332.54,0.61,0.53,2026-06-26,731,N20,VIIRS,n,2.0NRT,293.73,5.03,D,VIIRS_NOAA20_NRT
26.76136,83.19839,307.39,0.55,0.43,2026-06-26,1953,N20,VIIRS,n,2.0NRT,292.51,3.28,N,VIIRS_NOAA20_NRT
30.95641,77.32153,333.15,0.48,0.48,2026-06-26,729,N20,VIIRS,n,2.0NRT,294.62,3.83,D,VIIRS_NOAA20_NRT
26.64372,79.47647,306.59,0.61,0.54,2026-06-26,1953,N20,VIIRS,n,2.0NRT,290.88,7.4,N,VIIRS_NOAA20_NRT
27.66921,76.12806,308.46,0.45,0.47,2026-06-26,2116,N,VIIRS,n,2.0NRT,292.75,2.56,N,VIIRS_SNPP_NRT
27.24595,79.4501,330.17,0.42,0.45,2026-06-26,813,N21,VIIRS,n,2.0NRT,296.97,3.9,D,VIIRS_NOAA21_NRT
27.20835,79.6112,334.9,0.43,0.46,2026-06-26,813,N21,VIIRS,n,2.0NRT,299.23,3.16,D,VIIRS_NOAA21_NRT
27.1507,79.15289,338.32,0.4,0.44,2026-06-26,813,N21,VIIRS,n,2.0NRT,298.01,3.96,D,VIIRS_NOAA21_NRT
31.39346,75.64142,331.99,0.58,0.52,2026-06-26,731,N20,VIIRS,n,2.0NRT,297.29,5.38,D,VIIRS_NOAA20_NRT
27.13166,80.09242,338.06,0.46,0.47,2026-06-26,813,N21,VIIRS,n,2.0NRT,298.54,7.08,D,VIIRS_NOAA21_NRT
31.33139,75.50072,333.34,0.6,0.53,2026-06-26,729,N20,VIIRS,n,2.0NRT,295.61,4.47,D,VIIRS_NOAA20_NRT
27.13116,80.08784,341.87,0.46,0.47,2026-06-26,813,N21,VIIRS,n,2.0NRT,292.99,7.08,D,VIIRS_NOAA21_NRT
27.1293,80.08986,344.63,0.46,0.47,2026-06-26,813,N21,VIIRS,n,2.0NRT,296.4,11.59,D,VIIRS_NOAA21_NRT
27.06555,79.43605,332.4,0.42,0.45,2026-06-26,813,N21,VIIRS,n,2.0NRT,300.02,0.98,D,VIIRS_NOAA21_NRT
26.75157,79.19721,333.53,0.45,0.47,2026-06-26,729,N20,VIIRS,n,2.0NRT,298.52,3.1,D,VIIRS_NOAA20_NRT
31.21213,75.30605,341.78,0.62,0.54,2026-06-26,729,N20,VIIRS,n,2.0NRT,294.13,4.33,D,VIIRS_NOAA20_NRT
25.80037,84.22011,336.44,0.41,0.37,2026-06-26,729,N20,VIIRS,l,2.0NRT,300.32,7.74,D,VIIRS_NOAA20_NRT
26.18076,84.47781,331.18,0.42,0.61,2026-06-26,813,N21,VIIRS,n,2.0NRT,291.78,2.11,D,VIIRS_NOAA21_NRT
31.10081,76.14254,341.84,0.56,0.51,2026-06-26,729,N20,VIIRS,n,2.0NRT,299.87,5.36,D,VIIRS_NOAA20_NRT
25.83611,75.44067,341.44,0.4,0.37,2026-06-26,813,N21,VIIRS,n,2.0NRT,307.73,14.54,D,VIIRS_NOAA21_NRT
25.31197,83.01471,308.33,0.54,0.42,2026-06-26,1953,N20,VIIRS,n,2.0NRT,289.55,4.62,N,VIIRS_NOAA20_NRT
30.8997,75.31223,332.27,0.63,0.54,2026-06-26,729,N20,VIIRS,n,2.0NRT,294.02,3.56,D,VIIRS_NOAA20_NRT
31.40789,75.12016,330.71,0.63,0.54,2026-06-26,731,N20,VIIRS,n,2.0NRT,292.44,4.33,D,VIIRS_NOAA20_NRT
30.97141,77.604,336.44,0.46,0.47,2026-06-26,729,N20,VIIRS,n,2.0NRT,299.05,3.4,D,VIIRS_NOAA20_NRT
31.24942,75.45404,338.29,0.6,0.53,2026-06-26,729,N20,VIIRS,n,2.0NRT,295.36,4.31,D,VIIRS_NOAA20_NRT
26.98572,82.59385,333.34,0.32,0.55,2026-06-26,813,N21,VIIRS,n,2.0NRT,295.3,2.37,D,VIIRS_NOAA21_NRT
31.0956,75.34703,352.04,0.33,0.55,2026-06-26,850,N,VIIRS,n,2.0NRT,295.16,4.59,D,VIIRS_SNPP_NRT
31.39392,75.64294,332.34,0.59,0.52,2026-06-26,731,N20,VIIRS,n,2.0NRT,297.11,5.41,D,VIIRS_NOAA20_NRT
31.30936,75.44339,332.84,0.34,0.56,2026-06-26,850,N,VIIRS,n,2.0NRT,295.94,3.0,D,VIIRS_SNPP_NRT
26.06,79.91125,341.94,0.43,0.46,2026-06-26,813,N21,VIIRS,n,2.0NRT,302.62,13.58,D,VIIRS_NOAA21_NRT
31.07241,75.57843,330.09,0.6,0.53,2026-06-26,729,N20,VIIRS,n,2.0NRT,295.89,3.23,D,VIIRS_NOAA20_NRT
26.73162,82.355,330.24,0.62,0.54,2026-06-26,813,N21,VIIRS,n,2.0NRT,296.6,8.35,D,VIIRS_NOAA21_NRT
26.73032,82.35665,331.04,0.62,0.54,2026-06-26,813,N21,VIIRS,n,2.0NRT,296.39,3.64,D,VIIRS_NOAA21_NRT
30.87535,75.48313,334.24,0.61,0.54,2026-06-26,729,N20,VIIRS,n,2.0NRT,295.34,7.35,D,VIIRS_NOAA20_NRT
30.93735,76.26727,337.59,0.55,0.51,2026-06-26,729,N20,VIIRS,n,2.0NRT,300.96,4.92,D,VIIRS_NOAA20_NRT
31.0907,75.34712,336.67,0.62,0.54,2026-06-26,729,N20,VIIRS,n,2.0NRT,293.7,3.46,D,VIIRS_NOAA20_NRT
31.25089,75.45419,339.24,0.6,0.53,2026-06-26,729,N20,VIIRS,n,2.0NRT,295.57,6.87,D,VIIRS_NOAA20_NRT
31.23032,75.42332,333.87,0.44,0.39,2026-06-26,816,N21,VIIRS,n,2.0NRT,300.44,4.01,D,VIIRS_NOAA21_NRT
26.45771,81.15929,337.24,0.52,0.5,2026-06-26,813,N21,VIIRS,n,2.0NRT,298.29,1.71,D,VIIRS_NOAA21_NRT
30.87821,75.4956,340.76,0.61,0.54,2026-06-26,729,N20,VIIRS,n,2.0NRT,295.38,10.9,D,VIIRS_NOAA20_NRT
24.16186,82.62818,301.53,0.44,0.38,2026-06-27,2021,N21,VIIRS,n,2.0NRT,270.18,0.86,N,VIIRS_NOAA21_NRT
30.611,76.00877,330.22,0.44,0.62,2026-06-27,850,N20,VIIRS,n,2.0NRT,294.92,4.41,D,VIIRS_NOAA20_NRT
27.42152,79.50896,336.23,0.4,0.37,2026-06-27,756,N21,VIIRS,n,2.0NRT,301.06,4.67,D,VIIRS_NOAA21_NRT
28.22732,80.14513,330.92,0.42,0.37,2026-06-27,756,N21,VIIRS,l,2.0NRT,303.24,2.78,D,VIIRS_NOAA21_NRT
31.18447,75.34247,367.0,0.41,0.6,2026-06-27,850,N20,VIIRS,h,2.0NRT,296.29,10.17,D,VIIRS_NOAA20_NRT
27.85845,80.31312,338.46,0.42,0.38,2026-06-27,756,N21,VIIRS,n,2.0NRT,301.63,5.87,D,VIIRS_NOAA21_NRT
28.17331,80.21003,337.02,0.42,0.38,2026-06-27,756,N21,VIIRS,n,2.0NRT,304.7,14.52,D,VIIRS_NOAA21_NRT
25.78992,83.22043,336.18,0.53,0.42,2026-06-27,754,N21,VIIRS,n,2.0NRT,297.94,7.57,D,VIIRS_NOAA21_NRT
24.05357,80.61401,310.0,0.39,0.36,2026-06-27,2021,N21,VIIRS,n,2.0NRT,291.65,1.43,N,VIIRS_NOAA21_NRT
27.63387,81.29282,349.79,0.45,0.39,2026-06-27,756,N21,VIIRS,n,2.0NRT,306.34,15.12,D,VIIRS_NOAA21_NRT
23.79936,80.43311,338.31,0.4,0.37,2026-06-27,754,N21,VIIRS,n,2.0NRT,301.38,5.23,D,VIIRS_NOAA21_NRT
24.20525,82.70787,334.73,0.48,0.4,2026-06-27,754,N21,VIIRS,n,2.0NRT,302.67,8.11,D,VIIRS_NOAA21_NRT
26.63936,79.4782,299.42,0.46,0.64,2026-06-27,2116,N20,VIIRS,n,2.0NRT,277.98,1.18,N,VIIRS_NOAA20_NRT
28.57587,80.47025,336.06,0.43,0.38,2026-06-27,756,N21,VIIRS,n,2.0NRT,305.38,4.05,D,VIIRS_NOAA21_NRT
31.4122,76.02485,333.34,0.45,0.63,2026-06-27,850,N20,VIIRS,n,2.0NRT,295.87,3.53,D,VIIRS_NOAA20_NRT
28.18297,80.15209,341.38,0.42,0.37,2026-06-27,756,N21,VIIRS,n,2.0NRT,303.84,14.31,D,VIIRS_NOAA21_NRT
28.04006,81.89041,330.16,0.49,0.4,2026-06-27,756,N21,VIIRS,l,2.0NRT,300.55,4.76,D,VIIRS_NOAA21_NRT
27.16476,79.47198,337.86,0.4,0.37,2026-06-27,756,N21,VIIRS,n,2.0NRT,302.91,3.97,D,VIIRS_NOAA21_NRT
30.95166,74.6431,338.05,0.37,0.58,2026-06-27,850,N20,VIIRS,n,2.0NRT,297.01,2.06,D,VIIRS_NOAA20_NRT
30.92997,75.61182,335.71,0.42,0.61,2026-06-27,850,N20,VIIRS,n,2.0NRT,295.38,3.53,D,VIIRS_NOAA20_NRT
31.11312,75.28391,337.11,0.4,0.6,2026-06-27,850,N20,VIIRS,n,2.0NRT,294.44,4.93,D,VIIRS_NOAA20_NRT
31.25212,75.28519,333.99,0.4,0.6,2026-06-27,850,N20,VIIRS,n,2.0NRT,294.65,3.54,D,VIIRS_NOAA20_NRT
26.0061,80.30907,295.16,0.53,0.67,2026-06-27,1934,N20,VIIRS,n,2.0NRT,284.9,5.15,N,VIIRS_NOAA20_NRT
27.08575,79.78033,336.52,0.4,0.37,2026-06-27,756,N21,VIIRS,n,2.0NRT,304.44,3.47,D,VIIRS_NOAA21_NRT
25.69721,80.8051,342.03,0.42,0.38,2026-06-27,756,N21,VIIRS,n,2.0NRT,306.33,10.9,D,VIIRS_NOAA21_NRT
29.74622,81.9107,295.41,0.39,0.36,2026-06-27,2019,N21,VIIRS,n,2.0NRT,283.81,0.82,N,VIIRS_NOAA21_NRT
28.17388,80.21427,335.37,0.42,0.38,2026-06-27,756,N21,VIIRS,n,2.0NRT,301.38,14.52,D,VIIRS_NOAA21_NRT
25.69407,80.8047,348.61,0.42,0.38,2026-06-27,756,N21,VIIRS,n,2.0NRT,305.81,8.16,D,VIIRS_NOAA21_NRT
27.6303,81.2934,345.69,0.45,0.39,2026-06-27,756,N21,VIIRS,n,2.0NRT,307.23,15.12,D,VIIRS_NOAA21_NRT
30.89322,75.61735,336.56,0.42,0.61,2026-06-27,850,N20,VIIRS,n,2.0NRT,294.94,4.62,D,VIIRS_NOAA20_NRT
24.14101,82.70713,308.08,0.44,0.38,2026-06-27,2021,N21,VIIRS,n,2.0NRT,281.02,1.73,N,VIIRS_NOAA21_NRT
27.20507,79.58708,333.89,0.4,0.37,2026-06-27,756,N21,VIIRS,n,2.0NRT,302.39,3.97,D,VIIRS_NOAA21_NRT
27.00182,82.73584,342.42,0.52,0.41,2026-06-27,756,N21,VIIRS,n,2.0NRT,301.44,15.04,D,VIIRS_NOAA21_NRT
25.79164,83.21806,336.76,0.53,0.42,2026-06-27,754,N21,VIIRS,n,2.0NRT,297.39,5.86,D,VIIRS_NOAA21_NRT
25.7992,80.68832,336.35,0.37,0.58,2026-06-27,707,N20,VIIRS,n,2.0NRT,295.85,3.04,D,VIIRS_NOAA20_NRT
24.15822,82.56644,304.57,0.43,0.38,2026-06-27,2021,N21,VIIRS,n,2.0NRT,259.77,1.18,N,VIIRS_NOAA21_NRT
24.1817,82.65875,319.31,0.44,0.38,2026-06-27,2021,N21,VIIRS,n,2.0NRT,279.98,2.77,N,VIIRS_NOAA21_NRT
24.16077,82.56599,335.38,0.47,0.4,2026-06-27,754,N21,VIIRS,n,2.0NRT,299.33,2.77,D,VIIRS_NOAA21_NRT
24.19835,80.79662,309.98,0.39,0.36,2026-06-27,2021,N21,VIIRS,n,2.0NRT,292.28,1.63,N,VIIRS_NOAA21_NRT
31.39606,75.92117,342.69,0.53,0.67,2026-06-27,709,N20,VIIRS,n,2.0NRT,293.59,4.47,D,VIIRS_NOAA20_NRT
24.14841,82.58175,299.12,0.43,0.38,2026-06-27,2021,N21,VIIRS,n,2.0NRT,263.83,1.24,N,VIIRS_NOAA21_NRT
25.6975,80.80415,344.15,0.42,0.38,2026-06-27,756,N21,VIIRS,n,2.0NRT,306.3,8.16,D,VIIRS_NOAA21_NRT
27.62674,81.29399,339.48,0.45,0.39,2026-06-27,756,N21,VIIRS,n,2.0NRT,305.75,7.29,D,VIIRS_NOAA21_NRT
30.89061,75.61941,335.67,0.42,0.61,2026-06-27,850,N20,VIIRS,n,2.0NRT,294.89,2.5,D,VIIRS_NOAA20_NRT
27.09842,80.15205,340.18,0.38,0.59,2026-06-27,709,N20,VIIRS,n,2.0NRT,296.17,5.45,D,VIIRS_NOAA20_NRT
23.82297,84.57178,330.12,0.47,0.48,2026-06-27,707,N20,VIIRS,n,2.0NRT,296.18,6.08,D,VIIRS_NOAA20_NRT
28.17731,80.21368,338.27,0.42,0.38,2026-06-27,756,N21,VIIRS,n,2.0NRT,303.46,14.52,D,VIIRS_NOAA21_NRT
25.03467,84.3822,332.74,0.46,0.47,2026-06-27,707,N20,VIIRS,n,2.0NRT,296.17,3.45,D,VIIRS_NOAA20_NRT
28.1864,80.1515,337.02,0.42,0.37,2026-06-27,756,N21,VIIRS,n,2.0NRT,302.18,5.68,D,VIIRS_NOAA21_NRT
27.01784,80.04813,343.67,0.41,0.37,2026-06-27,756,N21,VIIRS,n,2.0NRT,307.25,8.58,D,VIIRS_NOAA21_NRT
27.02122,80.04754,340.94,0.41,0.37,2026-06-27,756,N21,VIIRS,n,2.0NRT,306.61,8.58,D,VIIRS_NOAA21_NRT
25.36296,80.31083,339.63,0.4,0.37,2026-06-27,754,N21,VIIRS,n,2.0NRT,303.27,5.34,D,VIIRS_NOAA21_NRT
24.04479,82.82687,332.48,0.49,0.4,2026-06-27,754,N21,VIIRS,l,2.0NRT,304.1,4.33,D,VIIRS_NOAA21_NRT
24.5267,81.16908,311.31,0.39,0.36,2026-06-27,2021,N21,VIIRS,n,2.0NRT,292.02,1.71,N,VIIRS_NOAA21_NRT
27.01992,80.04749,347.04,0.38,0.59,2026-06-27,707,N20,VIIRS,n,2.0NRT,295.1,1.63,D,VIIRS_NOAA20_NRT
31.18664,75.31224,331.0,0.4,0.6,2026-06-27,850,N20,VIIRS,n,2.0NRT,295.19,2.4,D,VIIRS_NOAA20_NRT
24.18021,82.65674,307.73,0.44,0.38,2026-06-27,2021,N21,VIIRS,n,2.0NRT,278.96,3.51,N,VIIRS_NOAA21_NRT
26.64392,79.48441,301.32,0.46,0.64,2026-06-27,2116,N20,VIIRS,n,2.0NRT,271.38,0.41,N,VIIRS_NOAA20_NRT
24.13829,82.5934,336.3,0.48,0.4,2026-06-27,754,N21,VIIRS,n,2.0NRT,300.29,3.94,D,VIIRS_NOAA21_NRT
25.83844,83.51889,333.23,0.55,0.43,2026-06-27,754,N21,VIIRS,n,2.0NRT,295.69,3.48,D,VIIRS_NOAA21_NRT
24.32614,81.32891,311.92,0.4,0.37,2026-06-27,2021,N21,VIIRS,n,2.0NRT,292.19,2.39,N,VIIRS_NOAA21_NRT
25.99904,84.61671,331.46,0.43,0.46,2026-06-27,754,N21,VIIRS,n,2.0NRT,293.23,2.74,D,VIIRS_NOAA21_NRT
24.18019,82.65866,336.45,0.48,0.4,2026-06-27,754,N21,VIIRS,n,2.0NRT,300.62,7.28,D,VIIRS_NOAA21_NRT
24.15242,82.59991,306.11,0.43,0.38,2026-06-27,2021,N21,VIIRS,n,2.0NRT,268.39,0.83,N,VIIRS_NOAA21_NRT
24.20104,80.80103,310.23,0.39,0.36,2026-06-27,2021,N21,VIIRS,n,2.0NRT,291.73,1.82,N,VIIRS_NOAA21_NRT
24.56395,81.00289,311.58,0.39,0.36,2026-06-27,2021,N21,VIIRS,n,2.0NRT,292.02,1.77,N,VIIRS_NOAA21_NRT
24.15347,82.63528,301.39,0.44,0.38,2026-06-27,2021,N21,VIIRS,n,2.0NRT,273.56,0.91,N,VIIRS_NOAA21_NRT
24.20317,82.70996,312.29,0.44,0.38,2026-06-27,2021,N21,VIIRS,n,2.0NRT,282.62,2.76,N,VIIRS_NOAA21_NRT
26.9129,79.97435,338.41,0.4,0.37,2026-06-27,756,N21,VIIRS,n,2.0NRT,304.74,5.01,D,VIIRS_NOAA21_NRT
24.13705,82.75064,310.15,0.44,0.38,2026-06-27,2021,N21,VIIRS,n,2.0NRT,280.01,1.49,N,VIIRS_NOAA21_NRT
28.62487,81.85756,335.46,0.49,0.4,2026-06-27,756,N21,VIIRS,n,2.0NRT,298.45,5.19,D,VIIRS_NOAA21_NRT
24.1393,82.59299,322.99,0.43,0.38,2026-06-27,2021,N21,VIIRS,n,2.0NRT,271.04,2.88,N,VIIRS_NOAA21_NRT
24.17898,82.64925,332.53,0.48,0.4,2026-06-27,754,N21,VIIRS,n,2.0NRT,299.27,2.95,D,VIIRS_NOAA21_NRT
25.80362,80.68636,352.89,0.42,0.37,2026-06-27,756,N21,VIIRS,n,2.0NRT,306.39,18.35,D,VIIRS_NOAA21_NRT
26.39401,81.43753,336.78,0.45,0.39,2026-06-27,756,N21,VIIRS,n,2.0NRT,302.17,6.75,D,VIIRS_NOAA21_NRT
26.96111,79.54389,338.89,0.4,0.37,2026-06-27,756,N21,VIIRS,n,2.0NRT,303.41,6.55,D,VIIRS_NOAA21_NRT
28.29323,79.45625,335.15,0.4,0.37,2026-06-27,756,N21,VIIRS,n,2.0NRT,301.05,3.32,D,VIIRS_NOAA21_NRT
31.15786,75.28026,339.2,0.58,0.7,2026-06-27,709,N20,VIIRS,n,2.0NRT,291.61,11.95,D,VIIRS_NOAA20_NRT
26.76015,83.20102,312.22,0.43,0.38,2026-06-27,2021,N21,VIIRS,n,2.0NRT,296.06,2.41,N,VIIRS_NOAA21_NRT
30.89616,75.61704,341.64,0.57,0.69,2026-06-27,709,N20,VIIRS,n,2.0NRT,293.72,7.07,D,VIIRS_NOAA20_NRT
25.21951,74.97256,332.68,0.33,0.55,2026-06-27,850,N20,VIIRS,n,2.0NRT,296.28,2.36,D,VIIRS_NOAA20_NRT
26.99424,79.97731,339.73,0.4,0.37,2026-06-27,756,N21,VIIRS,n,2.0NRT,305.73,6.7,D,VIIRS_NOAA21_NRT
27.09505,80.15324,336.64,0.38,0.59,2026-06-27,709,N20,VIIRS,n,2.0NRT,291.99,3.61,D,VIIRS_NOAA20_NRT
26.0065,80.30372,295.6,0.53,0.67,2026-06-27,1934,N20,VIIRS,n,2.0NRT,285.14,3.18,N,VIIRS_NOAA20_NRT
25.80103,80.69113,334.94,0.37,0.58,2026-06-27,707,N20,VIIRS,n,2.0NRT,295.45,3.34,D,VIIRS_NOAA20_NRT
28.22671,78.06043,336.0,0.47,0.64,2026-06-27,709,N20,VIIRS,n,2.0NRT,292.59,3.07,D,VIIRS_NOAA20_NRT
30.86547,76.15546,336.04,0.45,0.63,2026-06-27,850,N20,VIIRS,n,2.0NRT,294.14,1.76,D,VIIRS_NOAA20_NRT
27.12276,80.23116,330.83,0.37,0.58,2026-06-27,709,N20,VIIRS,n,2.0NRT,295.6,1.34,D,VIIRS_NOAA20_NRT
26.00731,80.29293,295.44,0.53,0.67,2026-06-27,1934,N20,VIIRS,n,2.0NRT,284.98,6.71,N,VIIRS_NOAA20_NRT
25.52604,84.4966,332.22,0.44,0.46,2026-06-27,707,N20,VIIRS,n,2.0NRT,297.04,1.06,D,VIIRS_NOAA20_NRT
26.46139,80.38653,337.98,0.38,0.59,2026-06-27,707,N20,VIIRS,n,2.0NRT,296.12,4.63,D,VIIRS_NOAA20_NRT
28.17617,80.20521,335.35,0.42,0.38,2026-06-27,756,N21,VIIRS,n,2.0NRT,302.13,5.04,D,VIIRS_NOAA21_NRT
26.20726,84.09325,342.03,0.46,0.47,2026-06-27,707,N20,VIIRS,n,2.0NRT,288.19,6.93,D,VIIRS_NOAA20_NRT
31.18792,75.31195,333.07,0.4,0.6,2026-06-27,850,N20,VIIRS,n,2.0NRT,295.29,2.04,D,VIIRS_NOAA20_NRT
28.12575,76.78588,333.69,0.46,0.64,2026-06-27,850,N20,VIIRS,n,2.0NRT,294.41,2.32,D,VIIRS_NOAA20_NRT
31.01514,77.4041,334.28,0.45,0.63,2026-06-27,709,N20,VIIRS,n,2.0NRT,298.52,6.53,D,VIIRS_NOAA20_NRT
23.82366,84.57304,331.36,0.4,0.44,2026-06-27,754,N21,VIIRS,n,2.0NRT,298.97,4.59,D,VIIRS_NOAA21_NRT
24.95331,83.25905,336.8,0.54,0.51,2026-06-27,707,N20,VIIRS,n,2.0NRT,296.29,3.06,D,VIIRS_NOAA20_NRT
25.69503,80.80513,336.18,0.37,0.58,2026-06-27,707,N20,VIIRS,n,2.0NRT,293.94,3.42,D,VIIRS_NOAA20_NRT
25.80442,80.68685,337.88,0.37,0.58,2026-06-27,707,N20,VIIRS,n,2.0NRT,295.29,3.51,D,VIIRS_NOAA20_NRT
25.8002,80.68692,342.17,0.42,0.37,2026-06-27,756,N21,VIIRS,n,2.0NRT,304.83,13.15,D,VIIRS_NOAA21_NRT
27.6303,81.29092,341.87,0.63,0.54,2026-06-27,709,N20,VIIRS,n,2.0NRT,297.39,7.03,D,VIIRS_NOAA20_NRT
23.99007,79.39179,305.87,0.39,0.36,2026-06-27,2021,N21,VIIRS,n,2.0NRT,288.65,1.16,N,VIIRS_NOAA21_NRT
28.96513,81.5117,332.71,0.57,0.52,2026-06-27,709,N20,VIIRS,n,2.0NRT,294.34,3.67,D,VIIRS_NOAA20_NRT
28.96581,81.5091,341.12,0.57,0.52,2026-06-27,709,N20,VIIRS,n,2.0NRT,294.62,7.16,D,VIIRS_NOAA20_NRT
27.26822,78.71473,342.93,0.46,0.63,2026-06-27,709,N20,VIIRS,n,2.0NRT,296.07,5.11,D,VIIRS_NOAA20_NRT
31.01649,77.40936,330.93,0.45,0.63,2026-06-27,709,N20,VIIRS,n,2.0NRT,296.19,6.59,D,VIIRS_NOAA20_NRT
27.09929,80.15572,342.78,0.38,0.58,2026-06-27,709,N20,VIIRS,n,2.0NRT,295.26,5.71,D,VIIRS_NOAA20_NRT
30.75266,76.20052,330.24,0.53,0.67,2026-06-27,709,N20,VIIRS,n,2.0NRT,291.83,3.95,D,VIIRS_NOAA20_NRT
31.37505,75.45779,331.13,0.41,0.61,2026-06-27,850,N20,VIIRS,n,2.0NRT,295.21,10.85,D,VIIRS_NOAA20_NRT
27.62545,81.29227,333.79,0.63,0.54,2026-06-27,709,N20,VIIRS,n,2.0NRT,297.7,7.03,D,VIIRS_NOAA20_NRT
28.17674,80.20944,332.5,0.42,0.38,2026-06-27,756,N21,VIIRS,l,2.0NRT,303.08,14.52,D,VIIRS_NOAA21_NRT
24.15022,82.58565,330.68,0.62,0.54,2026-06-27,707,N20,VIIRS,n,2.0NRT,294.49,4.53,D,VIIRS_NOAA20_NRT
28.28396,80.63526,330.02,0.33,0.55,2026-06-27,709,N20,VIIRS,l,2.0NRT,302.56,6.89,D,VIIRS_NOAA20_NRT
27.15177,79.7941,331.19,0.4,0.6,2026-06-27,709,N20,VIIRS,n,2.0NRT,295.01,2.21,D,VIIRS_NOAA20_NRT
25.80021,80.6875,344.5,0.37,0.58,2026-06-27,707,N20,VIIRS,n,2.0NRT,295.61,5.22,D,VIIRS_NOAA20_NRT
25.59536,79.69356,312.59,0.39,0.36,2026-06-27,2021,N21,VIIRS,n,2.0NRT,289.3,2.62,N,VIIRS_NOAA21_NRT
27.06861,80.21546,340.64,0.41,0.37,2026-06-27,756,N21,VIIRS,n,2.0NRT,304.94,14.96,D,VIIRS_NOAA21_NRT
27.70751,80.86971,295.15,0.51,0.66,2026-06-27,1934,N20,VIIRS,n,2.0NRT,284.1,5.09,N,VIIRS_NOAA20_NRT
30.61648,76.00365,339.03,0.44,0.62,2026-06-27,850,N20,VIIRS,n,2.0NRT,295.3,6.95,D,VIIRS_NOAA20_NRT
29.2986,79.08506,332.39,0.66,0.73,2026-06-27,850,N20,VIIRS,n,2.0NRT,293.04,4.66,D,VIIRS_NOAA20_NRT
31.47199,75.50371,340.1,0.42,0.61,2026-06-27,850,N20,VIIRS,n,2.0NRT,294.44,3.78,D,VIIRS_NOAA20_NRT
26.55452,80.62506,337.4,0.36,0.58,2026-06-27,707,N20,VIIRS,n,2.0NRT,295.74,2.97,D,VIIRS_NOAA20_NRT
29.95181,77.17051,341.84,0.51,0.66,2026-06-27,850,N20,VIIRS,n,2.0NRT,293.87,5.04,D,VIIRS_NOAA20_NRT
31.18832,75.33804,342.73,0.41,0.6,2026-06-27,850,N20,VIIRS,n,2.0NRT,296.22,10.83,D,VIIRS_NOAA20_NRT
23.66704,84.99902,310.57,0.5,0.49,2026-06-27,1936,N20,VIIRS,n,2.0NRT,286.08,2.99,N,VIIRS_NOAA20_NRT
31.48212,75.4851,330.43,0.42,0.61,2026-06-27,850,N20,VIIRS,n,2.0NRT,294.17,2.37,D,VIIRS_NOAA20_NRT
30.78773,76.30775,337.86,0.46,0.64,2026-06-27,850,N20,VIIRS,n,2.0NRT,295.81,2.34,D,VIIRS_NOAA20_NRT
29.95171,77.17204,335.02,0.51,0.66,2026-06-27,850,N20,VIIRS,n,2.0NRT,293.62,5.68,D,VIIRS_NOAA20_NRT
30.77984,75.66398,335.02,0.42,0.61,2026-06-27,850,N20,VIIRS,n,2.0NRT,296.98,3.7,D,VIIRS_NOAA20_NRT
24.32611,81.3277,304.09,0.44,0.62,2026-06-27,1936,N20,VIIRS,n,2.0NRT,281.99,0.94,N,VIIRS_NOAA20_NRT
31.47114,75.08266,339.16,0.39,0.6,2026-06-27,850,N20,VIIRS,n,2.0NRT,294.51,3.37,D,VIIRS_NOAA20_NRT
26.46223,80.39021,349.07,0.38,0.59,2026-06-27,707,N20,VIIRS,n,2.0NRT,296.25,4.63,D,VIIRS_NOAA20_NRT
26.64197,79.47855,318.68,0.39,0.36,2026-06-27,2021,N21,VIIRS,n,2.0NRT,292.96,3.25,N,VIIRS_NOAA21_NRT
30.57024,75.55162,332.14,0.41,0.61,2026-06-27,850,N20,VIIRS,n,2.0NRT,295.56,3.0,D,VIIRS_NOAA20_NRT
28.82298,80.11852,340.7,0.75,0.77,2026-06-27,850,N20,VIIRS,n,2.0NRT,293.06,6.29,D,VIIRS_NOAA20_NRT
30.61677,76.0083,351.92,0.44,0.62,2026-06-27,850,N20,VIIRS,n,2.0NRT,295.8,6.95,D,VIIRS_NOAA20_NRT
28.82631,80.11689,341.72,0.75,0.77,2026-06-27,850,N20,VIIRS,n,2.0NRT,293.82,8.41,D,VIIRS_NOAA20_NRT
26.64284,79.28754,330.62,0.44,0.62,2026-06-27,707,N20,VIIRS,n,2.0NRT,293.34,0.96,D,VIIRS_NOAA20_NRT
31.37535,75.46218,367.0,0.41,0.61,2026-06-27,850,N20,VIIRS,h,2.0NRT,295.59,10.85,D,VIIRS_NOAA20_NRT
26.64503,79.47995,299.36,0.46,0.64,2026-06-27,2116,N20,VIIRS,n,2.0NRT,278.93,0.41,N,VIIRS_NOAA20_NRT
31.20939,75.23312,337.55,0.4,0.6,2026-06-27,850,N20,VIIRS,n,2.0NRT,296.29,3.84,D,VIIRS_NOAA20_NRT
26.82901,80.12383,333.54,0.38,0.59,2026-06-27,707,N20,VIIRS,n,2.0NRT,295.67,2.87,D,VIIRS_NOAA20_NRT
28.12781,76.78946,330.95,0.46,0.64,2026-06-27,850,N20,VIIRS,n,2.0NRT,294.83,2.52,D,VIIRS_NOAA20_NRT
28.61389,76.90601,332.25,0.48,0.64,2026-06-27,850,N20,VIIRS,n,2.0NRT,294.32,13.45,D,VIIRS_NOAA20_NRT
28.61422,76.91096,367.0,0.48,0.64,2026-06-27,850,N20,VIIRS,h,2.0NRT,295.88,27.96,D,VIIRS_NOAA20_NRT
26.0069,80.29833,295.59,0.53,0.67,2026-06-27,1934,N20,VIIRS,n,2.0NRT,285.28,3.18,N,VIIRS_NOAA20_NRT
31.09923,76.03129,351.32,0.53,0.67,2026-06-27,709,N20,VIIRS,n,2.0NRT,294.42,7.81,D,VIIRS_NOAA20_NRT
25.87307,80.14359,295.31,0.54,0.68,2026-06-27,1934,N20,VIIRS,n,2.0NRT,284.5,3.98,N,VIIRS_NOAA20_NRT
28.08326,78.36788,331.25,0.58,0.7,2026-06-27,850,N20,VIIRS,n,2.0NRT,287.65,1.55,D,VIIRS_NOAA20_NRT
31.48688,75.5564,332.96,0.42,0.61,2026-06-27,850,N20,VIIRS,n,2.0NRT,294.59,3.41,D,VIIRS_NOAA20_NRT
26.00852,80.27671,295.7,0.53,0.67,2026-06-27,1934,N20,VIIRS,n,2.0NRT,284.02,2.63,N,VIIRS_NOAA20_NRT
26.00811,80.28212,295.76,0.53,0.67,2026-06-27,1934,N20,VIIRS,n,2.0NRT,284.71,2.63,N,VIIRS_NOAA20_NRT
31.1886,75.34235,353.21,0.41,0.6,2026-06-27,850,N20,VIIRS,n,2.0NRT,295.45,11.05,D,VIIRS_NOAA20_NRT
26.20871,84.09147,346.17,0.46,0.47,2026-06-27,707,N20,VIIRS,n,2.0NRT,287.69,6.45,D,VIIRS_NOAA20_NRT
26.55474,80.62553,338.52,0.36,0.58,2026-06-27,707,N20,VIIRS,n,2.0NRT,295.78,3.15,D,VIIRS_NOAA20_NRT
24.20314,82.71282,334.05,0.61,0.53,2026-06-27,707,N20,VIIRS,n,2.0NRT,295.07,6.44,D,VIIRS_NOAA20_NRT
26.99278,79.97696,340.77,0.4,0.37,2026-06-27,756,N21,VIIRS,n,2.0NRT,305.57,6.96,D,VIIRS_NOAA21_NRT
31.09029,75.27726,333.81,0.4,0.6,2026-06-27,850,N20,VIIRS,n,2.0NRT,295.53,3.53,D,VIIRS_NOAA20_NRT
25.75154,79.84116,348.66,0.55,0.51,2026-06-27,830,N,VIIRS,n,2.0NRT,297.66,17.83,D,VIIRS_SNPP_NRT
31.25842,76.92252,303.32,0.52,0.42,2026-06-27,2019,N21,VIIRS,n,2.0NRT,291.71,1.18,N,VIIRS_NOAA21_NRT
26.64504,79.48132,330.17,0.39,0.44,2026-06-27,2055,N,VIIRS,n,2.0NRT,293.82,5.17,N,VIIRS_SNPP_NRT
28.61282,76.90958,349.14,0.4,0.44,2026-06-27,833,N,VIIRS,n,2.0NRT,303.73,9.55,D,VIIRS_SNPP_NRT
30.04051,78.00333,339.14,0.48,0.48,2026-06-27,833,N,VIIRS,n,2.0NRT,298.42,7.9,D,VIIRS_SNPP_NRT
26.7609,83.19838,305.91,0.32,0.54,2026-06-27,2055,N,VIIRS,n,2.0NRT,288.4,2.99,N,VIIRS_SNPP_NRT
30.45401,76.12966,337.43,0.38,0.43,2026-06-27,833,N,VIIRS,n,2.0NRT,300.37,2.72,D,VIIRS_SNPP_NRT
30.71865,77.18375,306.85,0.41,0.37,2026-06-27,2055,N,VIIRS,n,2.0NRT,292.11,0.65,N,VIIRS_SNPP_NRT
25.80101,80.68966,332.54,0.63,0.54,2026-06-27,830,N,VIIRS,n,2.0NRT,294.26,5.48,D,VIIRS_SNPP_NRT
24.13987,82.59409,333.17,0.39,0.6,2026-06-27,830,N,VIIRS,n,2.0NRT,291.48,2.72,D,VIIRS_SNPP_NRT
25.01561,75.23316,345.02,0.45,0.39,2026-06-27,830,N,VIIRS,n,2.0NRT,301.9,7.04,D,VIIRS_SNPP_NRT
25.75184,79.83881,344.21,0.55,0.51,2026-06-27,830,N,VIIRS,n,2.0NRT,296.98,9.82,D,VIIRS_SNPP_NRT
31.32629,75.16199,338.92,0.53,0.42,2026-06-27,833,N,VIIRS,n,2.0NRT,301.92,6.68,D,VIIRS_SNPP_NRT
26.87422,80.07645,339.61,0.59,0.53,2026-06-27,830,N,VIIRS,n,2.0NRT,298.96,4.3,D,VIIRS_SNPP_NRT
31.37644,75.24825,335.31,0.53,0.42,2026-06-27,833,N,VIIRS,n,2.0NRT,299.77,3.43,D,VIIRS_SNPP_NRT
25.0002,75.19889,339.18,0.45,0.39,2026-06-27,830,N,VIIRS,n,2.0NRT,300.61,7.18,D,VIIRS_SNPP_NRT
25.0126,75.23825,341.34,0.45,0.39,2026-06-27,830,N,VIIRS,n,2.0NRT,301.96,9.42,D,VIIRS_SNPP_NRT
26.16256,84.72928,331.74,0.56,0.69,2026-06-27,830,N,VIIRS,n,2.0NRT,277.54,4.1,D,VIIRS_SNPP_NRT
30.79932,75.57825,330.13,0.54,0.42,2026-06-27,833,N,VIIRS,l,2.0NRT,300.74,4.59,D,VIIRS_SNPP_NRT
29.59248,79.51198,345.18,0.59,0.53,2026-06-27,833,N,VIIRS,n,2.0NRT,295.95,11.25,D,VIIRS_SNPP_NRT
27.63702,81.29696,341.63,0.36,0.57,2026-06-27,830,N,VIIRS,n,2.0NRT,297.83,4.99,D,VIIRS_SNPP_NRT
25.00378,75.19831,339.16,0.45,0.39,2026-06-27,830,N,VIIRS,n,2.0NRT,301.61,8.05,D,VIIRS_SNPP_NRT
25.00785,75.2298,342.2,0.45,0.39,2026-06-27,830,N,VIIRS,n,2.0NRT,302.07,4.96,D,VIIRS_SNPP_NRT
31.36266,75.47267,341.05,0.54,0.42,2026-06-27,833,N,VIIRS,n,2.0NRT,300.03,9.69,D,VIIRS_SNPP_NRT
31.36168,75.47043,341.82,0.55,0.42,2026-06-27,833,N,VIIRS,n,2.0NRT,300.06,13.6,D,VIIRS_SNPP_NRT
31.35874,75.47326,337.41,0.54,0.42,2026-06-27,833,N,VIIRS,n,2.0NRT,300.28,5.14,D,VIIRS_SNPP_NRT
31.35133,75.23501,335.96,0.53,0.42,2026-06-27,833,N,VIIRS,n,2.0NRT,300.67,6.8,D,VIIRS_SNPP_NRT
31.34105,75.4234,338.02,0.54,0.42,2026-06-27,833,N,VIIRS,n,2.0NRT,299.79,4.72,D,VIIRS_SNPP_NRT
25.01144,75.22923,345.8,0.45,0.39,2026-06-27,830,N,VIIRS,n,2.0NRT,301.87,4.96,D,VIIRS_SNPP_NRT
25.80019,78.67808,338.48,0.47,0.48,2026-06-27,830,N,VIIRS,n,2.0NRT,298.97,7.92,D,VIIRS_SNPP_NRT
27.52554,79.4171,331.45,0.55,0.51,2026-06-27,830,N,VIIRS,n,2.0NRT,298.11,3.03,D,VIIRS_SNPP_NRT
25.00727,75.2253,343.12,0.45,0.39,2026-06-27,830,N,VIIRS,n,2.0NRT,301.51,8.81,D,VIIRS_SNPP_NRT
30.66004,76.16988,339.38,0.39,0.44,2026-06-27,833,N,VIIRS,n,2.0NRT,299.71,3.19,D,VIIRS_SNPP_NRT
30.65959,76.16582,331.43,0.39,0.44,2026-06-27,833,N,VIIRS,n,2.0NRT,300.3,3.19,D,VIIRS_SNPP_NRT
27.63138,81.29378,336.21,0.36,0.57,2026-06-27,830,N,VIIRS,n,2.0NRT,298.47,4.99,D,VIIRS_SNPP_NRT
25.69605,80.80463,346.14,0.63,0.54,2026-06-27,830,N,VIIRS,n,2.0NRT,297.71,4.89,D,VIIRS_SNPP_NRT
30.76063,76.29797,343.54,0.39,0.44,2026-06-27,833,N,VIIRS,n,2.0NRT,300.44,7.98,D,VIIRS_SNPP_NRT
27.05775,79.878,333.52,0.58,0.52,2026-06-27,830,N,VIIRS,n,2.0NRT,296.52,2.84,D,VIIRS_SNPP_NRT
31.32326,75.1599,334.47,0.53,0.42,2026-06-27,833,N,VIIRS,n,2.0NRT,301.99,8.67,D,VIIRS_SNPP_NRT
31.41063,75.48061,338.01,0.55,0.42,2026-06-27,833,N,VIIRS,n,2.0NRT,299.95,9.91,D,VIIRS_SNPP_NRT
31.32389,75.16544,336.41,0.53,0.42,2026-06-27,833,N,VIIRS,n,2.0NRT,302.76,11.55,D,VIIRS_SNPP_NRT
25.01202,75.23374,343.67,0.45,0.39,2026-06-27,830,N,VIIRS,n,2.0NRT,302.02,4.96,D,VIIRS_SNPP_NRT
31.41522,76.83455,308.88,0.4,0.37,2026-06-27,2055,N,VIIRS,n,2.0NRT,294.6,1.79,N,VIIRS_SNPP_NRT
25.00436,75.20281,340.03,0.45,0.39,2026-06-27,830,N,VIIRS,n,2.0NRT,301.82,6.47,D,VIIRS_SNPP_NRT
27.70728,78.27435,340.37,0.47,0.48,2026-06-27,830,N,VIIRS,n,2.0NRT,301.04,5.1,D,VIIRS_SNPP_NRT
30.05982,77.33273,332.9,0.44,0.46,2026-06-27,833,N,VIIRS,l,2.0NRT,304.1,4.62,D,VIIRS_SNPP_NRT
30.64344,76.20547,337.03,0.39,0.44,2026-06-27,833,N,VIIRS,n,2.0NRT,302.0,3.25,D,VIIRS_SNPP_NRT
30.78098,75.66273,331.67,0.55,0.43,2026-06-27,833,N,VIIRS,n,2.0NRT,301.01,4.99,D,VIIRS_SNPP_NRT
31.36702,75.68562,337.59,0.56,0.43,2026-06-27,833,N,VIIRS,n,2.0NRT,298.05,7.4,D,VIIRS_SNPP_NRT
29.99796,76.16924,333.39,0.57,0.43,2026-06-27,833,N,VIIRS,n,2.0NRT,301.94,4.51,D,VIIRS_SNPP_NRT
25.01502,75.22865,345.65,0.45,0.39,2026-06-27,830,N,VIIRS,n,2.0NRT,301.95,7.04,D,VIIRS_SNPP_NRT
27.16823,79.23465,333.23,0.53,0.5,2026-06-27,830,N,VIIRS,n,2.0NRT,297.19,3.32,D,VIIRS_SNPP_NRT
29.59207,79.50426,337.64,0.41,0.37,2026-06-27,756,N21,VIIRS,n,2.0NRT,300.23,7.9,D,VIIRS_NOAA21_NRT
30.64059,74.84445,349.41,0.5,0.41,2026-06-27,833,N,VIIRS,n,2.0NRT,302.8,12.24,D,VIIRS_SNPP_NRT
27.02529,78.87473,333.37,0.5,0.49,2026-06-27,830,N,VIIRS,n,2.0NRT,299.79,5.57,D,VIIRS_SNPP_NRT
31.18438,75.33867,335.72,0.53,0.42,2026-06-27,833,N,VIIRS,n,2.0NRT,300.82,4.76,D,VIIRS_SNPP_NRT
27.85868,80.31239,341.27,0.63,0.54,2026-06-27,830,N,VIIRS,n,2.0NRT,296.68,6.3,D,VIIRS_SNPP_NRT
30.03826,78.00108,350.36,0.48,0.48,2026-06-27,833,N,VIIRS,n,2.0NRT,299.1,8.5,D,VIIRS_SNPP_NRT
30.37713,75.95025,338.44,0.56,0.43,2026-06-27,833,N,VIIRS,n,2.0NRT,301.54,5.04,D,VIIRS_SNPP_NRT
27.38001,82.39225,331.71,0.42,0.61,2026-06-27,830,N,VIIRS,n,2.0NRT,295.44,2.5,D,VIIRS_SNPP_NRT
24.93321,74.634,331.54,0.43,0.38,2026-06-27,830,N,VIIRS,l,2.0NRT,301.82,4.49,D,VIIRS_SNPP_NRT
25.00262,75.18935,338.72,0.45,0.39,2026-06-27,830,N,VIIRS,n,2.0NRT,299.51,4.63,D,VIIRS_SNPP_NRT
29.71478,77.14089,330.4,0.43,0.46,2026-06-27,833,N,VIIRS,l,2.0NRT,302.7,7.99,D,VIIRS_SNPP_NRT
29.36955,78.08659,337.84,0.48,0.48,2026-06-27,833,N,VIIRS,n,2.0NRT,297.36,3.33,D,VIIRS_SNPP_NRT
27.52508,79.41981,330.88,0.55,0.51,2026-06-27,830,N,VIIRS,n,2.0NRT,298.07,3.89,D,VIIRS_SNPP_NRT
28.85732,76.75237,308.54,0.5,0.41,2026-06-27,2019,N21,VIIRS,n,2.0NRT,295.08,0.49,N,VIIRS_NOAA21_NRT
30.03778,77.99608,337.38,0.48,0.48,2026-06-27,833,N,VIIRS,n,2.0NRT,299.91,3.84,D,VIIRS_SNPP_NRT
29.69366,77.14375,330.35,0.43,0.46,2026-06-27,833,N,VIIRS,l,2.0NRT,302.12,7.0,D,VIIRS_SNPP_NRT
30.51088,76.30788,343.69,0.39,0.44,2026-06-27,833,N,VIIRS,n,2.0NRT,299.4,4.34,D,VIIRS_SNPP_NRT
29.93499,76.9614,341.87,0.42,0.45,2026-06-27,833,N,VIIRS,n,2.0NRT,299.28,5.49,D,VIIRS_SNPP_NRT
27.16612,79.23242,333.52,0.53,0.5,2026-06-27,830,N,VIIRS,n,2.0NRT,297.6,3.54,D,VIIRS_SNPP_NRT
30.04,77.99835,351.51,0.48,0.48,2026-06-27,833,N,VIIRS,n,2.0NRT,300.65,7.9,D,VIIRS_SNPP_NRT
30.04225,77.99545,346.02,0.48,0.48,2026-06-27,833,N,VIIRS,n,2.0NRT,300.73,6.31,D,VIIRS_SNPP_NRT
27.63169,81.29749,367.0,0.36,0.57,2026-06-27,830,N,VIIRS,h,2.0NRT,298.75,4.99,D,VIIRS_SNPP_NRT
25.00547,75.22431,339.69,0.45,0.39,2026-06-27,830,N,VIIRS,n,2.0NRT,301.05,9.39,D,VIIRS_SNPP_NRT
26.93449,79.30489,334.75,0.53,0.5,2026-06-27,830,N,VIIRS,n,2.0NRT,297.46,2.17,D,VIIRS_SNPP_NRT
30.40823,77.20773,333.81,0.44,0.46,2026-06-27,833,N,VIIRS,l,2.0NRT,303.82,2.82,D,VIIRS_SNPP_NRT
27.62606,81.29432,338.1,0.36,0.57,2026-06-27,830,N,VIIRS,n,2.0NRT,298.5,4.26,D,VIIRS_SNPP_NRT
30.06031,77.33736,334.18,0.44,0.46,2026-06-27,833,N,VIIRS,n,2.0NRT,304.06,4.62,D,VIIRS_SNPP_NRT
28.77093,80.14278,343.81,0.63,0.54,2026-06-27,833,N,VIIRS,n,2.0NRT,300.42,15.7,D,VIIRS_SNPP_NRT
29.5443,76.94146,335.01,0.41,0.45,2026-06-27,833,N,VIIRS,n,2.0NRT,298.67,3.31,D,VIIRS_SNPP_NRT
25.59439,79.69415,305.72,0.42,0.45,2026-06-27,2055,N,VIIRS,n,2.0NRT,274.61,0.85,N,VIIRS_SNPP_NRT
29.67546,79.22279,339.75,0.4,0.37,2026-06-27,756,N21,VIIRS,n,2.0NRT,302.17,3.0,D,VIIRS_NOAA21_NRT
31.16699,75.28989,333.65,0.53,0.42,2026-06-27,833,N,VIIRS,n,2.0NRT,300.06,2.21,D,VIIRS_SNPP_NRT
28.12386,82.77334,306.91,0.41,0.37,2026-06-27,2019,N21,VIIRS,n,2.0NRT,292.21,1.29,N,VIIRS_NOAA21_NRT
31.07327,75.19944,338.63,0.52,0.42,2026-06-27,833,N,VIIRS,n,2.0NRT,301.52,4.51,D,VIIRS_SNPP_NRT
28.17868,78.06787,330.15,0.46,0.47,2026-06-27,833,N,VIIRS,n,2.0NRT,298.02,2.96,D,VIIRS_SNPP_NRT
31.25425,75.28676,333.12,0.53,0.42,2026-06-27,833,N,VIIRS,n,2.0NRT,300.69,3.44,D,VIIRS_SNPP_NRT
27.632,81.30122,353.81,0.36,0.57,2026-06-27,830,N,VIIRS,n,2.0NRT,297.59,14.39,D,VIIRS_SNPP_NRT
31.44049,75.32462,331.7,0.54,0.42,2026-06-27,833,N,VIIRS,n,2.0NRT,299.85,3.31,D,VIIRS_SNPP_NRT
30.89486,75.6153,337.8,0.55,0.42,2026-06-27,833,N,VIIRS,n,2.0NRT,300.48,7.77,D,VIIRS_SNPP_NRT
31.18891,75.34371,333.16,0.53,0.42,2026-06-27,833,N,VIIRS,n,2.0NRT,298.48,4.76,D,VIIRS_SNPP_NRT
29.5952,82.03776,328.94,0.58,0.7,2026-06-27,650,N,VIIRS,n,2.0NRT,296.93,14.03,D,VIIRS_SNPP_NRT
31.21758,75.11835,335.91,0.52,0.42,2026-06-27,833,N,VIIRS,n,2.0NRT,299.25,5.46,D,VIIRS_SNPP_NRT
31.13337,76.24683,332.65,0.4,0.44,2026-06-27,833,N,VIIRS,n,2.0NRT,299.4,2.41,D,VIIRS_SNPP_NRT
31.25741,75.31488,330.43,0.53,0.42,2026-06-27,833,N,VIIRS,n,2.0NRT,296.13,1.23,D,VIIRS_SNPP_NRT
31.12516,74.6059,335.64,0.49,0.4,2026-06-27,833,N,VIIRS,n,2.0NRT,302.22,2.44,D,VIIRS_SNPP_NRT
31.21936,75.11677,343.02,0.52,0.42,2026-06-27,833,N,VIIRS,n,2.0NRT,299.71,9.64,D,VIIRS_SNPP_NRT
31.19134,75.0945,335.3,0.52,0.41,2026-06-27,833,N,VIIRS,n,2.0NRT,301.29,3.1,D,VIIRS_SNPP_NRT
27.12408,80.23106,330.58,0.37,0.58,2026-06-27,709,N20,VIIRS,n,2.0NRT,295.84,1.43,D,VIIRS_NOAA20_NRT
31.434,75.52033,336.43,0.4,0.37,2026-06-27,756,N21,VIIRS,n,2.0NRT,299.05,2.24,D,VIIRS_NOAA21_NRT
29.59315,79.51208,332.9,0.41,0.37,2026-06-27,756,N21,VIIRS,n,2.0NRT,299.24,3.99,D,VIIRS_NOAA21_NRT
28.8346,77.13845,309.84,0.48,0.4,2026-06-27,2019,N21,VIIRS,n,2.0NRT,295.14,4.13,N,VIIRS_NOAA21_NRT
30.05979,77.33749,342.21,0.38,0.36,2026-06-27,756,N21,VIIRS,n,2.0NRT,309.57,9.78,D,VIIRS_NOAA21_NRT
30.45587,76.18265,338.57,0.39,0.44,2026-06-27,833,N,VIIRS,n,2.0NRT,298.05,2.67,D,VIIRS_SNPP_NRT
31.05519,75.31534,335.23,0.53,0.42,2026-06-27,833,N,VIIRS,n,2.0NRT,299.53,4.94,D,VIIRS_SNPP_NRT
28.92817,79.68902,332.78,0.41,0.37,2026-06-27,756,N21,VIIRS,l,2.0NRT,304.72,2.33,D,VIIRS_NOAA21_NRT
31.18826,75.33807,334.59,0.53,0.42,2026-06-27,833,N,VIIRS,n,2.0NRT,298.96,4.76,D,VIIRS_SNPP_NRT
28.37238,77.22502,310.26,0.43,0.38,2026-06-27,2055,N,VIIRS,n,2.0NRT,294.63,5.49,N,VIIRS_SNPP_NRT
30.98201,77.01826,344.25,0.44,0.46,2026-06-27,833,N,VIIRS,n,2.0NRT,298.8,5.47,D,VIIRS_SNPP_NRT
28.6874,80.57359,340.21,0.43,0.38,2026-06-27,756,N21,VIIRS,n,2.0NRT,306.37,5.61,D,VIIRS_NOAA21_NRT
31.07391,75.20496,331.55,0.52,0.42,2026-06-27,833,N,VIIRS,n,2.0NRT,300.91,5.56,D,VIIRS_SNPP_NRT
30.16945,78.56439,335.47,0.39,0.36,2026-06-27,756,N21,VIIRS,n,2.0NRT,303.45,3.87,D,VIIRS_NOAA21_NRT
30.63482,76.00351,334.63,0.39,0.36,2026-06-27,756,N21,VIIRS,l,2.0NRT,301.88,3.68,D,VIIRS_NOAA21_NRT
28.97945,79.02972,339.15,0.4,0.37,2026-06-27,756,N21,VIIRS,n,2.0NRT,308.09,5.94,D,VIIRS_NOAA21_NRT
31.08835,76.06448,353.85,0.39,0.44,2026-06-27,833,N,VIIRS,n,2.0NRT,301.94,17.87,D,VIIRS_SNPP_NRT
23.82389,84.57638,330.16,0.47,0.48,2026-06-27,707,N20,VIIRS,n,2.0NRT,297.33,10.77,D,VIIRS_NOAA20_NRT
30.88927,76.07999,330.3,0.39,0.36,2026-06-27,756,N21,VIIRS,l,2.0NRT,301.98,2.87,D,VIIRS_NOAA21_NRT
28.83825,77.13904,311.56,0.48,0.4,2026-06-27,2019,N21,VIIRS,n,2.0NRT,295.07,4.0,N,VIIRS_NOAA21_NRT
31.25661,75.54658,343.05,0.4,0.37,2026-06-27,756,N21,VIIRS,n,2.0NRT,301.71,6.48,D,VIIRS_NOAA21_NRT
31.10153,74.66268,330.74,0.49,0.41,2026-06-27,833,N,VIIRS,l,2.0NRT,303.96,2.67,D,VIIRS_SNPP_NRT
30.76627,76.14264,336.37,0.39,0.36,2026-06-27,756,N21,VIIRS,l,2.0NRT,304.75,3.33,D,VIIRS_NOAA21_NRT
26.64182,79.47646,314.72,0.39,0.44,2026-06-27,2055,N,VIIRS,n,2.0NRT,293.25,3.55,N,VIIRS_SNPP_NRT
31.32244,75.16258,347.65,0.53,0.42,2026-06-27,833,N,VIIRS,n,2.0NRT,303.41,13.12,D,VIIRS_SNPP_NRT
31.27985,75.44434,332.98,0.54,0.42,2026-06-27,833,N,VIIRS,n,2.0NRT,300.47,4.89,D,VIIRS_SNPP_NRT
28.1245,82.77248,303.34,0.56,0.52,2026-06-27,2055,N,VIIRS,n,2.0NRT,290.19,1.15,N,VIIRS_SNPP_NRT
31.42043,75.46151,336.05,0.55,0.42,2026-06-27,833,N,VIIRS,n,2.0NRT,299.86,4.49,D,VIIRS_SNPP_NRT
31.03967,76.22231,344.81,0.39,0.44,2026-06-27,833,N,VIIRS,n,2.0NRT,302.09,4.85,D,VIIRS_SNPP_NRT
30.92743,75.5172,330.85,0.54,0.42,2026-06-27,833,N,VIIRS,n,2.0NRT,300.6,3.02,D,VIIRS_SNPP_NRT
31.41453,75.27103,331.54,0.53,0.42,2026-06-27,833,N,VIIRS,n,2.0NRT,298.88,3.06,D,VIIRS_SNPP_NRT
31.44246,75.32699,334.61,0.4,0.37,2026-06-27,756,N21,VIIRS,l,2.0NRT,301.5,3.76,D,VIIRS_NOAA21_NRT
28.76591,80.14334,346.56,0.63,0.54,2026-06-27,833,N,VIIRS,n,2.0NRT,302.85,19.21,D,VIIRS_SNPP_NRT
31.48256,75.48154,338.35,0.55,0.42,2026-06-27,833,N,VIIRS,n,2.0NRT,300.86,3.37,D,VIIRS_SNPP_NRT
28.92172,79.49037,336.94,0.4,0.37,2026-06-27,756,N21,VIIRS,n,2.0NRT,306.65,3.68,D,VIIRS_NOAA21_NRT
29.13573,79.34375,340.42,0.4,0.37,2026-06-27,756,N21,VIIRS,n,2.0NRT,306.66,4.68,D,VIIRS_NOAA21_NRT
31.05455,75.30975,335.5,0.53,0.42,2026-06-27,833,N,VIIRS,n,2.0NRT,300.04,4.94,D,VIIRS_SNPP_NRT
29.12566,75.77737,313.22,0.39,0.36,2026-06-27,2055,N,VIIRS,n,2.0NRT,298.73,1.34,N,VIIRS_SNPP_NRT
31.43194,75.25116,332.95,0.53,0.42,2026-06-27,833,N,VIIRS,n,2.0NRT,299.21,2.75,D,VIIRS_SNPP_NRT
30.84036,75.48416,330.83,0.54,0.42,2026-06-27,833,N,VIIRS,l,2.0NRT,301.13,2.73,D,VIIRS_SNPP_NRT
28.14734,80.15421,340.44,0.62,0.54,2026-06-27,830,N,VIIRS,n,2.0NRT,296.25,8.28,D,VIIRS_SNPP_NRT
29.59262,79.50822,351.78,0.41,0.37,2026-06-27,756,N21,VIIRS,n,2.0NRT,302.24,7.9,D,VIIRS_NOAA21_NRT
28.25245,77.20432,307.89,0.44,0.38,2026-06-27,2055,N,VIIRS,n,2.0NRT,294.77,5.35,N,VIIRS_SNPP_NRT
31.43071,75.02283,338.76,0.52,0.41,2026-06-27,833,N,VIIRS,n,2.0NRT,299.44,1.7,D,VIIRS_SNPP_NRT
30.92809,75.5229,332.74,0.54,0.42,2026-06-27,833,N,VIIRS,n,2.0NRT,301.36,3.02,D,VIIRS_SNPP_NRT
30.80455,75.58908,331.77,0.54,0.42,2026-06-27,833,N,VIIRS,n,2.0NRT,301.25,2.96,D,VIIRS_SNPP_NRT
31.37375,75.32908,336.33,0.54,0.42,2026-06-27,833,N,VIIRS,n,2.0NRT,299.77,4.89,D,VIIRS_SNPP_NRT
30.84015,75.48537,331.0,0.54,0.42,2026-06-27,833,N,VIIRS,n,2.0NRT,300.82,2.54,D,VIIRS_SNPP_NRT
29.596,79.50761,337.36,0.41,0.37,2026-06-27,756,N21,VIIRS,n,2.0NRT,301.94,5.14,D,VIIRS_NOAA21_NRT
31.48249,75.48541,336.29,0.55,0.43,2026-06-27,833,N,VIIRS,n,2.0NRT,299.83,5.3,D,VIIRS_SNPP_NRT
28.26475,77.6683,333.95,0.44,0.46,2026-06-27,833,N,VIIRS,n,2.0NRT,299.96,3.6,D,VIIRS_SNPP_NRT
31.26439,75.3771,337.45,0.54,0.42,2026-06-27,833,N,VIIRS,n,2.0NRT,300.44,5.69,D,VIIRS_SNPP_NRT
31.27921,75.43861,334.32,0.54,0.42,2026-06-27,833,N,VIIRS,n,2.0NRT,299.7,4.02,D,VIIRS_SNPP_NRT
24.76513,74.6115,304.51,0.39,0.36,2026-06-27,2057,N,VIIRS,n,2.0NRT,280.67,0.94,N,VIIRS_SNPP_NRT
29.5799,76.91905,342.09,0.41,0.45,2026-06-27,833,N,VIIRS,n,2.0NRT,299.69,4.96,D,VIIRS_SNPP_NRT
30.05919,77.33354,335.56,0.38,0.36,2026-06-27,756,N21,VIIRS,l,2.0NRT,308.82,7.23,D,VIIRS_NOAA21_NRT
30.90075,75.63202,331.86,0.55,0.43,2026-06-27,833,N,VIIRS,n,2.0NRT,299.4,3.19,D,VIIRS_SNPP_NRT
28.77855,76.94985,314.82,0.42,0.38,2026-06-27,2055,N,VIIRS,n,2.0NRT,295.18,1.42,N,VIIRS_SNPP_NRT
31.04373,76.22168,347.19,0.39,0.44,2026-06-27,833,N,VIIRS,n,2.0NRT,300.91,8.35,D,VIIRS_SNPP_NRT
30.80119,76.21655,355.1,0.39,0.44,2026-06-27,833,N,VIIRS,n,2.0NRT,302.3,9.53,D,VIIRS_SNPP_NRT
31.34809,77.23666,334.84,0.41,0.37,2026-06-28,813,N,VIIRS,n,2.0NRT,303.72,2.92,D,VIIRS_SNPP_NRT
30.8207,75.09403,346.61,0.38,0.36,2026-06-28,813,N,VIIRS,n,2.0NRT,303.09,11.67,D,VIIRS_SNPP_NRT
26.34186,79.46907,340.13,0.45,0.39,2026-06-28,811,N,VIIRS,n,2.0NRT,297.77,6.3,D,VIIRS_SNPP_NRT
30.58633,75.80726,348.23,0.39,0.36,2026-06-28,811,N,VIIRS,n,2.0NRT,300.07,7.8,D,VIIRS_SNPP_NRT
29.46108,76.85985,307.46,0.47,0.39,2026-06-28,2055,N20,VIIRS,n,2.0NRT,286.42,6.95,N,VIIRS_NOAA20_NRT
31.18706,75.25483,331.32,0.38,0.36,2026-06-28,813,N,VIIRS,l,2.0NRT,302.91,2.74,D,VIIRS_SNPP_NRT
30.4186,75.90597,330.7,0.39,0.36,2026-06-28,811,N,VIIRS,n,2.0NRT,299.04,12.4,D,VIIRS_SNPP_NRT
30.42192,75.90531,346.24,0.39,0.36,2026-06-28,811,N,VIIRS,n,2.0NRT,302.55,12.4,D,VIIRS_SNPP_NRT
30.00681,76.78856,331.89,0.4,0.37,2026-06-28,811,N,VIIRS,l,2.0NRT,303.07,2.8,D,VIIRS_SNPP_NRT
30.51945,76.43942,335.09,0.39,0.36,2026-06-28,811,N,VIIRS,n,2.0NRT,300.28,3.66,D,VIIRS_SNPP_NRT
29.95781,76.95368,338.43,0.4,0.37,2026-06-28,811,N,VIIRS,n,2.0NRT,302.06,2.79,D,VIIRS_SNPP_NRT
29.71118,79.54324,335.01,0.48,0.4,2026-06-28,811,N,VIIRS,n,2.0NRT,299.55,3.3,D,VIIRS_SNPP_NRT
29.61895,76.94779,338.02,0.4,0.37,2026-06-28,811,N,VIIRS,n,2.0NRT,305.23,2.59,D,VIIRS_SNPP_NRT
29.53415,79.56047,333.06,0.48,0.4,2026-06-28,811,N,VIIRS,n,2.0NRT,300.46,3.57,D,VIIRS_SNPP_NRT
30.08882,77.0451,342.59,0.4,0.37,2026-06-28,811,N,VIIRS,n,2.0NRT,303.78,4.02,D,VIIRS_SNPP_NRT
31.46197,75.53266,335.04,0.39,0.36,2026-06-28,813,N,VIIRS,n,2.0NRT,300.09,2.93,D,VIIRS_SNPP_NRT
31.31199,75.36297,330.36,0.38,0.36,2026-06-28,813,N,VIIRS,l,2.0NRT,300.92,1.22,D,VIIRS_SNPP_NRT
28.81187,79.23125,333.2,0.46,0.39,2026-06-28,811,N,VIIRS,n,2.0NRT,299.42,2.27,D,VIIRS_SNPP_NRT
30.38251,76.8517,341.3,0.4,0.37,2026-06-28,811,N,VIIRS,n,2.0NRT,301.95,10.42,D,VIIRS_SNPP_NRT
28.85249,79.31821,335.67,0.46,0.39,2026-06-28,811,N,VIIRS,n,2.0NRT,298.55,2.34,D,VIIRS_SNPP_NRT
30.96058,75.25461,342.14,0.42,0.45,2026-06-28,833,N20,VIIRS,n,2.0NRT,298.75,5.14,D,VIIRS_NOAA20_NRT
31.45226,75.173,336.24,0.38,0.36,2026-06-28,813,N,VIIRS,n,2.0NRT,300.12,2.19,D,VIIRS_SNPP_NRT
30.34391,76.20078,334.95,0.39,0.36,2026-06-28,811,N,VIIRS,n,2.0NRT,298.49,5.21,D,VIIRS_SNPP_NRT
25.67178,79.96252,349.36,0.46,0.39,2026-06-28,811,N,VIIRS,n,2.0NRT,301.52,8.83,D,VIIRS_SNPP_NRT
30.66175,75.72256,335.25,0.39,0.36,2026-06-28,811,N,VIIRS,n,2.0NRT,300.32,2.62,D,VIIRS_SNPP_NRT
30.67377,75.91866,337.15,0.39,0.36,2026-06-28,811,N,VIIRS,n,2.0NRT,299.62,1.96,D,VIIRS_SNPP_NRT
31.16714,75.3707,342.74,0.38,0.36,2026-06-28,813,N,VIIRS,n,2.0NRT,301.46,7.5,D,VIIRS_SNPP_NRT
30.28052,78.53106,333.77,0.45,0.39,2026-06-28,811,N,VIIRS,n,2.0NRT,300.26,3.35,D,VIIRS_SNPP_NRT
30.02857,77.16174,335.06,0.4,0.37,2026-06-28,811,N,VIIRS,n,2.0NRT,304.27,2.2,D,VIIRS_SNPP_NRT
31.39092,75.50915,335.38,0.39,0.36,2026-06-28,813,N,VIIRS,n,2.0NRT,300.74,1.86,D,VIIRS_SNPP_NRT
31.01843,75.28241,342.03,0.42,0.45,2026-06-28,833,N20,VIIRS,n,2.0NRT,298.9,3.87,D,VIIRS_NOAA20_NRT
30.45071,76.38091,331.88,0.39,0.36,2026-06-28,811,N,VIIRS,l,2.0NRT,302.85,1.33,D,VIIRS_SNPP_NRT
25.67238,79.96711,344.19,0.46,0.39,2026-06-28,811,N,VIIRS,n,2.0NRT,301.4,8.83,D,VIIRS_SNPP_NRT
31.06178,75.23776,341.56,0.42,0.45,2026-06-28,833,N20,VIIRS,n,2.0NRT,299.44,8.26,D,VIIRS_NOAA20_NRT
28.85245,79.3166,335.14,0.46,0.39,2026-06-28,811,N,VIIRS,n,2.0NRT,298.35,2.8,D,VIIRS_SNPP_NRT
31.0882,74.63268,330.65,0.39,0.44,2026-06-28,833,N20,VIIRS,l,2.0NRT,301.96,3.47,D,VIIRS_NOAA20_NRT
30.29212,76.05779,335.59,0.39,0.36,2026-06-28,811,N,VIIRS,n,2.0NRT,296.64,1.24,D,VIIRS_SNPP_NRT
30.60531,75.28106,343.27,0.38,0.36,2026-06-28,811,N,VIIRS,n,2.0NRT,302.01,4.07,D,VIIRS_SNPP_NRT
30.66267,75.70587,331.56,0.39,0.36,2026-06-28,811,N,VIIRS,n,2.0NRT,299.44,1.85,D,VIIRS_SNPP_NRT
30.88684,76.30837,341.05,0.48,0.48,2026-06-28,833,N20,VIIRS,n,2.0NRT,296.96,4.19,D,VIIRS_NOAA20_NRT
30.85887,75.59837,342.81,0.44,0.46,2026-06-28,833,N20,VIIRS,n,2.0NRT,294.72,3.63,D,VIIRS_NOAA20_NRT
30.8465,75.52167,333.92,0.43,0.46,2026-06-28,833,N20,VIIRS,n,2.0NRT,297.16,2.74,D,VIIRS_NOAA20_NRT
29.46377,76.86543,315.43,0.47,0.39,2026-06-28,2055,N20,VIIRS,n,2.0NRT,286.18,3.22,N,VIIRS_NOAA20_NRT
31.01411,75.47567,338.82,0.38,0.36,2026-06-28,813,N,VIIRS,n,2.0NRT,300.99,6.18,D,VIIRS_SNPP_NRT
30.69416,76.15148,348.8,0.39,0.36,2026-06-28,811,N,VIIRS,n,2.0NRT,302.76,9.04,D,VIIRS_SNPP_NRT
29.51861,77.04999,330.45,0.4,0.37,2026-06-28,811,N,VIIRS,l,2.0NRT,301.9,2.34,D,VIIRS_SNPP_NRT
30.6747,76.01802,336.62,0.39,0.36,2026-06-28,811,N,VIIRS,n,2.0NRT,300.33,3.01,D,VIIRS_SNPP_NRT
26.40611,79.087,341.69,0.43,0.38,2026-06-28,811,N,VIIRS,n,2.0NRT,296.7,4.76,D,VIIRS_SNPP_NRT
31.04646,75.25327,341.3,0.42,0.45,2026-06-28,833,N20,VIIRS,n,2.0NRT,299.32,5.14,D,VIIRS_NOAA20_NRT
28.1554,80.17484,340.24,0.5,0.41,2026-06-28,811,N,VIIRS,n,2.0NRT,298.76,7.06,D,VIIRS_SNPP_NRT
30.94184,75.31981,341.13,0.42,0.45,2026-06-28,833,N20,VIIRS,n,2.0NRT,297.65,5.12,D,VIIRS_NOAA20_NRT
31.17577,75.31511,347.78,0.38,0.36,2026-06-28,813,N,VIIRS,n,2.0NRT,302.31,6.58,D,VIIRS_SNPP_NRT
30.27056,75.4426,330.75,0.38,0.36,2026-06-28,811,N,VIIRS,n,2.0NRT,299.51,0.79,D,VIIRS_SNPP_NRT
28.5791,80.45062,331.73,0.52,0.42,2026-06-28,811,N,VIIRS,n,2.0NRT,296.49,2.62,D,VIIRS_SNPP_NRT
31.04691,75.25768,333.36,0.42,0.45,2026-06-28,833,N20,VIIRS,n,2.0NRT,299.09,5.2,D,VIIRS_NOAA20_NRT
31.07698,74.60538,340.7,0.39,0.44,2026-06-28,833,N20,VIIRS,n,2.0NRT,302.45,3.34,D,VIIRS_NOAA20_NRT
31.07571,75.20912,344.71,0.42,0.45,2026-06-28,833,N20,VIIRS,n,2.0NRT,299.11,6.56,D,VIIRS_NOAA20_NRT
31.06929,75.18781,345.54,0.42,0.45,2026-06-28,833,N20,VIIRS,n,2.0NRT,299.54,5.0,D,VIIRS_NOAA20_NRT
30.51736,76.37701,336.14,0.39,0.36,2026-06-28,811,N,VIIRS,n,2.0NRT,304.27,4.3,D,VIIRS_SNPP_NRT
30.8966,75.46644,330.05,0.43,0.46,2026-06-28,833,N20,VIIRS,n,2.0NRT,296.92,2.09,D,VIIRS_NOAA20_NRT
30.94139,75.31539,339.94,0.42,0.45,2026-06-28,833,N20,VIIRS,n,2.0NRT,298.33,5.12,D,VIIRS_NOAA20_NRT
30.62629,75.44133,339.76,0.38,0.36,2026-06-28,811,N,VIIRS,n,2.0NRT,301.02,3.36,D,VIIRS_SNPP_NRT
31.04622,75.2652,331.03,0.42,0.45,2026-06-28,833,N20,VIIRS,n,2.0NRT,298.79,1.81,D,VIIRS_NOAA20_NRT
31.01283,75.47353,332.05,0.43,0.46,2026-06-28,833,N20,VIIRS,n,2.0NRT,298.12,1.31,D,VIIRS_NOAA20_NRT
30.91293,75.54224,340.39,0.43,0.46,2026-06-28,833,N20,VIIRS,n,2.0NRT,295.63,3.69,D,VIIRS_NOAA20_NRT
30.94033,75.31581,339.34,0.42,0.45,2026-06-28,833,N20,VIIRS,n,2.0NRT,298.83,6.38,D,VIIRS_NOAA20_NRT
31.44607,75.02069,348.8,0.38,0.36,2026-06-28,813,N,VIIRS,n,2.0NRT,302.99,6.94,D,VIIRS_SNPP_NRT
29.45459,76.86234,308.38,0.42,0.38,2026-06-28,2038,N,VIIRS,n,2.0NRT,293.39,3.77,N,VIIRS_SNPP_NRT
31.45519,75.14748,336.29,0.38,0.36,2026-06-28,813,N,VIIRS,n,2.0NRT,300.23,2.37,D,VIIRS_SNPP_NRT
31.11547,74.68722,336.75,0.39,0.44,2026-06-28,833,N20,VIIRS,n,2.0NRT,300.38,1.64,D,VIIRS_NOAA20_NRT
31.10162,74.67252,346.89,0.39,0.44,2026-06-28,833,N20,VIIRS,n,2.0NRT,301.26,4.85,D,VIIRS_NOAA20_NRT
31.11686,75.27946,332.66,0.42,0.45,2026-06-28,833,N20,VIIRS,n,2.0NRT,299.05,4.65,D,VIIRS_NOAA20_NRT
29.46288,76.87016,319.27,0.47,0.39,2026-06-28,2055,N20,VIIRS,n,2.0NRT,285.22,1.95,N,VIIRS_NOAA20_NRT
30.9071,76.26096,336.3,0.39,0.36,2026-06-28,813,N,VIIRS,n,2.0NRT,300.54,2.47,D,VIIRS_SNPP_NRT
27.21687,79.663,337.76,0.46,0.39,2026-06-28,811,N,VIIRS,n,2.0NRT,296.29,1.14,D,VIIRS_SNPP_NRT
30.72936,76.11127,339.88,0.39,0.36,2026-06-28,811,N,VIIRS,n,2.0NRT,301.41,7.49,D,VIIRS_SNPP_NRT
31.28256,75.39387,330.2,0.38,0.36,2026-06-28,813,N,VIIRS,l,2.0NRT,300.91,1.97,D,VIIRS_SNPP_NRT
31.05438,75.33974,340.73,0.38,0.36,2026-06-28,813,N,VIIRS,n,2.0NRT,302.41,4.96,D,VIIRS_SNPP_NRT
30.86361,76.12706,332.53,0.39,0.36,2026-06-28,813,N,VIIRS,l,2.0NRT,302.61,11.75,D,VIIRS_SNPP_NRT
31.1276,75.26703,336.58,0.38,0.36,2026-06-28,813,N,VIIRS,n,2.0NRT,302.04,2.87,D,VIIRS_SNPP_NRT
31.21334,75.07249,330.33,0.38,0.36,2026-06-28,813,N,VIIRS,l,2.0NRT,302.98,2.53,D,VIIRS_SNPP_NRT
30.72958,76.13623,337.85,0.39,0.36,2026-06-28,811,N,VIIRS,n,2.0NRT,301.62,5.63,D,VIIRS_SNPP_NRT
31.0889,75.32028,331.27,0.38,0.36,2026-06-28,813,N,VIIRS,n,2.0NRT,300.91,1.32,D,VIIRS_SNPP_NRT
31.07768,75.51697,340.03,0.39,0.36,2026-06-28,813,N,VIIRS,n,2.0NRT,301.43,2.51,D,VIIRS_SNPP_NRT
26.72849,78.86946,341.1,0.43,0.38,2026-06-28,811,N,VIIRS,n,2.0NRT,302.29,13.94,D,VIIRS_SNPP_NRT
30.69749,76.15083,332.57,0.39,0.36,2026-06-28,811,N,VIIRS,n,2.0NRT,300.93,1.73,D,VIIRS_SNPP_NRT
30.84079,76.24831,339.17,0.47,0.48,2026-06-28,833,N20,VIIRS,n,2.0NRT,297.63,2.42,D,VIIRS_NOAA20_NRT
31.24539,75.26052,334.74,0.38,0.36,2026-06-28,813,N,VIIRS,n,2.0NRT,300.47,3.03,D,VIIRS_SNPP_NRT
30.94081,75.32023,341.61,0.42,0.45,2026-06-28,833,N20,VIIRS,n,2.0NRT,297.71,6.38,D,VIIRS_NOAA20_NRT
30.79107,76.28289,339.09,0.48,0.48,2026-06-28,833,N20,VIIRS,n,2.0NRT,298.74,3.44,D,VIIRS_NOAA20_NRT
30.80899,76.24645,332.08,0.39,0.36,2026-06-28,811,N,VIIRS,n,2.0NRT,301.08,1.62,D,VIIRS_SNPP_NRT
31.2128,75.35725,333.48,0.38,0.36,2026-06-28,813,N,VIIRS,n,2.0NRT,301.31,1.85,D,VIIRS_SNPP_NRT
30.53981,76.13095,336.69,0.39,0.36,2026-06-28,811,N,VIIRS,n,2.0NRT,301.69,4.51,D,VIIRS_SNPP_NRT
30.73178,76.19838,335.04,0.39,0.36,2026-06-28,811,N,VIIRS,n,2.0NRT,301.54,2.06,D,VIIRS_SNPP_NRT
31.06589,74.65246,343.63,0.39,0.44,2026-06-28,833,N20,VIIRS,n,2.0NRT,302.61,6.96,D,VIIRS_NOAA20_NRT
26.97655,79.89743,331.05,0.47,0.4,2026-06-28,811,N,VIIRS,n,2.0NRT,292.45,1.31,D,VIIRS_SNPP_NRT
30.83959,76.24469,334.0,0.39,0.36,2026-06-28,813,N,VIIRS,n,2.0NRT,302.3,1.62,D,VIIRS_SNPP_NRT
31.01309,74.91431,341.82,0.38,0.36,2026-06-28,813,N,VIIRS,n,2.0NRT,302.55,7.51,D,VIIRS_SNPP_NRT
27.87596,77.85777,339.26,0.41,0.37,2026-06-28,811,N,VIIRS,n,2.0NRT,303.25,5.96,D,VIIRS_SNPP_NRT
28.18291,80.14985,330.95,0.5,0.41,2026-06-28,811,N,VIIRS,n,2.0NRT,298.15,2.45,D,VIIRS_SNPP_NRT
29.46199,76.87489,305.47,0.47,0.4,2026-06-28,2055,N20,VIIRS,n,2.0NRT,283.53,1.95,N,VIIRS_NOAA20_NRT
31.20665,76.76598,330.48,0.4,0.37,2026-06-28,813,N,VIIRS,l,2.0NRT,300.52,2.33,D,VIIRS_SNPP_NRT
29.51188,77.70871,330.85,0.41,0.37,2026-06-28,811,N,VIIRS,n,2.0NRT,300.29,2.25,D,VIIRS_SNPP_NRT
30.9978,75.28104,334.93,0.38,0.36,2026-06-28,813,N,VIIRS,n,2.0NRT,300.89,2.31,D,VIIRS_SNPP_NRT
30.89891,76.15778,332.2,0.39,0.36,2026-06-28,813,N,VIIRS,l,2.0NRT,302.3,1.25,D,VIIRS_SNPP_NRT
30.81895,76.1024,338.16,0.39,0.36,2026-06-28,813,N,VIIRS,n,2.0NRT,301.97,5.35,D,VIIRS_SNPP_NRT
31.2122,75.35323,331.36,0.38,0.36,2026-06-28,813,N,VIIRS,n,2.0NRT,300.93,1.85,D,VIIRS_SNPP_NRT
30.91064,76.22379,345.78,0.39,0.36,2026-06-28,813,N,VIIRS,n,2.0NRT,301.17,6.36,D,VIIRS_SNPP_NRT
31.02055,75.49957,331.57,0.38,0.36,2026-06-28,813,N,VIIRS,n,2.0NRT,299.46,2.53,D,VIIRS_SNPP_NRT
27.86677,78.22221,338.82,0.42,0.37,2026-06-28,811,N,VIIRS,n,2.0NRT,304.75,5.51,D,VIIRS_SNPP_NRT
27.19277,79.64778,334.39,0.46,0.39,2026-06-28,811,N,VIIRS,n,2.0NRT,300.43,2.34,D,VIIRS_SNPP_NRT
30.79432,76.22801,343.27,0.39,0.36,2026-06-28,811,N,VIIRS,n,2.0NRT,302.87,4.58,D,VIIRS_SNPP_NRT
31.08098,75.5163,334.43,0.39,0.36,2026-06-28,813,N,VIIRS,n,2.0NRT,300.08,2.51,D,VIIRS_SNPP_NRT
27.34249,79.45986,336.72,0.45,0.39,2026-06-28,811,N,VIIRS,n,2.0NRT,300.45,6.06,D,VIIRS_SNPP_NRT
30.8642,76.13113,338.52,0.39,0.36,2026-06-28,813,N,VIIRS,n,2.0NRT,304.4,11.75,D,VIIRS_SNPP_NRT
30.84161,75.47737,339.29,0.38,0.36,2026-06-28,813,N,VIIRS,n,2.0NRT,299.78,7.24,D,VIIRS_SNPP_NRT
27.84101,78.18785,343.34,0.41,0.37,2026-06-28,811,N,VIIRS,n,2.0NRT,303.13,5.24,D,VIIRS_SNPP_NRT
27.83867,78.18686,340.93,0.41,0.37,2026-06-28,811,N,VIIRS,n,2.0NRT,302.52,2.36,D,VIIRS_SNPP_NRT
27.67283,78.12482,334.6,0.41,0.37,2026-06-28,811,N,VIIRS,n,2.0NRT,301.06,1.45,D,VIIRS_SNPP_NRT
27.5259,78.41977,336.68,0.42,0.38,2026-06-28,811,N,VIIRS,n,2.0NRT,300.46,4.33,D,VIIRS_SNPP_NRT
27.51497,78.4173,343.83,0.42,0.38,2026-06-28,811,N,VIIRS,n,2.0NRT,301.66,5.3,D,VIIRS_SNPP_NRT
27.48634,78.9743,344.39,0.44,0.38,2026-06-28,811,N,VIIRS,n,2.0NRT,300.51,7.09,D,VIIRS_SNPP_NRT
30.72119,77.56587,335.98,0.42,0.37,2026-06-28,811,N,VIIRS,n,2.0NRT,296.07,2.99,D,VIIRS_SNPP_NRT
27.10737,79.33704,337.25,0.45,0.39,2026-06-28,811,N,VIIRS,n,2.0NRT,297.25,4.26,D,VIIRS_SNPP_NRT
27.3389,79.46044,339.46,0.45,0.39,2026-06-28,811,N,VIIRS,n,2.0NRT,300.51,6.06,D,VIIRS_SNPP_NRT
27.31133,79.50252,336.76,0.46,0.39,2026-06-28,811,N,VIIRS,n,2.0NRT,299.95,5.13,D,VIIRS_SNPP_NRT
27.25695,79.11347,342.68,0.44,0.38,2026-06-28,811,N,VIIRS,n,2.0NRT,299.08,6.97,D,VIIRS_SNPP_NRT
27.25093,79.46056,341.69,0.45,0.39,2026-06-28,811,N,VIIRS,n,2.0NRT,300.79,7.33,D,VIIRS_SNPP_NRT
30.84292,76.24404,338.26,0.39,0.36,2026-06-28,813,N,VIIRS,n,2.0NRT,302.26,1.62,D,VIIRS_SNPP_NRT
31.17678,75.38947,340.26,0.38,0.36,2026-06-28,813,N,VIIRS,n,2.0NRT,300.71,3.36,D,VIIRS_SNPP_NRT
31.04527,75.25639,342.8,0.42,0.45,2026-06-28,833,N20,VIIRS,n,2.0NRT,299.54,5.82,D,VIIRS_NOAA20_NRT
27.36932,79.1233,337.47,0.44,0.38,2026-06-28,811,N,VIIRS,n,2.0NRT,300.83,5.72,D,VIIRS_SNPP_NRT
31.17785,75.3064,339.04,0.38,0.36,2026-06-28,813,N,VIIRS,n,2.0NRT,302.54,2.85,D,VIIRS_SNPP_NRT
31.11686,75.31999,336.35,0.42,0.45,2026-06-28,833,N20,VIIRS,n,2.0NRT,298.08,3.39,D,VIIRS_NOAA20_NRT
30.72899,76.13217,336.37,0.39,0.36,2026-06-28,811,N,VIIRS,n,2.0NRT,300.66,3.79,D,VIIRS_SNPP_NRT
27.85711,79.01333,337.42,0.44,0.38,2026-06-28,811,N,VIIRS,n,2.0NRT,300.7,3.95,D,VIIRS_SNPP_NRT
28.0302,81.33779,333.54,0.57,0.43,2026-06-28,811,N,VIIRS,n,2.0NRT,295.83,2.89,D,VIIRS_SNPP_NRT
28.06715,78.97256,339.65,0.44,0.39,2026-06-28,811,N,VIIRS,n,2.0NRT,299.66,3.81,D,VIIRS_SNPP_NRT
31.43513,75.69194,340.0,0.39,0.36,2026-06-28,813,N,VIIRS,n,2.0NRT,303.76,6.84,D,VIIRS_SNPP_NRT
30.72884,75.73808,335.93,0.39,0.36,2026-06-28,811,N,VIIRS,n,2.0NRT,295.63,2.07,D,VIIRS_SNPP_NRT
26.35114,78.68267,343.34,0.42,0.38,2026-06-28,811,N,VIIRS,n,2.0NRT,297.99,10.23,D,VIIRS_SNPP_NRT
31.20046,75.34319,331.62,0.38,0.36,2026-06-28,813,N,VIIRS,n,2.0NRT,300.95,1.28,D,VIIRS_SNPP_NRT
31.16977,75.32048,334.16,0.38,0.36,2026-06-28,813,N,VIIRS,n,2.0NRT,303.21,4.99,D,VIIRS_SNPP_NRT
31.10217,74.63918,332.87,0.39,0.44,2026-06-28,833,N20,VIIRS,n,2.0NRT,302.5,1.18,D,VIIRS_NOAA20_NRT
31.37197,75.49635,332.54,0.39,0.36,2026-06-28,813,N,VIIRS,n,2.0NRT,300.9,2.39,D,VIIRS_SNPP_NRT
31.18527,75.49126,333.31,0.39,0.36,2026-06-28,813,N,VIIRS,n,2.0NRT,300.52,2.34,D,VIIRS_SNPP_NRT
30.72637,76.89617,335.16,0.4,0.37,2026-06-28,811,N,VIIRS,l,2.0NRT,305.72,2.01,D,VIIRS_SNPP_NRT
28.27448,80.26877,339.25,0.51,0.41,2026-06-28,811,N,VIIRS,n,2.0NRT,299.25,3.58,D,VIIRS_SNPP_NRT
30.8174,75.09471,345.48,0.38,0.36,2026-06-28,813,N,VIIRS,n,2.0NRT,302.39,11.67,D,VIIRS_SNPP_NRT
28.13906,80.17812,347.98,0.38,0.59,2026-06-28,833,N20,VIIRS,n,2.0NRT,292.72,5.44,D,VIIRS_NOAA20_NRT
27.07275,78.75073,344.13,0.61,0.53,2026-06-28,830,N20,VIIRS,n,2.0NRT,295.04,7.86,D,VIIRS_NOAA20_NRT
30.50604,76.31213,342.14,0.38,0.43,2026-06-28,737,N21,VIIRS,n,2.0NRT,301.5,9.01,D,VIIRS_NOAA21_NRT
29.61713,76.94575,330.33,0.5,0.49,2026-06-28,833,N20,VIIRS,l,2.0NRT,301.28,2.11,D,VIIRS_NOAA20_NRT
26.37892,79.04326,310.07,0.43,0.46,2026-06-28,2002,N21,VIIRS,n,2.0NRT,287.73,0.89,N,VIIRS_NOAA21_NRT
29.6731,77.05692,330.66,0.54,0.42,2026-06-28,737,N21,VIIRS,n,2.0NRT,300.6,3.66,D,VIIRS_NOAA21_NRT
30.73065,76.19608,334.73,0.39,0.44,2026-06-28,737,N21,VIIRS,n,2.0NRT,299.54,2.08,D,VIIRS_NOAA21_NRT
26.64392,79.48029,323.76,0.4,0.45,2026-06-28,2002,N21,VIIRS,n,2.0NRT,292.35,2.9,N,VIIRS_NOAA21_NRT
30.46792,75.07525,341.58,0.45,0.47,2026-06-28,737,N21,VIIRS,n,2.0NRT,298.87,7.25,D,VIIRS_NOAA21_NRT
29.45842,76.87403,311.97,0.47,0.4,2026-06-28,2055,N20,VIIRS,n,2.0NRT,282.41,13.04,N,VIIRS_NOAA20_NRT
23.99009,79.39214,303.83,0.4,0.37,2026-06-28,2038,N,VIIRS,n,2.0NRT,277.59,0.65,N,VIIRS_SNPP_NRT
31.16965,75.37273,349.44,0.43,0.46,2026-06-28,833,N20,VIIRS,n,2.0NRT,298.32,6.64,D,VIIRS_NOAA20_NRT
29.45653,76.86203,312.16,0.63,0.54,2026-06-28,2002,N21,VIIRS,n,2.0NRT,293.4,4.49,N,VIIRS_NOAA21_NRT
29.96749,76.93533,333.66,0.55,0.42,2026-06-28,737,N21,VIIRS,n,2.0NRT,302.42,2.95,D,VIIRS_NOAA21_NRT
30.92147,75.4093,339.78,0.42,0.45,2026-06-28,737,N21,VIIRS,n,2.0NRT,297.24,4.91,D,VIIRS_NOAA21_NRT
28.68427,82.04456,338.25,0.39,0.36,2026-06-28,735,N21,VIIRS,l,2.0NRT,302.46,3.61,D,VIIRS_NOAA21_NRT
30.78815,77.67005,331.76,0.49,0.4,2026-06-28,737,N21,VIIRS,n,2.0NRT,298.44,12.66,D,VIIRS_NOAA21_NRT
31.47621,75.90295,333.72,0.39,0.44,2026-06-28,737,N21,VIIRS,n,2.0NRT,297.33,3.75,D,VIIRS_NOAA21_NRT
29.72062,76.8788,333.48,0.56,0.43,2026-06-28,737,N21,VIIRS,n,2.0NRT,301.98,6.45,D,VIIRS_NOAA21_NRT
25.67245,79.96279,346.24,0.45,0.39,2026-06-28,735,N21,VIIRS,l,2.0NRT,302.24,25.83,D,VIIRS_NOAA21_NRT
30.93141,75.51936,337.98,0.42,0.45,2026-06-28,737,N21,VIIRS,n,2.0NRT,296.32,3.5,D,VIIRS_NOAA21_NRT
30.63394,75.2401,335.48,0.44,0.46,2026-06-28,737,N21,VIIRS,n,2.0NRT,297.65,3.55,D,VIIRS_NOAA21_NRT
30.66274,75.86266,330.6,0.4,0.44,2026-06-28,737,N21,VIIRS,n,2.0NRT,295.71,2.09,D,VIIRS_NOAA21_NRT
30.73361,76.12874,331.06,0.39,0.44,2026-06-28,737,N21,VIIRS,n,2.0NRT,298.13,2.65,D,VIIRS_NOAA21_NRT
30.68019,77.41617,304.58,0.6,0.53,2026-06-28,2002,N21,VIIRS,n,2.0NRT,285.73,1.24,N,VIIRS_NOAA21_NRT
30.73989,76.11872,330.6,0.39,0.44,2026-06-28,737,N21,VIIRS,n,2.0NRT,299.42,1.55,D,VIIRS_NOAA21_NRT
30.75963,76.13444,335.81,0.39,0.44,2026-06-28,737,N21,VIIRS,n,2.0NRT,300.42,2.34,D,VIIRS_NOAA21_NRT
30.76598,76.2075,331.15,0.38,0.44,2026-06-28,737,N21,VIIRS,n,2.0NRT,298.89,1.88,D,VIIRS_NOAA21_NRT
23.82508,84.56931,305.95,0.38,0.36,2026-06-28,2004,N21,VIIRS,n,2.0NRT,274.93,1.66,N,VIIRS_NOAA21_NRT
30.79418,76.22489,338.55,0.38,0.43,2026-06-28,737,N21,VIIRS,n,2.0NRT,299.98,6.04,D,VIIRS_NOAA21_NRT
23.80862,84.84595,299.85,0.38,0.36,2026-06-28,2004,N21,VIIRS,n,2.0NRT,276.92,0.57,N,VIIRS_NOAA21_NRT
25.51672,78.46573,335.84,0.41,0.37,2026-06-28,811,N,VIIRS,n,2.0NRT,298.65,1.84,D,VIIRS_SNPP_NRT
29.45931,76.86929,345.62,0.47,0.39,2026-06-28,2055,N20,VIIRS,n,2.0NRT,290.26,13.04,N,VIIRS_NOAA20_NRT
31.43032,76.56615,310.04,0.34,0.56,2026-06-28,2002,N21,VIIRS,n,2.0NRT,289.85,2.15,N,VIIRS_NOAA21_NRT
29.45753,76.86455,331.86,0.63,0.54,2026-06-28,2002,N21,VIIRS,n,2.0NRT,294.47,12.99,N,VIIRS_NOAA21_NRT
26.12797,74.85228,330.51,0.57,0.52,2026-06-28,735,N21,VIIRS,n,2.0NRT,299.22,7.13,D,VIIRS_NOAA21_NRT
25.67323,79.96725,344.93,0.45,0.39,2026-06-28,735,N21,VIIRS,l,2.0NRT,303.42,25.83,D,VIIRS_NOAA21_NRT
30.5739,76.14071,340.88,0.39,0.44,2026-06-28,737,N21,VIIRS,n,2.0NRT,298.65,5.09,D,VIIRS_NOAA21_NRT
31.13973,75.16798,341.0,0.43,0.46,2026-06-28,737,N21,VIIRS,n,2.0NRT,298.65,5.76,D,VIIRS_NOAA21_NRT
23.8281,84.92235,296.43,0.39,0.36,2026-06-28,2004,N21,VIIRS,n,2.0NRT,274.09,0.32,N,VIIRS_NOAA21_NRT
27.19684,79.28722,330.64,0.33,0.55,2026-06-28,830,N20,VIIRS,n,2.0NRT,294.55,4.28,D,VIIRS_NOAA20_NRT
30.67902,77.41159,303.52,0.6,0.53,2026-06-28,2002,N21,VIIRS,n,2.0NRT,286.09,0.93,N,VIIRS_NOAA21_NRT
30.97445,74.90339,334.43,0.45,0.47,2026-06-28,737,N21,VIIRS,n,2.0NRT,300.58,4.28,D,VIIRS_NOAA21_NRT
31.09588,75.33197,335.77,0.42,0.45,2026-06-28,737,N21,VIIRS,n,2.0NRT,298.34,5.27,D,VIIRS_NOAA21_NRT
31.09317,75.33125,337.77,0.42,0.45,2026-06-28,737,N21,VIIRS,n,2.0NRT,298.49,4.26,D,VIIRS_NOAA21_NRT
30.93583,75.43713,335.38,0.42,0.45,2026-06-28,737,N21,VIIRS,n,2.0NRT,296.44,3.02,D,VIIRS_NOAA21_NRT
31.01614,75.47889,340.67,0.42,0.45,2026-06-28,737,N21,VIIRS,n,2.0NRT,296.04,7.77,D,VIIRS_NOAA21_NRT
27.21834,79.66299,335.26,0.35,0.56,2026-06-28,830,N20,VIIRS,n,2.0NRT,293.2,3.98,D,VIIRS_NOAA20_NRT
30.91027,76.23401,336.57,0.57,0.43,2026-06-28,737,N21,VIIRS,n,2.0NRT,297.39,3.21,D,VIIRS_NOAA21_NRT
30.94281,76.23653,335.3,0.57,0.43,2026-06-28,737,N21,VIIRS,n,2.0NRT,298.39,3.8,D,VIIRS_NOAA21_NRT
26.64198,79.48087,324.4,0.48,0.48,2026-06-28,2055,N20,VIIRS,n,2.0NRT,291.99,2.04,N,VIIRS_NOAA20_NRT
29.46019,76.86457,338.2,0.47,0.39,2026-06-28,2055,N20,VIIRS,n,2.0NRT,286.15,6.95,N,VIIRS_NOAA20_NRT
30.18326,74.50833,336.68,0.49,0.49,2026-06-28,737,N21,VIIRS,n,2.0NRT,302.3,3.63,D,VIIRS_NOAA21_NRT
31.12799,75.26448,332.81,0.42,0.45,2026-06-28,833,N20,VIIRS,n,2.0NRT,299.38,2.07,D,VIIRS_NOAA20_NRT
30.60661,75.28199,331.98,0.42,0.45,2026-06-28,833,N20,VIIRS,n,2.0NRT,298.53,2.24,D,VIIRS_NOAA20_NRT
31.16877,75.22484,330.01,0.43,0.46,2026-06-28,737,N21,VIIRS,n,2.0NRT,299.52,3.46,D,VIIRS_NOAA21_NRT
30.54715,75.27696,335.46,0.41,0.45,2026-06-28,833,N20,VIIRS,n,2.0NRT,297.74,3.45,D,VIIRS_NOAA20_NRT
30.97979,74.95017,334.72,0.45,0.47,2026-06-28,737,N21,VIIRS,n,2.0NRT,298.8,3.79,D,VIIRS_NOAA21_NRT
30.79066,77.66664,343.16,0.49,0.4,2026-06-28,737,N21,VIIRS,n,2.0NRT,298.62,28.02,D,VIIRS_NOAA21_NRT
30.94379,76.23749,335.45,0.57,0.43,2026-06-28,737,N21,VIIRS,n,2.0NRT,298.39,6.71,D,VIIRS_NOAA21_NRT
31.15229,74.91009,340.94,0.44,0.46,2026-06-28,737,N21,VIIRS,n,2.0NRT,298.78,3.94,D,VIIRS_NOAA21_NRT
30.78731,77.66547,336.58,0.49,0.4,2026-06-28,737,N21,VIIRS,n,2.0NRT,300.73,19.79,D,VIIRS_NOAA21_NRT
26.64031,79.47569,308.99,0.4,0.45,2026-06-28,2002,N21,VIIRS,n,2.0NRT,292.13,1.42,N,VIIRS_NOAA21_NRT
27.36938,79.1232,331.36,0.32,0.55,2026-06-28,830,N20,VIIRS,n,2.0NRT,294.66,1.44,D,VIIRS_NOAA20_NRT
31.30016,75.08772,335.48,0.43,0.46,2026-06-28,737,N21,VIIRS,n,2.0NRT,300.18,4.81,D,VIIRS_NOAA21_NRT
31.24164,75.58346,337.04,0.41,0.45,2026-06-28,737,N21,VIIRS,n,2.0NRT,296.94,3.84,D,VIIRS_NOAA21_NRT
28.69885,77.6005,309.39,0.55,0.51,2026-06-28,2002,N21,VIIRS,n,2.0NRT,285.28,2.49,N,VIIRS_NOAA21_NRT
29.45595,76.86846,313.44,0.63,0.54,2026-06-28,2002,N21,VIIRS,n,2.0NRT,293.93,4.49,N,VIIRS_NOAA21_NRT
31.09716,74.67155,332.86,0.46,0.47,2026-06-28,737,N21,VIIRS,n,2.0NRT,299.0,2.84,D,VIIRS_NOAA21_NRT
26.64327,79.47968,334.45,0.39,0.36,2026-06-28,2038,N,VIIRS,n,2.0NRT,292.93,3.73,N,VIIRS_SNPP_NRT
30.65844,75.72322,337.08,0.39,0.36,2026-06-28,811,N,VIIRS,n,2.0NRT,300.97,3.98,D,VIIRS_SNPP_NRT
31.37208,75.49548,339.12,0.41,0.45,2026-06-28,737,N21,VIIRS,n,2.0NRT,297.5,4.49,D,VIIRS_NOAA21_NRT
31.03085,77.00526,305.21,0.32,0.55,2026-06-28,2002,N21,VIIRS,n,2.0NRT,288.88,0.59,N,VIIRS_NOAA21_NRT
23.8245,84.57303,315.03,0.38,0.36,2026-06-28,2004,N21,VIIRS,n,2.0NRT,276.51,1.66,N,VIIRS_NOAA21_NRT
30.80762,76.25121,339.35,0.57,0.43,2026-06-28,737,N21,VIIRS,n,2.0NRT,298.77,7.3,D,VIIRS_NOAA21_NRT
31.01713,75.47815,347.83,0.42,0.45,2026-06-28,737,N21,VIIRS,n,2.0NRT,296.02,7.11,D,VIIRS_NOAA21_NRT
28.69276,82.05135,330.08,0.51,0.66,2026-06-28,833,N20,VIIRS,n,2.0NRT,290.74,8.72,D,VIIRS_NOAA20_NRT
29.47661,76.85743,311.81,0.42,0.38,2026-06-28,2038,N,VIIRS,n,2.0NRT,293.78,3.04,N,VIIRS_SNPP_NRT
30.74803,75.39421,343.09,0.42,0.45,2026-06-28,833,N20,VIIRS,n,2.0NRT,298.96,7.56,D,VIIRS_NOAA20_NRT
30.74667,76.68995,331.64,0.5,0.49,2026-06-28,833,N20,VIIRS,n,2.0NRT,300.72,1.82,D,VIIRS_NOAA20_NRT
30.72775,76.13587,331.51,0.47,0.47,2026-06-28,833,N20,VIIRS,n,2.0NRT,297.53,2.68,D,VIIRS_NOAA20_NRT
30.7112,76.28522,337.39,0.48,0.48,2026-06-28,833,N20,VIIRS,n,2.0NRT,297.14,3.86,D,VIIRS_NOAA20_NRT
27.01497,79.64052,333.12,0.34,0.56,2026-06-28,830,N20,VIIRS,n,2.0NRT,293.19,1.73,D,VIIRS_NOAA20_NRT
28.58032,77.02218,330.26,0.5,0.49,2026-06-28,833,N20,VIIRS,n,2.0NRT,298.9,3.94,D,VIIRS_NOAA20_NRT
29.46091,76.86796,333.49,0.42,0.38,2026-06-28,2038,N,VIIRS,n,2.0NRT,296.33,4.89,N,VIIRS_SNPP_NRT
25.40697,80.03389,338.69,0.46,0.39,2026-06-28,811,N,VIIRS,n,2.0NRT,299.88,8.7,D,VIIRS_SNPP_NRT
26.33944,79.46651,334.65,0.33,0.55,2026-06-28,830,N20,VIIRS,n,2.0NRT,288.79,1.85,D,VIIRS_NOAA20_NRT
26.02859,74.54839,335.54,0.5,0.41,2026-06-28,830,N20,VIIRS,n,2.0NRT,299.55,2.74,D,VIIRS_NOAA20_NRT
25.67483,79.96518,334.24,0.35,0.57,2026-06-28,830,N20,VIIRS,n,2.0NRT,293.74,2.44,D,VIIRS_NOAA20_NRT
25.67452,79.96167,337.11,0.35,0.57,2026-06-28,830,N20,VIIRS,n,2.0NRT,293.61,2.44,D,VIIRS_NOAA20_NRT
25.6696,79.9657,339.52,0.35,0.57,2026-06-28,830,N20,VIIRS,n,2.0NRT,293.41,2.44,D,VIIRS_NOAA20_NRT
27.00138,79.36192,330.63,0.33,0.55,2026-06-28,830,N20,VIIRS,n,2.0NRT,294.7,3.07,D,VIIRS_NOAA20_NRT
26.64629,79.48199,307.04,0.48,0.48,2026-06-28,2055,N20,VIIRS,n,2.0NRT,291.46,2.04,N,VIIRS_NOAA20_NRT
28.5321,82.05074,337.06,0.39,0.36,2026-06-28,735,N21,VIIRS,l,2.0NRT,306.73,5.88,D,VIIRS_NOAA21_NRT
31.12105,75.31942,338.43,0.42,0.45,2026-06-28,833,N20,VIIRS,n,2.0NRT,299.31,3.39,D,VIIRS_NOAA20_NRT
30.63096,75.71387,341.47,0.44,0.46,2026-06-28,833,N20,VIIRS,n,2.0NRT,295.68,10.38,D,VIIRS_NOAA20_NRT
29.45662,76.8637,319.66,0.47,0.39,2026-06-28,2055,N20,VIIRS,n,2.0NRT,285.35,6.95,N,VIIRS_NOAA20_NRT
29.45573,76.86843,324.45,0.47,0.39,2026-06-28,2055,N20,VIIRS,n,2.0NRT,283.93,13.04,N,VIIRS_NOAA20_NRT
29.45484,76.87316,306.64,0.47,0.4,2026-06-28,2055,N20,VIIRS,n,2.0NRT,281.35,13.04,N,VIIRS_NOAA20_NRT
29.45305,76.86284,305.39,0.47,0.39,2026-06-28,2055,N20,VIIRS,n,2.0NRT,284.96,2.46,N,VIIRS_NOAA20_NRT
29.45216,76.86756,304.7,0.47,0.39,2026-06-28,2055,N20,VIIRS,n,2.0NRT,282.91,2.03,N,VIIRS_NOAA20_NRT
24.7153,75.95325,302.69,0.41,0.37,2026-06-28,2038,N,VIIRS,n,2.0NRT,281.88,0.52,N,VIIRS_SNPP_NRT
31.44774,75.16991,339.35,0.42,0.45,2026-06-28,833,N20,VIIRS,n,2.0NRT,298.39,2.94,D,VIIRS_NOAA20_NRT
31.24301,75.54746,331.43,0.44,0.46,2026-06-28,833,N20,VIIRS,n,2.0NRT,298.26,3.48,D,VIIRS_NOAA20_NRT
31.18011,75.30778,341.52,0.42,0.45,2026-06-28,833,N20,VIIRS,n,2.0NRT,299.34,3.86,D,VIIRS_NOAA20_NRT
31.17637,75.3128,337.37,0.42,0.45,2026-06-28,833,N20,VIIRS,n,2.0NRT,298.6,3.06,D,VIIRS_NOAA20_NRT
31.17592,75.30834,330.4,0.42,0.45,2026-06-28,833,N20,VIIRS,n,2.0NRT,298.6,2.79,D,VIIRS_NOAA20_NRT
31.17218,75.31336,335.99,0.42,0.45,2026-06-28,833,N20,VIIRS,n,2.0NRT,299.48,3.06,D,VIIRS_NOAA20_NRT
31.16912,75.3718,343.72,0.43,0.46,2026-06-28,833,N20,VIIRS,n,2.0NRT,298.98,8.08,D,VIIRS_NOAA20_NRT
25.06604,75.83773,336.98,0.38,0.43,2026-06-28,830,N20,VIIRS,n,2.0NRT,300.06,2.49,D,VIIRS_NOAA20_NRT
26.9488,79.11158,338.96,0.32,0.54,2026-06-28,830,N20,VIIRS,n,2.0NRT,295.03,2.35,D,VIIRS_NOAA20_NRT
29.06074,77.1271,330.73,0.55,0.43,2026-06-28,737,N21,VIIRS,l,2.0NRT,303.0,2.2,D,VIIRS_NOAA21_NRT
29.45745,76.86733,332.97,0.42,0.38,2026-06-28,2038,N,VIIRS,n,2.0NRT,294.44,4.89,N,VIIRS_SNPP_NRT
28.68755,82.04392,334.23,0.39,0.36,2026-06-28,735,N21,VIIRS,l,2.0NRT,303.93,3.61,D,VIIRS_NOAA21_NRT
31.22367,75.55747,339.89,0.41,0.45,2026-06-28,737,N21,VIIRS,n,2.0NRT,298.04,4.5,D,VIIRS_NOAA21_NRT
29.62086,76.94814,333.5,0.5,0.49,2026-06-28,833,N20,VIIRS,n,2.0NRT,301.39,3.95,D,VIIRS_NOAA20_NRT
27.24869,79.46656,342.91,0.34,0.56,2026-06-28,830,N20,VIIRS,n,2.0NRT,294.77,3.79,D,VIIRS_NOAA20_NRT
30.2805,78.52932,332.15,0.32,0.55,2026-06-28,833,N20,VIIRS,n,2.0NRT,293.95,3.42,D,VIIRS_NOAA20_NRT
28.76176,80.17393,349.83,0.39,0.59,2026-06-28,833,N20,VIIRS,n,2.0NRT,291.58,6.38,D,VIIRS_NOAA20_NRT
28.69296,82.05447,332.95,0.51,0.66,2026-06-28,833,N20,VIIRS,n,2.0NRT,289.4,7.48,D,VIIRS_NOAA20_NRT
28.17132,80.23872,349.41,0.39,0.59,2026-06-28,833,N20,VIIRS,n,2.0NRT,293.62,5.71,D,VIIRS_NOAA20_NRT
30.58436,75.80919,342.13,0.44,0.46,2026-06-28,833,N20,VIIRS,n,2.0NRT,297.02,5.39,D,VIIRS_NOAA20_NRT
29.45806,76.86298,324.28,0.42,0.38,2026-06-28,2038,N,VIIRS,n,2.0NRT,293.47,5.11,N,VIIRS_SNPP_NRT
31.11384,74.68673,333.64,0.46,0.47,2026-06-28,737,N21,VIIRS,n,2.0NRT,299.76,3.69,D,VIIRS_NOAA21_NRT
29.46152,76.86361,320.84,0.42,0.38,2026-06-28,2038,N,VIIRS,n,2.0NRT,293.48,5.11,N,VIIRS_SNPP_NRT
30.97561,74.95132,338.49,0.45,0.47,2026-06-28,737,N21,VIIRS,n,2.0NRT,298.43,3.79,D,VIIRS_NOAA21_NRT
26.16274,79.40976,335.92,0.47,0.4,2026-06-28,735,N21,VIIRS,l,2.0NRT,296.43,5.39,D,VIIRS_NOAA21_NRT
31.16545,75.37333,337.74,0.43,0.46,2026-06-28,833,N20,VIIRS,n,2.0NRT,298.53,3.82,D,VIIRS_NOAA20_NRT
25.31182,83.01434,295.22,0.53,0.42,2026-06-28,2038,N,VIIRS,n,2.0NRT,267.84,0.57,N,VIIRS_SNPP_NRT
30.94359,77.31556,331.6,0.5,0.41,2026-06-28,737,N21,VIIRS,n,2.0NRT,301.66,2.97,D,VIIRS_NOAA21_NRT
30.48557,75.75989,355.12,0.44,0.46,2026-06-28,833,N20,VIIRS,n,2.0NRT,296.3,11.34,D,VIIRS_NOAA20_NRT
28.76146,80.16991,335.73,0.39,0.59,2026-06-28,833,N20,VIIRS,n,2.0NRT,291.16,4.79,D,VIIRS_NOAA20_NRT
30.59162,76.15885,331.77,0.47,0.47,2026-06-28,833,N20,VIIRS,n,2.0NRT,297.26,0.63,D,VIIRS_NOAA20_NRT
25.71203,83.21429,300.89,0.41,0.37,2026-06-28,2002,N21,VIIRS,n,2.0NRT,277.09,0.3,N,VIIRS_NOAA21_NRT
30.28106,78.5302,331.88,0.32,0.55,2026-06-28,833,N20,VIIRS,n,2.0NRT,293.41,1.45,D,VIIRS_NOAA20_NRT
27.3743,77.69009,336.1,0.55,0.43,2026-06-28,735,N21,VIIRS,n,2.0NRT,299.61,4.22,D,VIIRS_NOAA21_NRT
30.53967,76.12613,331.5,0.46,0.47,2026-06-28,833,N20,VIIRS,n,2.0NRT,298.24,3.06,D,VIIRS_NOAA20_NRT
25.77835,79.834,313.53,0.4,0.37,2026-06-28,2038,N,VIIRS,n,2.0NRT,292.51,4.27,N,VIIRS_SNPP_NRT
28.34646,77.25527,309.03,0.4,0.37,2026-06-28,2038,N,VIIRS,n,2.0NRT,296.07,0.54,N,VIIRS_SNPP_NRT
31.46528,75.532,334.9,0.39,0.36,2026-06-28,813,N,VIIRS,n,2.0NRT,299.97,2.53,D,VIIRS_SNPP_NRT
30.41677,76.92226,333.53,0.51,0.5,2026-06-28,833,N20,VIIRS,n,2.0NRT,297.95,7.2,D,VIIRS_NOAA20_NRT
28.84094,77.1357,307.79,0.41,0.37,2026-06-28,2038,N,VIIRS,n,2.0NRT,291.38,2.36,N,VIIRS_SNPP_NRT
30.00453,76.78872,333.18,0.55,0.43,2026-06-28,737,N21,VIIRS,n,2.0NRT,301.8,5.78,D,VIIRS_NOAA21_NRT
30.38238,76.85076,335.72,0.51,0.49,2026-06-28,833,N20,VIIRS,n,2.0NRT,299.2,3.5,D,VIIRS_NOAA20_NRT
30.5467,75.27263,341.49,0.41,0.45,2026-06-28,833,N20,VIIRS,n,2.0NRT,298.61,4.63,D,VIIRS_NOAA20_NRT
31.49832,75.84248,330.39,0.39,0.36,2026-06-28,813,N,VIIRS,l,2.0NRT,304.78,4.18,D,VIIRS_SNPP_NRT
30.41627,76.91688,344.14,0.51,0.5,2026-06-28,833,N20,VIIRS,n,2.0NRT,301.1,7.2,D,VIIRS_NOAA20_NRT
26.38172,79.04247,316.72,0.39,0.36,2026-06-28,2038,N,VIIRS,n,2.0NRT,290.17,0.97,N,VIIRS_SNPP_NRT
30.69336,76.15255,330.18,0.47,0.47,2026-06-28,833,N20,VIIRS,n,2.0NRT,297.89,2.88,D,VIIRS_NOAA20_NRT
27.37584,77.69097,312.72,0.4,0.45,2026-06-29,2017,N,VIIRS,n,2.0NRT,288.52,3.39,N,VIIRS_SNPP_NRT
30.74284,75.1567,333.53,0.4,0.37,2026-06-29,813,N20,VIIRS,n,2.0NRT,303.14,8.23,D,VIIRS_NOAA20_NRT
27.66994,76.12849,309.83,0.39,0.37,2026-06-29,2038,N20,VIIRS,n,2.0NRT,297.39,4.97,N,VIIRS_NOAA20_NRT
30.64123,77.80496,340.71,0.48,0.4,2026-06-29,811,N20,VIIRS,n,2.0NRT,298.25,7.0,D,VIIRS_NOAA20_NRT
27.47024,79.31084,338.95,0.52,0.42,2026-06-29,811,N20,VIIRS,n,2.0NRT,285.74,8.84,D,VIIRS_NOAA20_NRT
29.43037,77.14738,331.75,0.44,0.38,2026-06-29,811,N20,VIIRS,l,2.0NRT,306.08,3.05,D,VIIRS_NOAA20_NRT
28.00913,78.38071,337.67,0.48,0.4,2026-06-29,811,N20,VIIRS,n,2.0NRT,300.85,2.19,D,VIIRS_NOAA20_NRT
29.45861,76.86472,340.09,0.43,0.38,2026-06-29,811,N20,VIIRS,n,2.0NRT,303.92,14.26,D,VIIRS_NOAA20_NRT
28.95647,77.07579,340.5,0.43,0.38,2026-06-29,811,N20,VIIRS,n,2.0NRT,305.29,7.81,D,VIIRS_NOAA20_NRT
30.77385,77.64606,335.28,0.48,0.4,2026-06-29,811,N20,VIIRS,n,2.0NRT,295.92,5.8,D,VIIRS_NOAA20_NRT
30.79451,75.57784,330.46,0.4,0.37,2026-06-29,813,N20,VIIRS,n,2.0NRT,295.16,1.96,D,VIIRS_NOAA20_NRT
27.50448,77.79072,341.71,0.45,0.39,2026-06-29,811,N20,VIIRS,n,2.0NRT,302.4,5.2,D,VIIRS_NOAA20_NRT
27.93467,77.09752,307.08,0.44,0.46,2026-06-29,2017,N,VIIRS,n,2.0NRT,292.33,5.27,N,VIIRS_SNPP_NRT
31.424,77.36354,336.21,0.42,0.37,2026-06-29,754,N,VIIRS,n,2.0NRT,298.7,6.77,D,VIIRS_SNPP_NRT
30.9707,75.34423,336.39,0.4,0.37,2026-06-29,813,N20,VIIRS,n,2.0NRT,297.17,3.0,D,VIIRS_NOAA20_NRT
29.49922,77.12321,330.36,0.44,0.38,2026-06-29,811,N20,VIIRS,l,2.0NRT,305.12,7.79,D,VIIRS_NOAA20_NRT
27.37469,77.69151,314.66,0.38,0.36,2026-06-29,2038,N20,VIIRS,n,2.0NRT,292.13,5.27,N,VIIRS_NOAA20_NRT
24.92302,84.15569,304.3,0.39,0.36,2026-06-29,2019,N,VIIRS,n,2.0NRT,279.41,0.72,N,VIIRS_SNPP_NRT
30.86588,75.44416,346.79,0.4,0.37,2026-06-29,813,N20,VIIRS,n,2.0NRT,299.31,5.13,D,VIIRS_NOAA20_NRT
31.44979,75.59219,338.94,0.41,0.37,2026-06-29,813,N20,VIIRS,n,2.0NRT,290.83,4.41,D,VIIRS_NOAA20_NRT
31.05009,75.45823,336.05,0.4,0.37,2026-06-29,813,N20,VIIRS,n,2.0NRT,298.04,5.28,D,VIIRS_NOAA20_NRT
29.63977,77.04036,330.23,0.44,0.38,2026-06-29,811,N20,VIIRS,n,2.0NRT,298.97,2.78,D,VIIRS_NOAA20_NRT
26.76054,83.1993,309.15,0.38,0.36,2026-06-29,2017,N,VIIRS,n,2.0NRT,291.07,3.34,N,VIIRS_SNPP_NRT
26.64026,79.47623,299.78,0.48,0.4,2026-06-29,2019,N,VIIRS,n,2.0NRT,262.2,1.93,N,VIIRS_SNPP_NRT
30.85029,75.58045,340.72,0.4,0.37,2026-06-29,813,N20,VIIRS,n,2.0NRT,293.52,3.92,D,VIIRS_NOAA20_NRT
29.71385,77.14049,331.4,0.44,0.39,2026-06-29,811,N20,VIIRS,l,2.0NRT,304.43,3.47,D,VIIRS_NOAA20_NRT
31.09241,75.30525,335.73,0.4,0.37,2026-06-29,813,N20,VIIRS,n,2.0NRT,296.02,2.65,D,VIIRS_NOAA20_NRT
30.87938,75.54055,333.73,0.4,0.37,2026-06-29,813,N20,VIIRS,n,2.0NRT,295.03,2.38,D,VIIRS_NOAA20_NRT
31.00346,75.47124,336.58,0.4,0.37,2026-06-29,813,N20,VIIRS,n,2.0NRT,298.14,2.66,D,VIIRS_NOAA20_NRT
27.37313,77.69628,338.32,0.44,0.39,2026-06-29,811,N20,VIIRS,n,2.0NRT,300.5,2.8,D,VIIRS_NOAA20_NRT
30.7636,75.08528,340.34,0.39,0.37,2026-06-29,813,N20,VIIRS,n,2.0NRT,302.95,5.79,D,VIIRS_NOAA20_NRT
31.09393,75.45003,335.42,0.4,0.37,2026-06-29,813,N20,VIIRS,n,2.0NRT,294.84,3.62,D,VIIRS_NOAA20_NRT
30.98192,75.2908,333.84,0.4,0.37,2026-06-29,813,N20,VIIRS,n,2.0NRT,296.85,3.73,D,VIIRS_NOAA20_NRT
30.74342,75.16082,331.09,0.4,0.37,2026-06-29,813,N20,VIIRS,n,2.0NRT,300.72,6.52,D,VIIRS_NOAA20_NRT
30.76301,75.08118,334.91,0.39,0.37,2026-06-29,813,N20,VIIRS,n,2.0NRT,302.3,5.79,D,VIIRS_NOAA20_NRT
29.4339,77.14679,331.92,0.44,0.38,2026-06-29,811,N20,VIIRS,l,2.0NRT,306.41,3.62,D,VIIRS_NOAA20_NRT
27.99187,77.71857,337.27,0.45,0.39,2026-06-29,811,N20,VIIRS,n,2.0NRT,299.57,1.53,D,VIIRS_NOAA20_NRT
29.98223,76.49218,337.7,0.42,0.38,2026-06-29,811,N20,VIIRS,n,2.0NRT,301.18,1.95,D,VIIRS_NOAA20_NRT
31.09334,75.44582,333.27,0.4,0.37,2026-06-29,813,N20,VIIRS,n,2.0NRT,296.12,3.62,D,VIIRS_NOAA20_NRT
27.37253,77.69183,337.84,0.44,0.39,2026-06-29,811,N20,VIIRS,n,2.0NRT,300.47,2.8,D,VIIRS_NOAA20_NRT
30.69216,75.7028,331.52,0.41,0.37,2026-06-29,813,N20,VIIRS,n,2.0NRT,294.84,1.99,D,VIIRS_NOAA20_NRT
30.73789,75.17032,338.4,0.4,0.37,2026-06-29,813,N20,VIIRS,n,2.0NRT,302.6,4.96,D,VIIRS_NOAA20_NRT
31.40684,75.1292,334.26,0.51,0.41,2026-06-29,754,N,VIIRS,n,2.0NRT,286.81,4.26,D,VIIRS_SNPP_NRT
27.82269,78.34879,334.13,0.48,0.4,2026-06-29,811,N20,VIIRS,n,2.0NRT,299.96,1.34,D,VIIRS_NOAA20_NRT
29.96728,76.90126,332.9,0.44,0.38,2026-06-29,811,N20,VIIRS,n,2.0NRT,299.19,1.41,D,VIIRS_NOAA20_NRT
29.76801,77.14068,330.15,0.44,0.39,2026-06-29,811,N20,VIIRS,l,2.0NRT,303.48,7.66,D,VIIRS_NOAA20_NRT
31.00307,75.51877,330.19,0.4,0.37,2026-06-29,813,N20,VIIRS,n,2.0NRT,297.35,2.69,D,VIIRS_NOAA20_NRT
31.01811,75.47712,338.16,0.4,0.37,2026-06-29,813,N20,VIIRS,n,2.0NRT,297.05,3.36,D,VIIRS_NOAA20_NRT
29.45919,76.86914,342.38,0.43,0.38,2026-06-29,811,N20,VIIRS,n,2.0NRT,305.16,22.37,D,VIIRS_NOAA20_NRT
27.98832,77.71915,334.33,0.45,0.39,2026-06-29,811,N20,VIIRS,n,2.0NRT,300.16,1.53,D,VIIRS_NOAA20_NRT
29.71738,77.13989,330.89,0.44,0.39,2026-06-29,811,N20,VIIRS,l,2.0NRT,303.88,3.47,D,VIIRS_NOAA20_NRT
27.93432,77.0992,309.07,0.38,0.36,2026-06-29,2038,N20,VIIRS,n,2.0NRT,295.03,2.66,N,VIIRS_NOAA20_NRT
31.10908,75.27641,336.35,0.4,0.37,2026-06-29,813,N20,VIIRS,n,2.0NRT,296.44,4.01,D,VIIRS_NOAA20_NRT
28.1879,80.13483,353.47,0.39,0.44,2026-06-29,811,N20,VIIRS,n,2.0NRT,278.39,9.06,D,VIIRS_NOAA20_NRT
29.56213,76.53423,337.66,0.42,0.38,2026-06-29,811,N20,VIIRS,n,2.0NRT,301.48,9.81,D,VIIRS_NOAA20_NRT
30.94601,75.34031,332.43,0.4,0.37,2026-06-29,813,N20,VIIRS,n,2.0NRT,297.41,2.31,D,VIIRS_NOAA20_NRT
29.68983,77.14781,330.15,0.44,0.39,2026-06-29,811,N20,VIIRS,l,2.0NRT,304.05,8.41,D,VIIRS_NOAA20_NRT
29.51263,76.86903,333.83,0.43,0.38,2026-06-29,811,N20,VIIRS,n,2.0NRT,301.74,1.31,D,VIIRS_NOAA20_NRT
29.69276,77.14266,331.31,0.44,0.39,2026-06-29,811,N20,VIIRS,l,2.0NRT,304.62,6.91,D,VIIRS_NOAA20_NRT
31.40714,75.13147,332.04,0.51,0.41,2026-06-29,754,N,VIIRS,n,2.0NRT,287.71,3.33,D,VIIRS_SNPP_NRT
31.22613,75.16446,332.24,0.51,0.41,2026-06-29,754,N,VIIRS,n,2.0NRT,295.5,2.42,D,VIIRS_SNPP_NRT
27.08886,79.52352,330.3,0.53,0.42,2026-06-29,811,N20,VIIRS,n,2.0NRT,288.31,2.99,D,VIIRS_NOAA20_NRT
27.15185,79.88114,341.64,0.56,0.43,2026-06-29,811,N20,VIIRS,n,2.0NRT,295.48,7.07,D,VIIRS_NOAA20_NRT
31.21498,75.30859,335.02,0.4,0.37,2026-06-29,813,N20,VIIRS,n,2.0NRT,293.41,4.0,D,VIIRS_NOAA20_NRT
30.61119,78.31425,337.66,0.54,0.51,2026-06-29,718,N21,VIIRS,n,2.0NRT,294.05,6.69,D,VIIRS_NOAA21_NRT
27.37249,77.69209,351.07,0.35,0.57,2026-06-29,718,N21,VIIRS,n,2.0NRT,295.33,4.05,D,VIIRS_NOAA21_NRT
26.43668,78.9811,334.77,0.49,0.4,2026-06-29,811,N20,VIIRS,n,2.0NRT,295.6,3.42,D,VIIRS_NOAA20_NRT
29.455,76.8643,332.21,0.35,0.57,2026-06-29,718,N21,VIIRS,n,2.0NRT,298.17,12.34,D,VIIRS_NOAA21_NRT
31.12704,75.28159,336.42,0.4,0.37,2026-06-29,813,N20,VIIRS,n,2.0NRT,294.73,2.82,D,VIIRS_NOAA20_NRT
29.4609,76.8663,341.45,0.35,0.57,2026-06-29,718,N21,VIIRS,n,2.0NRT,297.28,16.81,D,VIIRS_NOAA21_NRT
27.09044,78.35415,334.76,0.47,0.4,2026-06-29,811,N20,VIIRS,n,2.0NRT,297.71,5.36,D,VIIRS_NOAA20_NRT
29.46007,76.8628,350.5,0.35,0.57,2026-06-29,718,N21,VIIRS,n,2.0NRT,299.32,12.34,D,VIIRS_NOAA21_NRT
27.37503,77.69276,309.77,0.53,0.67,2026-06-29,2123,N21,VIIRS,n,2.0NRT,288.36,6.31,N,VIIRS_NOAA21_NRT
31.1158,75.27515,337.49,0.4,0.37,2026-06-29,813,N20,VIIRS,n,2.0NRT,297.94,3.69,D,VIIRS_NOAA20_NRT
30.61026,78.30999,335.1,0.54,0.51,2026-06-29,718,N21,VIIRS,n,2.0NRT,291.96,6.69,D,VIIRS_NOAA21_NRT
28.1396,80.18282,330.98,0.48,0.48,2026-06-29,718,N21,VIIRS,n,2.0NRT,292.81,5.52,D,VIIRS_NOAA21_NRT
30.4335,76.23489,333.49,0.36,0.58,2026-06-29,718,N21,VIIRS,n,2.0NRT,288.14,2.98,D,VIIRS_NOAA21_NRT
31.16578,75.48529,334.33,0.4,0.37,2026-06-29,813,N20,VIIRS,n,2.0NRT,282.1,7.25,D,VIIRS_NOAA20_NRT
27.37361,77.69445,315.25,0.53,0.67,2026-06-29,2123,N21,VIIRS,n,2.0NRT,288.62,3.2,N,VIIRS_NOAA21_NRT
27.09104,78.35886,347.19,0.47,0.4,2026-06-29,811,N20,VIIRS,n,2.0NRT,299.28,7.15,D,VIIRS_NOAA20_NRT
25.58186,83.71841,301.65,0.46,0.47,2026-06-29,2038,N20,VIIRS,n,2.0NRT,266.41,1.34,N,VIIRS_NOAA20_NRT
29.45744,76.86562,336.89,0.74,0.76,2026-06-29,858,N21,VIIRS,n,2.0NRT,290.89,15.37,D,VIIRS_NOAA21_NRT
31.13844,75.31373,340.2,0.4,0.37,2026-06-29,813,N20,VIIRS,n,2.0NRT,297.45,5.77,D,VIIRS_NOAA20_NRT
26.25287,78.99435,344.02,0.49,0.4,2026-06-29,811,N20,VIIRS,n,2.0NRT,295.2,4.64,D,VIIRS_NOAA20_NRT
31.12763,75.28577,330.79,0.4,0.37,2026-06-29,813,N20,VIIRS,n,2.0NRT,294.08,2.1,D,VIIRS_NOAA20_NRT
27.08682,78.35474,336.2,0.47,0.4,2026-06-29,811,N20,VIIRS,n,2.0NRT,298.5,4.34,D,VIIRS_NOAA20_NRT
30.08648,81.74643,335.1,0.4,0.37,2026-06-29,754,N,VIIRS,n,2.0NRT,292.01,3.33,D,VIIRS_SNPP_NRT
27.88329,77.53947,332.27,0.35,0.56,2026-06-29,718,N21,VIIRS,n,2.0NRT,294.8,1.74,D,VIIRS_NOAA21_NRT
28.14391,80.1817,340.53,0.48,0.48,2026-06-29,718,N21,VIIRS,n,2.0NRT,293.44,9.2,D,VIIRS_NOAA21_NRT
27.08667,78.35564,333.23,0.32,0.55,2026-06-29,718,N21,VIIRS,n,2.0NRT,286.09,4.16,D,VIIRS_NOAA21_NRT
31.1196,75.25305,335.61,0.4,0.37,2026-06-29,813,N20,VIIRS,n,2.0NRT,294.17,2.39,D,VIIRS_NOAA20_NRT
27.21735,79.25762,331.83,0.52,0.41,2026-06-29,811,N20,VIIRS,n,2.0NRT,290.98,3.0,D,VIIRS_NOAA20_NRT
27.08741,78.35944,335.06,0.47,0.4,2026-06-29,811,N20,VIIRS,n,2.0NRT,298.76,3.08,D,VIIRS_NOAA20_NRT
27.09229,78.35753,332.88,0.32,0.55,2026-06-29,718,N21,VIIRS,n,2.0NRT,285.47,3.14,D,VIIRS_NOAA21_NRT
29.62662,76.83116,333.55,0.45,0.39,2026-06-29,754,N,VIIRS,l,2.0NRT,301.04,1.66,D,VIIRS_SNPP_NRT
29.45776,76.87326,344.69,0.74,0.76,2026-06-29,858,N21,VIIRS,n,2.0NRT,290.56,14.57,D,VIIRS_NOAA21_NRT
31.13508,75.31436,339.45,0.4,0.37,2026-06-29,813,N20,VIIRS,n,2.0NRT,297.96,5.77,D,VIIRS_NOAA20_NRT
28.18516,80.15734,330.34,0.48,0.48,2026-06-29,718,N21,VIIRS,n,2.0NRT,292.03,5.52,D,VIIRS_NOAA21_NRT
29.45754,76.86916,342.61,0.45,0.39,2026-06-29,754,N,VIIRS,l,2.0NRT,303.2,13.25,D,VIIRS_SNPP_NRT
31.36466,75.65977,335.88,0.41,0.37,2026-06-29,813,N20,VIIRS,n,2.0NRT,294.49,1.94,D,VIIRS_NOAA20_NRT
31.10934,75.32779,341.43,0.4,0.37,2026-06-29,813,N20,VIIRS,n,2.0NRT,294.7,4.3,D,VIIRS_NOAA20_NRT
26.64237,79.47777,298.6,0.42,0.38,2026-06-29,2038,N20,VIIRS,n,2.0NRT,260.41,0.22,N,VIIRS_NOAA20_NRT
31.11522,75.27098,336.38,0.4,0.37,2026-06-29,813,N20,VIIRS,n,2.0NRT,295.82,3.69,D,VIIRS_NOAA20_NRT
31.20759,75.23235,333.34,0.5,0.41,2026-06-29,754,N,VIIRS,n,2.0NRT,294.66,4.33,D,VIIRS_SNPP_NRT
27.37408,77.69536,330.46,0.38,0.36,2026-06-29,2038,N20,VIIRS,n,2.0NRT,291.68,5.35,N,VIIRS_NOAA20_NRT
31.40665,75.1282,335.65,0.4,0.37,2026-06-29,813,N20,VIIRS,n,2.0NRT,298.19,2.74,D,VIIRS_NOAA20_NRT
30.76032,75.24064,338.28,0.51,0.41,2026-06-29,754,N,VIIRS,n,2.0NRT,298.65,13.34,D,VIIRS_SNPP_NRT
29.4567,76.86452,340.59,0.45,0.39,2026-06-29,754,N,VIIRS,l,2.0NRT,305.03,13.25,D,VIIRS_SNPP_NRT
31.21476,75.3818,334.44,0.4,0.37,2026-06-29,813,N20,VIIRS,n,2.0NRT,292.07,3.72,D,VIIRS_NOAA20_NRT
26.64505,79.48265,297.61,0.42,0.38,2026-06-29,2038,N20,VIIRS,n,2.0NRT,257.68,0.22,N,VIIRS_NOAA20_NRT
30.39413,74.64043,330.72,0.56,0.43,2026-06-29,754,N,VIIRS,n,2.0NRT,300.72,1.94,D,VIIRS_SNPP_NRT
27.02224,78.74706,333.97,0.61,0.54,2026-06-29,718,N21,VIIRS,n,2.0NRT,286.29,3.89,D,VIIRS_NOAA21_NRT
31.13099,75.28513,347.68,0.4,0.37,2026-06-29,813,N20,VIIRS,n,2.0NRT,298.13,6.74,D,VIIRS_NOAA20_NRT
31.3792,75.28734,345.09,0.4,0.37,2026-06-29,813,N20,VIIRS,n,2.0NRT,295.04,7.06,D,VIIRS_NOAA20_NRT
29.98353,76.49451,335.21,0.46,0.39,2026-06-29,754,N,VIIRS,l,2.0NRT,299.73,5.0,D,VIIRS_SNPP_NRT
31.36937,75.24185,331.89,0.4,0.37,2026-06-29,813,N20,VIIRS,n,2.0NRT,295.23,3.38,D,VIIRS_NOAA20_NRT
31.27248,75.3494,336.02,0.4,0.37,2026-06-29,813,N20,VIIRS,n,2.0NRT,290.31,3.06,D,VIIRS_NOAA20_NRT
31.33073,75.36116,344.74,0.4,0.37,2026-06-29,813,N20,VIIRS,n,2.0NRT,295.21,7.04,D,VIIRS_NOAA20_NRT
25.81564,79.38155,333.5,0.59,0.53,2026-06-29,718,N21,VIIRS,n,2.0NRT,286.92,4.76,D,VIIRS_NOAA21_NRT
31.11916,75.27452,341.21,0.4,0.37,2026-06-29,813,N20,VIIRS,n,2.0NRT,294.77,3.69,D,VIIRS_NOAA20_NRT
23.82518,84.57344,315.92,0.44,0.38,2026-06-30,2000,N,VIIRS,n,2.0NRT,274.73,1.33,N,VIIRS_SNPP_NRT
24.93072,84.14867,302.6,0.47,0.39,2026-06-30,2000,N,VIIRS,n,2.0NRT,281.97,0.59,N,VIIRS_SNPP_NRT
23.82581,84.57365,305.93,0.46,0.39,2026-06-30,2019,N20,VIIRS,n,2.0NRT,273.77,1.52,N,VIIRS_NOAA20_NRT
24.76473,74.60864,306.45,0.47,0.48,2026-06-30,2019,N20,VIIRS,n,2.0NRT,282.43,1.1,N,VIIRS_NOAA20_NRT
24.93049,84.14725,305.88,0.43,0.38,2026-06-30,2019,N20,VIIRS,n,2.0NRT,281.54,0.68,N,VIIRS_NOAA20_NRT
23.83819,84.94675,304.34,0.42,0.38,2026-06-30,2000,N,VIIRS,n,2.0NRT,288.84,1.05,N,VIIRS_SNPP_NRT
24.65959,74.63427,305.12,0.41,0.45,2026-06-30,2106,N21,VIIRS,n,2.0NRT,284.85,1.51,N,VIIRS_NOAA21_NRT
23.8321,84.9278,305.58,0.48,0.4,2026-06-30,2019,N20,VIIRS,n,2.0NRT,288.3,0.99,N,VIIRS_NOAA20_NRT
23.72581,75.02463,337.7,0.5,0.49,2026-06-30,837,N21,VIIRS,n,2.0NRT,295.08,5.16,D,VIIRS_NOAA21_NRT
24.15144,82.58356,297.8,0.4,0.37,2026-06-30,2019,N20,VIIRS,n,2.0NRT,268.36,0.49,N,VIIRS_NOAA20_NRT
24.16127,82.56566,300.74,0.4,0.37,2026-06-30,2019,N20,VIIRS,n,2.0NRT,263.36,0.68,N,VIIRS_NOAA20_NRT
24.14811,82.58292,297.39,0.4,0.37,2026-06-30,2019,N20,VIIRS,n,2.0NRT,267.93,0.49,N,VIIRS_NOAA20_NRT
24.20287,80.80036,305.97,0.39,0.36,2026-06-30,2019,N20,VIIRS,n,2.0NRT,290.56,1.24,N,VIIRS_NOAA20_NRT
24.35956,81.86727,338.09,0.4,0.37,2026-06-30,752,N20,VIIRS,n,2.0NRT,297.4,5.13,D,VIIRS_NOAA20_NRT
23.80858,84.84486,300.9,0.43,0.38,2026-06-30,2000,N,VIIRS,n,2.0NRT,280.78,0.51,N,VIIRS_SNPP_NRT
23.83739,84.94804,305.23,0.33,0.55,2026-06-30,1925,N21,VIIRS,n,2.0NRT,283.86,0.99,N,VIIRS_NOAA21_NRT
23.82337,84.57481,301.89,0.46,0.39,2026-06-30,2019,N20,VIIRS,n,2.0NRT,274.09,1.39,N,VIIRS_NOAA20_NRT
24.19686,80.79539,307.18,0.39,0.36,2026-06-30,2019,N20,VIIRS,n,2.0NRT,290.72,1.07,N,VIIRS_NOAA20_NRT
24.14899,82.58233,299.25,0.48,0.64,2026-06-30,1925,N21,VIIRS,n,2.0NRT,264.41,1.39,N,VIIRS_NOAA21_NRT
23.82578,84.56915,304.12,0.44,0.38,2026-06-30,2000,N,VIIRS,n,2.0NRT,273.46,1.33,N,VIIRS_SNPP_NRT
25.18528,75.18995,333.87,0.41,0.61,2026-06-30,733,N,VIIRS,n,2.0NRT,290.87,3.87,D,VIIRS_SNPP_NRT
24.14846,82.58018,298.93,0.55,0.42,2026-06-30,2000,N,VIIRS,n,2.0NRT,274.81,1.18,N,VIIRS_SNPP_NRT
31.06942,76.31576,305.6,0.39,0.44,2026-06-30,2104,N21,VIIRS,n,2.0NRT,290.42,2.72,N,VIIRS_NOAA21_NRT
23.66498,84.99711,311.73,0.42,0.38,2026-06-30,2000,N,VIIRS,n,2.0NRT,288.2,1.83,N,VIIRS_SNPP_NRT
26.97719,76.53159,312.69,0.47,0.48,2026-06-30,2106,N21,VIIRS,n,2.0NRT,289.2,2.13,N,VIIRS_NOAA21_NRT
27.37477,77.69141,311.66,0.32,0.55,2026-07-01,2000,N20,VIIRS,n,2.0NRT,278.43,1.74,N,VIIRS_NOAA20_NRT
31.07858,75.44832,335.85,0.52,0.41,2026-07-01,822,N21,VIIRS,n,2.0NRT,294.2,5.95,D,VIIRS_NOAA21_NRT
26.58368,75.08199,332.66,0.32,0.55,2026-07-01,733,N20,VIIRS,n,2.0NRT,290.82,3.47,D,VIIRS_NOAA20_NRT
27.37172,77.69232,318.4,0.35,0.56,2026-07-01,2123,N,VIIRS,n,2.0NRT,276.15,1.94,N,VIIRS_SNPP_NRT
25.398,84.50601,331.43,0.43,0.46,2026-07-01,714,N,VIIRS,n,2.0NRT,294.12,1.49,D,VIIRS_SNPP_NRT
27.37266,77.69199,313.91,0.35,0.56,2026-07-01,2123,N,VIIRS,n,2.0NRT,276.87,1.18,N,VIIRS_SNPP_NRT
30.89615,75.30843,334.0,0.51,0.49,2026-07-01,735,N20,VIIRS,n,2.0NRT,288.65,5.48,D,VIIRS_NOAA20_NRT
31.26724,75.55724,338.6,0.48,0.48,2026-07-01,735,N20,VIIRS,n,2.0NRT,291.57,4.42,D,VIIRS_NOAA20_NRT
31.39474,75.61634,339.5,0.48,0.48,2026-07-01,735,N20,VIIRS,n,2.0NRT,290.15,4.31,D,VIIRS_NOAA20_NRT
24.93432,74.63202,307.78,0.39,0.36,2026-07-01,2049,N21,VIIRS,n,2.0NRT,290.39,3.98,N,VIIRS_NOAA21_NRT
31.14659,75.30369,330.1,0.51,0.41,2026-07-01,822,N21,VIIRS,n,2.0NRT,294.9,3.7,D,VIIRS_NOAA21_NRT
26.95636,82.3535,367.0,0.41,0.37,2026-07-01,733,N20,VIIRS,h,2.0NRT,292.42,10.75,D,VIIRS_NOAA20_NRT
31.06676,75.31329,334.95,0.51,0.41,2026-07-01,822,N21,VIIRS,n,2.0NRT,293.92,4.91,D,VIIRS_NOAA21_NRT
31.1708,75.48145,337.89,0.52,0.42,2026-07-01,822,N21,VIIRS,n,2.0NRT,296.16,11.51,D,VIIRS_NOAA21_NRT
31.49864,75.45821,341.01,0.48,0.48,2026-07-01,735,N20,VIIRS,n,2.0NRT,292.89,6.98,D,VIIRS_NOAA20_NRT
30.89941,75.33275,333.43,0.51,0.41,2026-07-01,822,N21,VIIRS,n,2.0NRT,292.19,4.92,D,VIIRS_NOAA21_NRT
26.75963,83.20127,306.19,0.46,0.39,2026-07-01,2000,N20,VIIRS,n,2.0NRT,286.21,1.82,N,VIIRS_NOAA20_NRT
31.32853,75.1785,334.0,0.51,0.41,2026-07-01,822,N21,VIIRS,n,2.0NRT,294.75,2.55,D,VIIRS_NOAA21_NRT
27.3735,77.69518,304.81,0.46,0.39,2026-07-01,2046,N21,VIIRS,n,2.0NRT,283.98,1.15,N,VIIRS_NOAA21_NRT
24.99809,75.20427,339.81,0.44,0.38,2026-07-01,820,N21,VIIRS,n,2.0NRT,299.29,13.53,D,VIIRS_NOAA21_NRT
31.07933,75.28955,330.85,0.51,0.41,2026-07-01,822,N21,VIIRS,n,2.0NRT,294.32,3.55,D,VIIRS_NOAA21_NRT
31.49866,74.99388,339.65,0.51,0.5,2026-07-01,735,N20,VIIRS,n,2.0NRT,291.7,5.85,D,VIIRS_NOAA20_NRT
31.11265,75.31142,338.9,0.51,0.41,2026-07-01,822,N21,VIIRS,n,2.0NRT,294.9,5.08,D,VIIRS_NOAA21_NRT
31.02306,75.49795,332.16,0.52,0.42,2026-07-01,822,N21,VIIRS,n,2.0NRT,289.79,5.02,D,VIIRS_NOAA21_NRT
23.82416,84.57176,311.03,0.45,0.47,2026-07-02,2027,N21,VIIRS,n,2.0NRT,284.73,2.02,N,VIIRS_NOAA21_NRT
26.98575,78.92678,336.23,0.42,0.38,2026-07-02,803,N21,VIIRS,n,2.0NRT,294.9,3.26,D,VIIRS_NOAA21_NRT
23.82855,84.57067,305.01,0.43,0.46,2026-07-02,1942,N20,VIIRS,n,2.0NRT,276.07,0.67,N,VIIRS_NOAA20_NRT
27.37223,77.69009,308.9,0.4,0.37,2026-07-02,2027,N21,VIIRS,n,2.0NRT,284.02,2.04,N,VIIRS_NOAA21_NRT
28.77875,76.9457,328.67,0.42,0.38,2026-07-02,2027,N21,VIIRS,n,2.0NRT,290.88,3.41,N,VIIRS_NOAA21_NRT
23.82435,84.57005,302.95,0.43,0.46,2026-07-02,1942,N20,VIIRS,n,2.0NRT,272.62,1.32,N,VIIRS_NOAA20_NRT
28.70954,76.85869,308.26,0.43,0.38,2026-07-02,2027,N21,VIIRS,n,2.0NRT,290.03,1.0,N,VIIRS_NOAA21_NRT
23.82386,84.57428,312.71,0.43,0.46,2026-07-02,1942,N20,VIIRS,n,2.0NRT,270.09,1.32,N,VIIRS_NOAA20_NRT
27.37165,77.69406,321.34,0.4,0.37,2026-07-02,2027,N21,VIIRS,n,2.0NRT,283.95,2.04,N,VIIRS_NOAA21_NRT
27.37248,77.69386,342.04,0.39,0.36,2026-07-02,803,N21,VIIRS,n,2.0NRT,299.08,5.81,D,VIIRS_NOAA21_NRT
23.82806,84.5749,295.44,0.43,0.46,2026-07-02,1942,N20,VIIRS,n,2.0NRT,270.28,0.67,N,VIIRS_NOAA20_NRT
23.66652,84.99707,299.71,0.4,0.44,2026-07-02,1942,N20,VIIRS,n,2.0NRT,275.21,0.88,N,VIIRS_NOAA20_NRT
27.10752,79.03403,330.27,0.32,0.55,2026-07-02,837,N,VIIRS,n,2.0NRT,286.85,1.36,D,VIIRS_SNPP_NRT
30.5901,76.28471,330.97,0.59,0.53,2026-07-03,837,N20,VIIRS,n,2.0NRT,290.51,5.75,D,VIIRS_NOAA20_NRT
26.01226,83.987,337.78,0.42,0.38,2026-07-03,741,N21,VIIRS,n,2.0NRT,296.61,4.66,D,VIIRS_NOAA21_NRT
24.16693,80.69498,308.19,0.4,0.6,2026-07-03,2104,N20,VIIRS,n,2.0NRT,287.62,0.87,N,VIIRS_NOAA20_NRT
31.39272,75.87252,333.89,0.42,0.38,2026-07-03,820,N,VIIRS,n,2.0NRT,297.79,2.3,D,VIIRS_SNPP_NRT
30.89801,76.19987,333.06,0.42,0.38,2026-07-03,820,N,VIIRS,n,2.0NRT,296.95,2.74,D,VIIRS_SNPP_NRT
30.59205,76.28645,336.8,0.59,0.53,2026-07-03,837,N20,VIIRS,n,2.0NRT,290.77,5.44,D,VIIRS_NOAA20_NRT
30.97915,75.47494,334.73,0.52,0.41,2026-07-03,744,N21,VIIRS,n,2.0NRT,297.57,6.14,D,VIIRS_NOAA21_NRT
23.82584,84.57253,339.62,0.42,0.38,2026-07-03,741,N21,VIIRS,n,2.0NRT,298.76,5.59,D,VIIRS_NOAA21_NRT
24.14877,82.65842,305.7,0.53,0.67,2026-07-03,2104,N20,VIIRS,n,2.0NRT,287.62,0.8,N,VIIRS_NOAA20_NRT
24.15166,82.58211,317.9,0.43,0.46,2026-07-03,2044,N,VIIRS,n,2.0NRT,290.59,2.81,N,VIIRS_SNPP_NRT
25.68449,84.8988,338.4,0.45,0.39,2026-07-03,741,N21,VIIRS,n,2.0NRT,298.03,11.46,D,VIIRS_NOAA21_NRT
24.19844,80.79514,304.18,0.42,0.37,2026-07-03,2010,N21,VIIRS,n,2.0NRT,291.99,2.94,N,VIIRS_NOAA21_NRT
30.59958,76.29333,334.32,0.48,0.4,2026-07-03,744,N21,VIIRS,n,2.0NRT,296.72,6.42,D,VIIRS_NOAA21_NRT
30.91885,75.43786,346.74,0.4,0.37,2026-07-03,820,N,VIIRS,n,2.0NRT,300.06,10.45,D,VIIRS_SNPP_NRT
24.13996,82.70774,306.69,0.38,0.36,2026-07-03,2010,N21,VIIRS,n,2.0NRT,290.92,2.25,N,VIIRS_NOAA21_NRT
24.14831,82.65965,332.85,0.39,0.36,2026-07-03,741,N21,VIIRS,n,2.0NRT,297.15,5.61,D,VIIRS_NOAA21_NRT
30.89344,76.02016,333.41,0.49,0.4,2026-07-03,744,N21,VIIRS,n,2.0NRT,296.39,3.35,D,VIIRS_NOAA21_NRT
24.14208,82.71583,310.74,0.38,0.36,2026-07-03,2010,N21,VIIRS,n,2.0NRT,291.8,2.55,N,VIIRS_NOAA21_NRT
25.06063,82.88047,308.25,0.38,0.36,2026-07-03,2010,N21,VIIRS,n,2.0NRT,294.43,0.64,N,VIIRS_NOAA21_NRT
24.14907,82.58251,332.85,0.39,0.36,2026-07-03,2010,N21,VIIRS,n,2.0NRT,293.36,6.31,N,VIIRS_NOAA21_NRT
24.20018,80.79754,304.89,0.4,0.6,2026-07-03,2104,N20,VIIRS,n,2.0NRT,287.92,0.82,N,VIIRS_NOAA20_NRT
31.12928,75.3368,331.14,0.52,0.42,2026-07-03,744,N21,VIIRS,n,2.0NRT,297.07,4.17,D,VIIRS_NOAA21_NRT
24.1641,82.62916,308.04,0.43,0.46,2026-07-03,2044,N,VIIRS,n,2.0NRT,291.06,2.05,N,VIIRS_SNPP_NRT
24.52782,81.16886,309.74,0.41,0.37,2026-07-03,2010,N21,VIIRS,n,2.0NRT,292.89,4.06,N,VIIRS_NOAA21_NRT
24.14081,82.59284,309.16,0.43,0.46,2026-07-03,2044,N,VIIRS,n,2.0NRT,290.75,3.15,N,VIIRS_SNPP_NRT
24.15851,82.56496,317.41,0.39,0.36,2026-07-03,2010,N21,VIIRS,n,2.0NRT,291.9,2.14,N,VIIRS_NOAA21_NRT
24.15992,82.56247,305.92,0.43,0.46,2026-07-03,2044,N,VIIRS,n,2.0NRT,290.63,2.02,N,VIIRS_SNPP_NRT
28.1954,80.29359,330.91,0.41,0.45,2026-07-03,818,N,VIIRS,n,2.0NRT,289.27,2.35,D,VIIRS_SNPP_NRT
31.16662,75.28979,332.74,0.4,0.37,2026-07-03,820,N,VIIRS,n,2.0NRT,298.1,2.79,D,VIIRS_SNPP_NRT
24.14565,82.6561,319.86,0.43,0.46,2026-07-03,2044,N,VIIRS,n,2.0NRT,290.81,2.64,N,VIIRS_SNPP_NRT
24.14065,82.70319,307.4,0.43,0.46,2026-07-03,2044,N,VIIRS,n,2.0NRT,290.76,0.39,N,VIIRS_SNPP_NRT
26.4458,84.59359,332.86,0.35,0.57,2026-07-03,818,N,VIIRS,n,2.0NRT,291.45,3.1,D,VIIRS_SNPP_NRT
31.12981,75.33839,330.97,0.52,0.42,2026-07-03,744,N21,VIIRS,n,2.0NRT,297.24,5.09,D,VIIRS_NOAA21_NRT
24.1591,82.56657,305.36,0.43,0.46,2026-07-03,2044,N,VIIRS,n,2.0NRT,290.63,2.02,N,VIIRS_SNPP_NRT
26.02351,83.70224,311.02,0.38,0.36,2026-07-03,2008,N21,VIIRS,n,2.0NRT,293.89,0.85,N,VIIRS_NOAA21_NRT
24.14986,82.57883,310.34,0.52,0.67,2026-07-03,2104,N20,VIIRS,n,2.0NRT,287.6,1.21,N,VIIRS_NOAA20_NRT
24.16557,80.6955,304.67,0.4,0.6,2026-07-03,2104,N20,VIIRS,n,2.0NRT,287.3,1.08,N,VIIRS_NOAA20_NRT
31.0982,74.66657,331.43,0.56,0.43,2026-07-03,744,N21,VIIRS,n,2.0NRT,297.91,5.88,D,VIIRS_NOAA21_NRT
29.06185,75.72273,337.35,0.52,0.5,2026-07-03,837,N20,VIIRS,n,2.0NRT,293.34,5.96,D,VIIRS_NOAA20_NRT
31.08939,75.31213,331.33,0.4,0.37,2026-07-03,820,N,VIIRS,n,2.0NRT,296.81,2.2,D,VIIRS_SNPP_NRT
24.15895,82.56357,307.45,0.52,0.67,2026-07-03,2104,N20,VIIRS,n,2.0NRT,287.31,1.18,N,VIIRS_NOAA20_NRT
24.18405,82.66082,305.57,0.43,0.46,2026-07-03,2044,N,VIIRS,n,2.0NRT,290.65,2.13,N,VIIRS_SNPP_NRT
24.17738,82.65031,308.78,0.43,0.46,2026-07-03,2044,N,VIIRS,n,2.0NRT,290.63,1.93,N,VIIRS_SNPP_NRT
24.18405,82.65882,305.82,0.43,0.46,2026-07-03,2044,N,VIIRS,n,2.0NRT,290.55,0.87,N,VIIRS_SNPP_NRT
31.2603,75.3388,332.1,0.4,0.37,2026-07-03,820,N,VIIRS,n,2.0NRT,297.07,2.23,D,VIIRS_SNPP_NRT
29.06089,75.72017,340.14,0.52,0.5,2026-07-03,837,N20,VIIRS,n,2.0NRT,293.44,5.21,D,VIIRS_NOAA20_NRT
31.07172,75.28515,338.52,0.4,0.37,2026-07-03,820,N,VIIRS,n,2.0NRT,297.87,4.0,D,VIIRS_SNPP_NRT
28.37383,77.22612,304.69,0.38,0.36,2026-07-03,2044,N,VIIRS,n,2.0NRT,281.84,0.67,N,VIIRS_SNPP_NRT
24.20466,82.7083,310.45,0.43,0.46,2026-07-03,2044,N,VIIRS,n,2.0NRT,291.06,1.59,N,VIIRS_SNPP_NRT
24.17076,82.61755,307.77,0.43,0.46,2026-07-03,2044,N,VIIRS,n,2.0NRT,290.83,3.42,N,VIIRS_SNPP_NRT
31.19588,75.35632,336.47,0.53,0.5,2026-07-03,837,N20,VIIRS,n,2.0NRT,293.4,5.05,D,VIIRS_NOAA20_NRT
24.17744,82.64833,307.69,0.43,0.46,2026-07-03,2044,N,VIIRS,n,2.0NRT,290.94,1.93,N,VIIRS_SNPP_NRT
31.1187,74.68378,335.56,0.39,0.36,2026-07-03,820,N,VIIRS,n,2.0NRT,298.84,2.34,D,VIIRS_SNPP_NRT
31.35954,75.9418,335.29,0.42,0.38,2026-07-03,820,N,VIIRS,n,2.0NRT,299.29,3.7,D,VIIRS_SNPP_NRT
28.77804,76.94639,301.65,0.49,0.48,2026-07-03,2008,N21,VIIRS,n,2.0NRT,269.04,0.76,N,VIIRS_NOAA21_NRT
30.67798,75.15585,334.0,0.4,0.37,2026-07-03,820,N,VIIRS,n,2.0NRT,298.01,1.7,D,VIIRS_SNPP_NRT
24.15246,82.57807,309.92,0.43,0.46,2026-07-03,2044,N,VIIRS,n,2.0NRT,290.34,2.81,N,VIIRS_SNPP_NRT
24.14892,82.58385,338.46,0.42,0.38,2026-07-04,758,N,VIIRS,n,2.0NRT,300.32,4.98,D,VIIRS_SNPP_NRT
31.07866,74.63964,336.09,0.35,0.57,2026-07-04,726,N21,VIIRS,n,2.0NRT,294.39,1.96,D,VIIRS_NOAA21_NRT
26.6413,79.47584,329.68,0.63,0.54,2026-07-04,1949,N21,VIIRS,n,2.0NRT,291.04,7.17,N,VIIRS_NOAA21_NRT
27.15831,79.91831,336.66,0.42,0.45,2026-07-04,724,N21,VIIRS,n,2.0NRT,297.65,2.72,D,VIIRS_NOAA21_NRT
24.16088,82.63049,308.76,0.57,0.43,2026-07-04,1949,N21,VIIRS,n,2.0NRT,288.34,4.15,N,VIIRS_NOAA21_NRT
29.96761,82.36337,333.5,0.43,0.38,2026-07-04,724,N21,VIIRS,n,2.0NRT,297.97,4.82,D,VIIRS_NOAA21_NRT
24.20575,82.52428,309.33,0.38,0.43,2026-07-04,1949,N21,VIIRS,n,2.0NRT,288.58,2.25,N,VIIRS_NOAA21_NRT
23.98913,79.39152,305.2,0.59,0.53,2026-07-04,1949,N21,VIIRS,n,2.0NRT,289.09,3.19,N,VIIRS_NOAA21_NRT
30.67883,79.97158,341.17,0.51,0.5,2026-07-04,820,N20,VIIRS,n,2.0NRT,300.44,7.16,D,VIIRS_NOAA20_NRT
26.64188,79.47989,308.79,0.48,0.4,2026-07-04,2044,N20,VIIRS,n,2.0NRT,293.27,1.18,N,VIIRS_NOAA20_NRT
31.07853,74.70974,330.09,0.43,0.38,2026-07-04,820,N20,VIIRS,l,2.0NRT,302.93,3.92,D,VIIRS_NOAA20_NRT
24.92531,84.15659,307.69,0.32,0.55,2026-07-04,2044,N20,VIIRS,n,2.0NRT,288.58,2.21,N,VIIRS_NOAA20_NRT
27.70487,81.28956,331.32,0.57,0.52,2026-07-04,818,N20,VIIRS,n,2.0NRT,295.2,12.7,D,VIIRS_NOAA20_NRT
24.93222,84.14866,306.16,0.32,0.54,2026-07-04,2044,N20,VIIRS,n,2.0NRT,289.06,2.13,N,VIIRS_NOAA20_NRT
31.26064,76.92541,302.85,0.48,0.65,2026-07-04,2127,N21,VIIRS,n,2.0NRT,284.98,0.95,N,VIIRS_NOAA21_NRT
23.99132,79.39164,301.46,0.52,0.42,2026-07-04,2044,N20,VIIRS,n,2.0NRT,284.46,0.61,N,VIIRS_NOAA20_NRT
31.08103,74.61834,334.06,0.35,0.57,2026-07-04,726,N21,VIIRS,n,2.0NRT,293.83,5.33,D,VIIRS_NOAA21_NRT
24.17832,82.65184,301.13,0.53,0.5,2026-07-04,2044,N20,VIIRS,n,2.0NRT,285.42,2.51,N,VIIRS_NOAA20_NRT
28.46045,77.18133,336.03,0.58,0.7,2026-07-04,2129,N21,VIIRS,n,2.0NRT,273.37,7.14,N,VIIRS_NOAA21_NRT
24.2054,82.52505,304.72,0.52,0.5,2026-07-04,2044,N20,VIIRS,n,2.0NRT,287.16,1.45,N,VIIRS_NOAA20_NRT
26.64627,79.47639,307.18,0.63,0.54,2026-07-04,1949,N21,VIIRS,n,2.0NRT,290.89,2.15,N,VIIRS_NOAA21_NRT
24.15124,82.58266,317.42,0.57,0.43,2026-07-04,1949,N21,VIIRS,n,2.0NRT,286.83,3.32,N,VIIRS_NOAA21_NRT
24.14731,82.582,309.05,0.57,0.43,2026-07-04,1949,N21,VIIRS,n,2.0NRT,287.12,3.32,N,VIIRS_NOAA21_NRT
28.46192,77.1757,312.21,0.58,0.7,2026-07-04,2129,N21,VIIRS,n,2.0NRT,273.69,7.14,N,VIIRS_NOAA21_NRT
24.16019,82.56855,302.95,0.57,0.43,2026-07-04,1949,N21,VIIRS,n,2.0NRT,284.82,2.26,N,VIIRS_NOAA21_NRT
27.37327,77.69318,310.19,0.41,0.37,2026-07-04,2044,N20,VIIRS,n,2.0NRT,284.87,2.04,N,VIIRS_NOAA20_NRT
26.64589,79.47888,341.22,0.42,0.38,2026-07-04,2025,N,VIIRS,n,2.0NRT,293.71,4.37,N,VIIRS_SNPP_NRT
27.00952,79.67732,341.04,0.43,0.46,2026-07-04,724,N21,VIIRS,n,2.0NRT,296.27,5.03,D,VIIRS_NOAA21_NRT
27.11631,79.37561,330.18,0.45,0.47,2026-07-04,724,N21,VIIRS,n,2.0NRT,297.16,7.71,D,VIIRS_NOAA21_NRT
24.15031,82.5842,327.09,0.57,0.43,2026-07-04,1949,N21,VIIRS,n,2.0NRT,286.61,6.14,N,VIIRS_NOAA21_NRT
31.24925,76.92901,303.0,0.38,0.36,2026-07-04,2044,N20,VIIRS,n,2.0NRT,288.68,0.53,N,VIIRS_NOAA20_NRT
24.16019,82.60253,309.56,0.57,0.43,2026-07-04,1949,N21,VIIRS,n,2.0NRT,288.16,4.11,N,VIIRS_NOAA21_NRT
24.16101,82.60101,306.91,0.57,0.43,2026-07-04,1949,N21,VIIRS,n,2.0NRT,287.2,2.01,N,VIIRS_NOAA21_NRT
24.14585,82.65592,307.36,0.56,0.43,2026-07-04,1949,N21,VIIRS,n,2.0NRT,286.99,3.4,N,VIIRS_NOAA21_NRT
28.46357,77.18252,318.99,0.39,0.36,2026-07-04,2044,N20,VIIRS,n,2.0NRT,288.11,1.03,N,VIIRS_NOAA20_NRT
24.17009,82.6205,307.18,0.57,0.43,2026-07-04,1949,N21,VIIRS,n,2.0NRT,288.3,3.4,N,VIIRS_NOAA21_NRT
24.16152,82.62892,308.72,0.57,0.43,2026-07-04,1949,N21,VIIRS,n,2.0NRT,288.14,3.47,N,VIIRS_NOAA21_NRT
26.64224,79.47816,332.6,0.63,0.54,2026-07-04,1949,N21,VIIRS,n,2.0NRT,291.29,8.73,N,VIIRS_NOAA21_NRT
24.18125,82.66108,314.27,0.56,0.43,2026-07-04,1949,N21,VIIRS,n,2.0NRT,287.51,4.86,N,VIIRS_NOAA21_NRT
27.1225,79.9528,345.07,0.41,0.45,2026-07-04,724,N21,VIIRS,n,2.0NRT,299.66,9.9,D,VIIRS_NOAA21_NRT
30.68277,79.97311,340.95,0.51,0.5,2026-07-04,820,N20,VIIRS,n,2.0NRT,299.05,8.31,D,VIIRS_NOAA20_NRT
27.66689,76.13042,309.94,0.38,0.36,2026-07-04,2044,N20,VIIRS,n,2.0NRT,283.82,1.9,N,VIIRS_NOAA20_NRT
26.64551,79.48074,327.56,0.48,0.4,2026-07-04,2044,N20,VIIRS,n,2.0NRT,293.12,4.76,N,VIIRS_NOAA20_NRT
24.16122,82.56712,302.74,0.57,0.43,2026-07-04,1949,N21,VIIRS,n,2.0NRT,285.53,2.52,N,VIIRS_NOAA21_NRT
27.11999,80.05743,343.97,0.47,0.48,2026-07-04,818,N20,VIIRS,n,2.0NRT,294.92,4.81,D,VIIRS_NOAA20_NRT
24.1525,82.57907,311.97,0.4,0.37,2026-07-04,2025,N,VIIRS,n,2.0NRT,289.29,2.83,N,VIIRS_SNPP_NRT
24.1442,82.7104,306.27,0.4,0.37,2026-07-04,2025,N,VIIRS,n,2.0NRT,289.73,2.36,N,VIIRS_SNPP_NRT
31.26105,76.92358,301.6,0.41,0.45,2026-07-04,2023,N,VIIRS,n,2.0NRT,288.41,0.34,N,VIIRS_SNPP_NRT
26.45395,84.59907,330.66,0.44,0.62,2026-07-04,818,N20,VIIRS,n,2.0NRT,289.48,2.55,D,VIIRS_NOAA20_NRT
24.18429,82.65796,305.61,0.4,0.37,2026-07-04,2025,N,VIIRS,n,2.0NRT,288.31,1.14,N,VIIRS_SNPP_NRT
26.64178,79.47799,340.91,0.43,0.46,2026-07-04,818,N20,VIIRS,n,2.0NRT,296.29,11.09,D,VIIRS_NOAA20_NRT
24.16053,82.56495,330.7,0.42,0.38,2026-07-04,758,N,VIIRS,n,2.0NRT,298.86,2.34,D,VIIRS_SNPP_NRT
27.32498,79.56693,332.48,0.44,0.46,2026-07-04,818,N20,VIIRS,n,2.0NRT,296.31,2.65,D,VIIRS_NOAA20_NRT
24.17766,82.67676,307.8,0.4,0.37,2026-07-04,2025,N,VIIRS,n,2.0NRT,288.02,1.97,N,VIIRS_SNPP_NRT
31.32971,76.89613,307.94,0.38,0.36,2026-07-04,2044,N20,VIIRS,n,2.0NRT,289.65,1.03,N,VIIRS_NOAA20_NRT
24.14849,82.58228,308.48,0.4,0.37,2026-07-04,2025,N,VIIRS,n,2.0NRT,289.61,2.63,N,VIIRS_SNPP_NRT
26.95496,80.09619,331.27,0.47,0.48,2026-07-04,818,N20,VIIRS,n,2.0NRT,295.71,3.89,D,VIIRS_NOAA20_NRT
24.20643,82.52578,309.09,0.4,0.37,2026-07-04,2025,N,VIIRS,n,2.0NRT,290.91,2.14,N,VIIRS_SNPP_NRT
24.14975,82.58295,333.1,0.62,0.54,2026-07-04,818,N20,VIIRS,n,2.0NRT,294.22,2.84,D,VIIRS_NOAA20_NRT
24.16264,82.60114,311.56,0.4,0.37,2026-07-04,2025,N,VIIRS,n,2.0NRT,289.59,3.08,N,VIIRS_SNPP_NRT
24.16182,82.56485,314.42,0.4,0.37,2026-07-04,2025,N,VIIRS,n,2.0NRT,289.85,2.82,N,VIIRS_SNPP_NRT
25.80326,80.68755,332.92,0.39,0.36,2026-07-04,758,N,VIIRS,l,2.0NRT,304.31,3.58,D,VIIRS_SNPP_NRT
24.88208,83.66425,331.15,0.48,0.4,2026-07-04,758,N,VIIRS,n,2.0NRT,297.91,3.51,D,VIIRS_SNPP_NRT
27.30484,79.42323,335.74,0.43,0.46,2026-07-04,818,N20,VIIRS,n,2.0NRT,296.14,2.32,D,VIIRS_NOAA20_NRT
24.20328,82.71031,317.61,0.4,0.37,2026-07-04,2025,N,VIIRS,n,2.0NRT,290.17,3.29,N,VIIRS_SNPP_NRT
24.83795,81.48724,348.23,0.4,0.37,2026-07-04,758,N,VIIRS,n,2.0NRT,299.94,8.14,D,VIIRS_SNPP_NRT
24.14604,82.65839,313.82,0.4,0.37,2026-07-04,2025,N,VIIRS,n,2.0NRT,289.11,3.87,N,VIIRS_SNPP_NRT
24.14477,82.65762,338.35,0.43,0.38,2026-07-04,758,N,VIIRS,n,2.0NRT,301.18,3.32,D,VIIRS_SNPP_NRT
27.03708,79.8307,334.17,0.45,0.47,2026-07-04,818,N20,VIIRS,n,2.0NRT,293.46,3.41,D,VIIRS_NOAA20_NRT
27.30503,79.42613,330.19,0.43,0.46,2026-07-04,818,N20,VIIRS,n,2.0NRT,295.52,2.83,D,VIIRS_NOAA20_NRT
23.98903,79.39249,302.54,0.4,0.37,2026-07-04,2025,N,VIIRS,n,2.0NRT,278.01,0.76,N,VIIRS_SNPP_NRT
27.32431,79.5687,331.55,0.44,0.46,2026-07-04,818,N20,VIIRS,n,2.0NRT,296.05,3.0,D,VIIRS_NOAA20_NRT
31.06849,74.6111,338.08,0.46,0.39,2026-07-04,801,N,VIIRS,n,2.0NRT,298.24,2.08,D,VIIRS_SNPP_NRT
26.03823,84.55218,336.28,0.54,0.42,2026-07-04,758,N,VIIRS,n,2.0NRT,293.82,5.18,D,VIIRS_SNPP_NRT
24.05308,80.61297,311.3,0.39,0.36,2026-07-04,2025,N,VIIRS,n,2.0NRT,293.18,2.51,N,VIIRS_SNPP_NRT
27.03911,79.83159,332.6,0.45,0.47,2026-07-04,818,N20,VIIRS,n,2.0NRT,292.25,3.63,D,VIIRS_NOAA20_NRT
25.84331,84.73245,333.58,0.44,0.62,2026-07-04,818,N20,VIIRS,n,2.0NRT,288.48,1.98,D,VIIRS_NOAA20_NRT
24.92283,84.1555,309.06,0.43,0.38,2026-07-04,2025,N,VIIRS,n,2.0NRT,292.94,1.24,N,VIIRS_SNPP_NRT
24.15185,82.58292,320.3,0.4,0.37,2026-07-04,2025,N,VIIRS,n,2.0NRT,289.85,3.07,N,VIIRS_SNPP_NRT
24.19927,82.71349,306.02,0.4,0.37,2026-07-04,2025,N,VIIRS,n,2.0NRT,289.19,3.31,N,VIIRS_SNPP_NRT
27.12263,79.95705,337.33,0.46,0.47,2026-07-04,818,N20,VIIRS,n,2.0NRT,297.84,6.43,D,VIIRS_NOAA20_NRT
29.18267,79.08075,330.72,0.38,0.36,2026-07-04,801,N,VIIRS,n,2.0NRT,295.95,1.4,D,VIIRS_SNPP_NRT
27.70396,81.28532,341.53,0.56,0.52,2026-07-04,818,N20,VIIRS,n,2.0NRT,295.95,10.8,D,VIIRS_NOAA20_NRT
24.1415,82.70583,311.74,0.4,0.37,2026-07-04,2025,N,VIIRS,n,2.0NRT,289.16,2.18,N,VIIRS_SNPP_NRT
26.45226,84.59524,331.37,0.55,0.43,2026-07-04,758,N,VIIRS,n,2.0NRT,289.86,4.16,D,VIIRS_SNPP_NRT
26.04405,83.50909,337.07,0.48,0.4,2026-07-04,758,N,VIIRS,n,2.0NRT,300.91,4.27,D,VIIRS_SNPP_NRT
27.1217,79.95583,348.53,0.39,0.36,2026-07-04,801,N,VIIRS,n,2.0NRT,301.35,13.55,D,VIIRS_SNPP_NRT
26.64244,79.47828,317.86,0.42,0.38,2026-07-04,2025,N,VIIRS,n,2.0NRT,293.78,2.19,N,VIIRS_SNPP_NRT
25.93876,84.27863,343.49,0.42,0.45,2026-07-05,758,N20,VIIRS,n,2.0NRT,296.1,4.14,D,VIIRS_NOAA20_NRT
27.00401,79.98059,335.62,0.41,0.37,2026-07-05,801,N20,VIIRS,n,2.0NRT,297.68,3.71,D,VIIRS_NOAA20_NRT
25.89468,84.4613,332.61,0.43,0.46,2026-07-05,758,N20,VIIRS,n,2.0NRT,294.4,5.6,D,VIIRS_NOAA20_NRT
27.92895,81.02946,330.09,0.45,0.39,2026-07-05,801,N20,VIIRS,n,2.0NRT,299.28,5.33,D,VIIRS_NOAA20_NRT
27.65166,81.27754,337.14,0.46,0.39,2026-07-05,801,N20,VIIRS,n,2.0NRT,301.26,10.3,D,VIIRS_NOAA20_NRT
24.14897,82.58034,334.45,0.49,0.4,2026-07-05,758,N20,VIIRS,n,2.0NRT,295.7,1.4,D,VIIRS_NOAA20_NRT
27.57762,81.30368,336.73,0.46,0.39,2026-07-05,801,N20,VIIRS,n,2.0NRT,301.24,11.83,D,VIIRS_NOAA20_NRT
24.14776,82.65939,335.02,0.49,0.4,2026-07-05,758,N20,VIIRS,n,2.0NRT,296.37,2.78,D,VIIRS_NOAA20_NRT
24.52756,81.16882,305.88,0.4,0.37,2026-07-05,2025,N20,VIIRS,n,2.0NRT,284.01,0.84,N,VIIRS_NOAA20_NRT
25.94899,84.29438,332.08,0.42,0.45,2026-07-05,758,N20,VIIRS,n,2.0NRT,296.6,2.89,D,VIIRS_NOAA20_NRT
30.89294,76.26231,338.89,0.39,0.36,2026-07-05,758,N20,VIIRS,n,2.0NRT,297.38,3.45,D,VIIRS_NOAA20_NRT
31.47221,75.4748,330.53,0.39,0.36,2026-07-05,758,N20,VIIRS,l,2.0NRT,297.35,1.74,D,VIIRS_NOAA20_NRT
23.98024,82.62785,333.01,0.42,0.38,2026-07-05,739,N,VIIRS,l,2.0NRT,298.94,3.51,D,VIIRS_SNPP_NRT
26.64084,79.4747,295.25,0.39,0.36,2026-07-05,2025,N20,VIIRS,n,2.0NRT,259.45,1.67,N,VIIRS_NOAA20_NRT
27.58182,81.30779,336.7,0.46,0.39,2026-07-05,801,N20,VIIRS,n,2.0NRT,300.65,10.15,D,VIIRS_NOAA20_NRT
30.82466,76.13155,334.08,0.39,0.36,2026-07-05,758,N20,VIIRS,n,2.0NRT,296.89,1.6,D,VIIRS_NOAA20_NRT
24.32734,81.32771,305.62,0.4,0.37,2026-07-05,2025,N20,VIIRS,n,2.0NRT,287.89,1.11,N,VIIRS_NOAA20_NRT
27.58042,81.30594,337.21,0.46,0.39,2026-07-05,801,N20,VIIRS,n,2.0NRT,301.33,10.85,D,VIIRS_NOAA20_NRT
24.56532,81.00499,307.65,0.39,0.36,2026-07-05,2025,N20,VIIRS,n,2.0NRT,288.28,1.3,N,VIIRS_NOAA20_NRT
31.33237,75.81205,334.81,0.39,0.36,2026-07-05,758,N20,VIIRS,n,2.0NRT,300.79,2.45,D,VIIRS_NOAA20_NRT
25.88512,84.41455,352.41,0.43,0.46,2026-07-05,758,N20,VIIRS,n,2.0NRT,296.74,13.04,D,VIIRS_NOAA20_NRT
26.64025,79.47858,322.5,0.39,0.36,2026-07-05,2025,N20,VIIRS,n,2.0NRT,259.88,1.67,N,VIIRS_NOAA20_NRT
30.94462,76.20167,336.27,0.39,0.36,2026-07-05,758,N20,VIIRS,n,2.0NRT,298.48,2.52,D,VIIRS_NOAA20_NRT
27.0874,80.0805,331.54,0.39,0.6,2026-07-05,705,N21,VIIRS,n,2.0NRT,290.63,1.35,D,VIIRS_NOAA21_NRT
26.76007,83.20066,310.79,0.44,0.38,2026-07-05,2025,N20,VIIRS,n,2.0NRT,293.13,2.93,N,VIIRS_NOAA20_NRT
27.0854,80.08167,331.42,0.39,0.6,2026-07-05,705,N21,VIIRS,n,2.0NRT,290.78,2.94,D,VIIRS_NOAA21_NRT
23.80823,84.8452,295.74,0.39,0.36,2026-07-05,2008,N,VIIRS,n,2.0NRT,271.37,0.61,N,VIIRS_SNPP_NRT
26.76075,83.19797,307.25,0.37,0.58,2026-07-05,1932,N21,VIIRS,n,2.0NRT,289.35,3.67,N,VIIRS_NOAA21_NRT
27.01321,80.04053,346.91,0.4,0.6,2026-07-05,705,N21,VIIRS,n,2.0NRT,290.58,6.61,D,VIIRS_NOAA21_NRT
30.89562,76.26136,331.42,0.44,0.46,2026-07-05,741,N,VIIRS,n,2.0NRT,293.31,2.54,D,VIIRS_SNPP_NRT
27.03687,79.89066,339.4,0.41,0.37,2026-07-05,801,N20,VIIRS,n,2.0NRT,299.51,6.74,D,VIIRS_NOAA20_NRT
31.25206,75.33861,346.05,0.4,0.6,2026-07-05,845,N21,VIIRS,n,2.0NRT,291.04,5.45,D,VIIRS_NOAA21_NRT
27.5762,81.30183,336.57,0.46,0.39,2026-07-05,801,N20,VIIRS,n,2.0NRT,301.35,5.7,D,VIIRS_NOAA20_NRT
31.27182,84.04861,367.0,0.57,0.43,2026-07-05,705,N21,VIIRS,h,2.0NRT,305.74,40.49,D,VIIRS_NOAA21_NRT
31.08197,75.29525,346.69,0.39,0.6,2026-07-05,845,N21,VIIRS,n,2.0NRT,288.02,5.24,D,VIIRS_NOAA21_NRT
30.93374,76.22095,346.85,0.45,0.63,2026-07-05,845,N21,VIIRS,n,2.0NRT,290.52,6.26,D,VIIRS_NOAA21_NRT
26.64297,79.48306,295.38,0.39,0.36,2026-07-05,2025,N20,VIIRS,n,2.0NRT,261.27,0.31,N,VIIRS_NOAA20_NRT
30.93439,76.21989,349.6,0.45,0.63,2026-07-05,845,N21,VIIRS,n,2.0NRT,290.47,6.79,D,VIIRS_NOAA21_NRT
26.64414,79.47533,295.92,0.39,0.36,2026-07-05,2025,N20,VIIRS,n,2.0NRT,260.35,1.67,N,VIIRS_NOAA20_NRT
25.83065,83.76833,345.41,0.5,0.49,2026-07-05,703,N21,VIIRS,n,2.0NRT,294.48,9.65,D,VIIRS_NOAA21_NRT
26.08314,84.75328,346.85,0.38,0.36,2026-07-05,739,N,VIIRS,n,2.0NRT,296.72,3.77,D,VIIRS_SNPP_NRT
24.20427,82.71127,336.65,0.41,0.37,2026-07-05,739,N,VIIRS,l,2.0NRT,299.65,7.09,D,VIIRS_SNPP_NRT
31.43415,75.47817,332.35,0.41,0.6,2026-07-05,845,N21,VIIRS,n,2.0NRT,291.86,3.29,D,VIIRS_NOAA21_NRT
23.8245,84.57301,305.0,0.55,0.51,2026-07-05,1932,N21,VIIRS,n,2.0NRT,266.11,3.19,N,VIIRS_NOAA21_NRT
24.18182,82.66137,331.95,0.42,0.37,2026-07-05,739,N,VIIRS,n,2.0NRT,296.21,4.86,D,VIIRS_SNPP_NRT
26.64356,79.47919,335.3,0.39,0.36,2026-07-05,2025,N20,VIIRS,n,2.0NRT,261.43,1.67,N,VIIRS_NOAA20_NRT
29.77602,76.54478,306.41,0.33,0.55,2026-07-06,2127,N,VIIRS,n,2.0NRT,288.7,1.95,N,VIIRS_SNPP_NRT
31.19424,75.54074,340.44,0.52,0.67,2026-07-06,905,N,VIIRS,n,2.0NRT,290.44,6.67,D,VIIRS_SNPP_NRT
27.27538,79.43887,331.59,0.32,0.55,2026-07-06,722,N,VIIRS,n,2.0NRT,293.28,1.81,D,VIIRS_SNPP_NRT
31.39467,75.65387,337.04,0.39,0.44,2026-07-06,741,N20,VIIRS,n,2.0NRT,295.54,3.63,D,VIIRS_NOAA20_NRT
27.66833,76.13223,296.3,0.34,0.56,2026-07-06,2127,N,VIIRS,n,2.0NRT,279.24,1.23,N,VIIRS_SNPP_NRT
27.66851,76.12991,303.65,0.45,0.39,2026-07-06,2053,N21,VIIRS,n,2.0NRT,280.31,2.34,N,VIIRS_NOAA21_NRT
26.13834,84.57951,333.54,0.4,0.37,2026-07-06,739,N20,VIIRS,n,2.0NRT,295.83,3.13,D,VIIRS_NOAA20_NRT
29.77292,76.54585,305.43,0.44,0.39,2026-07-06,2053,N21,VIIRS,n,2.0NRT,291.67,2.6,N,VIIRS_NOAA21_NRT
31.38404,75.65004,341.82,0.44,0.46,2026-07-06,828,N21,VIIRS,n,2.0NRT,298.68,14.38,D,VIIRS_NOAA21_NRT
27.37368,77.69276,343.31,0.4,0.6,2026-07-06,722,N,VIIRS,n,2.0NRT,289.94,4.95,D,VIIRS_SNPP_NRT
27.00587,79.89153,331.11,0.61,0.53,2026-07-06,722,N,VIIRS,n,2.0NRT,292.53,4.63,D,VIIRS_SNPP_NRT
30.95805,75.27978,350.52,0.46,0.64,2026-07-06,722,N,VIIRS,n,2.0NRT,290.78,6.99,D,VIIRS_SNPP_NRT
31.09672,74.66486,334.8,0.44,0.46,2026-07-06,741,N20,VIIRS,n,2.0NRT,294.92,2.55,D,VIIRS_NOAA20_NRT
31.32615,75.5023,334.28,0.43,0.46,2026-07-06,828,N21,VIIRS,n,2.0NRT,293.72,3.05,D,VIIRS_NOAA21_NRT
27.78664,78.10799,338.09,0.5,0.41,2026-07-06,739,N20,VIIRS,n,2.0NRT,298.35,8.7,D,VIIRS_NOAA20_NRT
30.91256,75.52628,334.64,0.4,0.44,2026-07-06,741,N20,VIIRS,n,2.0NRT,295.91,2.21,D,VIIRS_NOAA20_NRT
31.38127,75.6491,336.75,0.39,0.44,2026-07-06,741,N20,VIIRS,n,2.0NRT,296.35,3.0,D,VIIRS_NOAA20_NRT
30.94882,75.37264,346.68,0.41,0.45,2026-07-06,741,N20,VIIRS,n,2.0NRT,295.95,5.99,D,VIIRS_NOAA20_NRT
25.06504,75.83522,335.08,0.56,0.43,2026-07-06,826,N21,VIIRS,n,2.0NRT,292.06,2.37,D,VIIRS_NOAA21_NRT
26.6418,79.47896,344.45,0.45,0.39,2026-07-06,739,N20,VIIRS,n,2.0NRT,295.56,5.46,D,VIIRS_NOAA20_NRT
30.90917,75.45639,342.13,0.42,0.45,2026-07-06,828,N21,VIIRS,n,2.0NRT,296.9,4.35,D,VIIRS_NOAA21_NRT
29.45703,76.86794,336.91,0.54,0.42,2026-07-06,741,N20,VIIRS,n,2.0NRT,294.51,3.38,D,VIIRS_NOAA20_NRT
29.45625,76.87024,334.65,0.54,0.42,2026-07-06,741,N20,VIIRS,n,2.0NRT,294.33,5.82,D,VIIRS_NOAA20_NRT
30.92682,75.63877,337.66,0.4,0.44,2026-07-06,741,N20,VIIRS,n,2.0NRT,294.95,3.19,D,VIIRS_NOAA20_NRT
30.84489,75.59411,343.61,0.37,0.58,2026-07-07,724,N20,VIIRS,n,2.0NRT,292.15,3.81,D,VIIRS_NOAA20_NRT
30.90497,75.57843,345.27,0.4,0.37,2026-07-07,809,N21,VIIRS,n,2.0NRT,301.09,13.48,D,VIIRS_NOAA21_NRT
30.88305,75.44634,334.11,0.4,0.37,2026-07-07,809,N21,VIIRS,n,2.0NRT,299.94,3.24,D,VIIRS_NOAA21_NRT
31.06429,75.21486,342.42,0.4,0.37,2026-07-07,809,N21,VIIRS,n,2.0NRT,289.33,4.98,D,VIIRS_NOAA21_NRT
31.35873,75.9233,330.85,0.41,0.37,2026-07-07,809,N21,VIIRS,n,2.0NRT,299.95,2.43,D,VIIRS_NOAA21_NRT
30.93144,75.40876,331.75,0.4,0.37,2026-07-07,809,N21,VIIRS,n,2.0NRT,299.9,2.98,D,VIIRS_NOAA21_NRT
30.64247,75.19198,335.3,0.4,0.6,2026-07-07,722,N20,VIIRS,n,2.0NRT,293.3,3.05,D,VIIRS_NOAA20_NRT
31.02118,75.56987,336.5,0.37,0.58,2026-07-07,724,N20,VIIRS,n,2.0NRT,290.43,2.16,D,VIIRS_NOAA20_NRT
26.93955,80.08955,329.53,0.49,0.49,2026-07-07,722,N20,VIIRS,n,2.0NRT,290.8,2.42,D,VIIRS_NOAA20_NRT
31.06319,74.61283,334.3,0.42,0.61,2026-07-07,724,N20,VIIRS,n,2.0NRT,293.0,3.2,D,VIIRS_NOAA20_NRT
31.06417,74.61273,333.71,0.42,0.61,2026-07-07,724,N20,VIIRS,n,2.0NRT,293.25,2.89,D,VIIRS_NOAA20_NRT
24.15976,82.56388,299.62,0.42,0.45,2026-07-07,2034,N21,VIIRS,n,2.0NRT,283.6,1.31,N,VIIRS_NOAA21_NRT
24.20672,82.52473,303.0,0.39,0.36,2026-07-08,2017,N21,VIIRS,n,2.0NRT,288.01,1.14,N,VIIRS_NOAA21_NRT
30.1844,74.51098,340.22,0.42,0.37,2026-07-08,826,N,VIIRS,n,2.0NRT,301.49,5.05,D,VIIRS_SNPP_NRT
31.22663,75.10816,336.91,0.44,0.39,2026-07-08,826,N,VIIRS,n,2.0NRT,290.54,3.32,D,VIIRS_SNPP_NRT
24.13945,82.70579,311.01,0.4,0.37,2026-07-08,2017,N21,VIIRS,n,2.0NRT,290.15,2.72,N,VIIRS_NOAA21_NRT
24.16691,82.62627,297.33,0.66,0.73,2026-07-08,2110,N20,VIIRS,n,2.0NRT,284.22,4.79,N,VIIRS_NOAA20_NRT
31.19911,75.49665,342.36,0.46,0.39,2026-07-08,826,N,VIIRS,n,2.0NRT,294.15,5.16,D,VIIRS_SNPP_NRT
24.18079,82.66156,311.9,0.39,0.37,2026-07-08,2017,N21,VIIRS,n,2.0NRT,289.46,1.73,N,VIIRS_NOAA21_NRT
24.18142,82.65773,305.47,0.39,0.37,2026-07-08,2017,N21,VIIRS,n,2.0NRT,288.33,1.73,N,VIIRS_NOAA21_NRT
24.16544,82.60482,299.32,0.66,0.73,2026-07-08,2110,N20,VIIRS,n,2.0NRT,284.28,4.54,N,VIIRS_NOAA20_NRT
30.95466,75.2646,335.62,0.52,0.42,2026-07-09,826,N20,VIIRS,n,2.0NRT,298.76,4.36,D,VIIRS_NOAA20_NRT
31.16579,75.21909,333.32,0.52,0.42,2026-07-09,826,N20,VIIRS,n,2.0NRT,301.09,2.86,D,VIIRS_NOAA20_NRT
27.66796,76.12939,310.94,0.41,0.37,2026-07-09,2049,N20,VIIRS,n,2.0NRT,291.61,1.62,N,VIIRS_NOAA20_NRT
31.272,75.34055,333.66,0.53,0.42,2026-07-09,826,N20,VIIRS,n,2.0NRT,297.88,2.35,D,VIIRS_NOAA20_NRT
31.08356,75.31548,332.32,0.53,0.42,2026-07-09,826,N20,VIIRS,n,2.0NRT,298.31,4.99,D,VIIRS_NOAA20_NRT
31.24845,75.54182,332.55,0.5,0.49,2026-07-09,731,N21,VIIRS,n,2.0NRT,293.92,3.98,D,VIIRS_NOAA21_NRT
30.91605,75.51606,341.17,0.51,0.49,2026-07-09,731,N21,VIIRS,n,2.0NRT,294.08,8.33,D,VIIRS_NOAA21_NRT
31.13155,74.79829,330.51,0.5,0.41,2026-07-09,826,N20,VIIRS,l,2.0NRT,305.13,7.16,D,VIIRS_NOAA20_NRT
31.16489,75.22238,330.69,0.52,0.42,2026-07-09,826,N20,VIIRS,n,2.0NRT,300.55,2.56,D,VIIRS_NOAA20_NRT
30.91265,75.31966,330.17,0.52,0.5,2026-07-09,731,N21,VIIRS,n,2.0NRT,294.88,4.97,D,VIIRS_NOAA21_NRT
31.16845,75.27442,337.81,0.52,0.42,2026-07-09,826,N20,VIIRS,n,2.0NRT,298.22,7.44,D,VIIRS_NOAA20_NRT
31.2152,75.08739,336.05,0.51,0.41,2026-07-09,826,N20,VIIRS,n,2.0NRT,298.85,3.99,D,VIIRS_NOAA20_NRT
30.94148,75.56867,332.19,0.5,0.49,2026-07-09,731,N21,VIIRS,n,2.0NRT,293.94,6.8,D,VIIRS_NOAA21_NRT
31.0406,75.40263,337.04,0.53,0.42,2026-07-09,826,N20,VIIRS,n,2.0NRT,296.29,7.36,D,VIIRS_NOAA20_NRT
31.17044,75.27174,338.73,0.52,0.42,2026-07-09,826,N20,VIIRS,n,2.0NRT,298.4,7.52,D,VIIRS_NOAA20_NRT
30.95078,75.41495,336.09,0.39,0.36,2026-07-09,807,N,VIIRS,l,2.0NRT,297.99,3.6,D,VIIRS_SNPP_NRT
31.09132,74.69658,335.57,0.56,0.51,2026-07-09,731,N21,VIIRS,n,2.0NRT,297.88,6.14,D,VIIRS_NOAA21_NRT
30.98986,74.5416,331.55,0.48,0.4,2026-07-09,826,N20,VIIRS,l,2.0NRT,305.86,5.27,D,VIIRS_NOAA20_NRT
29.87508,74.6829,307.78,0.38,0.36,2026-07-09,2049,N20,VIIRS,n,2.0NRT,292.67,1.22,N,VIIRS_NOAA20_NRT
25.15227,76.17882,295.09,0.47,0.4,2026-07-09,2032,N,VIIRS,n,2.0NRT,262.75,0.37,N,VIIRS_SNPP_NRT
31.06997,75.50892,335.68,0.5,0.49,2026-07-09,731,N21,VIIRS,n,2.0NRT,294.31,4.69,D,VIIRS_NOAA21_NRT
30.92034,75.56538,332.22,0.54,0.42,2026-07-09,826,N20,VIIRS,n,2.0NRT,297.83,1.86,D,VIIRS_NOAA20_NRT
31.06181,75.4504,332.79,0.53,0.42,2026-07-09,826,N20,VIIRS,n,2.0NRT,296.25,5.37,D,VIIRS_NOAA20_NRT
30.91078,75.31789,330.03,0.52,0.5,2026-07-09,731,N21,VIIRS,n,2.0NRT,295.37,3.44,D,VIIRS_NOAA21_NRT
30.89677,75.44381,330.74,0.39,0.36,2026-07-09,807,N,VIIRS,l,2.0NRT,298.41,1.14,D,VIIRS_SNPP_NRT
31.11518,75.28599,340.07,0.52,0.5,2026-07-09,731,N21,VIIRS,n,2.0NRT,295.97,8.76,D,VIIRS_NOAA21_NRT
24.92902,84.14003,301.37,0.42,0.37,2026-07-09,1955,N21,VIIRS,n,2.0NRT,283.7,0.95,N,VIIRS_NOAA21_NRT
30.95551,75.26128,335.3,0.52,0.42,2026-07-09,826,N20,VIIRS,n,2.0NRT,298.87,2.4,D,VIIRS_NOAA20_NRT
31.11551,75.28816,336.01,0.52,0.42,2026-07-09,826,N20,VIIRS,n,2.0NRT,298.72,4.11,D,VIIRS_NOAA20_NRT
31.06116,75.44482,331.38,0.53,0.42,2026-07-09,826,N20,VIIRS,n,2.0NRT,297.62,5.37,D,VIIRS_NOAA20_NRT
31.08517,75.3003,331.77,0.52,0.5,2026-07-09,731,N21,VIIRS,n,2.0NRT,294.95,6.55,D,VIIRS_NOAA21_NRT
31.20767,75.47513,336.76,0.38,0.36,2026-07-10,807,N20,VIIRS,n,2.0NRT,300.61,2.54,D,VIIRS_NOAA20_NRT
31.06468,75.42121,332.11,0.4,0.44,2026-07-10,748,N,VIIRS,n,2.0NRT,297.18,2.98,D,VIIRS_SNPP_NRT
31.46243,75.26495,342.15,0.5,0.66,2026-07-10,854,N21,VIIRS,n,2.0NRT,290.92,8.86,D,VIIRS_NOAA21_NRT
30.91456,75.65717,342.97,0.39,0.44,2026-07-10,748,N,VIIRS,n,2.0NRT,299.15,13.87,D,VIIRS_SNPP_NRT
31.13713,75.43546,335.39,0.38,0.36,2026-07-10,807,N20,VIIRS,n,2.0NRT,299.33,2.69,D,VIIRS_NOAA20_NRT
31.07811,75.43894,332.69,0.48,0.65,2026-07-10,714,N21,VIIRS,n,2.0NRT,293.15,4.08,D,VIIRS_NOAA21_NRT
31.08598,75.21336,341.66,0.41,0.45,2026-07-10,748,N,VIIRS,n,2.0NRT,297.09,3.96,D,VIIRS_SNPP_NRT
30.84485,75.56007,337.01,0.48,0.64,2026-07-10,714,N21,VIIRS,n,2.0NRT,293.28,5.41,D,VIIRS_NOAA21_NRT
31.07037,75.42837,341.11,0.4,0.44,2026-07-10,748,N,VIIRS,n,2.0NRT,297.17,5.74,D,VIIRS_SNPP_NRT
30.92058,75.43673,341.45,0.4,0.44,2026-07-10,748,N,VIIRS,n,2.0NRT,297.73,2.62,D,VIIRS_SNPP_NRT
31.46021,75.26255,342.47,0.5,0.66,2026-07-10,854,N21,VIIRS,n,2.0NRT,291.43,7.0,D,VIIRS_NOAA21_NRT
31.15095,75.48215,334.51,0.38,0.36,2026-07-10,807,N20,VIIRS,n,2.0NRT,299.61,1.85,D,VIIRS_NOAA20_NRT
24.66063,74.63332,302.71,0.32,0.54,2026-07-10,2118,N21,VIIRS,n,2.0NRT,284.49,1.17,N,VIIRS_NOAA21_NRT
30.90104,75.42482,334.52,0.38,0.36,2026-07-10,807,N20,VIIRS,n,2.0NRT,299.92,1.87,D,VIIRS_NOAA20_NRT
31.23475,75.36227,338.39,0.38,0.36,2026-07-10,807,N20,VIIRS,n,2.0NRT,298.9,2.55,D,VIIRS_NOAA20_NRT
31.11827,75.39364,330.55,0.4,0.44,2026-07-10,748,N,VIIRS,n,2.0NRT,297.02,2.17,D,VIIRS_SNPP_NRT
31.30137,75.4652,337.12,0.39,0.44,2026-07-10,748,N,VIIRS,n,2.0NRT,298.1,2.81,D,VIIRS_SNPP_NRT
23.99065,79.39346,304.36,0.4,0.37,2026-07-10,2032,N20,VIIRS,n,2.0NRT,285.28,0.96,N,VIIRS_NOAA20_NRT
31.15512,75.46479,332.62,0.38,0.36,2026-07-10,807,N20,VIIRS,n,2.0NRT,298.66,1.87,D,VIIRS_NOAA20_NRT
31.1532,75.48343,333.26,0.39,0.44,2026-07-10,748,N,VIIRS,n,2.0NRT,297.56,1.85,D,VIIRS_SNPP_NRT
30.68677,75.71783,331.59,0.39,0.44,2026-07-10,748,N,VIIRS,n,2.0NRT,296.91,2.56,D,VIIRS_SNPP_NRT
30.91553,75.65636,345.26,0.39,0.36,2026-07-10,807,N20,VIIRS,n,2.0NRT,303.26,4.26,D,VIIRS_NOAA20_NRT
30.9168,75.37228,336.52,0.38,0.36,2026-07-10,807,N20,VIIRS,n,2.0NRT,298.78,2.79,D,VIIRS_NOAA20_NRT
31.13785,75.4489,335.56,0.39,0.44,2026-07-10,748,N,VIIRS,n,2.0NRT,297.72,5.56,D,VIIRS_SNPP_NRT
31.1752,75.46503,331.36,0.39,0.44,2026-07-10,748,N,VIIRS,n,2.0NRT,296.76,1.91,D,VIIRS_SNPP_NRT
31.0518,75.27596,331.64,0.4,0.44,2026-07-10,748,N,VIIRS,n,2.0NRT,297.36,2.51,D,VIIRS_SNPP_NRT
25.75208,74.75655,339.56,0.41,0.37,2026-07-10,807,N20,VIIRS,l,2.0NRT,308.52,30.34,D,VIIRS_NOAA20_NRT
31.04544,75.28044,332.58,0.38,0.36,2026-07-10,807,N20,VIIRS,n,2.0NRT,298.83,1.92,D,VIIRS_NOAA20_NRT
31.01557,75.46362,335.78,0.38,0.36,2026-07-10,807,N20,VIIRS,n,2.0NRT,299.95,1.88,D,VIIRS_NOAA20_NRT
31.13889,75.49593,334.66,0.39,0.44,2026-07-10,748,N,VIIRS,n,2.0NRT,298.37,2.0,D,VIIRS_SNPP_NRT
31.45079,75.53637,330.07,0.38,0.44,2026-07-10,748,N,VIIRS,n,2.0NRT,297.09,1.82,D,VIIRS_SNPP_NRT
25.15206,76.18286,307.35,0.39,0.59,2026-07-10,2118,N21,VIIRS,n,2.0NRT,286.43,1.1,N,VIIRS_NOAA21_NRT
30.91224,75.56654,343.92,0.38,0.36,2026-07-10,807,N20,VIIRS,n,2.0NRT,301.85,4.15,D,VIIRS_NOAA20_NRT
31.07122,75.43248,341.26,0.4,0.44,2026-07-10,748,N,VIIRS,n,2.0NRT,297.53,5.74,D,VIIRS_SNPP_NRT
31.13899,75.49283,342.72,0.38,0.36,2026-07-10,807,N20,VIIRS,n,2.0NRT,300.06,4.03,D,VIIRS_NOAA20_NRT
30.92801,75.64083,343.0,0.39,0.44,2026-07-10,748,N,VIIRS,n,2.0NRT,298.37,4.45,D,VIIRS_SNPP_NRT
24.76508,74.60714,311.16,0.47,0.4,2026-07-10,2032,N20,VIIRS,n,2.0NRT,290.82,0.99,N,VIIRS_NOAA20_NRT
31.13703,75.44481,341.81,0.39,0.44,2026-07-10,748,N,VIIRS,n,2.0NRT,298.32,5.56,D,VIIRS_SNPP_NRT
30.68641,75.71434,345.98,0.38,0.36,2026-07-10,807,N20,VIIRS,n,2.0NRT,299.99,6.06,D,VIIRS_NOAA20_NRT
31.42397,75.42454,332.42,0.39,0.44,2026-07-10,748,N,VIIRS,n,2.0NRT,296.64,2.8,D,VIIRS_SNPP_NRT
30.92095,75.35497,344.13,0.38,0.36,2026-07-10,807,N20,VIIRS,n,2.0NRT,302.24,9.68,D,VIIRS_NOAA20_NRT
25.56656,75.42664,335.58,0.42,0.45,2026-07-11,746,N20,VIIRS,n,2.0NRT,298.62,2.99,D,VIIRS_NOAA20_NRT
26.64033,79.48267,307.16,0.59,0.53,2026-07-11,2057,N21,VIIRS,n,2.0NRT,291.61,3.04,N,VIIRS_NOAA21_NRT
23.82047,84.57139,309.06,0.44,0.63,2026-07-11,1919,N21,VIIRS,n,2.0NRT,282.28,2.14,N,VIIRS_NOAA21_NRT
23.82657,84.5677,299.73,0.44,0.63,2026-07-11,1919,N21,VIIRS,n,2.0NRT,278.8,2.76,N,VIIRS_NOAA21_NRT
27.37484,77.69215,306.77,0.41,0.45,2026-07-11,2014,N20,VIIRS,n,2.0NRT,290.36,1.24,N,VIIRS_NOAA20_NRT
24.52898,81.16883,303.4,0.4,0.37,2026-07-11,2014,N20,VIIRS,n,2.0NRT,288.97,0.44,N,VIIRS_NOAA20_NRT
24.05248,80.61337,306.97,0.42,0.37,2026-07-11,2014,N20,VIIRS,n,2.0NRT,292.77,1.18,N,VIIRS_NOAA20_NRT
23.66695,84.99567,300.32,0.41,0.61,2026-07-11,1919,N21,VIIRS,n,2.0NRT,282.41,1.02,N,VIIRS_NOAA21_NRT
24.32634,81.32942,308.42,0.4,0.37,2026-07-11,2014,N20,VIIRS,n,2.0NRT,288.38,1.01,N,VIIRS_NOAA20_NRT
31.05405,74.64898,335.86,0.47,0.48,2026-07-11,835,N21,VIIRS,n,2.0NRT,295.93,4.81,D,VIIRS_NOAA21_NRT
23.82583,84.57635,303.99,0.44,0.62,2026-07-11,1919,N21,VIIRS,n,2.0NRT,281.23,2.6,N,VIIRS_NOAA21_NRT
27.37124,77.69203,307.78,0.44,0.46,2026-07-11,2057,N21,VIIRS,n,2.0NRT,293.99,1.59,N,VIIRS_NOAA21_NRT
27.66688,76.13183,310.74,0.54,0.42,2026-07-11,2057,N21,VIIRS,n,2.0NRT,297.49,2.55,N,VIIRS_NOAA21_NRT
28.83599,77.13665,307.69,0.39,0.44,2026-07-11,2057,N21,VIIRS,n,2.0NRT,294.07,0.66,N,VIIRS_NOAA21_NRT
24.93235,74.63354,307.3,0.5,0.41,2026-07-11,2059,N21,VIIRS,n,2.0NRT,294.35,1.47,N,VIIRS_NOAA21_NRT
23.8262,84.57199,323.55,0.44,0.63,2026-07-11,1919,N21,VIIRS,n,2.0NRT,281.45,2.76,N,VIIRS_NOAA21_NRT
27.91937,78.04649,313.17,0.45,0.47,2026-07-11,2057,N21,VIIRS,n,2.0NRT,293.65,1.31,N,VIIRS_NOAA21_NRT
23.66661,84.99957,303.67,0.41,0.61,2026-07-11,1919,N21,VIIRS,n,2.0NRT,281.44,1.22,N,VIIRS_NOAA21_NRT
28.37071,77.22357,313.0,0.4,0.44,2026-07-11,2057,N21,VIIRS,n,2.0NRT,295.05,0.66,N,VIIRS_NOAA21_NRT
26.64158,79.47697,305.8,0.59,0.53,2026-07-11,2057,N21,VIIRS,n,2.0NRT,291.22,2.49,N,VIIRS_NOAA21_NRT
23.83913,84.94735,306.71,0.42,0.61,2026-07-11,1919,N21,VIIRS,n,2.0NRT,285.01,0.92,N,VIIRS_NOAA21_NRT
28.66372,77.57955,310.64,0.41,0.45,2026-07-11,2057,N21,VIIRS,n,2.0NRT,293.86,2.5,N,VIIRS_NOAA21_NRT
24.93389,74.63228,308.14,0.39,0.36,2026-07-12,2040,N21,VIIRS,n,2.0NRT,289.88,1.11,N,VIIRS_NOAA21_NRT
24.24165,78.16219,315.33,0.45,0.39,2026-07-12,2040,N21,VIIRS,n,2.0NRT,294.46,1.66,N,VIIRS_NOAA21_NRT
28.37143,77.22635,311.62,0.39,0.36,2026-07-12,2040,N21,VIIRS,n,2.0NRT,295.44,3.36,N,VIIRS_NOAA21_NRT
24.32787,81.32723,306.14,0.44,0.46,2026-07-12,1953,N20,VIIRS,n,2.0NRT,287.95,1.14,N,VIIRS_NOAA20_NRT
24.1457,82.65759,306.94,0.53,0.5,2026-07-12,2040,N21,VIIRS,n,2.0NRT,272.44,1.78,N,VIIRS_NOAA21_NRT
24.16403,82.62897,304.98,0.55,0.43,2026-07-12,1953,N20,VIIRS,n,2.0NRT,288.06,2.05,N,VIIRS_NOAA20_NRT
28.7443,76.92879,308.83,0.39,0.36,2026-07-12,2040,N21,VIIRS,n,2.0NRT,296.42,0.56,N,VIIRS_NOAA21_NRT
24.15977,82.56508,301.07,0.52,0.5,2026-07-12,2040,N21,VIIRS,n,2.0NRT,274.28,0.45,N,VIIRS_NOAA21_NRT
24.19645,80.79739,300.02,0.41,0.45,2026-07-12,2040,N21,VIIRS,n,2.0NRT,280.61,0.55,N,VIIRS_NOAA21_NRT
24.14836,82.65919,318.71,0.55,0.43,2026-07-12,1953,N20,VIIRS,n,2.0NRT,284.59,2.98,N,VIIRS_NOAA20_NRT
24.1463,82.65897,307.23,0.53,0.5,2026-07-12,2040,N21,VIIRS,n,2.0NRT,272.13,1.94,N,VIIRS_NOAA21_NRT
24.16103,82.56659,302.02,0.52,0.5,2026-07-12,2040,N21,VIIRS,n,2.0NRT,274.95,1.08,N,VIIRS_NOAA21_NRT
24.24097,78.1636,318.76,0.45,0.39,2026-07-12,2040,N21,VIIRS,n,2.0NRT,294.39,2.24,N,VIIRS_NOAA21_NRT
24.76338,74.60972,301.03,0.39,0.36,2026-07-12,2040,N21,VIIRS,n,2.0NRT,273.43,0.75,N,VIIRS_NOAA21_NRT
30.29278,75.21578,336.07,0.43,0.38,2026-07-12,816,N21,VIIRS,n,2.0NRT,295.22,5.67,D,VIIRS_NOAA21_NRT
24.24283,78.16224,304.35,0.35,0.56,2026-07-12,1955,N20,VIIRS,n,2.0NRT,292.25,0.97,N,VIIRS_NOAA20_NRT
28.25229,77.20256,315.4,0.39,0.36,2026-07-12,2040,N21,VIIRS,n,2.0NRT,295.07,3.06,N,VIIRS_NOAA21_NRT
24.17699,82.65263,304.92,0.55,0.43,2026-07-12,1953,N20,VIIRS,n,2.0NRT,286.74,1.6,N,VIIRS_NOAA20_NRT
24.20532,82.71123,306.93,0.55,0.42,2026-07-12,1953,N20,VIIRS,n,2.0NRT,284.56,1.0,N,VIIRS_NOAA20_NRT
30.29336,75.22023,337.51,0.43,0.38,2026-07-12,816,N21,VIIRS,n,2.0NRT,296.88,7.06,D,VIIRS_NOAA21_NRT
24.18345,82.66455,305.73,0.55,0.43,2026-07-12,1953,N20,VIIRS,n,2.0NRT,285.76,1.89,N,VIIRS_NOAA20_NRT
24.20142,82.71072,303.19,0.55,0.42,2026-07-12,1953,N20,VIIRS,n,2.0NRT,283.3,1.0,N,VIIRS_NOAA20_NRT
24.15963,82.56762,302.56,0.56,0.43,2026-07-12,1953,N20,VIIRS,n,2.0NRT,285.67,0.52,N,VIIRS_NOAA20_NRT
27.66691,76.13089,314.84,0.38,0.36,2026-07-12,2040,N21,VIIRS,n,2.0NRT,296.92,2.02,N,VIIRS_NOAA21_NRT
24.14979,82.58284,312.66,0.55,0.43,2026-07-12,1953,N20,VIIRS,n,2.0NRT,287.46,1.7,N,VIIRS_NOAA20_NRT
28.27365,77.18723,301.87,0.47,0.4,2026-07-13,2021,N21,VIIRS,n,2.0NRT,287.0,1.68,N,VIIRS_NOAA21_NRT
30.88651,75.90694,309.37,0.39,0.44,2026-07-13,2019,N21,VIIRS,n,2.0NRT,295.65,0.91,N,VIIRS_NOAA21_NRT
24.76366,74.60941,305.63,0.39,0.44,2026-07-13,2021,N21,VIIRS,n,2.0NRT,290.61,0.68,N,VIIRS_NOAA21_NRT
26.64448,79.47886,309.38,0.39,0.36,2026-07-13,2021,N21,VIIRS,n,2.0NRT,295.72,2.47,N,VIIRS_NOAA21_NRT
26.64117,79.47826,309.91,0.39,0.36,2026-07-13,2021,N21,VIIRS,n,2.0NRT,296.0,2.74,N,VIIRS_NOAA21_NRT
23.82669,84.57101,326.51,0.47,0.48,2026-07-13,707,N20,VIIRS,n,2.0NRT,287.26,9.57,D,VIIRS_NOAA20_NRT
28.76805,76.68965,306.31,0.5,0.41,2026-07-13,2021,N21,VIIRS,n,2.0NRT,291.3,3.12,N,VIIRS_NOAA21_NRT
27.37581,77.6872,312.72,0.79,0.78,2026-07-13,1934,N20,VIIRS,n,2.0NRT,290.08,3.33,N,VIIRS_NOAA20_NRT
31.26035,76.92735,303.15,0.52,0.5,2026-07-13,2114,N20,VIIRS,n,2.0NRT,290.39,0.71,N,VIIRS_NOAA20_NRT
26.64591,79.48125,306.51,0.46,0.64,2026-07-13,2116,N20,VIIRS,n,2.0NRT,291.63,1.26,N,VIIRS_NOAA20_NRT
24.15976,82.56432,316.8,0.41,0.37,2026-07-14,2004,N21,VIIRS,n,2.0NRT,290.93,3.7,N,VIIRS_NOAA21_NRT
24.93392,74.63311,305.61,0.43,0.38,2026-07-14,2057,N20,VIIRS,n,2.0NRT,287.72,1.63,N,VIIRS_NOAA20_NRT
28.39612,76.86176,302.47,0.6,0.53,2026-07-14,2002,N21,VIIRS,n,2.0NRT,276.98,2.81,N,VIIRS_NOAA21_NRT
28.41882,76.88277,302.48,0.6,0.53,2026-07-14,2002,N21,VIIRS,n,2.0NRT,274.26,1.58,N,VIIRS_NOAA21_NRT
24.13928,82.70742,303.36,0.41,0.37,2026-07-14,2004,N21,VIIRS,n,2.0NRT,285.3,1.3,N,VIIRS_NOAA21_NRT
24.16822,82.6254,305.48,0.42,0.61,2026-07-14,2057,N20,VIIRS,n,2.0NRT,277.33,1.56,N,VIIRS_NOAA20_NRT
28.41986,76.88173,313.0,0.49,0.4,2026-07-14,2055,N20,VIIRS,n,2.0NRT,286.37,1.74,N,VIIRS_NOAA20_NRT
24.16732,82.62394,306.23,0.42,0.61,2026-07-14,2057,N20,VIIRS,n,2.0NRT,277.56,1.12,N,VIIRS_NOAA20_NRT
24.32689,81.32855,307.85,0.46,0.39,2026-07-14,2004,N21,VIIRS,n,2.0NRT,293.39,4.54,N,VIIRS_NOAA21_NRT
26.64185,79.47697,313.15,0.4,0.44,2026-07-14,2002,N21,VIIRS,n,2.0NRT,289.35,3.68,N,VIIRS_NOAA21_NRT
29.46056,74.94349,334.54,0.47,0.48,2026-07-14,737,N21,VIIRS,n,2.0NRT,296.51,4.54,D,VIIRS_NOAA21_NRT
24.76437,74.60771,308.12,0.43,0.38,2026-07-14,2057,N20,VIIRS,n,2.0NRT,290.52,1.1,N,VIIRS_NOAA20_NRT
29.46414,74.9427,309.38,0.4,0.37,2026-07-14,2055,N20,VIIRS,n,2.0NRT,295.58,0.93,N,VIIRS_NOAA20_NRT
30.89252,76.1841,342.17,0.57,0.43,2026-07-14,737,N21,VIIRS,n,2.0NRT,301.2,13.31,D,VIIRS_NOAA21_NRT
31.12253,75.20639,335.27,0.42,0.45,2026-07-14,833,N20,VIIRS,n,2.0NRT,299.5,4.6,D,VIIRS_NOAA20_NRT
30.9081,76.18001,346.63,0.57,0.43,2026-07-14,737,N21,VIIRS,n,2.0NRT,299.93,13.57,D,VIIRS_NOAA21_NRT
31.12208,75.20198,340.77,0.42,0.45,2026-07-14,833,N20,VIIRS,n,2.0NRT,299.55,6.0,D,VIIRS_NOAA20_NRT
26.64138,79.48097,309.55,0.4,0.44,2026-07-14,2002,N21,VIIRS,n,2.0NRT,289.99,3.56,N,VIIRS_NOAA21_NRT
30.9042,76.18103,342.51,0.57,0.43,2026-07-14,737,N21,VIIRS,n,2.0NRT,300.17,13.57,D,VIIRS_NOAA21_NRT
29.46158,74.94218,334.73,0.39,0.44,2026-07-14,833,N20,VIIRS,n,2.0NRT,296.93,2.75,D,VIIRS_NOAA20_NRT
24.14867,82.65953,311.44,0.42,0.61,2026-07-14,2057,N20,VIIRS,n,2.0NRT,278.39,2.39,N,VIIRS_NOAA20_NRT
31.0252,76.61724,332.39,0.38,0.59,2026-07-15,2123,N21,VIIRS,n,2.0NRT,292.78,7.16,N,VIIRS_NOAA21_NRT
31.09349,75.29311,336.62,0.4,0.37,2026-07-15,813,N20,VIIRS,n,2.0NRT,299.7,2.32,D,VIIRS_NOAA20_NRT
31.19349,75.4631,340.35,0.38,0.59,2026-07-15,720,N21,VIIRS,n,2.0NRT,295.07,3.83,D,VIIRS_NOAA21_NRT
31.02938,76.61683,316.54,0.65,0.73,2026-07-15,1942,N21,VIIRS,n,2.0NRT,290.53,2.91,N,VIIRS_NOAA21_NRT
28.02522,75.76341,339.42,0.39,0.37,2026-07-15,811,N20,VIIRS,n,2.0NRT,303.28,5.56,D,VIIRS_NOAA20_NRT
31.44495,75.25894,351.56,0.4,0.37,2026-07-15,813,N20,VIIRS,n,2.0NRT,301.27,5.58,D,VIIRS_NOAA20_NRT
28.77409,76.69877,315.05,0.39,0.36,2026-07-15,2038,N20,VIIRS,n,2.0NRT,293.61,2.43,N,VIIRS_NOAA20_NRT
30.22995,76.24389,349.13,0.36,0.58,2026-07-15,720,N21,VIIRS,n,2.0NRT,295.06,7.25,D,VIIRS_NOAA21_NRT
31.14696,74.87949,330.13,0.39,0.36,2026-07-15,813,N20,VIIRS,l,2.0NRT,304.18,3.06,D,VIIRS_NOAA20_NRT
26.6319,79.26785,334.07,0.51,0.41,2026-07-15,811,N20,VIIRS,n,2.0NRT,295.13,3.01,D,VIIRS_NOAA20_NRT
30.77537,76.21571,335.57,0.42,0.38,2026-07-15,813,N20,VIIRS,n,2.0NRT,300.8,2.26,D,VIIRS_NOAA20_NRT
23.82693,84.57286,318.07,0.53,0.42,2026-07-15,1945,N21,VIIRS,n,2.0NRT,273.84,4.01,N,VIIRS_NOAA21_NRT
31.25568,76.9254,301.25,0.39,0.59,2026-07-15,2123,N21,VIIRS,n,2.0NRT,290.4,1.13,N,VIIRS_NOAA21_NRT
25.60594,78.065,330.62,0.44,0.39,2026-07-15,811,N20,VIIRS,n,2.0NRT,296.23,2.71,D,VIIRS_NOAA20_NRT
30.95016,75.34042,341.12,0.4,0.37,2026-07-15,813,N20,VIIRS,n,2.0NRT,299.49,3.61,D,VIIRS_NOAA20_NRT
31.45518,75.4829,339.33,0.41,0.37,2026-07-15,813,N20,VIIRS,n,2.0NRT,302.38,3.28,D,VIIRS_NOAA20_NRT
24.76365,74.60847,317.65,0.41,0.37,2026-07-15,2040,N20,VIIRS,n,2.0NRT,295.29,1.79,N,VIIRS_NOAA20_NRT
31.1497,74.87474,330.57,0.39,0.36,2026-07-15,813,N20,VIIRS,l,2.0NRT,304.48,3.06,D,VIIRS_NOAA20_NRT
30.90742,76.18354,336.96,0.42,0.38,2026-07-15,813,N20,VIIRS,n,2.0NRT,304.4,7.42,D,VIIRS_NOAA20_NRT
30.90496,76.17193,340.1,0.35,0.57,2026-07-15,720,N21,VIIRS,n,2.0NRT,296.39,4.24,D,VIIRS_NOAA21_NRT
26.64226,79.48401,336.94,0.53,0.42,2026-07-15,811,N20,VIIRS,n,2.0NRT,297.45,6.35,D,VIIRS_NOAA20_NRT
25.62175,78.10297,341.36,0.44,0.39,2026-07-15,811,N20,VIIRS,n,2.0NRT,297.32,5.51,D,VIIRS_NOAA20_NRT
31.03033,76.61974,313.17,0.4,0.37,2026-07-15,2038,N20,VIIRS,n,2.0NRT,295.45,4.79,N,VIIRS_NOAA20_NRT
25.59314,78.02229,332.61,0.44,0.38,2026-07-15,811,N20,VIIRS,n,2.0NRT,296.45,2.09,D,VIIRS_NOAA20_NRT
31.32999,76.89369,305.85,0.4,0.37,2026-07-15,2038,N20,VIIRS,n,2.0NRT,292.7,0.94,N,VIIRS_NOAA20_NRT
30.88996,75.90708,309.23,0.42,0.37,2026-07-15,2038,N20,VIIRS,n,2.0NRT,294.62,0.87,N,VIIRS_NOAA20_NRT
28.85231,77.14545,307.65,0.39,0.36,2026-07-15,2038,N20,VIIRS,n,2.0NRT,293.53,2.59,N,VIIRS_NOAA20_NRT
31.24065,75.4735,333.49,0.41,0.37,2026-07-15,813,N20,VIIRS,n,2.0NRT,300.62,2.65,D,VIIRS_NOAA20_NRT
30.90927,75.40314,337.06,0.4,0.37,2026-07-15,813,N20,VIIRS,n,2.0NRT,299.55,3.0,D,VIIRS_NOAA20_NRT
25.59535,78.06668,330.27,0.44,0.39,2026-07-15,811,N20,VIIRS,n,2.0NRT,296.96,3.11,D,VIIRS_NOAA20_NRT
30.90398,76.18416,334.31,0.42,0.38,2026-07-15,813,N20,VIIRS,n,2.0NRT,301.51,3.85,D,VIIRS_NOAA20_NRT
24.66203,74.63297,308.43,0.41,0.37,2026-07-15,2040,N20,VIIRS,n,2.0NRT,295.04,1.11,N,VIIRS_NOAA20_NRT
30.88434,76.14273,333.51,0.42,0.38,2026-07-15,813,N20,VIIRS,n,2.0NRT,301.18,2.61,D,VIIRS_NOAA20_NRT
28.7129,76.83319,311.06,0.39,0.36,2026-07-15,2038,N20,VIIRS,n,2.0NRT,293.81,2.46,N,VIIRS_NOAA20_NRT
28.66248,77.57969,311.99,0.38,0.36,2026-07-15,2038,N20,VIIRS,n,2.0NRT,293.49,3.39,N,VIIRS_NOAA20_NRT
31.02653,76.61612,333.96,0.38,0.59,2026-07-15,2123,N21,VIIRS,n,2.0NRT,292.86,6.22,N,VIIRS_NOAA21_NRT
25.61422,78.04578,336.36,0.44,0.38,2026-07-15,811,N20,VIIRS,n,2.0NRT,296.96,3.93,D,VIIRS_NOAA20_NRT
27.66737,76.12877,313.25,0.39,0.36,2026-07-15,2038,N20,VIIRS,n,2.0NRT,293.5,1.69,N,VIIRS_NOAA20_NRT
31.25025,76.93073,305.75,0.4,0.37,2026-07-15,2038,N20,VIIRS,n,2.0NRT,292.12,0.42,N,VIIRS_NOAA20_NRT
31.06244,75.52641,341.68,0.41,0.37,2026-07-15,813,N20,VIIRS,n,2.0NRT,300.9,3.65,D,VIIRS_NOAA20_NRT
31.02698,76.61909,332.78,0.4,0.37,2026-07-15,2038,N20,VIIRS,n,2.0NRT,296.18,4.79,N,VIIRS_NOAA20_NRT
24.93475,74.63271,308.18,0.41,0.37,2026-07-15,2038,N20,VIIRS,n,2.0NRT,294.06,0.97,N,VIIRS_NOAA20_NRT
23.8231,84.57228,326.81,0.53,0.42,2026-07-15,1945,N21,VIIRS,n,2.0NRT,272.92,5.29,N,VIIRS_NOAA21_NRT
28.34746,77.25766,308.34,0.5,0.49,2026-07-16,2104,N21,VIIRS,n,2.0NRT,288.18,4.66,N,VIIRS_NOAA21_NRT
30.73457,76.22543,339.6,0.41,0.37,2026-07-16,754,N20,VIIRS,n,2.0NRT,299.57,4.6,D,VIIRS_NOAA20_NRT
30.92257,75.53016,367.0,0.33,0.55,2026-07-16,839,N21,VIIRS,h,2.0NRT,296.62,7.67,D,VIIRS_NOAA21_NRT
27.20782,77.32405,301.36,0.53,0.5,2026-07-16,2106,N21,VIIRS,n,2.0NRT,277.49,1.67,N,VIIRS_NOAA21_NRT
30.91895,75.42068,331.32,0.32,0.55,2026-07-16,839,N21,VIIRS,n,2.0NRT,296.61,2.11,D,VIIRS_NOAA21_NRT
24.76246,74.60758,305.32,0.47,0.48,2026-07-16,2019,N20,VIIRS,n,2.0NRT,288.03,1.11,N,VIIRS_NOAA20_NRT
31.09759,75.31452,352.21,0.32,0.55,2026-07-16,839,N21,VIIRS,n,2.0NRT,296.5,8.28,D,VIIRS_NOAA21_NRT
31.26011,75.32078,342.0,0.32,0.55,2026-07-16,839,N21,VIIRS,n,2.0NRT,296.3,3.28,D,VIIRS_NOAA21_NRT
30.91678,75.4222,335.42,0.44,0.38,2026-07-16,754,N20,VIIRS,l,2.0NRT,299.8,4.42,D,VIIRS_NOAA20_NRT
24.92485,84.15578,307.63,0.43,0.38,2026-07-16,2019,N20,VIIRS,n,2.0NRT,290.35,3.37,N,VIIRS_NOAA20_NRT
29.91152,74.95273,308.99,0.4,0.6,2026-07-16,2140,N,VIIRS,n,2.0NRT,275.47,1.13,N,VIIRS_SNPP_NRT
24.86659,78.14019,367.0,0.41,0.37,2026-07-16,752,N20,VIIRS,h,2.0NRT,292.72,15.7,D,VIIRS_NOAA20_NRT
24.71557,75.95248,307.76,0.39,0.44,2026-07-16,2019,N20,VIIRS,n,2.0NRT,290.36,2.36,N,VIIRS_NOAA20_NRT
29.91254,74.94865,307.27,0.4,0.6,2026-07-16,2140,N,VIIRS,n,2.0NRT,275.9,1.13,N,VIIRS_SNPP_NRT
24.92981,84.14806,308.82,0.43,0.38,2026-07-16,2019,N20,VIIRS,n,2.0NRT,290.17,3.07,N,VIIRS_NOAA20_NRT
31.03008,76.61686,311.08,0.42,0.46,2026-07-16,2017,N20,VIIRS,n,2.0NRT,287.62,1.75,N,VIIRS_NOAA20_NRT
31.4517,75.5873,330.81,0.69,0.75,2026-07-16,659,N21,VIIRS,n,2.0NRT,290.15,11.05,D,VIIRS_NOAA21_NRT
31.44144,75.25272,339.13,0.44,0.38,2026-07-16,756,N20,VIIRS,n,2.0NRT,300.06,6.0,D,VIIRS_NOAA20_NRT
23.82252,84.57347,335.16,0.51,0.41,2026-07-16,752,N20,VIIRS,n,2.0NRT,295.12,4.31,D,VIIRS_NOAA20_NRT
28.25246,77.20453,306.94,0.43,0.38,2026-07-17,2046,N21,VIIRS,n,2.0NRT,291.72,2.77,N,VIIRS_NOAA21_NRT
31.06217,74.63506,334.69,0.48,0.4,2026-07-17,822,N21,VIIRS,n,2.0NRT,301.3,7.83,D,VIIRS_NOAA21_NRT
31.033,75.35883,335.21,0.41,0.6,2026-07-17,858,N,VIIRS,n,2.0NRT,294.22,3.6,D,VIIRS_SNPP_NRT
30.92359,75.50766,334.56,0.53,0.42,2026-07-17,822,N21,VIIRS,n,2.0NRT,300.93,6.95,D,VIIRS_NOAA21_NRT
31.06186,74.61108,330.72,0.55,0.51,2026-07-17,735,N20,VIIRS,n,2.0NRT,298.6,2.73,D,VIIRS_NOAA20_NRT
30.85322,75.52117,352.16,0.49,0.49,2026-07-17,735,N20,VIIRS,n,2.0NRT,297.46,10.45,D,VIIRS_NOAA20_NRT
31.05314,75.23207,333.03,0.51,0.41,2026-07-17,822,N21,VIIRS,n,2.0NRT,300.88,3.46,D,VIIRS_NOAA21_NRT
31.20179,75.49908,335.12,0.48,0.48,2026-07-17,735,N20,VIIRS,n,2.0NRT,295.56,3.72,D,VIIRS_NOAA20_NRT
30.9878,75.53455,349.5,0.53,0.42,2026-07-17,822,N21,VIIRS,n,2.0NRT,300.42,23.16,D,VIIRS_NOAA21_NRT
30.81996,75.44285,335.75,0.52,0.42,2026-07-17,822,N21,VIIRS,n,2.0NRT,299.95,6.74,D,VIIRS_NOAA21_NRT
31.40735,75.17533,332.72,0.5,0.49,2026-07-17,735,N20,VIIRS,n,2.0NRT,295.73,3.22,D,VIIRS_NOAA20_NRT
31.18654,75.49041,338.02,0.49,0.48,2026-07-17,735,N20,VIIRS,n,2.0NRT,296.52,9.52,D,VIIRS_NOAA20_NRT
30.68534,75.73537,331.11,0.54,0.42,2026-07-17,822,N21,VIIRS,n,2.0NRT,299.64,3.08,D,VIIRS_NOAA21_NRT
30.98471,75.53164,333.71,0.53,0.42,2026-07-17,822,N21,VIIRS,n,2.0NRT,298.41,5.75,D,VIIRS_NOAA21_NRT
31.05783,75.2029,331.65,0.51,0.41,2026-07-17,822,N21,VIIRS,n,2.0NRT,300.58,4.26,D,VIIRS_NOAA21_NRT
31.18844,75.49638,334.81,0.53,0.42,2026-07-17,822,N21,VIIRS,n,2.0NRT,299.11,4.78,D,VIIRS_NOAA21_NRT
30.57939,76.16514,331.12,0.56,0.43,2026-07-17,822,N21,VIIRS,n,2.0NRT,296.3,4.25,D,VIIRS_NOAA21_NRT
31.20271,75.5015,335.51,0.48,0.48,2026-07-17,735,N20,VIIRS,n,2.0NRT,295.45,4.05,D,VIIRS_NOAA20_NRT
29.59698,76.10793,336.85,0.48,0.48,2026-07-17,735,N20,VIIRS,n,2.0NRT,298.46,4.9,D,VIIRS_NOAA20_NRT
31.44362,75.31084,332.71,0.41,0.61,2026-07-17,858,N,VIIRS,n,2.0NRT,291.66,3.57,D,VIIRS_SNPP_NRT
30.98536,75.53713,335.12,0.53,0.42,2026-07-17,822,N21,VIIRS,n,2.0NRT,298.44,8.86,D,VIIRS_NOAA21_NRT
30.92296,75.50218,331.91,0.53,0.42,2026-07-17,822,N21,VIIRS,n,2.0NRT,300.22,6.95,D,VIIRS_NOAA21_NRT
26.6407,79.4783,300.72,0.48,0.48,2026-07-17,2000,N20,VIIRS,n,2.0NRT,271.35,0.87,N,VIIRS_NOAA20_NRT
26.63981,79.47998,305.25,0.38,0.43,2026-07-17,2046,N21,VIIRS,n,2.0NRT,274.78,1.44,N,VIIRS_NOAA21_NRT
31.1908,75.49377,331.05,0.53,0.42,2026-07-17,822,N21,VIIRS,n,2.0NRT,299.17,3.1,D,VIIRS_NOAA21_NRT
24.66183,74.63266,295.22,0.44,0.38,2026-07-18,2104,N,VIIRS,n,2.0NRT,272.29,0.52,N,VIIRS_SNPP_NRT
30.92797,75.4001,331.91,0.43,0.46,2026-07-18,837,N,VIIRS,n,2.0NRT,291.55,1.89,D,VIIRS_SNPP_NRT
31.11067,75.27171,342.6,0.43,0.46,2026-07-18,837,N,VIIRS,n,2.0NRT,295.79,6.23,D,VIIRS_SNPP_NRT
31.01746,75.52035,330.64,0.46,0.63,2026-07-18,718,N20,VIIRS,n,2.0NRT,286.44,3.27,D,VIIRS_NOAA20_NRT
24.7629,74.60793,295.11,0.48,0.4,2026-07-18,2027,N21,VIIRS,n,2.0NRT,266.05,0.67,N,VIIRS_NOAA21_NRT
31.19149,75.48223,346.88,0.38,0.36,2026-07-18,805,N21,VIIRS,n,2.0NRT,299.0,9.39,D,VIIRS_NOAA21_NRT
25.39975,75.65563,344.12,0.38,0.43,2026-07-18,837,N,VIIRS,n,2.0NRT,290.64,3.61,D,VIIRS_SNPP_NRT
25.39528,75.65504,336.28,0.47,0.64,2026-07-18,856,N20,VIIRS,n,2.0NRT,289.2,2.12,D,VIIRS_NOAA20_NRT
31.03354,74.85312,330.91,0.39,0.36,2026-07-19,820,N,VIIRS,n,2.0NRT,290.53,2.49,D,VIIRS_SNPP_NRT
28.66147,77.57709,305.99,0.33,0.55,2026-07-21,2006,N,VIIRS,n,2.0NRT,286.07,1.06,N,VIIRS_SNPP_NRT
28.78685,76.95063,295.59,0.48,0.4,2026-07-21,2025,N20,VIIRS,n,2.0NRT,265.98,0.57,N,VIIRS_NOAA20_NRT
28.77589,76.94881,303.57,0.48,0.4,2026-07-21,2025,N20,VIIRS,n,2.0NRT,266.55,0.96,N,VIIRS_NOAA20_NRT
28.66513,77.57671,306.55,0.33,0.55,2026-07-21,2006,N,VIIRS,n,2.0NRT,286.02,1.8,N,VIIRS_SNPP_NRT
26.76024,83.20137,309.97,0.44,0.38,2026-07-21,2025,N20,VIIRS,n,2.0NRT,291.22,2.87,N,VIIRS_NOAA20_NRT
28.787,76.94802,296.84,0.48,0.4,2026-07-21,2025,N20,VIIRS,n,2.0NRT,265.57,0.57,N,VIIRS_NOAA20_NRT
23.8253,84.57233,304.14,0.38,0.36,2026-07-22,2008,N20,VIIRS,n,2.0NRT,267.09,0.63,N,VIIRS_NOAA20_NRT
28.85506,77.14679,305.98,0.57,0.52,2026-07-22,2006,N20,VIIRS,n,2.0NRT,288.39,1.02,N,VIIRS_NOAA20_NRT
28.71207,76.85754,304.81,0.59,0.53,2026-07-22,2006,N20,VIIRS,n,2.0NRT,288.66,2.0,N,VIIRS_NOAA20_NRT
27.66928,76.13039,305.95,0.34,0.56,2026-07-22,2127,N,VIIRS,n,2.0NRT,287.36,0.9,N,VIIRS_SNPP_NRT
29.47668,76.85973,333.95,0.54,0.42,2026-07-22,741,N20,VIIRS,n,2.0NRT,286.34,17.46,D,VIIRS_NOAA20_NRT
23.82201,84.57172,297.07,0.38,0.36,2026-07-22,2008,N20,VIIRS,n,2.0NRT,264.9,0.35,N,VIIRS_NOAA20_NRT
28.70888,76.85589,311.56,0.59,0.53,2026-07-22,2006,N20,VIIRS,n,2.0NRT,288.69,2.06,N,VIIRS_NOAA20_NRT
26.64102,79.47572,314.17,0.39,0.44,2026-07-22,2008,N20,VIIRS,n,2.0NRT,289.97,3.82,N,VIIRS_NOAA20_NRT
23.82858,84.57296,295.9,0.38,0.36,2026-07-22,2008,N20,VIIRS,n,2.0NRT,267.61,0.63,N,VIIRS_NOAA20_NRT
28.83649,77.13853,304.87,0.57,0.52,2026-07-22,2006,N20,VIIRS,n,2.0NRT,288.54,1.25,N,VIIRS_NOAA20_NRT
28.87213,78.78416,306.73,0.46,0.47,2026-07-22,2006,N20,VIIRS,n,2.0NRT,289.61,0.41,N,VIIRS_NOAA20_NRT
27.66849,76.13383,303.92,0.34,0.56,2026-07-22,2127,N,VIIRS,n,2.0NRT,287.24,0.7,N,VIIRS_SNPP_NRT
23.82235,84.57365,300.7,0.42,0.45,2026-07-22,1947,N,VIIRS,n,2.0NRT,267.26,1.34,N,VIIRS_SNPP_NRT
28.77622,76.94662,304.48,0.48,0.4,2026-07-22,2053,N21,VIIRS,n,2.0NRT,289.87,1.05,N,VIIRS_NOAA21_NRT
26.64305,79.47867,309.33,0.47,0.48,2026-07-22,2053,N21,VIIRS,n,2.0NRT,289.4,2.98,N,VIIRS_NOAA21_NRT
26.64495,79.47585,307.95,0.47,0.64,2026-07-22,1947,N,VIIRS,n,2.0NRT,285.9,1.19,N,VIIRS_SNPP_NRT
23.82284,84.56946,308.36,0.42,0.45,2026-07-22,1947,N,VIIRS,n,2.0NRT,267.2,1.34,N,VIIRS_SNPP_NRT
28.71034,76.85629,304.36,0.71,0.75,2026-07-22,1949,N,VIIRS,n,2.0NRT,284.31,1.0,N,VIIRS_SNPP_NRT
26.75904,83.2002,304.69,0.4,0.6,2026-07-22,2053,N21,VIIRS,n,2.0NRT,284.24,1.39,N,VIIRS_NOAA21_NRT
28.74468,76.93399,304.46,0.48,0.4,2026-07-22,2053,N21,VIIRS,n,2.0NRT,289.69,1.41,N,VIIRS_NOAA21_NRT
28.70899,76.85838,306.75,0.48,0.4,2026-07-22,2053,N21,VIIRS,n,2.0NRT,290.28,0.99,N,VIIRS_NOAA21_NRT
26.63897,79.47527,303.97,0.47,0.64,2026-07-22,1947,N,VIIRS,n,2.0NRT,286.27,1.19,N,VIIRS_SNPP_NRT
29.46206,76.89146,333.55,0.43,0.38,2026-07-23,807,N21,VIIRS,n,2.0NRT,295.08,3.0,D,VIIRS_NOAA21_NRT
28.92535,78.86118,355.41,0.49,0.49,2026-07-23,2110,N,VIIRS,n,2.0NRT,289.9,24.44,N,VIIRS_SNPP_NRT
28.27763,77.27435,307.84,0.38,0.36,2026-07-23,2034,N21,VIIRS,n,2.0NRT,290.74,1.88,N,VIIRS_NOAA21_NRT
29.4589,76.89027,330.95,0.33,0.56,2026-07-23,724,N20,VIIRS,n,2.0NRT,286.14,2.64,D,VIIRS_NOAA20_NRT
27.66862,76.13391,305.04,0.4,0.37,2026-07-23,2034,N21,VIIRS,n,2.0NRT,291.16,2.84,N,VIIRS_NOAA21_NRT
29.28863,75.85209,334.32,0.4,0.37,2026-07-23,807,N21,VIIRS,n,2.0NRT,287.11,8.98,D,VIIRS_NOAA21_NRT
29.4586,76.89207,335.42,0.43,0.38,2026-07-23,807,N21,VIIRS,n,2.0NRT,294.52,5.64,D,VIIRS_NOAA21_NRT
28.74357,76.92528,301.6,0.39,0.44,2026-07-23,2110,N,VIIRS,n,2.0NRT,288.53,1.25,N,VIIRS_SNPP_NRT
23.83777,84.94666,298.07,0.4,0.6,2026-07-23,1930,N,VIIRS,n,2.0NRT,279.05,0.61,N,VIIRS_SNPP_NRT
29.47525,76.85785,332.09,0.43,0.38,2026-07-23,807,N21,VIIRS,n,2.0NRT,292.49,3.51,D,VIIRS_NOAA21_NRT
28.70736,76.85607,301.8,0.58,0.7,2026-07-23,1949,N20,VIIRS,n,2.0NRT,285.23,1.49,N,VIIRS_NOAA20_NRT
29.59351,78.80054,295.11,0.56,0.69,2026-07-23,2127,N20,VIIRS,n,2.0NRT,284.9,5.23,N,VIIRS_NOAA20_NRT
28.83648,77.13814,321.31,0.39,0.36,2026-07-23,2034,N21,VIIRS,n,2.0NRT,291.82,1.86,N,VIIRS_NOAA21_NRT
29.46059,76.89069,333.36,0.34,0.56,2026-07-23,724,N20,VIIRS,n,2.0NRT,285.55,2.61,D,VIIRS_NOAA20_NRT
28.95269,78.80715,308.37,0.39,0.36,2026-07-23,2034,N21,VIIRS,n,2.0NRT,290.81,2.32,N,VIIRS_NOAA21_NRT
25.13468,75.88749,303.46,0.4,0.44,2026-07-24,2017,N21,VIIRS,n,2.0NRT,290.42,1.16,N,VIIRS_NOAA21_NRT
24.20241,80.80066,305.65,0.39,0.36,2026-07-24,2017,N21,VIIRS,n,2.0NRT,289.58,1.46,N,VIIRS_NOAA21_NRT
29.12566,75.77786,306.08,0.38,0.36,2026-07-24,2051,N,VIIRS,n,2.0NRT,290.64,2.4,N,VIIRS_SNPP_NRT
27.37768,77.68481,303.1,0.41,0.37,2026-07-24,2051,N,VIIRS,n,2.0NRT,291.63,2.5,N,VIIRS_SNPP_NRT
31.31453,75.33996,337.4,0.45,0.39,2026-07-24,826,N,VIIRS,n,2.0NRT,293.69,3.18,D,VIIRS_SNPP_NRT
24.14912,82.58185,299.55,0.39,0.37,2026-07-24,2017,N21,VIIRS,n,2.0NRT,286.33,1.09,N,VIIRS_NOAA21_NRT
24.05307,80.61401,301.69,0.41,0.45,2026-07-24,2053,N,VIIRS,n,2.0NRT,277.44,0.63,N,VIIRS_SNPP_NRT
28.27572,77.18095,308.67,0.56,0.43,2026-07-24,2014,N21,VIIRS,n,2.0NRT,290.34,4.81,N,VIIRS_NOAA21_NRT
23.98958,79.39306,312.54,0.41,0.37,2026-07-24,2017,N21,VIIRS,n,2.0NRT,285.76,1.32,N,VIIRS_NOAA21_NRT
29.47692,76.85757,326.69,0.4,0.44,2026-07-24,2014,N21,VIIRS,n,2.0NRT,289.53,4.24,N,VIIRS_NOAA21_NRT
30.85359,75.53551,331.38,0.46,0.39,2026-07-24,826,N,VIIRS,n,2.0NRT,294.3,2.44,D,VIIRS_SNPP_NRT
29.12405,75.77973,309.23,0.46,0.47,2026-07-24,2014,N21,VIIRS,n,2.0NRT,290.45,4.01,N,VIIRS_NOAA21_NRT
26.64354,79.48151,330.2,0.43,0.46,2026-07-24,824,N,VIIRS,n,2.0NRT,291.34,4.01,D,VIIRS_SNPP_NRT
23.98989,79.39357,304.43,0.52,0.42,2026-07-24,2053,N,VIIRS,n,2.0NRT,286.02,0.8,N,VIIRS_SNPP_NRT
24.17001,82.62164,302.16,0.4,0.37,2026-07-24,2017,N21,VIIRS,n,2.0NRT,285.5,1.84,N,VIIRS_NOAA21_NRT
24.52756,81.17059,313.55,0.38,0.36,2026-07-24,2017,N21,VIIRS,n,2.0NRT,290.21,1.58,N,VIIRS_NOAA21_NRT
28.77386,77.56726,313.65,0.4,0.37,2026-07-24,2051,N,VIIRS,n,2.0NRT,291.04,2.59,N,VIIRS_SNPP_NRT
24.16793,80.69418,308.36,0.41,0.45,2026-07-24,2053,N,VIIRS,n,2.0NRT,288.99,1.64,N,VIIRS_SNPP_NRT
31.31094,75.34057,335.03,0.45,0.39,2026-07-24,826,N,VIIRS,n,2.0NRT,295.04,3.18,D,VIIRS_SNPP_NRT
29.46113,76.8886,305.98,0.4,0.44,2026-07-24,2014,N21,VIIRS,n,2.0NRT,289.76,2.66,N,VIIRS_NOAA21_NRT
30.85431,75.53709,334.33,0.46,0.39,2026-07-24,826,N,VIIRS,n,2.0NRT,294.86,3.83,D,VIIRS_SNPP_NRT
26.64235,79.48204,305.16,0.39,0.44,2026-07-25,2051,N20,VIIRS,n,2.0NRT,288.45,1.55,N,VIIRS_NOAA20_NRT
24.17727,82.64958,305.74,0.44,0.39,2026-07-25,2032,N,VIIRS,n,2.0NRT,288.17,1.08,N,VIIRS_SNPP_NRT
23.82499,84.57356,329.3,0.4,0.37,2026-07-25,1957,N21,VIIRS,n,2.0NRT,291.39,2.74,N,VIIRS_NOAA21_NRT
24.16898,82.62017,309.05,0.46,0.39,2026-07-25,1957,N21,VIIRS,n,2.0NRT,291.58,3.03,N,VIIRS_NOAA21_NRT
23.82645,84.57086,297.3,0.56,0.43,2026-07-25,2032,N,VIIRS,n,2.0NRT,266.03,0.89,N,VIIRS_SNPP_NRT
29.45667,76.86859,309.99,0.66,0.73,2026-07-25,2136,N21,VIIRS,n,2.0NRT,283.14,3.85,N,VIIRS_NOAA21_NRT
23.82222,84.56911,309.29,0.4,0.37,2026-07-25,1957,N21,VIIRS,n,2.0NRT,289.88,2.65,N,VIIRS_NOAA21_NRT
24.17747,82.65245,315.44,0.46,0.39,2026-07-25,1957,N21,VIIRS,n,2.0NRT,292.17,1.89,N,VIIRS_NOAA21_NRT
26.64451,79.48225,304.99,0.39,0.44,2026-07-25,2051,N20,VIIRS,n,2.0NRT,288.35,1.55,N,VIIRS_NOAA20_NRT
23.82664,84.56595,298.5,0.68,0.74,2026-07-25,1913,N20,VIIRS,n,2.0NRT,274.43,2.34,N,VIIRS_NOAA20_NRT
28.72426,76.68844,306.29,0.49,0.4,2026-07-25,2032,N,VIIRS,n,2.0NRT,290.67,2.29,N,VIIRS_SNPP_NRT
24.20372,80.80157,301.2,0.39,0.36,2026-07-25,2032,N,VIIRS,n,2.0NRT,280.95,0.56,N,VIIRS_SNPP_NRT
26.64172,79.47929,315.69,0.39,0.36,2026-07-25,2032,N,VIIRS,n,2.0NRT,288.74,1.59,N,VIIRS_SNPP_NRT
28.27837,77.27387,302.09,0.44,0.38,2026-07-25,2049,N20,VIIRS,n,2.0NRT,285.88,1.43,N,VIIRS_NOAA20_NRT
24.19851,82.7155,306.25,0.46,0.39,2026-07-25,1957,N21,VIIRS,n,2.0NRT,291.74,1.81,N,VIIRS_NOAA21_NRT
24.15872,82.66908,309.09,0.46,0.39,2026-07-25,1957,N21,VIIRS,n,2.0NRT,291.56,2.05,N,VIIRS_NOAA21_NRT
23.82616,84.57262,316.29,0.68,0.74,2026-07-25,1913,N20,VIIRS,n,2.0NRT,272.38,2.34,N,VIIRS_NOAA20_NRT
26.6431,79.47822,307.99,0.39,0.44,2026-07-25,2051,N20,VIIRS,n,2.0NRT,288.66,1.55,N,VIIRS_NOAA20_NRT
24.20329,82.70699,305.78,0.46,0.39,2026-07-25,1955,N21,VIIRS,n,2.0NRT,291.81,1.96,N,VIIRS_NOAA21_NRT
29.45673,76.86721,325.7,0.41,0.37,2026-07-25,2049,N20,VIIRS,n,2.0NRT,291.44,3.23,N,VIIRS_NOAA20_NRT
23.82256,84.56999,296.88,0.56,0.43,2026-07-25,2032,N,VIIRS,n,2.0NRT,265.57,0.89,N,VIIRS_SNPP_NRT
24.52842,81.17102,309.06,0.4,0.37,2026-07-25,2032,N,VIIRS,n,2.0NRT,291.34,2.14,N,VIIRS_SNPP_NRT
30.98171,76.17087,332.17,0.39,0.36,2026-07-25,807,N,VIIRS,n,2.0NRT,294.87,3.75,D,VIIRS_SNPP_NRT
24.20321,82.70959,312.68,0.45,0.39,2026-07-25,2032,N,VIIRS,n,2.0NRT,291.41,3.29,N,VIIRS_SNPP_NRT
24.1417,82.70517,306.68,0.45,0.39,2026-07-25,2032,N,VIIRS,n,2.0NRT,290.92,2.52,N,VIIRS_SNPP_NRT
23.99007,79.39203,318.4,0.38,0.36,2026-07-25,2032,N,VIIRS,n,2.0NRT,292.54,3.32,N,VIIRS_SNPP_NRT
28.83908,77.14078,299.66,0.37,0.58,2026-07-25,1955,N21,VIIRS,n,2.0NRT,277.19,0.5,N,VIIRS_NOAA21_NRT
24.14674,82.65671,311.55,0.45,0.39,2026-07-25,2032,N,VIIRS,n,2.0NRT,291.25,2.15,N,VIIRS_SNPP_NRT
24.15998,82.60504,306.36,0.47,0.39,2026-07-25,1957,N21,VIIRS,n,2.0NRT,291.58,2.57,N,VIIRS_NOAA21_NRT
23.82833,84.57413,327.41,0.4,0.37,2026-07-25,1957,N21,VIIRS,n,2.0NRT,291.34,2.74,N,VIIRS_NOAA21_NRT
24.18407,82.65807,306.17,0.46,0.39,2026-07-25,1957,N21,VIIRS,n,2.0NRT,291.7,1.17,N,VIIRS_NOAA21_NRT
24.17911,82.65392,308.45,0.46,0.39,2026-07-25,1957,N21,VIIRS,n,2.0NRT,291.8,1.32,N,VIIRS_NOAA21_NRT
23.82768,84.5705,316.15,0.68,0.74,2026-07-25,1913,N20,VIIRS,n,2.0NRT,270.11,3.87,N,VIIRS_NOAA20_NRT
24.93019,84.14658,311.42,0.41,0.37,2026-07-25,1955,N21,VIIRS,n,2.0NRT,294.16,1.09,N,VIIRS_NOAA21_NRT
24.18348,82.66259,306.09,0.46,0.39,2026-07-25,1957,N21,VIIRS,n,2.0NRT,291.72,1.19,N,VIIRS_NOAA21_NRT
24.16415,82.62871,307.53,0.46,0.39,2026-07-25,1957,N21,VIIRS,n,2.0NRT,291.94,2.97,N,VIIRS_NOAA21_NRT
26.75884,83.19941,297.86,0.32,0.55,2026-07-25,2049,N20,VIIRS,n,2.0NRT,270.32,0.71,N,VIIRS_NOAA20_NRT
24.14556,82.65783,310.51,0.46,0.39,2026-07-25,1957,N21,VIIRS,n,2.0NRT,291.83,2.79,N,VIIRS_NOAA21_NRT
24.18111,82.65102,305.45,0.34,0.56,2026-07-25,2051,N20,VIIRS,n,2.0NRT,288.71,0.71,N,VIIRS_NOAA20_NRT
24.16513,84.05001,300.51,0.41,0.61,2026-07-25,2051,N20,VIIRS,n,2.0NRT,275.95,1.34,N,VIIRS_NOAA20_NRT
28.70929,76.83166,303.96,0.38,0.59,2026-07-25,1955,N21,VIIRS,n,2.0NRT,282.14,0.47,N,VIIRS_NOAA21_NRT
26.7588,83.19923,311.8,0.47,0.39,2026-07-25,1955,N21,VIIRS,n,2.0NRT,291.46,1.71,N,VIIRS_NOAA21_NRT
26.64133,79.47746,312.75,0.39,0.44,2026-07-25,2051,N20,VIIRS,n,2.0NRT,288.43,1.55,N,VIIRS_NOAA20_NRT
28.83823,77.14023,303.51,0.37,0.58,2026-07-25,1955,N21,VIIRS,n,2.0NRT,275.87,0.26,N,VIIRS_NOAA21_NRT
28.37022,77.22531,308.21,0.36,0.57,2026-07-25,1955,N21,VIIRS,n,2.0NRT,287.66,2.37,N,VIIRS_NOAA21_NRT
29.45561,76.86637,303.15,0.66,0.73,2026-07-25,2136,N21,VIIRS,n,2.0NRT,283.16,3.63,N,VIIRS_NOAA21_NRT
23.82555,84.56969,316.1,0.4,0.37,2026-07-25,1957,N21,VIIRS,n,2.0NRT,290.21,2.74,N,VIIRS_NOAA21_NRT
31.2588,76.92326,299.1,0.4,0.6,2026-07-25,1955,N21,VIIRS,n,2.0NRT,285.81,1.23,N,VIIRS_NOAA21_NRT
24.13888,82.70756,307.57,0.46,0.39,2026-07-25,1957,N21,VIIRS,n,2.0NRT,291.78,2.58,N,VIIRS_NOAA21_NRT
24.20271,82.7114,315.42,0.46,0.39,2026-07-25,1955,N21,VIIRS,n,2.0NRT,292.27,1.81,N,VIIRS_NOAA21_NRT
23.82165,84.57298,332.61,0.4,0.37,2026-07-25,1957,N21,VIIRS,n,2.0NRT,291.26,2.65,N,VIIRS_NOAA21_NRT
26.64083,79.47775,309.25,0.39,0.36,2026-07-26,2032,N20,VIIRS,n,2.0NRT,289.13,2.4,N,VIIRS_NOAA20_NRT
23.82347,84.57005,331.73,0.38,0.36,2026-07-26,2014,N,VIIRS,n,2.0NRT,292.04,4.36,N,VIIRS_SNPP_NRT
24.20399,82.70963,332.32,0.39,0.36,2026-07-26,746,N,VIIRS,l,2.0NRT,298.99,5.51,D,VIIRS_SNPP_NRT
29.73132,78.01617,328.71,0.47,0.4,2026-07-26,748,N,VIIRS,l,2.0NRT,296.48,4.25,D,VIIRS_SNPP_NRT
24.16825,80.69648,306.04,0.47,0.4,2026-07-26,2014,N,VIIRS,n,2.0NRT,289.47,1.6,N,VIIRS_SNPP_NRT
23.82617,84.57442,316.78,0.38,0.36,2026-07-26,2014,N,VIIRS,n,2.0NRT,292.13,1.68,N,VIIRS_SNPP_NRT
27.66968,76.12833,306.43,0.43,0.38,2026-07-26,2032,N20,VIIRS,n,2.0NRT,291.04,1.03,N,VIIRS_NOAA20_NRT
28.85186,77.14674,308.74,0.41,0.37,2026-07-26,2032,N20,VIIRS,n,2.0NRT,292.81,0.73,N,VIIRS_NOAA20_NRT
23.82287,84.57379,329.36,0.38,0.36,2026-07-26,2014,N,VIIRS,n,2.0NRT,292.41,4.7,N,VIIRS_SNPP_NRT
23.82404,84.57097,339.91,0.39,0.36,2026-07-26,746,N,VIIRS,n,2.0NRT,300.37,4.75,D,VIIRS_SNPP_NRT
23.99168,79.39497,308.1,0.4,0.37,2026-07-26,2034,N20,VIIRS,n,2.0NRT,290.74,1.45,N,VIIRS_NOAA20_NRT
24.71515,75.95059,297.97,0.79,0.78,2026-07-26,1938,N21,VIIRS,n,2.0NRT,285.41,3.89,N,VIIRS_NOAA21_NRT
23.82948,84.57504,314.12,0.38,0.36,2026-07-26,2014,N,VIIRS,n,2.0NRT,291.72,1.68,N,VIIRS_SNPP_NRT
28.66332,77.57861,313.73,0.4,0.37,2026-07-26,2032,N20,VIIRS,n,2.0NRT,293.26,0.82,N,VIIRS_NOAA20_NRT
26.64041,79.48089,299.19,0.58,0.69,2026-07-26,2118,N21,VIIRS,n,2.0NRT,273.31,0.8,N,VIIRS_NOAA21_NRT
23.82544,84.57123,338.93,0.39,0.36,2026-07-26,746,N,VIIRS,n,2.0NRT,300.71,3.21,D,VIIRS_SNPP_NRT
23.8246,84.57481,341.51,0.39,0.36,2026-07-26,746,N,VIIRS,n,2.0NRT,302.03,4.75,D,VIIRS_SNPP_NRT
26.64404,79.47814,306.54,0.39,0.44,2026-07-26,2014,N,VIIRS,n,2.0NRT,286.84,1.44,N,VIIRS_SNPP_NRT
25.58565,81.02237,367.0,0.41,0.37,2026-07-26,746,N,VIIRS,h,2.0NRT,293.37,13.73,D,VIIRS_SNPP_NRT
23.82334,84.57544,324.99,0.43,0.46,2026-07-26,1938,N21,VIIRS,n,2.0NRT,290.83,5.02,N,VIIRS_NOAA21_NRT
25.8805,78.24169,332.15,0.4,0.37,2026-07-26,805,N20,VIIRS,n,2.0NRT,298.42,2.21,D,VIIRS_NOAA20_NRT
23.82599,84.57507,332.73,0.39,0.36,2026-07-26,746,N,VIIRS,n,2.0NRT,300.82,3.21,D,VIIRS_SNPP_NRT
24.5299,81.16922,309.21,0.45,0.39,2026-07-26,2032,N20,VIIRS,n,2.0NRT,292.01,1.09,N,VIIRS_NOAA20_NRT
23.82677,84.57066,321.5,0.38,0.36,2026-07-26,2014,N,VIIRS,n,2.0NRT,292.47,2.97,N,VIIRS_SNPP_NRT
26.13237,83.70985,333.86,0.39,0.36,2026-07-26,746,N,VIIRS,n,2.0NRT,298.79,0.77,D,VIIRS_SNPP_NRT
23.82934,84.57449,335.13,0.39,0.36,2026-07-26,746,N,VIIRS,n,2.0NRT,300.55,3.21,D,VIIRS_SNPP_NRT
23.66957,84.99784,305.81,0.41,0.45,2026-07-26,1938,N21,VIIRS,n,2.0NRT,291.5,1.13,N,VIIRS_NOAA21_NRT
25.51137,76.28304,307.8,0.41,0.37,2026-07-26,2032,N20,VIIRS,n,2.0NRT,292.14,2.78,N,VIIRS_NOAA20_NRT
28.77339,77.56905,308.15,0.4,0.37,2026-07-26,2032,N20,VIIRS,n,2.0NRT,287.63,1.47,N,VIIRS_NOAA20_NRT
23.82858,84.57274,333.4,0.39,0.44,2026-07-26,709,N21,VIIRS,n,2.0NRT,296.97,4.97,D,VIIRS_NOAA21_NRT
23.67004,84.99391,305.88,0.41,0.45,2026-07-26,1938,N21,VIIRS,n,2.0NRT,291.23,1.88,N,VIIRS_NOAA21_NRT
24.60199,84.28352,338.17,0.39,0.36,2026-07-26,746,N,VIIRS,n,2.0NRT,297.2,3.4,D,VIIRS_SNPP_NRT
23.82384,84.57117,339.66,0.43,0.46,2026-07-26,1938,N21,VIIRS,n,2.0NRT,291.64,9.63,N,VIIRS_NOAA21_NRT
23.82754,84.57603,317.0,0.43,0.46,2026-07-26,1938,N21,VIIRS,n,2.0NRT,290.43,3.34,N,VIIRS_NOAA21_NRT
25.84229,78.2156,338.91,0.4,0.37,2026-07-26,805,N20,VIIRS,n,2.0NRT,297.23,3.85,D,VIIRS_NOAA20_NRT
23.82393,84.56985,333.66,0.39,0.44,2026-07-26,709,N21,VIIRS,n,2.0NRT,297.37,6.15,D,VIIRS_NOAA21_NRT
23.66548,84.9973,310.59,0.41,0.45,2026-07-26,1938,N21,VIIRS,n,2.0NRT,291.35,1.77,N,VIIRS_NOAA21_NRT
28.34674,77.23024,305.63,0.41,0.37,2026-07-26,2032,N20,VIIRS,n,2.0NRT,286.78,1.42,N,VIIRS_NOAA20_NRT
23.82804,84.57177,319.57,0.43,0.46,2026-07-26,1938,N21,VIIRS,n,2.0NRT,290.65,4.41,N,VIIRS_NOAA21_NRT
23.82464,84.57359,350.27,0.39,0.44,2026-07-26,709,N21,VIIRS,n,2.0NRT,300.04,14.1,D,VIIRS_NOAA21_NRT
28.7003,77.59889,306.76,0.4,0.6,2026-07-26,2118,N21,VIIRS,n,2.0NRT,288.37,2.66,N,VIIRS_NOAA21_NRT
26.7613,83.20042,307.66,0.38,0.36,2026-07-27,2014,N20,VIIRS,n,2.0NRT,291.05,0.93,N,VIIRS_NOAA20_NRT
27.15428,84.33047,330.69,0.46,0.39,2026-07-27,748,N20,VIIRS,n,2.0NRT,296.64,3.31,D,VIIRS_NOAA20_NRT
25.8115,78.05062,331.05,0.34,0.56,2026-07-27,729,N,VIIRS,n,2.0NRT,284.81,2.28,D,VIIRS_SNPP_NRT
26.64103,79.47578,310.79,0.38,0.59,2026-07-27,1953,N,VIIRS,n,2.0NRT,276.19,1.18,N,VIIRS_SNPP_NRT
28.33815,77.22024,299.52,0.45,0.47,2026-07-27,2014,N20,VIIRS,n,2.0NRT,272.31,0.43,N,VIIRS_NOAA20_NRT
24.11453,83.30026,295.96,0.53,0.67,2026-07-27,1919,N21,VIIRS,n,2.0NRT,284.93,4.71,N,VIIRS_NOAA21_NRT
24.76422,74.60621,300.32,0.59,0.52,2026-07-27,2014,N20,VIIRS,n,2.0NRT,284.21,1.55,N,VIIRS_NOAA20_NRT
29.92113,74.95334,307.08,0.32,0.55,2026-07-27,2012,N20,VIIRS,n,2.0NRT,289.61,0.68,N,VIIRS_NOAA20_NRT
26.64647,79.47639,308.87,0.38,0.59,2026-07-27,1953,N,VIIRS,n,2.0NRT,276.5,1.19,N,VIIRS_SNPP_NRT
26.64357,79.47943,309.29,0.48,0.4,2026-07-28,2040,N21,VIIRS,n,2.0NRT,286.82,1.44,N,VIIRS_NOAA21_NRT
27.66725,76.13148,302.92,0.38,0.36,2026-07-28,2040,N21,VIIRS,n,2.0NRT,284.18,1.02,N,VIIRS_NOAA21_NRT
24.1613,82.60507,301.38,0.45,0.63,2026-07-28,1936,N,VIIRS,n,2.0NRT,277.17,1.21,N,VIIRS_SNPP_NRT
25.8605,78.17506,333.16,0.53,0.42,2026-07-28,813,N21,VIIRS,n,2.0NRT,295.41,3.61,D,VIIRS_NOAA21_NRT
25.86158,78.17712,333.49,0.53,0.42,2026-07-28,813,N21,VIIRS,n,2.0NRT,295.51,4.21,D,VIIRS_NOAA21_NRT
25.62002,78.06512,339.93,0.52,0.41,2026-07-28,813,N21,VIIRS,n,2.0NRT,298.34,6.7,D,VIIRS_NOAA21_NRT
31.2597,76.92422,307.19,0.42,0.45,2026-07-28,2114,N,VIIRS,n,2.0NRT,287.75,0.77,N,VIIRS_SNPP_NRT
26.63995,79.47861,309.98,0.48,0.4,2026-07-28,2040,N21,VIIRS,n,2.0NRT,286.85,1.44,N,VIIRS_NOAA21_NRT
28.66204,77.57845,302.64,0.42,0.61,2026-07-28,1953,N20,VIIRS,n,2.0NRT,282.59,2.4,N,VIIRS_NOAA20_NRT
25.67839,78.16461,333.83,0.52,0.42,2026-07-28,813,N21,VIIRS,n,2.0NRT,297.21,3.18,D,VIIRS_NOAA21_NRT
25.78876,78.0251,337.38,0.52,0.41,2026-07-28,813,N21,VIIRS,n,2.0NRT,298.64,4.13,D,VIIRS_NOAA21_NRT
25.06507,75.83813,339.31,0.39,0.59,2026-07-28,729,N20,VIIRS,n,2.0NRT,286.85,2.33,D,VIIRS_NOAA20_NRT
24.16856,82.62665,309.53,0.53,0.5,2026-07-28,2040,N21,VIIRS,n,2.0NRT,283.4,2.91,N,VIIRS_NOAA21_NRT
31.24981,76.92992,302.52,0.42,0.45,2026-07-28,2114,N,VIIRS,n,2.0NRT,287.09,0.71,N,VIIRS_SNPP_NRT
26.23913,77.24174,331.25,0.48,0.4,2026-07-28,813,N21,VIIRS,n,2.0NRT,298.08,5.34,D,VIIRS_NOAA21_NRT
25.63805,78.11816,331.17,0.52,0.41,2026-07-28,813,N21,VIIRS,n,2.0NRT,297.06,1.92,D,VIIRS_NOAA21_NRT
29.47375,77.00088,305.35,0.39,0.36,2026-07-28,2040,N21,VIIRS,n,2.0NRT,289.93,0.41,N,VIIRS_NOAA21_NRT
28.77271,76.70278,309.48,0.5,0.41,2026-07-29,2021,N21,VIIRS,n,2.0NRT,292.05,2.46,N,VIIRS_NOAA21_NRT
27.66858,76.12903,310.74,0.41,0.37,2026-07-29,2057,N,VIIRS,n,2.0NRT,291.86,1.38,N,VIIRS_SNPP_NRT
24.92546,84.15225,305.34,0.5,0.41,2026-07-29,2021,N21,VIIRS,n,2.0NRT,283.93,1.36,N,VIIRS_NOAA21_NRT
28.66101,77.58128,305.66,0.44,0.39,2026-07-29,2055,N,VIIRS,n,2.0NRT,288.85,1.71,N,VIIRS_SNPP_NRT
29.47346,76.85855,308.31,0.5,0.41,2026-07-29,2019,N21,VIIRS,n,2.0NRT,292.81,2.65,N,VIIRS_NOAA21_NRT
26.64125,79.47836,315.12,0.39,0.36,2026-07-29,2021,N21,VIIRS,n,2.0NRT,290.63,1.4,N,VIIRS_NOAA21_NRT
26.64455,79.47896,312.16,0.39,0.36,2026-07-29,2021,N21,VIIRS,n,2.0NRT,290.19,1.4,N,VIIRS_NOAA21_NRT
28.37234,77.2274,308.97,0.46,0.39,2026-07-29,2021,N21,VIIRS,n,2.0NRT,290.22,0.66,N,VIIRS_NOAA21_NRT
24.16361,82.63004,303.14,0.36,0.57,2026-07-29,1936,N20,VIIRS,n,2.0NRT,271.32,1.08,N,VIIRS_NOAA20_NRT
28.37103,77.22478,309.43,0.46,0.39,2026-07-29,2021,N21,VIIRS,n,2.0NRT,289.96,1.02,N,VIIRS_NOAA21_NRT
28.37241,77.22707,311.97,0.43,0.38,2026-07-29,2055,N,VIIRS,n,2.0NRT,289.99,1.7,N,VIIRS_SNPP_NRT
30.88951,75.90565,310.41,0.38,0.43,2026-07-29,2019,N21,VIIRS,n,2.0NRT,292.4,2.51,N,VIIRS_NOAA21_NRT
26.25253,80.53876,338.0,0.42,0.38,2026-07-29,756,N21,VIIRS,n,2.0NRT,290.48,4.56,D,VIIRS_NOAA21_NRT
28.77332,76.69774,326.19,0.5,0.41,2026-07-29,2021,N21,VIIRS,n,2.0NRT,292.34,2.46,N,VIIRS_NOAA21_NRT
28.27321,77.18471,308.67,0.47,0.39,2026-07-29,2021,N21,VIIRS,n,2.0NRT,290.73,0.94,N,VIIRS_NOAA21_NRT
28.34452,77.2588,306.43,0.46,0.39,2026-07-29,2021,N21,VIIRS,n,2.0NRT,289.93,0.54,N,VIIRS_NOAA21_NRT
29.47598,76.86037,309.38,0.56,0.52,2026-07-29,2116,N20,VIIRS,n,2.0NRT,291.25,0.57,N,VIIRS_NOAA20_NRT
24.56494,81.00385,298.63,0.39,0.36,2026-07-29,2021,N21,VIIRS,n,2.0NRT,275.14,0.61,N,VIIRS_NOAA21_NRT
26.64135,79.4819,307.62,0.47,0.64,2026-07-29,2116,N20,VIIRS,n,2.0NRT,279.14,1.66,N,VIIRS_NOAA20_NRT
31.2573,76.92567,302.22,0.52,0.5,2026-07-29,2116,N20,VIIRS,n,2.0NRT,287.68,2.08,N,VIIRS_NOAA20_NRT
31.25142,76.92837,299.3,0.4,0.37,2026-07-29,2055,N,VIIRS,n,2.0NRT,289.26,1.01,N,VIIRS_SNPP_NRT
27.6689,76.13105,302.91,0.56,0.51,2026-07-29,2116,N20,VIIRS,n,2.0NRT,287.7,1.32,N,VIIRS_NOAA20_NRT
28.66223,77.57938,305.56,0.44,0.39,2026-07-29,2055,N,VIIRS,n,2.0NRT,289.29,1.72,N,VIIRS_SNPP_NRT
29.47426,76.8594,307.67,0.41,0.37,2026-07-29,2055,N,VIIRS,n,2.0NRT,292.52,1.97,N,VIIRS_SNPP_NRT
24.93318,74.6346,311.36,0.39,0.36,2026-07-29,2057,N,VIIRS,n,2.0NRT,287.66,2.26,N,VIIRS_SNPP_NRT
26.6431,79.47668,307.4,0.6,0.71,2026-07-29,1936,N20,VIIRS,n,2.0NRT,277.2,1.36,N,VIIRS_NOAA20_NRT
28.7445,76.93399,307.14,0.42,0.38,2026-07-29,2055,N,VIIRS,n,2.0NRT,291.78,0.59,N,VIIRS_SNPP_NRT
26.64041,79.47852,314.25,0.39,0.44,2026-07-29,2057,N,VIIRS,n,2.0NRT,284.55,2.5,N,VIIRS_SNPP_NRT
28.77164,76.6983,308.98,0.41,0.37,2026-07-29,2055,N,VIIRS,n,2.0NRT,291.68,0.96,N,VIIRS_SNPP_NRT
27.66788,76.13313,305.63,0.41,0.37,2026-07-29,2057,N,VIIRS,n,2.0NRT,291.58,1.03,N,VIIRS_SNPP_NRT
28.77504,76.69907,317.99,0.41,0.37,2026-07-29,2055,N,VIIRS,n,2.0NRT,291.91,0.96,N,VIIRS_SNPP_NRT
23.82249,84.57236,306.28,0.55,0.43,2026-07-29,2021,N21,VIIRS,n,2.0NRT,267.82,2.03,N,VIIRS_NOAA21_NRT
26.64526,79.47801,299.85,0.4,0.44,2026-07-30,2002,N21,VIIRS,n,2.0NRT,282.1,0.81,N,VIIRS_NOAA21_NRT
24.14757,82.65962,306.84,0.41,0.37,2026-07-30,2004,N21,VIIRS,n,2.0NRT,289.49,0.92,N,VIIRS_NOAA21_NRT
24.32881,79.96535,297.7,0.57,0.52,2026-07-30,2057,N20,VIIRS,n,2.0NRT,285.31,3.74,N,VIIRS_NOAA20_NRT
29.12565,75.78059,310.72,0.43,0.38,2026-07-30,2057,N20,VIIRS,n,2.0NRT,291.43,3.07,N,VIIRS_NOAA20_NRT
28.74361,76.9267,310.6,0.48,0.4,2026-07-30,2057,N20,VIIRS,n,2.0NRT,288.35,3.58,N,VIIRS_NOAA20_NRT
24.14754,82.65705,313.89,0.53,0.42,2026-07-30,2040,N,VIIRS,n,2.0NRT,288.45,1.91,N,VIIRS_SNPP_NRT
26.64216,79.4797,312.3,0.48,0.48,2026-07-30,2057,N20,VIIRS,n,2.0NRT,278.34,0.97,N,VIIRS_NOAA20_NRT
24.17627,82.65237,314.36,0.41,0.37,2026-07-30,2004,N21,VIIRS,n,2.0NRT,290.03,1.77,N,VIIRS_NOAA21_NRT
24.19866,82.71335,304.9,0.53,0.42,2026-07-30,2040,N,VIIRS,n,2.0NRT,288.33,1.5,N,VIIRS_SNPP_NRT
24.93068,84.14753,306.24,0.39,0.36,2026-07-30,2004,N21,VIIRS,n,2.0NRT,289.15,2.01,N,VIIRS_NOAA21_NRT
29.47316,76.85654,306.53,0.61,0.54,2026-07-30,2002,N21,VIIRS,n,2.0NRT,287.71,4.89,N,VIIRS_NOAA21_NRT
24.14732,82.65794,308.92,0.43,0.62,2026-07-30,2057,N20,VIIRS,n,2.0NRT,282.85,1.46,N,VIIRS_NOAA20_NRT
28.27577,77.18374,305.0,0.51,0.41,2026-07-30,2057,N20,VIIRS,n,2.0NRT,287.24,1.2,N,VIIRS_NOAA20_NRT
24.14262,82.7037,304.04,0.43,0.62,2026-07-30,2057,N20,VIIRS,n,2.0NRT,283.54,0.85,N,VIIRS_NOAA20_NRT
24.16221,82.62978,314.29,0.41,0.37,2026-07-30,2004,N21,VIIRS,n,2.0NRT,289.7,1.7,N,VIIRS_NOAA21_NRT
24.19806,82.71678,308.22,0.4,0.37,2026-07-30,2004,N21,VIIRS,n,2.0NRT,290.56,1.76,N,VIIRS_NOAA21_NRT
24.17131,82.62354,303.04,0.42,0.61,2026-07-30,2057,N20,VIIRS,n,2.0NRT,282.98,1.17,N,VIIRS_NOAA20_NRT
24.14816,82.58271,309.26,0.41,0.37,2026-07-30,2004,N21,VIIRS,n,2.0NRT,288.86,1.08,N,VIIRS_NOAA21_NRT
28.37387,77.225,306.22,0.51,0.41,2026-07-30,2057,N20,VIIRS,n,2.0NRT,287.43,1.35,N,VIIRS_NOAA20_NRT
27.66685,76.13097,308.97,0.46,0.39,2026-07-30,2057,N20,VIIRS,n,2.0NRT,290.2,1.96,N,VIIRS_NOAA20_NRT
23.82214,84.5726,321.92,0.38,0.36,2026-07-30,2004,N21,VIIRS,n,2.0NRT,291.21,1.44,N,VIIRS_NOAA21_NRT
24.18079,82.64502,307.67,0.41,0.37,2026-07-30,2004,N21,VIIRS,n,2.0NRT,289.48,1.02,N,VIIRS_NOAA21_NRT
24.13515,82.69803,312.34,0.4,0.37,2026-07-30,2004,N21,VIIRS,n,2.0NRT,289.93,1.73,N,VIIRS_NOAA21_NRT
24.14075,82.70715,311.89,0.4,0.37,2026-07-30,2004,N21,VIIRS,n,2.0NRT,290.06,2.06,N,VIIRS_NOAA21_NRT
28.65517,77.58689,304.22,0.54,0.51,2026-07-30,2002,N21,VIIRS,n,2.0NRT,285.78,2.4,N,VIIRS_NOAA21_NRT
24.20342,82.70918,310.75,0.53,0.42,2026-07-30,2040,N,VIIRS,n,2.0NRT,288.49,1.67,N,VIIRS_SNPP_NRT
24.146,82.65617,307.05,0.43,0.62,2026-07-30,2057,N20,VIIRS,n,2.0NRT,282.43,1.26,N,VIIRS_NOAA20_NRT
24.18188,82.66142,308.78,0.41,0.37,2026-07-30,2004,N21,VIIRS,n,2.0NRT,289.8,1.73,N,VIIRS_NOAA21_NRT
24.1628,82.60151,308.11,0.41,0.37,2026-07-30,2004,N21,VIIRS,n,2.0NRT,288.37,1.02,N,VIIRS_NOAA21_NRT
24.14419,82.65903,308.99,0.41,0.37,2026-07-30,2004,N21,VIIRS,n,2.0NRT,289.73,0.92,N,VIIRS_NOAA21_NRT
24.20259,82.70938,317.49,0.4,0.37,2026-07-30,2004,N21,VIIRS,n,2.0NRT,291.17,2.98,N,VIIRS_NOAA21_NRT
24.93493,74.63193,306.37,0.43,0.38,2026-07-30,2057,N20,VIIRS,n,2.0NRT,289.53,1.98,N,VIIRS_NOAA20_NRT
24.16616,82.62638,304.69,0.41,0.37,2026-07-30,2004,N21,VIIRS,n,2.0NRT,289.22,1.3,N,VIIRS_NOAA21_NRT
26.75904,83.19806,304.85,0.41,0.37,2026-07-30,2002,N21,VIIRS,n,2.0NRT,285.9,0.97,N,VIIRS_NOAA21_NRT
24.20596,82.70996,309.71,0.4,0.37,2026-07-30,2004,N21,VIIRS,n,2.0NRT,291.17,1.95,N,VIIRS_NOAA21_NRT
24.16693,82.62359,304.01,0.42,0.61,2026-07-30,2057,N20,VIIRS,n,2.0NRT,283.67,2.27,N,VIIRS_NOAA20_NRT
24.16782,82.62561,305.92,0.52,0.42,2026-07-30,2040,N,VIIRS,n,2.0NRT,288.31,1.7,N,VIIRS_SNPP_NRT
28.46732,76.80379,335.67,0.39,0.36,2026-07-30,813,N,VIIRS,n,2.0NRT,299.44,4.16,D,VIIRS_SNPP_NRT
28.74503,76.92786,314.83,0.42,0.37,2026-07-30,2038,N,VIIRS,n,2.0NRT,290.68,1.73,N,VIIRS_SNPP_NRT
24.16305,82.62984,307.37,0.52,0.42,2026-07-30,2040,N,VIIRS,n,2.0NRT,288.6,1.02,N,VIIRS_SNPP_NRT
24.13606,82.6973,306.28,0.53,0.42,2026-07-30,2040,N,VIIRS,n,2.0NRT,288.35,1.22,N,VIIRS_SNPP_NRT
24.20641,82.71039,303.77,0.71,0.75,2026-07-30,1917,N20,VIIRS,n,2.0NRT,281.98,1.86,N,VIIRS_NOAA20_NRT
26.64121,79.47744,305.22,0.4,0.44,2026-07-30,2002,N21,VIIRS,n,2.0NRT,281.74,0.81,N,VIIRS_NOAA21_NRT
23.99013,79.39404,309.27,0.4,0.37,2026-07-30,2040,N,VIIRS,n,2.0NRT,287.02,0.94,N,VIIRS_SNPP_NRT
28.74383,76.93636,306.51,0.42,0.37,2026-07-30,2038,N,VIIRS,n,2.0NRT,290.63,1.62,N,VIIRS_SNPP_NRT
24.14568,82.65837,314.37,0.53,0.42,2026-07-30,2040,N,VIIRS,n,2.0NRT,288.64,1.82,N,VIIRS_SNPP_NRT
29.12459,75.77606,308.37,0.46,0.39,2026-07-30,2038,N,VIIRS,n,2.0NRT,291.32,4.7,N,VIIRS_SNPP_NRT
27.66919,76.12913,306.49,0.43,0.38,2026-07-30,2038,N,VIIRS,n,2.0NRT,290.75,2.12,N,VIIRS_SNPP_NRT
28.27749,77.27287,305.6,0.4,0.37,2026-07-30,2038,N,VIIRS,n,2.0NRT,285.64,0.77,N,VIIRS_SNPP_NRT
24.17904,82.64971,313.02,0.53,0.42,2026-07-30,2040,N,VIIRS,n,2.0NRT,288.42,2.53,N,VIIRS_SNPP_NRT
28.27302,77.18317,298.91,0.41,0.37,2026-07-30,2038,N,VIIRS,n,2.0NRT,281.18,0.61,N,VIIRS_SNPP_NRT
24.20708,82.70964,302.59,0.71,0.75,2026-07-30,1917,N20,VIIRS,n,2.0NRT,282.24,1.44,N,VIIRS_NOAA20_NRT
24.13778,82.69932,305.49,0.53,0.42,2026-07-30,2040,N,VIIRS,n,2.0NRT,288.45,0.8,N,VIIRS_SNPP_NRT
24.92216,84.15519,304.93,0.41,0.45,2026-07-30,2038,N,VIIRS,n,2.0NRT,286.16,2.15,N,VIIRS_SNPP_NRT
28.66088,77.57638,311.47,0.54,0.51,2026-07-30,2002,N21,VIIRS,n,2.0NRT,286.93,2.78,N,VIIRS_NOAA21_NRT
24.16191,82.601,304.71,0.52,0.42,2026-07-30,2040,N,VIIRS,n,2.0NRT,288.26,1.18,N,VIIRS_SNPP_NRT
23.83077,84.57227,304.54,0.54,0.68,2026-07-30,1917,N20,VIIRS,n,2.0NRT,281.67,3.29,N,VIIRS_NOAA20_NRT
29.47497,76.85839,312.47,0.42,0.38,2026-07-30,2038,N,VIIRS,n,2.0NRT,288.84,1.95,N,VIIRS_SNPP_NRT
28.37166,77.22602,310.1,0.41,0.37,2026-07-30,2038,N,VIIRS,n,2.0NRT,288.97,0.97,N,VIIRS_SNPP_NRT
24.16471,82.62849,305.08,0.52,0.42,2026-07-30,2040,N,VIIRS,n,2.0NRT,288.86,1.58,N,VIIRS_SNPP_NRT
23.82542,84.5732,307.34,0.38,0.36,2026-07-30,2004,N21,VIIRS,n,2.0NRT,289.75,1.44,N,VIIRS_NOAA21_NRT
23.82454,84.57153,316.89,0.54,0.68,2026-07-30,1917,N20,VIIRS,n,2.0NRT,282.31,3.29,N,VIIRS_NOAA20_NRT
28.27642,77.18379,303.49,0.41,0.37,2026-07-30,2038,N,VIIRS,n,2.0NRT,284.41,0.99,N,VIIRS_SNPP_NRT
23.82272,84.56887,303.31,0.38,0.36,2026-07-30,2004,N21,VIIRS,n,2.0NRT,289.78,1.44,N,VIIRS_NOAA21_NRT
24.141,82.70184,301.09,0.43,0.62,2026-07-30,2057,N20,VIIRS,n,2.0NRT,283.83,1.42,N,VIIRS_NOAA20_NRT
23.99033,79.39104,298.36,0.54,0.51,2026-07-30,2057,N20,VIIRS,n,2.0NRT,279.45,1.43,N,VIIRS_NOAA20_NRT
24.14061,82.70523,308.54,0.53,0.42,2026-07-30,2040,N,VIIRS,n,2.0NRT,288.78,0.8,N,VIIRS_SNPP_NRT
26.64277,79.47996,322.01,0.39,0.36,2026-07-30,2038,N,VIIRS,n,2.0NRT,287.01,1.9,N,VIIRS_SNPP_NRT
24.18087,82.66086,305.27,0.53,0.42,2026-07-30,2040,N,VIIRS,n,2.0NRT,288.27,1.21,N,VIIRS_SNPP_NRT
23.82494,84.56625,302.13,0.54,0.68,2026-07-30,1917,N20,VIIRS,n,2.0NRT,282.12,4.32,N,VIIRS_NOAA20_NRT
28.2934,77.18693,306.11,0.41,0.37,2026-07-30,2038,N,VIIRS,n,2.0NRT,288.3,1.14,N,VIIRS_SNPP_NRT
28.89301,78.85428,322.32,0.39,0.36,2026-07-30,2038,N,VIIRS,n,2.0NRT,285.44,3.89,N,VIIRS_SNPP_NRT
28.83436,78.77129,319.66,0.45,0.63,2026-07-31,1945,N21,VIIRS,n,2.0NRT,285.46,4.92,N,VIIRS_NOAA21_NRT
23.82283,84.57184,345.63,0.43,0.38,2026-07-31,752,N,VIIRS,n,2.0NRT,298.38,4.79,D,VIIRS_SNPP_NRT
24.16109,82.6302,304.65,0.46,0.47,2026-07-31,1945,N21,VIIRS,n,2.0NRT,277.08,0.97,N,VIIRS_NOAA21_NRT
23.82985,84.57327,304.78,0.41,0.37,2026-07-31,2019,N,VIIRS,n,2.0NRT,284.16,0.76,N,VIIRS_SNPP_NRT
29.90904,74.94445,324.08,0.64,0.54,2026-07-31,2019,N,VIIRS,n,2.0NRT,288.36,4.58,N,VIIRS_SNPP_NRT
24.18093,82.6458,308.54,0.38,0.36,2026-07-31,2019,N,VIIRS,n,2.0NRT,282.52,0.95,N,VIIRS_SNPP_NRT
26.64084,79.48171,306.96,0.72,0.75,2026-07-31,2123,N21,VIIRS,n,2.0NRT,277.51,2.39,N,VIIRS_NOAA21_NRT
28.83179,78.76865,314.79,0.56,0.43,2026-07-31,2019,N,VIIRS,n,2.0NRT,289.48,7.4,N,VIIRS_SNPP_NRT
24.15018,82.58207,305.46,0.38,0.36,2026-07-31,2019,N,VIIRS,n,2.0NRT,285.54,0.7,N,VIIRS_SNPP_NRT
24.17073,82.62221,306.23,0.46,0.47,2026-07-31,1945,N21,VIIRS,n,2.0NRT,277.98,2.5,N,VIIRS_NOAA21_NRT
29.91071,74.94379,315.7,0.63,0.54,2026-07-31,2019,N,VIIRS,n,2.0NRT,288.45,5.6,N,VIIRS_SNPP_NRT
23.82308,84.57192,340.42,0.41,0.37,2026-07-31,2019,N,VIIRS,n,2.0NRT,285.92,3.46,N,VIIRS_SNPP_NRT
24.14058,82.70781,309.13,0.38,0.36,2026-07-31,2019,N,VIIRS,n,2.0NRT,282.15,0.83,N,VIIRS_SNPP_NRT
24.1629,82.63084,309.35,0.38,0.36,2026-07-31,2019,N,VIIRS,n,2.0NRT,285.04,1.82,N,VIIRS_SNPP_NRT
28.35088,77.25739,302.5,0.48,0.65,2026-07-31,2123,N21,VIIRS,n,2.0NRT,280.48,1.33,N,VIIRS_NOAA21_NRT
24.20445,82.71199,302.98,0.45,0.47,2026-07-31,1945,N21,VIIRS,n,2.0NRT,278.24,2.5,N,VIIRS_NOAA21_NRT
29.90774,74.95176,312.57,0.32,0.55,2026-07-31,2125,N21,VIIRS,n,2.0NRT,288.64,3.84,N,VIIRS_NOAA21_NRT
24.17645,82.6527,309.77,0.38,0.36,2026-07-31,2019,N,VIIRS,n,2.0NRT,284.29,0.75,N,VIIRS_SNPP_NRT
24.17975,82.65331,303.79,0.38,0.36,2026-07-31,2019,N,VIIRS,n,2.0NRT,283.18,0.98,N,VIIRS_SNPP_NRT
24.18088,82.65976,299.74,0.43,0.46,2026-07-31,2040,N20,VIIRS,n,2.0NRT,274.65,0.9,N,VIIRS_NOAA20_NRT
26.64276,79.47561,312.24,0.39,0.59,2026-07-31,1945,N21,VIIRS,n,2.0NRT,281.05,1.57,N,VIIRS_NOAA21_NRT
24.14497,82.65836,315.81,0.38,0.36,2026-07-31,2019,N,VIIRS,n,2.0NRT,284.06,2.01,N,VIIRS_SNPP_NRT
26.64447,79.4797,311.34,0.48,0.4,2026-07-31,2019,N,VIIRS,n,2.0NRT,288.4,1.15,N,VIIRS_SNPP_NRT
28.83469,78.76663,329.97,0.45,0.63,2026-07-31,1945,N21,VIIRS,n,2.0NRT,284.04,4.92,N,VIIRS_NOAA21_NRT
24.14711,82.65685,306.08,0.46,0.47,2026-07-31,1945,N21,VIIRS,n,2.0NRT,273.85,1.46,N,VIIRS_NOAA21_NRT
27.6659,76.12939,301.83,0.43,0.62,2026-07-31,2123,N21,VIIRS,n,2.0NRT,285.07,1.1,N,VIIRS_NOAA21_NRT
26.64243,79.47951,306.18,0.39,0.59,2026-07-31,1945,N21,VIIRS,n,2.0NRT,281.56,1.39,N,VIIRS_NOAA21_NRT
24.14388,82.70842,305.05,0.38,0.36,2026-07-31,2019,N,VIIRS,n,2.0NRT,282.1,1.07,N,VIIRS_SNPP_NRT
23.82646,84.5726,318.47,0.41,0.37,2026-07-31,2019,N,VIIRS,n,2.0NRT,284.94,3.46,N,VIIRS_SNPP_NRT
28.83574,78.76926,330.97,0.56,0.43,2026-07-31,2019,N,VIIRS,n,2.0NRT,290.51,7.4,N,VIIRS_SNPP_NRT
23.82359,84.57544,335.68,0.43,0.38,2026-07-31,752,N,VIIRS,n,2.0NRT,297.51,4.4,D,VIIRS_SNPP_NRT
24.20715,82.70804,299.9,0.43,0.46,2026-07-31,2040,N20,VIIRS,n,2.0NRT,274.99,1.42,N,VIIRS_NOAA20_NRT
26.63924,79.48292,303.85,0.72,0.76,2026-07-31,2123,N21,VIIRS,n,2.0NRT,277.87,1.89,N,VIIRS_NOAA21_NRT
26.64223,79.48099,310.23,0.48,0.4,2026-07-31,2019,N,VIIRS,n,2.0NRT,288.31,0.87,N,VIIRS_SNPP_NRT
23.82646,84.57477,311.06,0.53,0.42,2026-07-31,1945,N21,VIIRS,n,2.0NRT,285.82,3.54,N,VIIRS_NOAA21_NRT
26.64078,79.4791,313.2,0.48,0.4,2026-07-31,2019,N,VIIRS,n,2.0NRT,287.89,1.15,N,VIIRS_SNPP_NRT
23.82328,84.56903,325.13,0.53,0.42,2026-07-31,1945,N21,VIIRS,n,2.0NRT,285.76,3.54,N,VIIRS_NOAA21_NRT
24.16608,82.62535,296.6,0.43,0.46,2026-07-31,2040,N20,VIIRS,n,2.0NRT,273.77,0.73,N,VIIRS_NOAA20_NRT
26.64285,79.4761,308.56,0.48,0.4,2026-07-31,2019,N,VIIRS,n,2.0NRT,288.04,0.87,N,VIIRS_SNPP_NRT
28.6504,77.59071,304.55,0.38,0.36,2026-07-31,2038,N20,VIIRS,n,2.0NRT,286.79,1.03,N,VIIRS_NOAA20_NRT
27.66673,76.12946,313.73,0.39,0.36,2026-07-31,2038,N20,VIIRS,n,2.0NRT,292.22,1.98,N,VIIRS_NOAA20_NRT
26.64365,79.48241,315.38,0.42,0.38,2026-07-31,2038,N20,VIIRS,n,2.0NRT,288.79,1.17,N,VIIRS_NOAA20_NRT
23.82301,84.5712,339.68,0.43,0.38,2026-07-31,752,N,VIIRS,n,2.0NRT,297.24,3.7,D,VIIRS_SNPP_NRT
23.66536,84.99729,299.99,0.5,0.41,2026-07-31,1945,N21,VIIRS,n,2.0NRT,282.52,1.65,N,VIIRS_NOAA21_NRT
24.14477,82.65929,299.71,0.46,0.47,2026-07-31,1945,N21,VIIRS,n,2.0NRT,272.99,1.53,N,VIIRS_NOAA21_NRT
24.20506,82.70828,308.73,0.38,0.36,2026-07-31,2019,N,VIIRS,n,2.0NRT,281.33,1.24,N,VIIRS_SNPP_NRT
28.7454,76.93379,311.27,0.39,0.36,2026-07-31,2038,N20,VIIRS,n,2.0NRT,290.02,2.03,N,VIIRS_NOAA20_NRT
24.13811,82.69666,298.01,0.45,0.47,2026-07-31,1945,N21,VIIRS,n,2.0NRT,268.06,0.29,N,VIIRS_NOAA21_NRT
28.83401,78.77017,336.56,0.39,0.36,2026-07-31,2038,N20,VIIRS,n,2.0NRT,292.24,4.7,N,VIIRS_NOAA20_NRT
26.64096,79.47751,313.72,0.42,0.38,2026-07-31,2038,N20,VIIRS,n,2.0NRT,289.0,1.13,N,VIIRS_NOAA20_NRT
23.82418,84.57124,346.41,0.48,0.4,2026-07-31,716,N21,VIIRS,n,2.0NRT,299.05,6.09,D,VIIRS_NOAA21_NRT
28.66269,77.57716,308.06,0.38,0.36,2026-07-31,2038,N20,VIIRS,n,2.0NRT,286.41,1.15,N,VIIRS_NOAA20_NRT
28.34829,77.25721,302.36,0.38,0.36,2026-07-31,2038,N20,VIIRS,n,2.0NRT,283.84,0.95,N,VIIRS_NOAA20_NRT
23.82265,84.57419,329.97,0.53,0.42,2026-07-31,1945,N21,VIIRS,n,2.0NRT,286.21,3.54,N,VIIRS_NOAA21_NRT
28.85254,77.14378,304.44,0.39,0.36,2026-07-31,2038,N20,VIIRS,n,2.0NRT,287.84,1.06,N,VIIRS_NOAA20_NRT
24.14691,82.65614,311.76,0.43,0.46,2026-07-31,2040,N20,VIIRS,n,2.0NRT,278.98,1.02,N,VIIRS_NOAA20_NRT
23.82863,84.57514,330.43,0.48,0.4,2026-07-31,716,N21,VIIRS,n,2.0NRT,297.57,6.09,D,VIIRS_NOAA21_NRT
23.825,84.57589,332.14,0.48,0.4,2026-07-31,716,N21,VIIRS,n,2.0NRT,298.26,6.09,D,VIIRS_NOAA21_NRT
24.18187,82.66138,311.01,0.38,0.36,2026-07-31,2019,N,VIIRS,n,2.0NRT,283.0,0.92,N,VIIRS_SNPP_NRT
24.13935,82.70885,297.19,0.45,0.47,2026-07-31,1945,N21,VIIRS,n,2.0NRT,268.19,0.82,N,VIIRS_NOAA21_NRT
24.17841,82.6504,305.0,0.43,0.46,2026-07-31,2040,N20,VIIRS,n,2.0NRT,274.61,0.9,N,VIIRS_NOAA20_NRT
23.8271,84.56962,314.42,0.53,0.42,2026-07-31,1945,N21,VIIRS,n,2.0NRT,285.72,3.54,N,VIIRS_NOAA21_NRT
24.13606,82.69912,297.2,0.45,0.47,2026-07-31,1945,N21,VIIRS,n,2.0NRT,268.03,0.31,N,VIIRS_NOAA21_NRT
28.65757,77.58816,303.09,0.38,0.36,2026-07-31,2038,N20,VIIRS,n,2.0NRT,285.15,0.91,N,VIIRS_NOAA20_NRT
23.8225,84.57358,297.53,0.57,0.52,2026-07-31,2040,N20,VIIRS,n,2.0NRT,268.86,0.44,N,VIIRS_NOAA20_NRT
24.19728,82.71456,307.07,0.38,0.36,2026-07-31,2019,N,VIIRS,n,2.0NRT,281.21,1.31,N,VIIRS_SNPP_NRT
26.64381,79.47885,311.21,0.42,0.38,2026-08-01,2019,N20,VIIRS,n,2.0NRT,281.95,1.55,N,VIIRS_NOAA20_NRT
24.14243,82.71046,330.26,0.43,0.38,2026-08-01,752,N20,VIIRS,n,2.0NRT,297.37,4.02,D,VIIRS_NOAA20_NRT
26.64038,79.47826,308.02,0.42,0.38,2026-08-01,2019,N20,VIIRS,n,2.0NRT,280.77,1.01,N,VIIRS_NOAA20_NRT
26.64306,79.48007,298.97,0.37,0.58,2026-08-01,2106,N21,VIIRS,n,2.0NRT,265.88,0.43,N,VIIRS_NOAA21_NRT
24.76533,74.60587,305.62,0.47,0.47,2026-08-01,2019,N20,VIIRS,n,2.0NRT,285.42,1.08,N,VIIRS_NOAA20_NRT
24.20259,82.70964,331.81,0.43,0.38,2026-08-01,752,N20,VIIRS,n,2.0NRT,298.53,5.41,D,VIIRS_NOAA20_NRT
23.66203,84.99958,311.85,0.32,0.55,2026-08-01,1925,N21,VIIRS,n,2.0NRT,277.33,1.4,N,VIIRS_NOAA21_NRT
23.66735,84.99706,301.58,0.32,0.55,2026-08-01,1925,N21,VIIRS,n,2.0NRT,275.72,1.18,N,VIIRS_NOAA21_NRT
24.16346,82.63028,330.04,0.42,0.38,2026-08-01,752,N20,VIIRS,n,2.0NRT,296.39,4.87,D,VIIRS_NOAA20_NRT
31.01247,76.57536,295.38,0.5,0.66,2026-08-01,2000,N,VIIRS,n,2.0NRT,285.26,4.85,N,VIIRS_SNPP_NRT
29.59477,76.10917,331.84,0.48,0.48,2026-08-02,735,N20,VIIRS,n,2.0NRT,293.61,5.64,D,VIIRS_NOAA20_NRT
28.18286,76.60889,337.22,0.48,0.48,2026-08-02,735,N20,VIIRS,n,2.0NRT,291.61,3.39,D,VIIRS_NOAA20_NRT
27.66697,76.12926,306.57,0.41,0.37,2026-08-02,2046,N21,VIIRS,n,2.0NRT,281.1,1.92,N,VIIRS_NOAA21_NRT
24.76735,74.60503,297.2,0.46,0.64,2026-08-02,2002,N20,VIIRS,n,2.0NRT,277.53,0.48,N,VIIRS_NOAA20_NRT
24.71447,75.95454,304.2,0.42,0.38,2026-08-02,2049,N21,VIIRS,n,2.0NRT,288.31,1.6,N,VIIRS_NOAA21_NRT
29.59909,76.10796,338.67,0.48,0.48,2026-08-02,735,N20,VIIRS,n,2.0NRT,292.8,5.9,D,VIIRS_NOAA20_NRT
29.45936,76.88863,301.32,0.56,0.51,2026-08-02,2123,N,VIIRS,n,2.0NRT,281.04,1.68,N,VIIRS_SNPP_NRT
29.59424,76.10698,333.3,0.48,0.48,2026-08-02,735,N20,VIIRS,n,2.0NRT,292.87,3.14,D,VIIRS_NOAA20_NRT
28.7467,76.92795,303.75,0.37,0.58,2026-08-02,2000,N20,VIIRS,n,2.0NRT,278.53,0.6,N,VIIRS_NOAA20_NRT
29.47797,76.85978,307.2,0.66,0.73,2026-08-02,2140,N20,VIIRS,n,2.0NRT,285.81,1.34,N,VIIRS_NOAA20_NRT
23.82626,84.92207,296.97,0.51,0.49,2026-08-02,1942,N,VIIRS,n,2.0NRT,278.43,1.64,N,VIIRS_SNPP_NRT
31.07977,74.70936,330.43,0.49,0.4,2026-08-02,822,N21,VIIRS,n,2.0NRT,300.29,5.24,D,VIIRS_NOAA21_NRT
24.93391,74.63229,300.31,0.51,0.49,2026-08-02,2125,N,VIIRS,n,2.0NRT,283.38,0.9,N,VIIRS_SNPP_NRT
24.57784,74.80232,304.11,0.4,0.37,2026-08-02,2049,N21,VIIRS,n,2.0NRT,287.94,0.65,N,VIIRS_NOAA21_NRT
31.14965,74.86246,330.78,0.5,0.41,2026-08-02,822,N21,VIIRS,n,2.0NRT,300.58,7.07,D,VIIRS_NOAA21_NRT
29.59857,76.10577,343.58,0.48,0.48,2026-08-02,735,N20,VIIRS,n,2.0NRT,293.19,4.28,D,VIIRS_NOAA20_NRT
29.47461,76.85748,306.47,0.41,0.37,2026-08-02,2046,N21,VIIRS,n,2.0NRT,280.45,0.59,N,VIIRS_NOAA21_NRT
29.47635,76.85744,313.34,0.56,0.51,2026-08-02,2123,N,VIIRS,n,2.0NRT,288.79,4.23,N,VIIRS_SNPP_NRT
29.63628,77.26997,334.98,0.41,0.45,2026-08-02,735,N20,VIIRS,n,2.0NRT,290.38,4.27,D,VIIRS_NOAA20_NRT
27.19168,79.73158,295.0,0.48,0.4,2026-08-04,2008,N21,VIIRS,n,2.0NRT,265.92,0.72,N,VIIRS_NOAA21_NRT
28.77298,76.6991,305.86,0.49,0.49,2026-08-04,2008,N21,VIIRS,n,2.0NRT,287.77,1.78,N,VIIRS_NOAA21_NRT
24.9348,74.63297,303.67,0.41,0.37,2026-08-04,2046,N,VIIRS,n,2.0NRT,284.9,0.78,N,VIIRS_SNPP_NRT
24.76383,74.6097,310.94,0.41,0.37,2026-08-04,2046,N,VIIRS,n,2.0NRT,283.82,1.25,N,VIIRS_SNPP_NRT
29.12459,75.77742,305.13,0.41,0.37,2026-08-04,2044,N,VIIRS,n,2.0NRT,287.28,1.38,N,VIIRS_SNPP_NRT
24.94367,74.94578,303.76,0.52,0.67,2026-08-05,2131,N21,VIIRS,n,2.0NRT,280.4,1.09,N,VIIRS_NOAA21_NRT
31.25879,76.92562,299.13,0.49,0.65,2026-08-05,2129,N21,VIIRS,n,2.0NRT,279.51,0.95,N,VIIRS_NOAA21_NRT
31.25127,76.92996,305.33,0.38,0.36,2026-08-05,2044,N20,VIIRS,n,2.0NRT,288.65,0.69,N,VIIRS_NOAA20_NRT
31.32849,76.8965,305.89,0.38,0.36,2026-08-05,2044,N20,VIIRS,n,2.0NRT,289.2,0.52,N,VIIRS_NOAA20_NRT
24.7634,74.60711,303.9,0.46,0.47,2026-08-05,2025,N,VIIRS,n,2.0NRT,282.19,1.12,N,VIIRS_SNPP_NRT
24.93367,74.63535,306.22,0.39,0.36,2026-08-05,2046,N20,VIIRS,n,2.0NRT,282.37,0.97,N,VIIRS_NOAA20_NRT
24.76417,74.60862,313.02,0.38,0.36,2026-08-05,2046,N20,VIIRS,n,2.0NRT,283.7,1.61,N,VIIRS_NOAA20_NRT
31.41325,76.83527,305.18,0.38,0.36,2026-08-05,2044,N20,VIIRS,n,2.0NRT,290.91,0.81,N,VIIRS_NOAA20_NRT
23.66748,84.99914,300.96,0.4,0.44,2026-08-07,1949,N,VIIRS,n,2.0NRT,288.84,1.32,N,VIIRS_SNPP_NRT
23.6651,84.99844,311.54,0.39,0.36,2026-08-07,2008,N20,VIIRS,n,2.0NRT,291.29,2.16,N,VIIRS_NOAA20_NRT
26.6412,79.48167,302.59,0.48,0.48,2026-08-07,2053,N21,VIIRS,n,2.0NRT,275.86,0.53,N,VIIRS_NOAA21_NRT
24.14751,82.65939,295.89,0.4,0.37,2026-08-07,2008,N20,VIIRS,n,2.0NRT,268.46,0.81,N,VIIRS_NOAA20_NRT
24.14051,82.70663,303.1,0.4,0.37,2026-08-07,2008,N20,VIIRS,n,2.0NRT,278.43,1.11,N,VIIRS_NOAA20_NRT
29.45735,76.87064,307.61,0.47,0.4,2026-08-07,2053,N21,VIIRS,n,2.0NRT,279.62,1.8,N,VIIRS_NOAA21_NRT
26.7614,83.20079,302.9,0.41,0.37,2026-08-07,2008,N20,VIIRS,n,2.0NRT,278.99,1.14,N,VIIRS_NOAA20_NRT
26.64386,79.47507,295.42,0.47,0.64,2026-08-07,1947,N,VIIRS,n,2.0NRT,265.29,2.77,N,VIIRS_SNPP_NRT
23.6634,84.99857,303.84,0.4,0.44,2026-08-07,1949,N,VIIRS,n,2.0NRT,287.12,1.32,N,VIIRS_SNPP_NRT
26.75785,83.19983,307.56,0.4,0.6,2026-08-07,2053,N21,VIIRS,n,2.0NRT,287.64,3.06,N,VIIRS_NOAA21_NRT
23.67205,84.99582,300.43,0.4,0.44,2026-08-07,1949,N,VIIRS,n,2.0NRT,288.25,1.86,N,VIIRS_SNPP_NRT
28.85394,77.1468,306.44,0.39,0.36,2026-08-08,2034,N21,VIIRS,n,2.0NRT,289.13,2.27,N,VIIRS_NOAA21_NRT
26.64129,79.48198,298.08,0.72,0.76,2026-08-08,2127,N20,VIIRS,n,2.0NRT,266.75,1.18,N,VIIRS_NOAA20_NRT
26.64099,79.48178,297.58,0.73,0.76,2026-08-08,2127,N20,VIIRS,n,2.0NRT,266.12,6.27,N,VIIRS_NOAA20_NRT
24.19848,82.71488,302.04,0.45,0.47,2026-08-08,1949,N20,VIIRS,n,2.0NRT,276.88,0.7,N,VIIRS_NOAA20_NRT
24.18365,82.65485,304.81,0.45,0.47,2026-08-08,1949,N20,VIIRS,n,2.0NRT,281.57,1.13,N,VIIRS_NOAA20_NRT
31.2613,76.92593,304.77,0.4,0.6,2026-08-08,2127,N20,VIIRS,n,2.0NRT,282.3,1.56,N,VIIRS_NOAA20_NRT
24.18275,82.65568,305.15,0.43,0.46,2026-08-08,2034,N21,VIIRS,n,2.0NRT,279.44,1.7,N,VIIRS_NOAA21_NRT
26.64261,79.47755,310.6,0.42,0.38,2026-08-08,2034,N21,VIIRS,n,2.0NRT,285.66,1.39,N,VIIRS_NOAA21_NRT
24.2033,82.71077,303.58,0.45,0.47,2026-08-08,1949,N20,VIIRS,n,2.0NRT,278.61,1.16,N,VIIRS_NOAA20_NRT
24.20755,82.71158,303.82,0.45,0.47,2026-08-08,1949,N20,VIIRS,n,2.0NRT,279.03,1.16,N,VIIRS_NOAA20_NRT
24.16996,82.62179,310.52,0.45,0.47,2026-08-08,1949,N20,VIIRS,n,2.0NRT,283.26,1.6,N,VIIRS_NOAA20_NRT
26.64085,79.47772,304.21,0.59,0.53,2026-08-08,2110,N,VIIRS,n,2.0NRT,279.24,0.85,N,VIIRS_SNPP_NRT
28.85252,77.14256,303.76,0.56,0.69,2026-08-08,1947,N20,VIIRS,n,2.0NRT,280.62,0.97,N,VIIRS_NOAA20_NRT
26.6441,79.47943,302.9,0.59,0.53,2026-08-08,2110,N,VIIRS,n,2.0NRT,278.84,1.11,N,VIIRS_SNPP_NRT
27.66929,76.13332,305.1,0.55,0.42,2026-08-08,2110,N,VIIRS,n,2.0NRT,290.4,1.49,N,VIIRS_SNPP_NRT
29.06436,79.52175,337.22,0.48,0.48,2026-08-08,724,N20,VIIRS,n,2.0NRT,292.26,4.71,D,VIIRS_NOAA20_NRT
26.75992,83.19685,307.83,0.45,0.47,2026-08-08,1947,N20,VIIRS,n,2.0NRT,287.39,1.66,N,VIIRS_NOAA20_NRT
26.64189,79.4817,319.52,0.42,0.38,2026-08-08,2034,N21,VIIRS,n,2.0NRT,285.81,1.39,N,VIIRS_NOAA21_NRT
26.76135,83.19946,307.21,0.45,0.47,2026-08-08,1947,N20,VIIRS,n,2.0NRT,287.72,2.81,N,VIIRS_NOAA20_NRT
26.64249,79.47604,319.1,0.38,0.59,2026-08-08,1947,N20,VIIRS,n,2.0NRT,278.46,1.49,N,VIIRS_NOAA20_NRT
28.74297,76.93353,308.59,0.39,0.36,2026-08-09,2051,N,VIIRS,n,2.0NRT,287.86,0.94,N,VIIRS_SNPP_NRT
24.20134,82.71565,305.62,0.45,0.63,2026-08-09,1930,N20,VIIRS,n,2.0NRT,287.34,2.07,N,VIIRS_NOAA20_NRT
24.18274,82.66058,304.02,0.45,0.63,2026-08-09,1930,N20,VIIRS,n,2.0NRT,287.54,2.38,N,VIIRS_NOAA20_NRT
24.16866,82.61945,312.03,0.45,0.63,2026-08-09,1930,N20,VIIRS,n,2.0NRT,285.29,3.18,N,VIIRS_NOAA20_NRT
24.18504,82.65644,305.11,0.53,0.5,2026-08-09,2053,N,VIIRS,n,2.0NRT,288.06,1.5,N,VIIRS_SNPP_NRT
24.20174,82.71103,301.51,0.45,0.63,2026-08-09,1930,N20,VIIRS,n,2.0NRT,287.08,1.46,N,VIIRS_NOAA20_NRT
24.1829,82.66151,304.97,0.45,0.63,2026-08-09,1930,N20,VIIRS,n,2.0NRT,287.66,2.4,N,VIIRS_NOAA20_NRT
24.44991,83.03921,309.22,0.4,0.37,2026-08-09,2017,N21,VIIRS,n,2.0NRT,292.04,1.62,N,VIIRS_NOAA21_NRT
24.20751,82.71186,308.6,0.45,0.63,2026-08-09,1930,N20,VIIRS,n,2.0NRT,287.28,1.46,N,VIIRS_NOAA20_NRT
29.47427,76.85662,308.43,0.46,0.47,2026-08-09,2110,N20,VIIRS,n,2.0NRT,284.26,0.68,N,VIIRS_NOAA20_NRT
24.20835,82.70866,303.83,0.45,0.63,2026-08-09,1930,N20,VIIRS,n,2.0NRT,287.17,1.61,N,VIIRS_NOAA20_NRT
29.47577,76.85696,307.79,0.39,0.36,2026-08-09,2051,N,VIIRS,n,2.0NRT,287.48,0.61,N,VIIRS_SNPP_NRT
28.37205,77.22668,305.23,0.39,0.36,2026-08-09,2051,N,VIIRS,n,2.0NRT,287.46,0.97,N,VIIRS_SNPP_NRT
24.20326,82.71017,303.67,0.4,0.37,2026-08-09,2017,N21,VIIRS,n,2.0NRT,291.26,2.16,N,VIIRS_NOAA21_NRT
29.47654,76.86024,309.21,0.46,0.47,2026-08-09,2110,N20,VIIRS,n,2.0NRT,284.42,0.86,N,VIIRS_NOAA20_NRT
24.16215,82.63046,302.45,0.4,0.37,2026-08-09,2017,N21,VIIRS,n,2.0NRT,291.0,0.82,N,VIIRS_NOAA21_NRT
24.20391,82.70625,303.2,0.4,0.37,2026-08-09,2017,N21,VIIRS,n,2.0NRT,291.38,1.3,N,VIIRS_NOAA21_NRT
24.13941,82.70577,307.83,0.4,0.37,2026-08-09,2017,N21,VIIRS,n,2.0NRT,291.39,1.72,N,VIIRS_NOAA21_NRT
28.81726,76.83368,304.86,0.39,0.44,2026-08-09,2014,N21,VIIRS,n,2.0NRT,284.45,2.41,N,VIIRS_NOAA21_NRT
24.17769,82.65121,301.64,0.45,0.63,2026-08-09,1930,N20,VIIRS,n,2.0NRT,287.13,2.29,N,VIIRS_NOAA20_NRT
24.17747,82.65152,309.63,0.53,0.5,2026-08-09,2053,N,VIIRS,n,2.0NRT,288.57,1.92,N,VIIRS_SNPP_NRT
24.17704,82.64884,304.12,0.53,0.5,2026-08-09,2053,N,VIIRS,n,2.0NRT,288.36,1.95,N,VIIRS_SNPP_NRT
24.20799,82.71298,303.89,0.45,0.63,2026-08-09,1930,N20,VIIRS,n,2.0NRT,287.27,2.23,N,VIIRS_NOAA20_NRT
24.2066,82.7108,306.64,0.4,0.37,2026-08-09,2017,N21,VIIRS,n,2.0NRT,291.71,1.52,N,VIIRS_NOAA21_NRT
24.18312,82.65615,299.78,0.45,0.63,2026-08-09,1930,N20,VIIRS,n,2.0NRT,287.05,1.64,N,VIIRS_NOAA20_NRT
23.82163,84.57192,296.02,0.35,0.57,2026-08-09,2053,N,VIIRS,n,2.0NRT,282.73,1.68,N,VIIRS_SNPP_NRT
26.64338,79.4809,295.12,0.42,0.38,2026-08-09,2017,N21,VIIRS,n,2.0NRT,260.67,1.26,N,VIIRS_NOAA21_NRT
26.64114,79.47723,312.55,0.39,0.44,2026-08-10,2051,N20,VIIRS,n,2.0NRT,279.47,1.43,N,VIIRS_NOAA20_NRT
29.45847,76.86858,313.9,0.41,0.37,2026-08-10,2049,N20,VIIRS,n,2.0NRT,267.15,0.54,N,VIIRS_NOAA20_NRT
29.45921,76.86439,300.55,0.41,0.37,2026-08-10,2049,N20,VIIRS,n,2.0NRT,268.56,0.79,N,VIIRS_NOAA20_NRT
24.76402,74.60906,296.61,0.39,0.36,2026-08-10,2051,N20,VIIRS,n,2.0NRT,266.14,0.26,N,VIIRS_NOAA20_NRT
23.8285,84.5746,296.31,0.43,0.46,2026-08-11,1938,N21,VIIRS,n,2.0NRT,272.15,1.08,N,VIIRS_NOAA21_NRT
24.16899,82.62115,335.93,0.4,0.44,2026-08-11,805,N20,VIIRS,n,2.0NRT,294.08,4.32,D,VIIRS_NOAA20_NRT
28.2789,77.27592,309.9,0.4,0.37,2026-08-11,2032,N20,VIIRS,n,2.0NRT,293.16,1.41,N,VIIRS_NOAA20_NRT
28.6487,77.58789,307.21,0.53,0.5,2026-08-11,2014,N,VIIRS,n,2.0NRT,290.5,5.8,N,VIIRS_SNPP_NRT
28.66428,77.57787,311.08,0.4,0.37,2026-08-11,2032,N20,VIIRS,n,2.0NRT,292.87,3.12,N,VIIRS_NOAA20_NRT
28.37074,77.26344,310.58,0.4,0.37,2026-08-11,2032,N20,VIIRS,n,2.0NRT,293.01,1.82,N,VIIRS_NOAA20_NRT
28.34709,77.25639,304.01,0.39,0.59,2026-08-11,2118,N21,VIIRS,n,2.0NRT,288.06,0.49,N,VIIRS_NOAA21_NRT
26.63957,79.47667,308.39,0.49,0.65,2026-08-11,1938,N21,VIIRS,n,2.0NRT,287.76,3.2,N,VIIRS_NOAA21_NRT
28.34712,77.25909,311.4,0.4,0.37,2026-08-11,2032,N20,VIIRS,n,2.0NRT,292.85,1.43,N,VIIRS_NOAA20_NRT
26.75969,83.19914,312.73,0.41,0.37,2026-08-11,2014,N,VIIRS,n,2.0NRT,291.03,2.97,N,VIIRS_SNPP_NRT
23.8256,84.57082,297.59,0.46,0.47,2026-08-11,2034,N20,VIIRS,n,2.0NRT,276.05,0.59,N,VIIRS_NOAA20_NRT
28.35049,77.2597,307.19,0.4,0.37,2026-08-11,2032,N20,VIIRS,n,2.0NRT,293.07,1.43,N,VIIRS_NOAA20_NRT
23.82899,84.57037,295.96,0.43,0.46,2026-08-11,1938,N21,VIIRS,n,2.0NRT,272.58,1.08,N,VIIRS_NOAA21_NRT
23.82424,84.57269,322.48,0.38,0.36,2026-08-11,2014,N,VIIRS,n,2.0NRT,281.69,1.47,N,VIIRS_SNPP_NRT
23.82011,84.57342,296.93,0.43,0.46,2026-08-11,1938,N21,VIIRS,n,2.0NRT,272.23,0.67,N,VIIRS_NOAA21_NRT
23.82094,84.57207,306.88,0.38,0.36,2026-08-11,2014,N,VIIRS,n,2.0NRT,280.72,1.47,N,VIIRS_SNPP_NRT
23.82334,84.57131,337.01,0.39,0.36,2026-08-11,746,N,VIIRS,n,2.0NRT,301.02,2.24,D,VIIRS_SNPP_NRT
23.8239,84.57516,338.45,0.39,0.36,2026-08-11,746,N,VIIRS,n,2.0NRT,301.98,8.57,D,VIIRS_SNPP_NRT
23.8243,84.574,308.76,0.43,0.46,2026-08-11,1938,N21,VIIRS,n,2.0NRT,272.21,1.08,N,VIIRS_NOAA21_NRT
23.82479,84.56979,307.49,0.43,0.46,2026-08-11,1938,N21,VIIRS,n,2.0NRT,273.38,1.08,N,VIIRS_NOAA21_NRT
23.82465,84.57246,342.89,0.39,0.44,2026-08-11,709,N21,VIIRS,n,2.0NRT,297.52,10.61,D,VIIRS_NOAA21_NRT
26.91881,82.54733,331.74,0.44,0.46,2026-08-11,712,N21,VIIRS,n,2.0NRT,293.76,4.34,D,VIIRS_NOAA21_NRT
28.34927,77.25589,306.44,0.55,0.51,2026-08-11,2014,N,VIIRS,n,2.0NRT,289.2,3.29,N,VIIRS_SNPP_NRT
28.12306,81.62691,330.77,0.39,0.36,2026-08-11,748,N,VIIRS,n,2.0NRT,298.97,2.25,D,VIIRS_SNPP_NRT
23.82754,84.57332,306.58,0.38,0.36,2026-08-11,2014,N,VIIRS,n,2.0NRT,280.53,0.88,N,VIIRS_SNPP_NRT
28.65111,77.58927,306.15,0.53,0.5,2026-08-11,2014,N,VIIRS,n,2.0NRT,290.38,6.51,N,VIIRS_SNPP_NRT
24.20345,82.71145,304.55,0.38,0.36,2026-08-12,2014,N20,VIIRS,n,2.0NRT,281.36,1.3,N,VIIRS_NOAA20_NRT
26.64241,79.47778,308.34,0.48,0.4,2026-08-12,2014,N20,VIIRS,n,2.0NRT,291.33,1.15,N,VIIRS_NOAA20_NRT
28.19945,76.90763,307.02,0.39,0.44,2026-08-12,2057,N21,VIIRS,n,2.0NRT,290.56,1.13,N,VIIRS_NOAA21_NRT
31.25882,76.92647,304.8,0.39,0.59,2026-08-12,2133,N,VIIRS,n,2.0NRT,288.82,0.61,N,VIIRS_SNPP_NRT
31.25867,76.92541,304.18,0.52,0.42,2026-08-12,2057,N21,VIIRS,n,2.0NRT,291.42,1.43,N,VIIRS_NOAA21_NRT
31.49857,75.84365,330.44,0.47,0.4,2026-08-12,750,N20,VIIRS,l,2.0NRT,301.14,5.11,D,VIIRS_NOAA20_NRT
26.64242,79.48309,313.16,0.7,0.75,2026-08-12,2133,N,VIIRS,n,2.0NRT,286.19,2.67,N,VIIRS_SNPP_NRT
28.37061,77.26281,306.87,0.41,0.45,2026-08-12,2057,N21,VIIRS,n,2.0NRT,291.6,2.43,N,VIIRS_NOAA21_NRT
23.8232,84.57487,301.72,0.41,0.37,2026-08-12,2014,N20,VIIRS,n,2.0NRT,266.67,0.81,N,VIIRS_NOAA20_NRT
24.20536,82.71243,303.22,0.45,0.47,2026-08-12,1955,N,VIIRS,n,2.0NRT,279.26,2.57,N,VIIRS_SNPP_NRT
29.73349,78.01696,332.85,0.41,0.37,2026-08-12,748,N20,VIIRS,l,2.0NRT,303.52,5.29,D,VIIRS_NOAA20_NRT
25.4643,83.13992,333.19,0.4,0.37,2026-08-12,748,N20,VIIRS,n,2.0NRT,302.7,5.43,D,VIIRS_NOAA20_NRT
23.82221,84.57487,333.58,0.43,0.38,2026-08-12,746,N20,VIIRS,n,2.0NRT,293.93,6.54,D,VIIRS_NOAA20_NRT
25.46093,83.1405,335.44,0.4,0.37,2026-08-12,748,N20,VIIRS,n,2.0NRT,303.7,5.37,D,VIIRS_NOAA20_NRT
26.64153,79.47498,306.13,0.38,0.59,2026-08-12,1953,N,VIIRS,n,2.0NRT,284.86,1.03,N,VIIRS_SNPP_NRT
25.33686,83.10394,330.3,0.4,0.37,2026-08-12,748,N20,VIIRS,l,2.0NRT,301.23,2.78,D,VIIRS_NOAA20_NRT
25.45755,83.14108,336.4,0.4,0.37,2026-08-12,748,N20,VIIRS,n,2.0NRT,304.34,5.37,D,VIIRS_NOAA20_NRT
24.16861,82.62848,309.23,0.38,0.36,2026-08-12,2014,N20,VIIRS,n,2.0NRT,284.02,1.19,N,VIIRS_NOAA20_NRT
23.82245,84.57461,327.65,0.38,0.58,2026-08-12,652,N21,VIIRS,n,2.0NRT,279.24,7.46,D,VIIRS_NOAA21_NRT
28.65299,77.58749,312.79,0.43,0.46,2026-08-12,2014,N20,VIIRS,n,2.0NRT,291.13,1.18,N,VIIRS_NOAA20_NRT
24.20403,82.7077,305.63,0.38,0.36,2026-08-12,2014,N20,VIIRS,n,2.0NRT,281.62,0.58,N,VIIRS_NOAA20_NRT
23.82724,84.57159,297.82,0.41,0.37,2026-08-12,2014,N20,VIIRS,n,2.0NRT,267.25,0.81,N,VIIRS_NOAA20_NRT
24.16736,82.62198,297.19,0.45,0.47,2026-08-12,1955,N,VIIRS,n,2.0NRT,274.84,0.77,N,VIIRS_SNPP_NRT
31.25021,76.92845,303.9,0.52,0.42,2026-08-12,2057,N21,VIIRS,n,2.0NRT,291.35,0.83,N,VIIRS_NOAA21_NRT
24.20732,82.70832,305.55,0.38,0.36,2026-08-12,2014,N20,VIIRS,n,2.0NRT,281.68,0.58,N,VIIRS_NOAA20_NRT
24.1854,82.6541,306.41,0.38,0.36,2026-08-12,2014,N20,VIIRS,n,2.0NRT,284.83,0.91,N,VIIRS_NOAA20_NRT
26.64256,79.48462,310.31,0.7,0.75,2026-08-12,2133,N,VIIRS,n,2.0NRT,286.31,2.46,N,VIIRS_SNPP_NRT
24.16979,82.62099,318.69,0.38,0.36,2026-08-12,2014,N20,VIIRS,n,2.0NRT,284.07,1.06,N,VIIRS_NOAA20_NRT
24.16145,82.631,302.49,0.38,0.36,2026-08-12,2014,N20,VIIRS,n,2.0NRT,283.59,0.98,N,VIIRS_NOAA20_NRT
24.13923,82.70773,305.69,0.38,0.36,2026-08-12,2014,N20,VIIRS,n,2.0NRT,283.81,0.59,N,VIIRS_NOAA20_NRT
26.6419,79.47903,313.1,0.6,0.53,2026-08-12,2059,N21,VIIRS,n,2.0NRT,290.46,1.97,N,VIIRS_NOAA21_NRT
24.16228,82.60419,304.2,0.38,0.36,2026-08-12,2014,N20,VIIRS,n,2.0NRT,283.57,0.44,N,VIIRS_NOAA20_NRT
24.19957,82.71458,303.79,0.38,0.36,2026-08-12,2014,N20,VIIRS,n,2.0NRT,280.69,0.71,N,VIIRS_NOAA20_NRT
24.17882,82.65287,307.32,0.38,0.36,2026-08-12,2014,N20,VIIRS,n,2.0NRT,284.87,0.93,N,VIIRS_NOAA20_NRT
24.1692,82.62474,306.16,0.38,0.36,2026-08-12,2014,N20,VIIRS,n,2.0NRT,283.65,1.06,N,VIIRS_NOAA20_NRT
24.66126,74.63389,296.63,0.41,0.45,2026-08-13,2118,N,VIIRS,n,2.0NRT,272.55,0.71,N,VIIRS_SNPP_NRT
28.13188,76.89797,316.67,0.39,0.36,2026-08-13,2040,N21,VIIRS,n,2.0NRT,283.88,1.3,N,VIIRS_NOAA21_NRT
31.2496,76.92681,302.25,0.38,0.36,2026-08-13,2040,N21,VIIRS,n,2.0NRT,288.06,0.73,N,VIIRS_NOAA21_NRT
30.8752,76.01562,331.42,0.47,0.4,2026-08-13,816,N21,VIIRS,n,2.0NRT,299.34,3.37,D,VIIRS_NOAA21_NRT
31.32669,76.89336,305.92,0.38,0.36,2026-08-13,2040,N21,VIIRS,n,2.0NRT,289.85,0.97,N,VIIRS_NOAA21_NRT
30.59028,74.81104,332.2,0.42,0.38,2026-08-13,816,N21,VIIRS,n,2.0NRT,300.42,3.41,D,VIIRS_NOAA21_NRT
28.66194,77.57907,311.79,0.4,0.37,2026-08-13,2040,N21,VIIRS,n,2.0NRT,282.72,1.33,N,VIIRS_NOAA21_NRT
29.06069,79.5211,330.18,0.39,0.44,2026-08-13,731,N20,VIIRS,n,2.0NRT,297.26,3.85,D,VIIRS_NOAA20_NRT
28.64995,77.58897,306.76,0.4,0.37,2026-08-13,2040,N21,VIIRS,n,2.0NRT,280.16,0.82,N,VIIRS_NOAA21_NRT
31.15114,74.8723,330.75,0.43,0.38,2026-08-13,816,N21,VIIRS,l,2.0NRT,305.45,7.15,D,VIIRS_NOAA21_NRT
29.1239,75.77663,310.57,0.39,0.36,2026-08-13,2040,N21,VIIRS,n,2.0NRT,291.49,1.07,N,VIIRS_NOAA21_NRT
28.77656,76.94697,309.26,0.48,0.4,2026-08-14,2021,N21,VIIRS,n,2.0NRT,283.83,1.01,N,VIIRS_NOAA21_NRT
29.12209,75.77994,305.7,0.55,0.43,2026-08-14,2021,N21,VIIRS,n,2.0NRT,286.54,1.66,N,VIIRS_NOAA21_NRT
28.77631,76.95009,309.9,0.48,0.4,2026-08-14,2021,N21,VIIRS,n,2.0NRT,283.92,1.33,N,VIIRS_NOAA21_NRT
26.76095,83.19885,295.11,0.35,0.57,2026-08-14,1936,N20,VIIRS,n,2.0NRT,264.71,0.46,N,VIIRS_NOAA20_NRT
29.4775,76.85964,305.44,0.47,0.4,2026-08-15,2057,N20,VIIRS,n,2.0NRT,289.88,2.17,N,VIIRS_NOAA20_NRT
24.18051,82.64401,299.92,0.4,0.37,2026-08-15,2004,N21,VIIRS,n,2.0NRT,271.81,0.71,N,VIIRS_NOAA21_NRT
24.13888,82.70657,297.09,0.4,0.37,2026-08-15,2004,N21,VIIRS,n,2.0NRT,267.82,0.47,N,VIIRS_NOAA21_NRT
27.79236,75.33102,306.99,0.41,0.37,2026-08-16,2040,N20,VIIRS,n,2.0NRT,290.27,0.82,N,VIIRS_NOAA20_NRT
31.25765,76.92495,305.34,0.4,0.6,2026-08-16,2125,N21,VIIRS,n,2.0NRT,287.95,0.88,N,VIIRS_NOAA21_NRT
23.82553,84.57439,302.71,0.52,0.42,2026-08-16,1945,N21,VIIRS,n,2.0NRT,280.19,1.56,N,VIIRS_NOAA21_NRT
23.82172,84.57381,312.73,0.52,0.42,2026-08-16,1945,N21,VIIRS,n,2.0NRT,280.57,2.21,N,VIIRS_NOAA21_NRT
30.80121,75.47137,334.22,0.4,0.37,2026-08-16,813,N20,VIIRS,n,2.0NRT,300.67,2.36,D,VIIRS_NOAA20_NRT
23.82388,84.57319,307.11,0.41,0.37,2026-08-16,2019,N,VIIRS,n,2.0NRT,273.38,1.28,N,VIIRS_SNPP_NRT
29.47517,76.85713,306.58,0.39,0.36,2026-08-16,2038,N20,VIIRS,n,2.0NRT,287.84,1.79,N,VIIRS_NOAA20_NRT
29.97257,77.51968,296.97,0.39,0.36,2026-08-16,2038,N20,VIIRS,n,2.0NRT,274.77,0.41,N,VIIRS_NOAA20_NRT
27.02486,77.7508,304.76,0.39,0.36,2026-08-16,2040,N20,VIIRS,n,2.0NRT,280.78,0.45,N,VIIRS_NOAA20_NRT
31.14698,74.88023,330.78,0.39,0.37,2026-08-16,813,N20,VIIRS,l,2.0NRT,304.1,6.1,D,VIIRS_NOAA20_NRT
30.99395,74.52837,330.83,0.39,0.36,2026-08-16,813,N20,VIIRS,l,2.0NRT,304.59,4.18,D,VIIRS_NOAA20_NRT
31.14972,74.87548,331.94,0.39,0.37,2026-08-16,813,N20,VIIRS,l,2.0NRT,304.73,5.25,D,VIIRS_NOAA20_NRT
31.14149,74.88973,330.12,0.39,0.37,2026-08-16,813,N20,VIIRS,l,2.0NRT,304.14,5.03,D,VIIRS_NOAA20_NRT
31.13501,74.91634,330.24,0.4,0.37,2026-08-16,813,N20,VIIRS,l,2.0NRT,304.16,4.99,D,VIIRS_NOAA20_NRT
31.13776,74.91158,331.68,0.4,0.37,2026-08-16,813,N20,VIIRS,l,2.0NRT,304.88,6.56,D,VIIRS_NOAA20_NRT
28.74395,76.92806,306.2,0.39,0.36,2026-08-16,2038,N20,VIIRS,n,2.0NRT,282.12,0.94,N,VIIRS_NOAA20_NRT
28.85306,77.14323,306.41,0.35,0.57,2026-08-18,2002,N20,VIIRS,n,2.0NRT,285.71,1.07,N,VIIRS_NOAA20_NRT
28.77098,77.56678,309.81,0.44,0.38,2026-08-18,2046,N21,VIIRS,n,2.0NRT,285.72,1.1,N,VIIRS_NOAA21_NRT
27.52979,77.66254,329.59,0.46,0.39,2026-08-18,2046,N21,VIIRS,n,2.0NRT,291.77,6.28,N,VIIRS_NOAA21_NRT
28.70777,76.8554,308.89,0.37,0.58,2026-08-18,2002,N20,VIIRS,n,2.0NRT,282.13,2.04,N,VIIRS_NOAA20_NRT
28.37118,77.22666,309.32,0.43,0.38,2026-08-18,2046,N21,VIIRS,n,2.0NRT,291.63,2.47,N,VIIRS_NOAA21_NRT
27.66689,76.13504,302.42,0.41,0.37,2026-08-18,2046,N21,VIIRS,n,2.0NRT,288.35,0.69,N,VIIRS_NOAA21_NRT
27.5312,77.66014,312.08,0.78,0.78,2026-08-18,1942,N,VIIRS,n,2.0NRT,282.5,2.9,N,VIIRS_SNPP_NRT
27.79099,75.33077,305.17,0.39,0.36,2026-08-18,2046,N21,VIIRS,n,2.0NRT,294.07,0.99,N,VIIRS_NOAA21_NRT
27.53035,77.65999,331.65,0.32,0.54,2026-08-18,2002,N20,VIIRS,n,2.0NRT,288.29,2.97,N,VIIRS_NOAA20_NRT
27.53036,77.65813,311.81,0.78,0.78,2026-08-18,1942,N,VIIRS,n,2.0NRT,282.43,2.76,N,VIIRS_SNPP_NRT
27.00237,82.48734,295.81,0.39,0.59,2026-08-18,1942,N,VIIRS,n,2.0NRT,285.39,2.13,N,VIIRS_SNPP_NRT
28.37441,77.2247,306.28,0.35,0.56,2026-08-18,2002,N20,VIIRS,n,2.0NRT,285.45,0.33,N,VIIRS_NOAA20_NRT
29.90848,74.94983,333.01,0.39,0.44,2026-08-19,839,N,VIIRS,n,2.0NRT,295.88,3.03,D,VIIRS_SNPP_NRT
29.47378,76.85699,305.11,0.35,0.57,2026-08-19,2123,N20,VIIRS,n,2.0NRT,284.97,0.4,N,VIIRS_NOAA20_NRT
29.47554,76.85881,304.25,0.42,0.38,2026-08-19,2027,N21,VIIRS,n,2.0NRT,280.44,0.93,N,VIIRS_NOAA21_NRT
23.8231,84.57227,304.64,0.46,0.47,2026-08-19,2027,N21,VIIRS,n,2.0NRT,288.22,1.34,N,VIIRS_NOAA21_NRT
31.24827,76.92823,305.05,0.44,0.38,2026-08-19,2025,N21,VIIRS,n,2.0NRT,289.04,0.76,N,VIIRS_NOAA21_NRT
24.92421,84.15677,303.69,0.46,0.47,2026-08-19,1945,N20,VIIRS,n,2.0NRT,286.72,1.67,N,VIIRS_NOAA20_NRT
24.14009,82.70357,300.69,0.42,0.61,2026-08-19,2104,N,VIIRS,n,2.0NRT,285.61,0.72,N,VIIRS_SNPP_NRT
29.12563,75.77744,307.57,0.43,0.38,2026-08-19,2104,N,VIIRS,n,2.0NRT,292.72,2.07,N,VIIRS_SNPP_NRT
23.82895,84.57195,315.83,0.42,0.45,2026-08-19,1945,N20,VIIRS,n,2.0NRT,288.72,1.66,N,VIIRS_NOAA20_NRT
31.24975,76.93059,298.28,0.45,0.39,2026-08-19,2101,N,VIIRS,n,2.0NRT,276.07,0.32,N,VIIRS_SNPP_NRT
23.82477,84.57133,315.7,0.42,0.45,2026-08-19,1945,N20,VIIRS,n,2.0NRT,288.19,1.66,N,VIIRS_NOAA20_NRT
31.25838,76.92349,296.85,0.45,0.39,2026-08-19,2101,N,VIIRS,n,2.0NRT,278.55,0.41,N,VIIRS_SNPP_NRT
29.91009,74.95052,314.37,0.76,0.77,2026-08-20,2148,N21,VIIRS,n,2.0NRT,284.39,4.09,N,VIIRS_NOAA21_NRT
23.67049,84.99657,305.79,0.4,0.6,2026-08-20,1923,N20,VIIRS,n,2.0NRT,284.66,1.03,N,VIIRS_NOAA20_NRT
24.92798,84.14663,309.02,0.39,0.36,2026-08-20,2010,N21,VIIRS,n,2.0NRT,291.35,3.33,N,VIIRS_NOAA21_NRT
23.8264,84.57446,303.91,0.42,0.61,2026-08-20,1923,N20,VIIRS,n,2.0NRT,285.99,1.88,N,VIIRS_NOAA20_NRT
23.82405,84.56894,303.8,0.42,0.61,2026-08-20,1923,N20,VIIRS,n,2.0NRT,283.31,1.0,N,VIIRS_NOAA20_NRT
23.66463,84.99976,307.31,0.4,0.6,2026-08-20,1923,N20,VIIRS,n,2.0NRT,285.3,1.03,N,VIIRS_NOAA20_NRT
28.27534,77.18294,302.62,0.38,0.36,2026-08-20,2044,N,VIIRS,n,2.0NRT,283.37,0.74,N,VIIRS_SNPP_NRT
23.82971,84.56965,305.91,0.42,0.61,2026-08-20,1923,N20,VIIRS,n,2.0NRT,286.19,1.0,N,VIIRS_NOAA20_NRT
23.66311,84.99789,304.41,0.42,0.38,2026-08-20,2010,N21,VIIRS,n,2.0NRT,288.81,0.61,N,VIIRS_NOAA21_NRT
28.74317,76.92706,301.97,0.47,0.48,2026-08-20,2008,N21,VIIRS,n,2.0NRT,288.1,2.47,N,VIIRS_NOAA21_NRT
29.45455,76.86482,306.95,0.49,0.48,2026-08-20,2008,N21,VIIRS,n,2.0NRT,288.8,4.5,N,VIIRS_NOAA21_NRT
29.47335,76.85711,305.34,0.49,0.48,2026-08-20,2008,N21,VIIRS,n,2.0NRT,288.66,3.76,N,VIIRS_NOAA21_NRT
23.8237,84.57314,308.88,0.42,0.61,2026-08-20,1923,N20,VIIRS,n,2.0NRT,285.26,1.0,N,VIIRS_NOAA20_NRT
29.91172,74.95081,329.68,0.45,0.39,2026-08-20,2104,N20,VIIRS,n,2.0NRT,292.2,4.24,N,VIIRS_NOAA20_NRT
29.45779,76.86746,324.8,0.49,0.48,2026-08-20,2008,N21,VIIRS,n,2.0NRT,288.1,11.33,N,VIIRS_NOAA21_NRT
29.46148,76.86364,305.65,0.56,0.43,2026-08-20,2104,N20,VIIRS,n,2.0NRT,288.93,2.35,N,VIIRS_NOAA20_NRT
29.91072,74.94928,307.57,0.44,0.38,2026-08-20,2044,N,VIIRS,n,2.0NRT,292.31,2.62,N,VIIRS_SNPP_NRT
28.71263,76.83237,301.89,0.48,0.48,2026-08-20,2008,N21,VIIRS,n,2.0NRT,285.65,1.57,N,VIIRS_NOAA21_NRT
28.71234,76.83447,303.17,0.48,0.48,2026-08-20,2008,N21,VIIRS,n,2.0NRT,286.02,2.32,N,VIIRS_NOAA21_NRT
23.82678,84.57025,314.18,0.42,0.61,2026-08-20,1923,N20,VIIRS,n,2.0NRT,285.28,1.88,N,VIIRS_NOAA20_NRT
26.75916,83.19909,303.84,0.38,0.36,2026-08-20,2008,N21,VIIRS,n,2.0NRT,280.28,1.13,N,VIIRS_NOAA21_NRT
24.7619,74.60608,298.2,0.59,0.53,2026-08-20,2010,N21,VIIRS,n,2.0NRT,276.94,0.52,N,VIIRS_NOAA21_NRT
28.74485,76.92733,310.37,0.39,0.44,2026-08-20,2104,N20,VIIRS,n,2.0NRT,289.47,3.42,N,VIIRS_NOAA20_NRT
27.79252,75.33192,306.87,0.41,0.37,2026-08-20,2046,N,VIIRS,n,2.0NRT,292.48,0.81,N,VIIRS_SNPP_NRT
24.71524,75.95329,304.87,0.39,0.36,2026-08-20,2046,N,VIIRS,n,2.0NRT,288.14,0.89,N,VIIRS_SNPP_NRT
31.25985,76.92484,302.16,0.4,0.37,2026-08-20,2044,N,VIIRS,n,2.0NRT,289.51,0.5,N,VIIRS_SNPP_NRT
23.6707,84.99498,307.3,0.4,0.6,2026-08-20,1923,N20,VIIRS,n,2.0NRT,285.14,0.93,N,VIIRS_NOAA20_NRT
29.45899,76.86539,343.34,0.49,0.48,2026-08-20,2008,N21,VIIRS,n,2.0NRT,288.53,13.66,N,VIIRS_NOAA21_NRT
28.13022,76.89521,307.03,0.47,0.47,2026-08-20,2008,N21,VIIRS,n,2.0NRT,287.76,0.92,N,VIIRS_NOAA21_NRT
28.77214,76.70122,310.21,0.39,0.36,2026-08-20,2044,N,VIIRS,n,2.0NRT,289.31,2.28,N,VIIRS_SNPP_NRT
29.9104,74.95412,317.88,0.76,0.77,2026-08-20,2148,N21,VIIRS,n,2.0NRT,284.31,4.68,N,VIIRS_NOAA21_NRT
23.82936,84.57385,303.92,0.42,0.61,2026-08-20,1923,N20,VIIRS,n,2.0NRT,286.38,1.0,N,VIIRS_NOAA20_NRT
29.45876,76.86543,316.16,0.39,0.36,2026-08-20,2044,N,VIIRS,n,2.0NRT,292.37,3.34,N,VIIRS_SNPP_NRT
29.45827,76.86245,339.56,0.49,0.48,2026-08-20,2008,N21,VIIRS,n,2.0NRT,289.43,11.33,N,VIIRS_NOAA21_NRT
31.2492,76.92705,304.76,0.4,0.37,2026-08-20,2044,N,VIIRS,n,2.0NRT,288.69,0.66,N,VIIRS_SNPP_NRT
29.45761,76.86263,303.86,0.56,0.43,2026-08-20,2104,N20,VIIRS,n,2.0NRT,289.03,4.13,N,VIIRS_NOAA20_NRT
24.92358,84.15446,309.65,0.39,0.36,2026-08-20,2010,N21,VIIRS,n,2.0NRT,291.57,2.59,N,VIIRS_NOAA21_NRT
29.90844,74.95241,316.28,0.45,0.39,2026-08-20,2104,N20,VIIRS,n,2.0NRT,292.35,2.52,N,VIIRS_NOAA20_NRT
29.90928,74.94781,321.89,0.45,0.39,2026-08-20,2104,N20,VIIRS,n,2.0NRT,291.81,2.52,N,VIIRS_NOAA20_NRT
24.93433,74.63345,309.55,0.38,0.36,2026-08-21,2046,N20,VIIRS,n,2.0NRT,284.89,1.19,N,VIIRS_NOAA20_NRT
24.76452,74.60926,304.28,0.47,0.48,2026-08-21,2027,N,VIIRS,n,2.0NRT,282.05,0.71,N,VIIRS_SNPP_NRT
24.92936,84.14852,310.02,0.43,0.38,2026-08-21,2025,N,VIIRS,n,2.0NRT,289.28,2.91,N,VIIRS_SNPP_NRT
24.92917,84.14589,308.3,0.43,0.38,2026-08-21,2025,N,VIIRS,n,2.0NRT,288.84,2.88,N,VIIRS_SNPP_NRT
24.76488,74.60672,305.82,0.38,0.36,2026-08-21,2046,N20,VIIRS,n,2.0NRT,285.9,0.9,N,VIIRS_NOAA20_NRT
28.77367,77.56798,309.15,0.53,0.42,2026-08-21,2025,N,VIIRS,n,2.0NRT,283.53,2.57,N,VIIRS_SNPP_NRT
27.79147,75.33251,308.88,0.39,0.36,2026-08-21,2046,N20,VIIRS,n,2.0NRT,292.01,1.11,N,VIIRS_NOAA20_NRT
24.76429,74.6105,305.21,0.38,0.36,2026-08-21,2046,N20,VIIRS,n,2.0NRT,287.0,0.9,N,VIIRS_NOAA20_NRT
24.18137,82.64606,307.55,0.4,0.37,2026-08-21,2025,N,VIIRS,n,2.0NRT,281.64,0.93,N,VIIRS_SNPP_NRT
24.92892,84.14816,300.73,0.32,0.55,2026-08-21,2046,N20,VIIRS,n,2.0NRT,280.9,0.96,N,VIIRS_NOAA20_NRT
29.04118,75.70134,349.66,0.33,0.55,2026-08-21,726,N21,VIIRS,n,2.0NRT,291.73,6.91,D,VIIRS_NOAA21_NRT
29.46,76.86426,367.0,0.53,0.67,2026-08-22,705,N21,VIIRS,h,2.0NRT,290.49,52.02,D,VIIRS_NOAA21_NRT
29.45838,76.86343,367.0,0.53,0.67,2026-08-22,705,N21,VIIRS,h,2.0NRT,291.86,44.95,D,VIIRS_NOAA21_NRT
23.82564,84.57165,302.04,0.4,0.37,2026-08-22,2008,N,VIIRS,n,2.0NRT,273.03,0.72,N,VIIRS_SNPP_NRT
29.45699,76.86504,346.56,0.44,0.46,2026-08-22,741,N,VIIRS,n,2.0NRT,298.27,13.33,D,VIIRS_SNPP_NRT
28.34062,77.22081,299.75,0.35,0.57,2026-08-22,2008,N,VIIRS,n,2.0NRT,275.94,0.35,N,VIIRS_SNPP_NRT
23.82228,84.57104,302.53,0.4,0.37,2026-08-22,2008,N,VIIRS,n,2.0NRT,272.31,0.72,N,VIIRS_SNPP_NRT
29.45792,76.8695,330.42,0.44,0.46,2026-08-22,741,N,VIIRS,n,2.0NRT,294.61,14.92,D,VIIRS_SNPP_NRT
29.45864,76.85911,330.26,0.53,0.67,2026-08-22,705,N21,VIIRS,n,2.0NRT,290.01,30.37,D,VIIRS_NOAA21_NRT
23.82208,84.5723,300.45,0.54,0.51,2026-08-22,1932,N21,VIIRS,n,2.0NRT,271.34,1.33,N,VIIRS_NOAA21_NRT
24.66097,74.6322,303.48,0.46,0.64,2026-08-22,2008,N,VIIRS,n,2.0NRT,289.72,1.35,N,VIIRS_SNPP_NRT
24.66165,74.63514,301.51,0.62,0.71,2026-08-22,2148,N,VIIRS,n,2.0NRT,288.82,1.61,N,VIIRS_SNPP_NRT
23.82765,84.92325,302.42,0.39,0.36,2026-08-22,2008,N,VIIRS,n,2.0NRT,282.28,0.43,N,VIIRS_SNPP_NRT
29.45857,76.8695,339.11,0.38,0.36,2026-08-22,801,N20,VIIRS,n,2.0NRT,296.9,29.94,D,VIIRS_NOAA20_NRT
28.66381,77.57708,314.6,0.33,0.56,2026-08-22,2008,N,VIIRS,n,2.0NRT,288.43,1.14,N,VIIRS_SNPP_NRT
29.45762,76.86265,329.18,0.49,0.65,2026-08-22,845,N21,VIIRS,n,2.0NRT,292.79,12.13,D,VIIRS_NOAA21_NRT
29.46118,76.86392,339.97,0.44,0.46,2026-08-22,741,N,VIIRS,n,2.0NRT,293.77,13.33,D,VIIRS_SNPP_NRT
24.9345,74.6351,305.76,0.51,0.49,2026-08-22,2112,N21,VIIRS,n,2.0NRT,292.62,1.22,N,VIIRS_NOAA21_NRT
24.66185,74.63312,307.91,0.52,0.5,2026-08-22,2112,N21,VIIRS,n,2.0NRT,292.76,2.01,N,VIIRS_NOAA21_NRT
29.46125,76.86491,337.25,0.38,0.36,2026-08-22,801,N20,VIIRS,n,2.0NRT,297.42,29.94,D,VIIRS_NOAA20_NRT
24.661,74.63132,303.41,0.56,0.43,2026-08-22,2027,N20,VIIRS,n,2.0NRT,290.51,1.23,N,VIIRS_NOAA20_NRT
24.71618,75.953,302.53,0.38,0.59,2026-08-22,2008,N,VIIRS,n,2.0NRT,287.47,0.56,N,VIIRS_SNPP_NRT
29.45792,76.86768,352.46,0.49,0.65,2026-08-22,845,N21,VIIRS,n,2.0NRT,292.96,24.83,D,VIIRS_NOAA21_NRT
24.93308,74.63296,307.26,0.51,0.5,2026-08-22,2112,N21,VIIRS,n,2.0NRT,292.86,1.44,N,VIIRS_NOAA21_NRT
28.33879,77.21997,300.38,0.46,0.39,2026-08-22,2025,N20,VIIRS,n,2.0NRT,282.62,0.61,N,VIIRS_NOAA20_NRT
23.66484,84.99831,307.18,0.5,0.49,2026-08-22,1932,N21,VIIRS,n,2.0NRT,279.12,1.88,N,VIIRS_NOAA21_NRT
24.76343,74.60846,309.22,0.56,0.43,2026-08-22,2027,N20,VIIRS,n,2.0NRT,291.91,1.66,N,VIIRS_NOAA20_NRT
29.45525,76.87004,329.19,0.49,0.65,2026-08-22,845,N21,VIIRS,n,2.0NRT,292.01,9.06,D,VIIRS_NOAA21_NRT
29.45823,76.87273,350.27,0.49,0.65,2026-08-22,845,N21,VIIRS,n,2.0NRT,291.98,24.83,D,VIIRS_NOAA21_NRT
29.46026,76.85947,330.53,0.44,0.46,2026-08-22,741,N,VIIRS,n,2.0NRT,292.28,13.33,D,VIIRS_SNPP_NRT
29.4581,76.86677,312.68,0.49,0.4,2026-08-22,2025,N20,VIIRS,n,2.0NRT,291.19,3.32,N,VIIRS_NOAA20_NRT
23.66699,84.99687,305.87,0.39,0.36,2026-08-22,2008,N,VIIRS,n,2.0NRT,284.1,0.78,N,VIIRS_SNPP_NRT
29.45706,76.87043,345.96,0.34,0.56,2026-08-23,2127,N,VIIRS,n,2.0NRT,287.56,3.77,N,VIIRS_SNPP_NRT
29.35946,76.95735,305.21,0.35,0.57,2026-08-23,2127,N,VIIRS,n,2.0NRT,288.28,0.77,N,VIIRS_SNPP_NRT
31.25682,76.92467,299.45,0.74,0.76,2026-08-23,2146,N20,VIIRS,n,2.0NRT,287.71,1.46,N,VIIRS_NOAA20_NRT
27.66743,76.13509,303.8,0.34,0.56,2026-08-23,2127,N,VIIRS,n,2.0NRT,288.75,0.76,N,VIIRS_SNPP_NRT
28.35195,77.25737,303.02,0.55,0.51,2026-08-23,2008,N20,VIIRS,n,2.0NRT,285.41,3.28,N,VIIRS_NOAA20_NRT
28.83727,77.13653,303.18,0.57,0.52,2026-08-23,2008,N20,VIIRS,n,2.0NRT,287.27,2.26,N,VIIRS_NOAA20_NRT
29.45866,76.86417,337.19,0.6,0.53,2026-08-23,2008,N20,VIIRS,n,2.0NRT,290.59,6.75,N,VIIRS_NOAA20_NRT
29.46107,76.86459,308.59,0.6,0.53,2026-08-23,2008,N20,VIIRS,n,2.0NRT,290.43,3.9,N,VIIRS_NOAA20_NRT
29.45605,76.86481,326.44,0.73,0.76,2026-08-23,1947,N,VIIRS,n,2.0NRT,279.86,4.86,N,VIIRS_SNPP_NRT
29.45837,76.8635,335.25,0.41,0.61,2026-08-23,724,N,VIIRS,n,2.0NRT,289.51,4.4,D,VIIRS_SNPP_NRT
24.66073,74.6358,299.51,0.36,0.58,2026-08-23,2008,N20,VIIRS,n,2.0NRT,287.08,1.07,N,VIIRS_NOAA20_NRT
29.45618,76.86398,333.18,0.6,0.53,2026-08-23,2008,N20,VIIRS,n,2.0NRT,290.69,3.9,N,VIIRS_NOAA20_NRT
29.45798,76.88937,307.07,0.34,0.56,2026-08-23,2127,N,VIIRS,n,2.0NRT,286.24,1.17,N,VIIRS_SNPP_NRT
31.25972,76.92417,303.56,0.63,0.54,2026-08-23,2127,N,VIIRS,n,2.0NRT,289.44,1.06,N,VIIRS_SNPP_NRT
29.45788,76.86697,309.22,0.34,0.56,2026-08-23,2127,N,VIIRS,n,2.0NRT,287.34,2.77,N,VIIRS_SNPP_NRT
29.46122,76.88956,307.93,0.6,0.53,2026-08-23,2008,N20,VIIRS,n,2.0NRT,290.09,3.65,N,VIIRS_NOAA20_NRT
31.26044,76.92447,303.03,0.63,0.54,2026-08-23,2127,N,VIIRS,n,2.0NRT,289.55,1.21,N,VIIRS_SNPP_NRT
31.38597,74.54482,332.51,0.39,0.44,2026-08-23,828,N21,VIIRS,n,2.0NRT,296.87,2.77,D,VIIRS_NOAA21_NRT
28.35041,77.25633,305.0,0.55,0.51,2026-08-23,2008,N20,VIIRS,n,2.0NRT,286.05,2.99,N,VIIRS_NOAA20_NRT
29.12311,75.77846,310.56,0.43,0.38,2026-08-23,2053,N21,VIIRS,n,2.0NRT,291.34,2.22,N,VIIRS_NOAA21_NRT
29.47683,76.85993,341.77,0.5,0.49,2026-08-23,828,N21,VIIRS,n,2.0NRT,293.84,11.04,D,VIIRS_NOAA21_NRT
29.35825,76.95921,307.37,0.48,0.4,2026-08-23,2053,N21,VIIRS,n,2.0NRT,290.96,1.47,N,VIIRS_NOAA21_NRT
29.45843,76.89032,307.74,0.47,0.4,2026-08-23,2053,N21,VIIRS,n,2.0NRT,291.53,0.61,N,VIIRS_NOAA21_NRT
31.2488,76.9297,300.72,0.45,0.39,2026-08-23,2053,N21,VIIRS,n,2.0NRT,290.7,0.38,N,VIIRS_NOAA21_NRT
31.26112,76.91966,300.98,0.62,0.54,2026-08-23,2006,N20,VIIRS,n,2.0NRT,289.65,0.92,N,VIIRS_NOAA20_NRT
29.45724,76.86423,336.34,0.54,0.42,2026-08-23,741,N20,VIIRS,n,2.0NRT,295.68,5.74,D,VIIRS_NOAA20_NRT
29.45481,76.86952,332.79,0.47,0.4,2026-08-23,2053,N21,VIIRS,n,2.0NRT,292.29,4.23,N,VIIRS_NOAA21_NRT
29.45938,76.8674,332.56,0.5,0.49,2026-08-23,828,N21,VIIRS,n,2.0NRT,293.24,3.56,D,VIIRS_NOAA21_NRT
29.45934,76.86684,311.09,0.72,0.76,2026-08-23,1947,N,VIIRS,n,2.0NRT,280.2,3.52,N,VIIRS_SNPP_NRT
24.93355,74.63254,311.44,0.43,0.38,2026-08-23,2055,N21,VIIRS,n,2.0NRT,291.35,1.37,N,VIIRS_NOAA21_NRT
24.66104,74.63218,300.17,0.36,0.58,2026-08-23,2008,N20,VIIRS,n,2.0NRT,287.28,1.07,N,VIIRS_NOAA20_NRT
29.45937,76.86541,330.47,0.54,0.42,2026-08-23,741,N20,VIIRS,n,2.0NRT,295.22,1.98,D,VIIRS_NOAA20_NRT
29.47537,76.8596,306.94,0.47,0.4,2026-08-23,2053,N21,VIIRS,n,2.0NRT,292.43,0.83,N,VIIRS_NOAA21_NRT
29.45968,76.85906,307.01,0.73,0.76,2026-08-23,1947,N,VIIRS,n,2.0NRT,279.1,2.79,N,VIIRS_SNPP_NRT
31.25751,76.92367,302.19,0.4,0.6,2026-08-24,2127,N20,VIIRS,n,2.0NRT,288.38,0.81,N,VIIRS_NOAA20_NRT
23.66972,84.99499,300.78,0.49,0.4,2026-08-24,1949,N20,VIIRS,n,2.0NRT,288.22,1.35,N,VIIRS_NOAA20_NRT
28.78677,80.20897,340.9,0.44,0.46,2026-08-24,724,N20,VIIRS,n,2.0NRT,290.16,3.79,D,VIIRS_NOAA20_NRT
31.25072,76.92702,304.62,0.4,0.37,2026-08-24,2034,N21,VIIRS,n,2.0NRT,291.29,0.46,N,VIIRS_NOAA21_NRT
29.12299,75.77946,309.56,0.41,0.37,2026-08-24,2034,N21,VIIRS,n,2.0NRT,295.69,0.55,N,VIIRS_NOAA21_NRT
31.32664,76.89409,303.53,0.4,0.37,2026-08-24,2034,N21,VIIRS,n,2.0NRT,291.91,0.76,N,VIIRS_NOAA21_NRT
31.25866,76.92591,304.88,0.52,0.42,2026-08-24,2110,N,VIIRS,n,2.0NRT,290.63,1.06,N,VIIRS_SNPP_NRT
28.79093,80.20787,333.93,0.44,0.46,2026-08-24,724,N20,VIIRS,n,2.0NRT,289.65,3.79,D,VIIRS_NOAA20_NRT
31.30223,75.0976,331.03,0.4,0.37,2026-08-24,809,N21,VIIRS,n,2.0NRT,300.39,2.69,D,VIIRS_NOAA21_NRT
29.45879,76.8923,303.48,0.55,0.43,2026-08-24,2110,N,VIIRS,n,2.0NRT,287.77,2.12,N,VIIRS_SNPP_NRT
26.75963,83.19836,301.32,0.44,0.62,2026-08-25,1930,N20,VIIRS,n,2.0NRT,278.65,1.23,N,VIIRS_NOAA20_NRT
28.70671,76.85614,306.17,0.39,0.44,2026-08-25,2014,N21,VIIRS,n,2.0NRT,283.28,1.35,N,VIIRS_NOAA21_NRT
26.75887,83.20107,310.96,0.4,0.37,2026-08-25,2017,N21,VIIRS,n,2.0NRT,289.53,1.19,N,VIIRS_NOAA21_NRT
29.45627,76.8924,327.41,0.63,0.72,2026-08-25,705,N20,VIIRS,n,2.0NRT,281.67,4.73,D,VIIRS_NOAA20_NRT
29.47616,76.85736,306.91,0.41,0.37,2026-08-26,2051,N20,VIIRS,n,2.0NRT,287.88,1.89,N,VIIRS_NOAA20_NRT
26.76138,83.19917,301.41,0.32,0.55,2026-08-26,2051,N20,VIIRS,n,2.0NRT,278.05,0.93,N,VIIRS_NOAA20_NRT
29.92137,74.95252,298.99,0.42,0.45,2026-08-26,2032,N,VIIRS,n,2.0NRT,282.32,0.96,N,VIIRS_SNPP_NRT
29.90808,74.95317,367.0,0.6,0.7,2026-08-27,2155,N,VIIRS,h,2.0NRT,294.32,14.38,N,VIIRS_SNPP_NRT
29.90769,74.95112,324.48,0.53,0.5,2026-08-27,2118,N21,VIIRS,n,2.0NRT,295.82,4.03,N,VIIRS_NOAA21_NRT
29.91529,74.9477,308.09,0.4,0.6,2026-08-27,2014,N,VIIRS,n,2.0NRT,292.96,1.59,N,VIIRS_SNPP_NRT
29.91498,74.95193,306.17,0.4,0.6,2026-08-27,2014,N,VIIRS,n,2.0NRT,293.0,1.59,N,VIIRS_SNPP_NRT
29.91005,74.94773,319.45,0.6,0.7,2026-08-27,2155,N,VIIRS,n,2.0NRT,292.36,28.69,N,VIIRS_SNPP_NRT
29.9094,74.95135,321.57,0.4,0.6,2026-08-27,2014,N,VIIRS,n,2.0NRT,293.15,13.61,N,VIIRS_SNPP_NRT
29.47338,76.864,304.0,0.78,0.78,2026-08-27,2155,N,VIIRS,n,2.0NRT,286.48,2.54,N,VIIRS_SNPP_NRT
29.90838,74.95381,367.0,0.6,0.7,2026-08-27,2155,N,VIIRS,h,2.0NRT,294.14,15.44,N,VIIRS_SNPP_NRT
29.91033,74.93867,305.44,0.4,0.6,2026-08-27,2014,N,VIIRS,n,2.0NRT,292.26,12.52,N,VIIRS_SNPP_NRT
29.90638,74.95924,319.9,0.6,0.7,2026-08-27,2155,N,VIIRS,n,2.0NRT,292.24,19.52,N,VIIRS_SNPP_NRT
29.90978,74.9471,319.17,0.6,0.7,2026-08-27,2155,N,VIIRS,n,2.0NRT,292.2,14.38,N,VIIRS_SNPP_NRT
29.91002,74.94289,346.19,0.4,0.6,2026-08-27,2014,N,VIIRS,n,2.0NRT,292.71,12.52,N,VIIRS_SNPP_NRT
29.45728,76.87041,308.61,0.35,0.57,2026-08-27,2118,N21,VIIRS,n,2.0NRT,291.22,1.12,N,VIIRS_NOAA21_NRT
29.457,76.86609,334.4,0.61,0.53,2026-08-27,2014,N,VIIRS,n,2.0NRT,289.84,7.66,N,VIIRS_SNPP_NRT
29.91061,74.94411,315.32,0.51,0.41,2026-08-27,2032,N20,VIIRS,n,2.0NRT,294.79,15.45,N,VIIRS_NOAA20_NRT
29.91436,74.95547,310.32,0.6,0.7,2026-08-27,2155,N,VIIRS,n,2.0NRT,292.87,14.38,N,VIIRS_SNPP_NRT
29.45695,76.86645,325.0,0.42,0.38,2026-08-27,2032,N20,VIIRS,n,2.0NRT,294.44,2.18,N,VIIRS_NOAA20_NRT
29.90909,74.95557,306.55,0.4,0.6,2026-08-27,2014,N,VIIRS,n,2.0NRT,292.96,2.25,N,VIIRS_SNPP_NRT
29.90931,74.95467,310.35,0.51,0.41,2026-08-27,2032,N20,VIIRS,n,2.0NRT,296.01,2.55,N,VIIRS_NOAA20_NRT
29.91466,74.95614,306.96,0.6,0.7,2026-08-27,2155,N,VIIRS,n,2.0NRT,293.04,15.44,N,VIIRS_SNPP_NRT
29.90619,74.94877,309.91,0.51,0.41,2026-08-27,2032,N20,VIIRS,n,2.0NRT,294.78,1.73,N,VIIRS_NOAA20_NRT
29.91374,74.95001,317.18,0.51,0.41,2026-08-27,2032,N20,VIIRS,n,2.0NRT,296.17,15.45,N,VIIRS_NOAA20_NRT
29.91607,74.94938,305.84,0.6,0.7,2026-08-27,2155,N,VIIRS,n,2.0NRT,292.75,14.38,N,VIIRS_SNPP_NRT
29.90971,74.94712,350.51,0.4,0.6,2026-08-27,2014,N,VIIRS,n,2.0NRT,294.75,13.61,N,VIIRS_SNPP_NRT
29.90996,74.94939,349.11,0.51,0.41,2026-08-27,2032,N20,VIIRS,n,2.0NRT,300.01,15.45,N,VIIRS_NOAA20_NRT
29.90671,74.9599,317.64,0.6,0.7,2026-08-27,2155,N,VIIRS,n,2.0NRT,292.12,15.44,N,VIIRS_SNPP_NRT
30.47519,76.58662,304.01,0.38,0.59,2026-08-28,2133,N,VIIRS,n,2.0NRT,288.36,0.86,N,VIIRS_SNPP_NRT
24.66053,74.63365,302.81,0.4,0.6,2026-08-28,2136,N,VIIRS,n,2.0NRT,289.45,1.34,N,VIIRS_SNPP_NRT
31.35996,74.52962,330.29,0.42,0.38,2026-08-29,816,N21,VIIRS,l,2.0NRT,301.52,3.94,D,VIIRS_NOAA21_NRT
29.46308,76.88765,309.87,0.47,0.64,2026-08-29,1953,N20,VIIRS,n,2.0NRT,275.01,1.01,N,VIIRS_NOAA20_NRT
29.46117,76.89161,328.7,0.39,0.36,2026-08-29,2040,N21,VIIRS,n,2.0NRT,287.95,4.24,N,VIIRS_NOAA21_NRT
28.74562,76.92708,301.37,0.39,0.36,2026-08-29,2040,N21,VIIRS,n,2.0NRT,281.89,0.66,N,VIIRS_NOAA21_NRT
24.66288,74.63297,297.52,0.41,0.45,2026-08-29,2118,N,VIIRS,n,2.0NRT,277.29,0.45,N,VIIRS_SNPP_NRT
31.3634,74.529,331.33,0.42,0.38,2026-08-29,816,N21,VIIRS,n,2.0NRT,299.83,2.79,D,VIIRS_NOAA21_NRT
29.45783,76.893,315.97,0.54,0.68,2026-08-29,2136,N20,VIIRS,n,2.0NRT,283.12,5.21,N,VIIRS_NOAA20_NRT
24.76296,74.6066,295.01,0.39,0.36,2026-08-29,2042,N21,VIIRS,n,2.0NRT,261.21,0.41,N,VIIRS_NOAA21_NRT
28.37428,77.22549,303.85,0.49,0.49,2026-08-29,2116,N,VIIRS,n,2.0NRT,273.19,1.03,N,VIIRS_SNPP_NRT
29.90875,74.95228,338.01,0.42,0.38,2026-08-29,816,N21,VIIRS,n,2.0NRT,303.3,6.19,D,VIIRS_NOAA21_NRT
29.12339,75.77961,313.16,0.4,0.44,2026-08-29,2116,N,VIIRS,n,2.0NRT,288.46,1.65,N,VIIRS_SNPP_NRT
29.45856,76.89088,334.02,0.5,0.41,2026-08-29,816,N21,VIIRS,n,2.0NRT,295.66,4.19,D,VIIRS_NOAA21_NRT
28.35046,77.2559,305.23,0.39,0.37,2026-08-29,2040,N21,VIIRS,n,2.0NRT,282.68,0.81,N,VIIRS_NOAA21_NRT
29.45884,76.89159,331.32,0.54,0.68,2026-08-29,2136,N20,VIIRS,n,2.0NRT,283.78,4.41,N,VIIRS_NOAA20_NRT
29.45788,76.89092,321.48,0.39,0.36,2026-08-29,2040,N21,VIIRS,n,2.0NRT,291.28,4.24,N,VIIRS_NOAA21_NRT
24.69039,74.67906,299.8,0.38,0.36,2026-08-29,2042,N21,VIIRS,n,2.0NRT,280.34,0.43,N,VIIRS_NOAA21_NRT
29.43284,77.00395,329.48,0.39,0.36,2026-08-29,2040,N21,VIIRS,n,2.0NRT,286.1,3.7,N,VIIRS_NOAA21_NRT
28.37196,77.2264,322.5,0.39,0.36,2026-08-29,2040,N21,VIIRS,n,2.0NRT,285.43,2.13,N,VIIRS_NOAA21_NRT
29.90926,74.9532,331.09,0.6,0.53,2026-08-29,852,N,VIIRS,n,2.0NRT,299.09,6.53,D,VIIRS_SNPP_NRT
24.66208,74.63699,297.67,0.41,0.45,2026-08-29,2118,N,VIIRS,n,2.0NRT,277.18,0.36,N,VIIRS_SNPP_NRT
29.45932,76.89091,330.32,0.45,0.47,2026-08-29,2116,N,VIIRS,n,2.0NRT,274.43,4.63,N,VIIRS_SNPP_NRT
29.45926,76.88767,330.18,0.54,0.68,2026-08-29,2136,N20,VIIRS,n,2.0NRT,284.5,5.21,N,VIIRS_NOAA20_NRT
29.46024,76.88624,304.02,0.54,0.68,2026-08-29,2136,N20,VIIRS,n,2.0NRT,284.39,4.2,N,VIIRS_NOAA20_NRT
29.46341,76.88279,298.15,0.47,0.64,2026-08-29,1953,N20,VIIRS,n,2.0NRT,275.22,1.01,N,VIIRS_NOAA20_NRT
28.66509,77.57698,306.44,0.42,0.61,2026-08-29,1955,N20,VIIRS,n,2.0NRT,286.13,0.68,N,VIIRS_NOAA20_NRT
27.66868,76.13271,296.11,0.41,0.37,2026-08-30,2057,N,VIIRS,n,2.0NRT,276.77,0.32,N,VIIRS_SNPP_NRT
27.66938,76.12862,299.11,0.41,0.37,2026-08-30,2057,N,VIIRS,n,2.0NRT,279.78,0.32,N,VIIRS_SNPP_NRT
29.45914,76.89161,316.03,0.41,0.37,2026-08-30,2057,N,VIIRS,n,2.0NRT,292.1,3.18,N,VIIRS_SNPP_NRT
30.16407,74.51582,331.57,0.47,0.4,2026-08-30,835,N,VIIRS,l,2.0NRT,302.09,3.35,D,VIIRS_SNPP_NRT
28.74474,76.9258,302.82,0.59,0.53,2026-08-30,2116,N20,VIIRS,n,2.0NRT,286.68,1.53,N,VIIRS_NOAA20_NRT
29.4759,76.85623,311.77,0.41,0.37,2026-08-30,2057,N,VIIRS,n,2.0NRT,289.97,2.28,N,VIIRS_SNPP_NRT
28.74306,76.92912,316.04,0.42,0.38,2026-08-30,2057,N,VIIRS,n,2.0NRT,291.02,1.91,N,VIIRS_SNPP_NRT
29.47735,76.8579,334.37,0.56,0.52,2026-08-30,2116,N20,VIIRS,n,2.0NRT,289.34,7.34,N,VIIRS_NOAA20_NRT
28.3733,77.22678,310.67,0.51,0.41,2026-08-31,2057,N20,VIIRS,n,2.0NRT,291.11,2.65,N,VIIRS_NOAA20_NRT
31.1293,74.65489,341.05,0.39,0.36,2026-08-31,813,N,VIIRS,n,2.0NRT,298.33,4.79,D,VIIRS_SNPP_NRT
28.34651,77.2308,309.35,0.41,0.37,2026-08-31,2038,N,VIIRS,n,2.0NRT,291.76,1.97,N,VIIRS_SNPP_NRT
29.46107,76.8892,307.39,0.47,0.4,2026-08-31,2057,N20,VIIRS,n,2.0NRT,292.41,3.12,N,VIIRS_NOAA20_NRT
24.69281,74.68075,300.04,0.44,0.38,2026-08-31,2059,N20,VIIRS,n,2.0NRT,281.62,0.54,N,VIIRS_NOAA20_NRT
24.76362,74.60734,304.43,0.44,0.38,2026-08-31,2059,N20,VIIRS,n,2.0NRT,284.22,1.04,N,VIIRS_NOAA20_NRT
28.37484,77.22419,310.89,0.51,0.41,2026-08-31,2057,N20,VIIRS,n,2.0NRT,291.18,2.22,N,VIIRS_NOAA20_NRT
24.76271,74.60774,306.91,0.47,0.4,2026-08-31,2040,N,VIIRS,n,2.0NRT,281.39,1.26,N,VIIRS_SNPP_NRT
28.34796,77.25802,308.08,0.51,0.41,2026-08-31,2057,N20,VIIRS,n,2.0NRT,290.84,2.59,N,VIIRS_NOAA20_NRT
31.41202,74.55347,330.68,0.39,0.44,2026-08-31,835,N20,VIIRS,n,2.0NRT,299.58,1.49,D,VIIRS_NOAA20_NRT
24.76254,74.6077,300.58,0.37,0.58,2026-08-31,2004,N21,VIIRS,n,2.0NRT,276.94,0.93,N,VIIRS_NOAA21_NRT
29.4606,76.88784,308.38,0.43,0.38,2026-08-31,2038,N,VIIRS,n,2.0NRT,292.7,2.34,N,VIIRS_SNPP_NRT
28.12977,76.78864,335.41,0.39,0.36,2026-08-31,813,N,VIIRS,n,2.0NRT,296.53,2.37,D,VIIRS_SNPP_NRT
28.37152,77.22688,323.5,0.41,0.37,2026-08-31,2038,N,VIIRS,n,2.0NRT,289.42,1.55,N,VIIRS_SNPP_NRT
24.76335,74.60571,303.34,0.47,0.4,2026-08-31,2040,N,VIIRS,n,2.0NRT,280.61,0.71,N,VIIRS_SNPP_NRT
30.25077,74.9136,308.85,0.4,0.37,2026-08-31,2057,N20,VIIRS,n,2.0NRT,296.36,1.01,N,VIIRS_NOAA20_NRT
29.47525,76.859,314.13,0.43,0.38,2026-08-31,2038,N,VIIRS,n,2.0NRT,292.51,2.78,N,VIIRS_SNPP_NRT
28.66423,77.57953,309.48,0.38,0.36,2026-09-01,2040,N20,VIIRS,n,2.0NRT,286.91,1.35,N,VIIRS_NOAA20_NRT
30.66109,76.31641,334.5,0.43,0.38,2026-09-01,813,N20,VIIRS,n,2.0NRT,298.08,3.62,D,VIIRS_NOAA20_NRT
31.1214,74.69007,350.72,0.42,0.61,2026-09-01,720,N21,VIIRS,n,2.0NRT,292.99,10.48,D,VIIRS_NOAA21_NRT
27.79342,75.33019,305.85,0.41,0.37,2026-09-01,2040,N20,VIIRS,n,2.0NRT,293.56,0.88,N,VIIRS_NOAA20_NRT
31.13703,74.91448,330.19,0.4,0.37,2026-09-01,813,N20,VIIRS,l,2.0NRT,305.04,6.71,D,VIIRS_NOAA20_NRT
29.12574,75.77645,309.75,0.41,0.37,2026-09-01,2040,N20,VIIRS,n,2.0NRT,295.3,0.88,N,VIIRS_NOAA20_NRT
24.9335,74.63455,306.77,0.41,0.37,2026-09-01,2040,N20,VIIRS,n,2.0NRT,288.92,0.59,N,VIIRS_NOAA20_NRT
24.93119,74.63396,301.45,0.4,0.6,2026-09-01,2125,N21,VIIRS,n,2.0NRT,286.91,0.97,N,VIIRS_NOAA21_NRT
31.1218,74.69038,353.18,0.42,0.61,2026-09-01,720,N21,VIIRS,n,2.0NRT,293.24,13.13,D,VIIRS_NOAA21_NRT
31.12613,74.62209,336.29,0.39,0.36,2026-09-01,813,N20,VIIRS,n,2.0NRT,298.91,8.0,D,VIIRS_NOAA20_NRT
24.76563,74.60811,313.59,0.41,0.37,2026-09-01,2040,N20,VIIRS,n,2.0NRT,289.3,1.49,N,VIIRS_NOAA20_NRT
30.21693,76.76219,306.64,0.4,0.45,2026-09-02,2019,N20,VIIRS,n,2.0NRT,288.61,1.37,N,VIIRS_NOAA20_NRT
24.76503,74.60659,304.69,0.46,0.47,2026-09-02,2021,N20,VIIRS,n,2.0NRT,280.16,1.36,N,VIIRS_NOAA20_NRT
24.76607,74.60828,302.43,0.46,0.47,2026-09-02,2021,N20,VIIRS,n,2.0NRT,280.72,1.31,N,VIIRS_NOAA20_NRT
24.71521,75.95151,303.49,0.39,0.44,2026-09-02,2021,N20,VIIRS,n,2.0NRT,290.19,0.78,N,VIIRS_NOAA20_NRT
31.09262,74.68887,340.43,0.33,0.55,2026-09-02,737,N,VIIRS,n,2.0NRT,293.1,3.98,D,VIIRS_SNPP_NRT
31.3686,76.35826,302.36,0.44,0.62,2026-09-02,2140,N,VIIRS,n,2.0NRT,289.07,0.62,N,VIIRS_SNPP_NRT
24.6637,74.63227,299.05,0.46,0.47,2026-09-02,2021,N20,VIIRS,n,2.0NRT,279.41,1.44,N,VIIRS_NOAA20_NRT
24.93384,74.63349,307.05,0.41,0.45,2026-09-02,2106,N21,VIIRS,n,2.0NRT,289.51,1.33,N,VIIRS_NOAA21_NRT
24.69213,74.68027,301.01,0.42,0.45,2026-09-02,2106,N21,VIIRS,n,2.0NRT,285.86,0.77,N,VIIRS_NOAA21_NRT
31.09241,74.68892,335.77,0.6,0.53,2026-09-02,839,N21,VIIRS,n,2.0NRT,295.36,4.61,D,VIIRS_NOAA21_NRT
23.83971,84.94757,301.57,0.32,0.55,2026-09-02,1925,N21,VIIRS,n,2.0NRT,282.24,0.58,N,VIIRS_NOAA21_NRT
31.12882,74.65296,339.88,0.6,0.53,2026-09-02,839,N21,VIIRS,n,2.0NRT,294.93,7.4,D,VIIRS_NOAA21_NRT
23.82531,84.93956,301.47,0.32,0.55,2026-09-02,1925,N21,VIIRS,n,2.0NRT,283.29,1.14,N,VIIRS_NOAA21_NRT
24.65985,74.63496,303.63,0.42,0.45,2026-09-02,2106,N21,VIIRS,n,2.0NRT,288.06,1.81,N,VIIRS_NOAA21_NRT
29.91132,74.94312,306.14,0.49,0.65,2026-09-03,2002,N20,VIIRS,n,2.0NRT,290.62,0.8,N,VIIRS_NOAA20_NRT
29.47193,76.86103,313.99,0.66,0.73,2026-09-03,2142,N20,VIIRS,n,2.0NRT,287.4,3.16,N,VIIRS_NOAA20_NRT
23.84097,84.94881,303.34,0.39,0.36,2026-09-03,2002,N20,VIIRS,n,2.0NRT,288.05,0.55,N,VIIRS_NOAA20_NRT
23.67128,84.99492,302.0,0.5,0.49,2026-09-03,1945,N,VIIRS,n,2.0NRT,285.16,0.81,N,VIIRS_SNPP_NRT
29.47733,76.8575,334.66,0.66,0.73,2026-09-03,2142,N20,VIIRS,n,2.0NRT,288.13,5.4,N,VIIRS_NOAA20_NRT
29.47618,76.85554,311.96,0.55,0.51,2026-09-03,2123,N,VIIRS,n,2.0NRT,290.99,4.41,N,VIIRS_SNPP_NRT
29.47375,76.85448,316.52,0.66,0.73,2026-09-03,2142,N20,VIIRS,n,2.0NRT,287.5,3.16,N,VIIRS_NOAA20_NRT
29.4779,76.85962,322.24,0.55,0.51,2026-09-03,2123,N,VIIRS,n,2.0NRT,291.14,5.5,N,VIIRS_SNPP_NRT
31.26022,76.92496,303.07,0.51,0.49,2026-09-03,2123,N,VIIRS,n,2.0NRT,288.42,2.04,N,VIIRS_SNPP_NRT
29.91007,74.94244,304.52,0.49,0.65,2026-09-03,2002,N20,VIIRS,n,2.0NRT,290.73,1.02,N,VIIRS_NOAA20_NRT
29.47329,76.85825,320.78,0.55,0.51,2026-09-03,2123,N,VIIRS,n,2.0NRT,290.76,5.35,N,VIIRS_SNPP_NRT
26.75918,83.19909,306.85,0.35,0.57,2026-09-03,1942,N,VIIRS,n,2.0NRT,285.78,1.16,N,VIIRS_SNPP_NRT
29.48014,76.85374,305.02,0.37,0.58,2026-09-03,2002,N20,VIIRS,n,2.0NRT,288.34,0.73,N,VIIRS_NOAA20_NRT
29.47446,76.85703,309.14,0.37,0.58,2026-09-03,2002,N20,VIIRS,n,2.0NRT,288.99,5.44,N,VIIRS_NOAA20_NRT
23.82555,84.93825,303.94,0.39,0.36,2026-09-03,2002,N20,VIIRS,n,2.0NRT,288.67,0.5,N,VIIRS_NOAA20_NRT
29.47491,76.86111,321.58,0.55,0.51,2026-09-03,2123,N,VIIRS,n,2.0NRT,291.09,4.53,N,VIIRS_SNPP_NRT
31.16984,75.04272,335.59,0.51,0.41,2026-09-03,822,N21,VIIRS,n,2.0NRT,296.53,4.87,D,VIIRS_NOAA21_NRT
28.71685,76.8332,299.98,0.37,0.58,2026-09-03,2002,N20,VIIRS,n,2.0NRT,274.6,1.13,N,VIIRS_NOAA20_NRT
29.47475,76.85314,367.0,0.37,0.58,2026-09-03,2002,N20,VIIRS,h,2.0NRT,288.75,8.36,N,VIIRS_NOAA20_NRT
29.47725,76.85763,310.55,0.37,0.58,2026-09-03,2002,N20,VIIRS,n,2.0NRT,289.14,6.79,N,VIIRS_NOAA20_NRT
23.66344,84.99948,306.55,0.39,0.36,2026-09-03,2002,N20,VIIRS,n,2.0NRT,287.33,0.92,N,VIIRS_NOAA20_NRT
23.66732,84.99632,303.53,0.39,0.36,2026-09-03,2002,N20,VIIRS,n,2.0NRT,287.06,0.92,N,VIIRS_NOAA20_NRT
23.66802,84.99591,300.08,0.64,0.72,2026-09-03,1908,N21,VIIRS,n,2.0NRT,279.53,3.24,N,VIIRS_NOAA21_NRT
28.74499,76.92669,296.37,0.36,0.58,2026-09-03,2002,N20,VIIRS,n,2.0NRT,279.34,2.1,N,VIIRS_NOAA20_NRT
23.6662,84.99924,305.61,0.5,0.49,2026-09-03,1945,N,VIIRS,n,2.0NRT,284.33,1.64,N,VIIRS_SNPP_NRT
29.47757,76.85374,367.0,0.37,0.58,2026-09-03,2002,N20,VIIRS,h,2.0NRT,288.83,9.46,N,VIIRS_NOAA20_NRT
31.46605,74.61465,336.94,0.49,0.4,2026-09-03,822,N21,VIIRS,n,2.0NRT,301.01,4.63,D,VIIRS_NOAA21_NRT
29.90804,74.94972,304.42,0.5,0.66,2026-09-03,2142,N20,VIIRS,n,2.0NRT,290.39,0.96,N,VIIRS_NOAA20_NRT
26.7609,83.19978,308.37,0.46,0.39,2026-09-03,2002,N20,VIIRS,n,2.0NRT,290.5,3.62,N,VIIRS_NOAA20_NRT
29.47605,76.85793,329.76,0.41,0.37,2026-09-03,2046,N21,VIIRS,n,2.0NRT,293.88,4.09,N,VIIRS_NOAA21_NRT
23.67289,84.9959,296.21,0.5,0.66,2026-09-04,1923,N,VIIRS,n,2.0NRT,283.89,2.91,N,VIIRS_SNPP_NRT
24.15935,82.56554,302.1,0.41,0.6,2026-09-04,2104,N,VIIRS,n,2.0NRT,274.26,0.96,N,VIIRS_SNPP_NRT
24.16024,82.56169,300.91,0.41,0.6,2026-09-04,2104,N,VIIRS,n,2.0NRT,273.66,0.96,N,VIIRS_SNPP_NRT
31.25797,76.92616,299.97,0.32,0.55,2026-09-04,2123,N20,VIIRS,n,2.0NRT,287.19,1.0,N,VIIRS_NOAA20_NRT
23.82546,84.57072,305.89,0.54,0.68,2026-09-04,1923,N,VIIRS,n,2.0NRT,283.26,1.88,N,VIIRS_SNPP_NRT
31.25863,76.92339,299.65,0.32,0.55,2026-09-04,2123,N20,VIIRS,n,2.0NRT,286.47,0.74,N,VIIRS_NOAA20_NRT
23.82713,84.57284,305.57,0.42,0.45,2026-09-04,1945,N20,VIIRS,n,2.0NRT,288.62,1.64,N,VIIRS_NOAA20_NRT
23.66674,84.99536,296.08,0.5,0.66,2026-09-04,1923,N,VIIRS,n,2.0NRT,283.69,1.49,N,VIIRS_SNPP_NRT
29.911,74.95192,341.22,0.39,0.44,2026-09-04,839,N,VIIRS,n,2.0NRT,299.43,5.47,D,VIIRS_SNPP_NRT
29.90779,74.95393,334.59,0.48,0.64,2026-09-04,858,N20,VIIRS,n,2.0NRT,293.52,3.63,D,VIIRS_NOAA20_NRT
24.16057,82.56489,323.92,0.52,0.42,2026-09-04,2027,N21,VIIRS,n,2.0NRT,283.64,3.75,N,VIIRS_NOAA21_NRT
23.80973,84.8444,303.08,0.48,0.48,2026-09-04,2027,N21,VIIRS,n,2.0NRT,288.45,1.53,N,VIIRS_NOAA21_NRT
29.47524,76.8587,312.67,0.39,0.36,2026-09-05,2044,N,VIIRS,n,2.0NRT,292.14,0.88,N,VIIRS_SNPP_NRT
29.47778,76.85781,305.57,0.56,0.43,2026-09-05,2104,N20,VIIRS,n,2.0NRT,290.94,1.29,N,VIIRS_NOAA20_NRT
23.6678,84.99622,304.81,0.42,0.38,2026-09-05,2010,N21,VIIRS,n,2.0NRT,290.35,0.75,N,VIIRS_NOAA21_NRT
23.67184,84.99578,302.86,0.4,0.6,2026-09-05,1925,N20,VIIRS,n,2.0NRT,286.5,0.76,N,VIIRS_NOAA20_NRT
24.14729,82.65858,302.08,0.38,0.36,2026-09-05,2010,N21,VIIRS,n,2.0NRT,287.02,0.78,N,VIIRS_NOAA21_NRT
29.47612,76.85525,303.57,0.48,0.48,2026-09-05,2008,N21,VIIRS,n,2.0NRT,287.24,0.57,N,VIIRS_NOAA21_NRT
31.25992,76.92314,300.63,0.53,0.42,2026-09-05,2104,N20,VIIRS,n,2.0NRT,289.45,0.4,N,VIIRS_NOAA20_NRT
31.23082,75.08361,335.64,0.4,0.37,2026-09-05,820,N,VIIRS,n,2.0NRT,295.18,4.59,D,VIIRS_SNPP_NRT
31.25029,76.9273,306.11,0.4,0.37,2026-09-05,2044,N,VIIRS,n,2.0NRT,290.29,0.57,N,VIIRS_SNPP_NRT
24.13681,82.726,310.82,0.38,0.36,2026-09-05,2010,N21,VIIRS,n,2.0NRT,289.68,1.21,N,VIIRS_NOAA21_NRT
23.67165,84.99418,304.73,0.4,0.6,2026-09-05,1925,N20,VIIRS,n,2.0NRT,285.84,1.6,N,VIIRS_NOAA20_NRT
24.16025,82.56627,335.71,0.39,0.36,2026-09-05,741,N21,VIIRS,n,2.0NRT,297.05,3.52,D,VIIRS_NOAA21_NRT
23.666,84.999,310.1,0.4,0.6,2026-09-05,1925,N20,VIIRS,n,2.0NRT,287.88,1.49,N,VIIRS_NOAA20_NRT
23.66368,84.99961,304.65,0.42,0.38,2026-09-05,2010,N21,VIIRS,n,2.0NRT,290.89,0.9,N,VIIRS_NOAA21_NRT
23.82782,84.57143,309.52,0.41,0.37,2026-09-05,2010,N21,VIIRS,n,2.0NRT,289.38,2.2,N,VIIRS_NOAA21_NRT
31.37815,74.56349,332.02,0.55,0.43,2026-09-05,744,N21,VIIRS,n,2.0NRT,296.82,3.97,D,VIIRS_NOAA21_NRT
26.75865,83.20107,303.4,0.41,0.45,2026-09-05,2046,N,VIIRS,n,2.0NRT,284.8,1.1,N,VIIRS_SNPP_NRT
24.44885,83.0391,300.77,0.44,0.46,2026-09-05,2046,N,VIIRS,n,2.0NRT,280.08,0.66,N,VIIRS_SNPP_NRT
23.84328,84.94684,298.18,0.4,0.6,2026-09-05,1925,N20,VIIRS,n,2.0NRT,278.39,0.52,N,VIIRS_NOAA20_NRT
23.66578,84.99745,310.52,0.39,0.6,2026-09-05,1925,N20,VIIRS,n,2.0NRT,287.52,2.08,N,VIIRS_NOAA20_NRT
24.20427,82.71069,306.37,0.38,0.36,2026-09-05,2010,N21,VIIRS,n,2.0NRT,283.66,2.18,N,VIIRS_NOAA21_NRT
29.47548,76.85191,304.26,0.47,0.64,2026-09-06,1949,N21,VIIRS,n,2.0NRT,290.19,3.72,N,VIIRS_NOAA21_NRT
24.2027,82.70829,300.61,0.4,0.37,2026-09-06,2027,N,VIIRS,n,2.0NRT,277.12,0.53,N,VIIRS_SNPP_NRT
24.20604,82.70895,300.98,0.4,0.37,2026-09-06,2027,N,VIIRS,n,2.0NRT,277.44,0.69,N,VIIRS_SNPP_NRT
29.47326,76.85646,324.33,0.47,0.64,2026-09-06,1949,N21,VIIRS,n,2.0NRT,290.26,4.33,N,VIIRS_NOAA21_NRT
24.19806,82.71532,306.47,0.4,0.37,2026-09-06,2027,N,VIIRS,n,2.0NRT,276.18,1.09,N,VIIRS_SNPP_NRT
28.27742,77.27326,305.51,0.4,0.37,2026-09-06,2046,N20,VIIRS,n,2.0NRT,291.56,0.72,N,VIIRS_NOAA20_NRT
29.47667,76.85507,333.33,0.4,0.44,2026-09-06,2025,N,VIIRS,n,2.0NRT,292.41,2.08,N,VIIRS_SNPP_NRT
28.34751,77.23099,304.74,0.6,0.71,2026-09-06,2129,N21,VIIRS,n,2.0NRT,286.45,1.08,N,VIIRS_NOAA21_NRT
29.47525,76.85799,324.48,0.54,0.68,2026-09-06,2129,N21,VIIRS,n,2.0NRT,289.53,3.96,N,VIIRS_NOAA21_NRT
27.66805,76.12919,312.39,0.39,0.36,2026-09-06,2046,N20,VIIRS,n,2.0NRT,294.58,1.16,N,VIIRS_NOAA20_NRT
28.34659,77.23032,322.88,0.39,0.37,2026-09-06,2046,N20,VIIRS,n,2.0NRT,292.35,1.97,N,VIIRS_NOAA20_NRT
24.18309,82.66032,304.11,0.4,0.37,2026-09-06,2027,N,VIIRS,n,2.0NRT,281.06,0.99,N,VIIRS_SNPP_NRT
27.79425,75.32977,306.31,0.39,0.36,2026-09-06,2046,N20,VIIRS,n,2.0NRT,294.45,0.87,N,VIIRS_NOAA20_NRT
24.9338,74.63345,297.15,0.38,0.36,2026-09-06,2046,N20,VIIRS,n,2.0NRT,279.72,1.01,N,VIIRS_NOAA20_NRT
24.76391,74.60693,301.93,0.47,0.48,2026-09-06,2027,N,VIIRS,n,2.0NRT,279.07,2.03,N,VIIRS_SNPP_NRT
24.20427,82.70858,297.39,0.54,0.42,2026-09-06,1949,N21,VIIRS,n,2.0NRT,270.96,1.13,N,VIIRS_NOAA21_NRT
28.27557,77.18221,308.9,0.39,0.36,2026-09-06,2046,N20,VIIRS,n,2.0NRT,292.5,1.14,N,VIIRS_NOAA20_NRT
29.47528,76.8589,330.15,0.39,0.36,2026-09-06,2046,N20,VIIRS,n,2.0NRT,294.17,4.54,N,VIIRS_NOAA20_NRT
24.1597,82.56544,335.99,0.42,0.38,2026-09-06,801,N,VIIRS,n,2.0NRT,294.03,3.44,D,VIIRS_SNPP_NRT
24.16126,82.56416,317.13,0.39,0.36,2026-09-06,2027,N,VIIRS,n,2.0NRT,281.97,1.43,N,VIIRS_SNPP_NRT
29.47515,76.85677,331.04,0.47,0.64,2026-09-06,1949,N21,VIIRS,n,2.0NRT,290.31,5.28,N,VIIRS_NOAA21_NRT
29.47619,76.85919,304.71,0.4,0.44,2026-09-06,2025,N,VIIRS,n,2.0NRT,292.68,2.08,N,VIIRS_SNPP_NRT
24.18234,82.64417,304.68,0.4,0.37,2026-09-06,2027,N,VIIRS,n,2.0NRT,282.47,0.65,N,VIIRS_SNPP_NRT
31.13125,74.60674,333.54,0.43,0.38,2026-09-06,822,N20,VIIRS,n,2.0NRT,297.54,4.08,D,VIIRS_NOAA20_NRT
24.15967,82.56333,304.6,0.53,0.5,2026-09-06,2046,N20,VIIRS,n,2.0NRT,274.94,1.75,N,VIIRS_NOAA20_NRT
28.34537,77.22824,313.79,0.55,0.43,2026-09-06,2025,N,VIIRS,n,2.0NRT,291.85,1.68,N,VIIRS_SNPP_NRT
28.34819,77.22955,305.35,0.44,0.62,2026-09-06,1949,N21,VIIRS,n,2.0NRT,280.96,1.15,N,VIIRS_NOAA21_NRT
28.77802,76.94595,304.33,0.46,0.63,2026-09-06,1949,N21,VIIRS,n,2.0NRT,289.64,1.37,N,VIIRS_NOAA21_NRT
24.15831,82.56628,305.94,0.55,0.43,2026-09-06,1949,N21,VIIRS,n,2.0NRT,282.34,1.9,N,VIIRS_NOAA21_NRT
29.47356,76.85158,302.93,0.47,0.64,2026-09-06,1949,N21,VIIRS,n,2.0NRT,289.78,3.15,N,VIIRS_NOAA21_NRT
29.90703,74.94606,330.21,0.66,0.73,2026-09-07,705,N21,VIIRS,n,2.0NRT,290.46,3.28,D,VIIRS_NOAA21_NRT
29.47698,76.85517,331.49,0.52,0.67,2026-09-07,705,N21,VIIRS,n,2.0NRT,292.31,4.49,D,VIIRS_NOAA21_NRT
31.12267,74.66468,341.94,0.38,0.58,2026-09-07,848,N21,VIIRS,n,2.0NRT,298.23,5.3,D,VIIRS_NOAA21_NRT
28.65772,77.57368,338.07,0.39,0.6,2026-09-08,724,N,VIIRS,n,2.0NRT,294.07,3.21,D,VIIRS_SNPP_NRT
31.12966,74.65249,332.7,0.48,0.48,2026-09-09,845,N,VIIRS,n,2.0NRT,297.49,2.66,D,VIIRS_SNPP_NRT
31.38428,74.80376,331.82,0.39,0.36,2026-09-09,809,N21,VIIRS,n,2.0NRT,300.03,4.3,D,VIIRS_NOAA21_NRT
26.64483,79.48153,330.06,0.53,0.42,2026-09-09,807,N21,VIIRS,n,2.0NRT,299.34,4.05,D,VIIRS_NOAA21_NRT
31.11923,74.6719,346.95,0.48,0.48,2026-09-09,845,N,VIIRS,n,2.0NRT,300.42,10.59,D,VIIRS_SNPP_NRT
31.31425,75.0283,335.07,0.4,0.37,2026-09-09,809,N21,VIIRS,n,2.0NRT,300.87,3.21,D,VIIRS_NOAA21_NRT
31.12366,74.67133,345.68,0.48,0.48,2026-09-09,845,N,VIIRS,n,2.0NRT,298.08,6.33,D,VIIRS_SNPP_NRT
26.64183,79.48302,332.65,0.41,0.61,2026-09-09,843,N,VIIRS,n,2.0NRT,294.48,4.48,D,VIIRS_SNPP_NRT
31.24909,75.12587,331.85,0.4,0.37,2026-09-09,809,N21,VIIRS,n,2.0NRT,300.84,2.91,D,VIIRS_NOAA21_NRT
25.61475,75.90067,339.91,0.42,0.38,2026-09-10,826,N,VIIRS,n,2.0NRT,300.69,2.98,D,VIIRS_SNPP_NRT
31.11552,74.6421,342.94,0.6,0.53,2026-09-10,845,N20,VIIRS,n,2.0NRT,298.83,13.36,D,VIIRS_NOAA20_NRT
31.12585,74.64738,333.04,0.6,0.53,2026-09-10,845,N20,VIIRS,n,2.0NRT,297.45,4.86,D,VIIRS_NOAA20_NRT
31.3569,75.92867,330.03,0.47,0.4,2026-09-10,828,N,VIIRS,n,2.0NRT,298.91,2.8,D,VIIRS_SNPP_NRT
29.89778,77.03768,331.47,0.41,0.6,2026-09-10,845,N20,VIIRS,n,2.0NRT,295.96,2.28,D,VIIRS_NOAA20_NRT
31.12557,74.68327,332.7,0.42,0.38,2026-09-10,828,N,VIIRS,n,2.0NRT,304.31,2.01,D,VIIRS_SNPP_NRT
31.41759,75.8811,338.02,0.47,0.4,2026-09-10,828,N,VIIRS,n,2.0NRT,299.78,7.11,D,VIIRS_SNPP_NRT
31.13243,74.62755,345.78,0.42,0.38,2026-09-10,828,N,VIIRS,n,2.0NRT,300.28,6.93,D,VIIRS_SNPP_NRT
31.47265,74.99766,332.46,0.32,0.54,2026-09-10,845,N20,VIIRS,n,2.0NRT,296.46,2.21,D,VIIRS_NOAA20_NRT
28.03975,75.82047,335.44,0.44,0.38,2026-09-10,826,N,VIIRS,n,2.0NRT,306.52,2.28,D,VIIRS_SNPP_NRT
31.11475,74.66734,339.31,0.55,0.51,2026-09-11,731,N21,VIIRS,n,2.0NRT,298.98,4.29,D,VIIRS_NOAA21_NRT
31.39054,75.07154,331.47,0.51,0.49,2026-09-11,731,N21,VIIRS,n,2.0NRT,298.9,4.44,D,VIIRS_NOAA21_NRT
31.1145,74.67035,339.39,0.54,0.51,2026-09-11,731,N21,VIIRS,n,2.0NRT,298.55,6.49,D,VIIRS_NOAA21_NRT
31.13036,74.63187,339.35,0.39,0.36,2026-09-12,807,N20,VIIRS,n,2.0NRT,299.6,4.11,D,VIIRS_NOAA20_NRT
24.19804,82.71844,332.43,0.39,0.36,2026-09-12,748,N,VIIRS,n,2.0NRT,295.83,3.01,D,VIIRS_SNPP_NRT
31.11015,74.6165,330.77,0.47,0.64,2026-09-12,854,N21,VIIRS,n,2.0NRT,293.32,3.68,D,VIIRS_NOAA21_NRT
31.38206,74.58451,334.6,0.39,0.36,2026-09-12,809,N20,VIIRS,n,2.0NRT,299.1,3.15,D,VIIRS_NOAA20_NRT
30.97437,74.74274,334.95,0.38,0.36,2026-09-12,807,N20,VIIRS,n,2.0NRT,299.08,15.5,D,VIIRS_NOAA20_NRT
31.16105,74.82891,336.12,0.43,0.46,2026-09-12,750,N,VIIRS,n,2.0NRT,295.62,2.47,D,VIIRS_SNPP_NRT
24.19735,82.71543,330.3,0.48,0.48,2026-09-12,709,N21,VIIRS,n,2.0NRT,292.45,3.65,D,VIIRS_NOAA21_NRT
31.12541,74.65491,352.97,0.47,0.64,2026-09-12,854,N21,VIIRS,n,2.0NRT,293.6,10.59,D,VIIRS_NOAA21_NRT
31.11121,74.61674,330.01,0.47,0.64,2026-09-12,854,N21,VIIRS,n,2.0NRT,293.41,5.16,D,VIIRS_NOAA21_NRT
31.39639,74.7634,343.71,0.38,0.36,2026-09-12,807,N20,VIIRS,n,2.0NRT,298.53,4.21,D,VIIRS_NOAA20_NRT
31.1241,74.65465,343.81,0.47,0.64,2026-09-12,854,N21,VIIRS,n,2.0NRT,293.6,9.36,D,VIIRS_NOAA21_NRT
31.4488,74.51225,333.07,0.39,0.36,2026-09-12,809,N20,VIIRS,n,2.0NRT,298.2,2.35,D,VIIRS_NOAA20_NRT
31.12898,74.61642,349.42,0.45,0.47,2026-09-12,750,N,VIIRS,n,2.0NRT,297.29,6.74,D,VIIRS_SNPP_NRT
31.38129,74.53933,342.57,0.45,0.47,2026-09-12,750,N,VIIRS,n,2.0NRT,296.29,10.36,D,VIIRS_SNPP_NRT
31.35772,74.54604,355.26,0.46,0.64,2026-09-12,854,N21,VIIRS,n,2.0NRT,294.68,9.77,D,VIIRS_NOAA21_NRT
30.26534,75.17442,332.85,0.38,0.36,2026-09-12,807,N20,VIIRS,n,2.0NRT,301.72,5.51,D,VIIRS_NOAA20_NRT
31.19292,74.89988,345.62,0.38,0.36,2026-09-12,807,N20,VIIRS,n,2.0NRT,298.67,5.6,D,VIIRS_NOAA20_NRT
31.1207,74.60992,335.31,0.42,0.61,2026-09-13,731,N,VIIRS,n,2.0NRT,294.42,4.14,D,VIIRS_SNPP_NRT
24.19585,82.71654,332.02,0.39,0.44,2026-09-13,729,N,VIIRS,n,2.0NRT,293.19,4.25,D,VIIRS_SNPP_NRT
31.12239,74.60079,330.56,0.42,0.61,2026-09-13,731,N,VIIRS,n,2.0NRT,294.98,2.78,D,VIIRS_SNPP_NRT
26.37966,78.60296,333.88,0.43,0.38,2026-09-13,748,N20,VIIRS,n,2.0NRT,295.53,2.6,D,VIIRS_NOAA20_NRT
31.38006,74.8971,334.89,0.5,0.49,2026-09-13,835,N21,VIIRS,n,2.0NRT,297.83,6.34,D,VIIRS_NOAA21_NRT
30.9613,76.23922,336.78,0.46,0.39,2026-09-13,750,N20,VIIRS,n,2.0NRT,295.62,4.73,D,VIIRS_NOAA20_NRT
31.12459,74.60937,334.58,0.42,0.61,2026-09-13,731,N,VIIRS,n,2.0NRT,294.39,5.49,D,VIIRS_SNPP_NRT
31.12562,74.64755,345.55,0.33,0.56,2026-09-14,731,N20,VIIRS,n,2.0NRT,295.32,4.55,D,VIIRS_NOAA20_NRT
28.84286,78.82959,351.66,0.5,0.66,2026-09-14,712,N,VIIRS,n,2.0NRT,287.28,10.52,D,VIIRS_SNPP_NRT
31.34287,74.53355,331.95,0.42,0.38,2026-09-14,816,N21,VIIRS,n,2.0NRT,300.4,3.09,D,VIIRS_NOAA21_NRT
31.33463,74.84099,367.0,0.32,0.55,2026-09-14,731,N20,VIIRS,h,2.0NRT,294.8,7.82,D,VIIRS_NOAA20_NRT
31.43047,75.18233,331.05,0.45,0.39,2026-09-14,816,N21,VIIRS,n,2.0NRT,296.62,5.69,D,VIIRS_NOAA21_NRT
31.07509,74.56845,336.04,0.42,0.38,2026-09-14,816,N21,VIIRS,n,2.0NRT,298.33,4.16,D,VIIRS_NOAA21_NRT
28.55451,77.08445,335.42,0.38,0.36,2026-09-15,756,N21,VIIRS,n,2.0NRT,303.98,3.83,D,VIIRS_NOAA21_NRT
24.19787,82.71607,332.5,0.5,0.41,2026-09-15,754,N21,VIIRS,n,2.0NRT,297.84,5.54,D,VIIRS_NOAA21_NRT
31.47223,75.18405,336.99,0.4,0.37,2026-09-15,758,N21,VIIRS,n,2.0NRT,296.25,4.46,D,VIIRS_NOAA21_NRT
31.45562,74.87386,336.91,0.4,0.37,2026-09-15,758,N21,VIIRS,n,2.0NRT,296.34,7.84,D,VIIRS_NOAA21_NRT
31.12929,74.62807,330.84,0.41,0.37,2026-09-15,758,N21,VIIRS,n,2.0NRT,299.02,4.4,D,VIIRS_NOAA21_NRT
26.37746,78.60052,332.1,0.39,0.36,2026-09-15,756,N21,VIIRS,n,2.0NRT,296.87,3.74,D,VIIRS_NOAA21_NRT
31.39248,75.85404,331.24,0.39,0.36,2026-09-15,758,N21,VIIRS,n,2.0NRT,289.59,4.31,D,VIIRS_NOAA21_NRT
30.26756,75.17442,330.29,0.4,0.37,2026-09-15,756,N21,VIIRS,l,2.0NRT,303.16,5.81,D,VIIRS_NOAA21_NRT
31.32874,74.51641,333.37,0.45,0.47,2026-09-16,737,N21,VIIRS,n,2.0NRT,297.05,3.7,D,VIIRS_NOAA21_NRT
31.32868,74.5156,330.64,0.45,0.47,2026-09-16,737,N21,VIIRS,n,2.0NRT,296.74,5.29,D,VIIRS_NOAA21_NRT
23.82722,84.57161,330.12,0.39,0.36,2026-09-16,735,N21,VIIRS,l,2.0NRT,302.33,4.93,D,VIIRS_NOAA21_NRT
24.18369,82.66108,305.29,0.45,0.47,2026-09-17,1945,N21,VIIRS,n,2.0NRT,288.74,1.26,N,VIIRS_NOAA21_NRT
24.15559,82.59526,298.67,0.43,0.46,2026-09-17,2040,N20,VIIRS,n,2.0NRT,279.24,0.47,N,VIIRS_NOAA20_NRT
28.3721,77.2253,309.97,0.38,0.36,2026-09-17,2040,N20,VIIRS,n,2.0NRT,293.17,0.84,N,VIIRS_NOAA20_NRT
28.83806,77.13728,298.65,0.39,0.36,2026-09-17,2040,N20,VIIRS,n,2.0NRT,279.03,1.62,N,VIIRS_NOAA20_NRT
24.7653,74.60944,313.42,0.41,0.37,2026-09-17,2040,N20,VIIRS,n,2.0NRT,291.11,1.6,N,VIIRS_NOAA20_NRT
27.66867,76.13344,304.03,0.39,0.36,2026-09-17,2040,N20,VIIRS,n,2.0NRT,293.07,0.66,N,VIIRS_NOAA20_NRT
28.78523,76.94955,303.8,0.39,0.36,2026-09-17,2040,N20,VIIRS,n,2.0NRT,293.12,0.5,N,VIIRS_NOAA20_NRT
24.58007,74.80331,302.63,0.4,0.37,2026-09-17,2040,N20,VIIRS,n,2.0NRT,284.36,1.0,N,VIIRS_NOAA20_NRT
28.65855,77.58888,306.73,0.38,0.36,2026-09-17,2040,N20,VIIRS,n,2.0NRT,293.5,1.69,N,VIIRS_NOAA20_NRT
24.19782,82.71439,313.91,0.44,0.46,2026-09-17,2040,N20,VIIRS,n,2.0NRT,285.42,1.67,N,VIIRS_NOAA20_NRT
27.66926,76.12948,314.63,0.39,0.36,2026-09-17,2040,N20,VIIRS,n,2.0NRT,293.72,1.34,N,VIIRS_NOAA20_NRT
31.32764,76.89212,300.44,0.4,0.37,2026-09-17,2038,N20,VIIRS,n,2.0NRT,287.93,0.74,N,VIIRS_NOAA20_NRT
28.65065,77.58867,304.94,0.5,0.66,2026-09-17,2123,N21,VIIRS,n,2.0NRT,290.9,0.92,N,VIIRS_NOAA21_NRT
31.25762,76.92679,297.37,0.4,0.6,2026-09-17,2125,N21,VIIRS,n,2.0NRT,286.42,1.22,N,VIIRS_NOAA21_NRT
23.66874,84.99628,295.15,0.49,0.4,2026-09-17,1945,N21,VIIRS,n,2.0NRT,271.06,1.19,N,VIIRS_NOAA21_NRT
24.20387,82.71201,305.36,0.44,0.46,2026-09-17,1945,N21,VIIRS,n,2.0NRT,288.78,2.32,N,VIIRS_NOAA21_NRT
31.25937,76.92675,300.35,0.4,0.6,2026-09-17,2125,N21,VIIRS,n,2.0NRT,286.78,1.0,N,VIIRS_NOAA21_NRT
24.1452,82.65588,305.11,0.45,0.47,2026-09-17,1945,N21,VIIRS,n,2.0NRT,285.86,0.85,N,VIIRS_NOAA21_NRT
28.65198,77.58755,308.68,0.38,0.36,2026-09-17,2040,N20,VIIRS,n,2.0NRT,294.27,2.19,N,VIIRS_NOAA20_NRT
24.16092,82.63174,306.76,0.45,0.47,2026-09-17,1945,N21,VIIRS,n,2.0NRT,288.66,1.06,N,VIIRS_NOAA21_NRT
23.82713,84.57088,301.67,0.52,0.41,2026-09-17,1945,N21,VIIRS,n,2.0NRT,280.0,1.23,N,VIIRS_NOAA21_NRT
24.20579,82.52459,300.1,0.42,0.46,2026-09-17,2040,N20,VIIRS,n,2.0NRT,282.42,0.5,N,VIIRS_NOAA20_NRT
28.64764,77.58793,304.96,0.5,0.66,2026-09-17,2123,N21,VIIRS,n,2.0NRT,290.71,0.77,N,VIIRS_NOAA21_NRT
24.19906,82.71622,305.99,0.44,0.46,2026-09-17,1945,N21,VIIRS,n,2.0NRT,287.68,1.04,N,VIIRS_NOAA21_NRT
24.16302,82.62923,310.7,0.38,0.36,2026-09-17,2021,N,VIIRS,n,2.0NRT,289.83,1.11,N,VIIRS_SNPP_NRT
24.14799,82.65558,302.29,0.43,0.46,2026-09-17,2040,N20,VIIRS,n,2.0NRT,282.63,0.59,N,VIIRS_NOAA20_NRT
24.19693,82.7169,319.69,0.38,0.36,2026-09-17,2021,N,VIIRS,n,2.0NRT,290.08,1.62,N,VIIRS_SNPP_NRT
24.92962,84.148,307.83,0.39,0.36,2026-09-17,2019,N,VIIRS,n,2.0NRT,290.32,0.88,N,VIIRS_SNPP_NRT
24.05251,80.61311,308.97,0.42,0.38,2026-09-17,2021,N,VIIRS,n,2.0NRT,291.68,1.02,N,VIIRS_SNPP_NRT
24.32523,81.32887,308.4,0.4,0.37,2026-09-17,2021,N,VIIRS,n,2.0NRT,288.99,0.64,N,VIIRS_SNPP_NRT
23.82859,84.57331,305.7,0.4,0.37,2026-09-17,2021,N,VIIRS,n,2.0NRT,288.02,1.88,N,VIIRS_SNPP_NRT
24.18205,82.65988,307.62,0.38,0.36,2026-09-17,2021,N,VIIRS,n,2.0NRT,290.44,1.18,N,VIIRS_SNPP_NRT
24.01121,80.53002,304.79,0.42,0.38,2026-09-17,2021,N,VIIRS,n,2.0NRT,291.56,0.93,N,VIIRS_SNPP_NRT
31.25922,76.9226,298.71,0.4,0.37,2026-09-17,2038,N20,VIIRS,n,2.0NRT,287.71,0.36,N,VIIRS_NOAA20_NRT
24.15919,82.56651,308.94,0.38,0.36,2026-09-17,2021,N,VIIRS,n,2.0NRT,290.19,1.13,N,VIIRS_SNPP_NRT
24.20473,82.71059,306.64,0.38,0.36,2026-09-17,2021,N,VIIRS,n,2.0NRT,290.7,1.45,N,VIIRS_SNPP_NRT
24.19478,82.71577,305.56,0.44,0.46,2026-09-17,1945,N21,VIIRS,n,2.0NRT,286.89,1.04,N,VIIRS_NOAA21_NRT
24.1811,82.64421,307.27,0.38,0.36,2026-09-17,2021,N,VIIRS,n,2.0NRT,289.88,0.92,N,VIIRS_SNPP_NRT
24.1451,82.65688,309.94,0.38,0.36,2026-09-17,2021,N,VIIRS,n,2.0NRT,288.77,0.93,N,VIIRS_SNPP_NRT
26.75973,83.19985,314.71,0.39,0.36,2026-09-17,2019,N,VIIRS,n,2.0NRT,295.09,3.36,N,VIIRS_SNPP_NRT
31.25132,76.9297,305.91,0.39,0.37,2026-09-17,2038,N20,VIIRS,n,2.0NRT,287.97,0.37,N,VIIRS_NOAA20_NRT
29.91951,74.9534,303.76,0.32,0.55,2026-09-17,2019,N,VIIRS,n,2.0NRT,291.13,0.92,N,VIIRS_SNPP_NRT
24.1831,82.65797,298.49,0.43,0.46,2026-09-17,2040,N20,VIIRS,n,2.0NRT,277.45,0.42,N,VIIRS_NOAA20_NRT
24.20653,82.52477,302.9,0.39,0.36,2026-09-17,2021,N,VIIRS,n,2.0NRT,285.63,0.56,N,VIIRS_SNPP_NRT
24.1545,82.59667,303.68,0.38,0.36,2026-09-17,2021,N,VIIRS,n,2.0NRT,289.36,0.57,N,VIIRS_SNPP_NRT
24.20532,82.70683,305.18,0.38,0.36,2026-09-17,2021,N,VIIRS,n,2.0NRT,289.99,0.64,N,VIIRS_SNPP_NRT
30.43399,76.88471,330.98,0.4,0.37,2026-09-18,756,N20,VIIRS,n,2.0NRT,302.2,2.04,D,VIIRS_NOAA20_NRT
29.13114,75.77167,343.32,0.44,0.38,2026-09-18,756,N20,VIIRS,n,2.0NRT,301.56,4.96,D,VIIRS_NOAA20_NRT
31.0306,74.98357,331.95,0.52,0.5,2026-09-19,737,N20,VIIRS,n,2.0NRT,298.55,5.07,D,VIIRS_NOAA20_NRT
30.48769,76.58208,331.99,0.43,0.46,2026-09-19,737,N20,VIIRS,l,2.0NRT,303.21,3.44,D,VIIRS_NOAA20_NRT
29.136,76.68733,331.5,0.45,0.47,2026-09-19,737,N20,VIIRS,n,2.0NRT,302.38,2.3,D,VIIRS_NOAA20_NRT
24.1971,82.71725,330.53,0.42,0.37,2026-09-19,735,N20,VIIRS,n,2.0NRT,296.19,3.04,D,VIIRS_NOAA20_NRT
28.66101,77.51159,335.49,0.42,0.45,2026-09-19,737,N20,VIIRS,n,2.0NRT,301.25,1.56,D,VIIRS_NOAA20_NRT
30.98733,75.99974,331.29,0.46,0.47,2026-09-19,737,N20,VIIRS,n,2.0NRT,300.41,2.14,D,VIIRS_NOAA20_NRT
28.66271,77.51116,330.94,0.4,0.37,2026-09-20,803,N21,VIIRS,n,2.0NRT,298.26,1.86,D,VIIRS_NOAA21_NRT
28.95991,77.03909,333.04,0.39,0.36,2026-09-20,803,N21,VIIRS,n,2.0NRT,302.34,3.4,D,VIIRS_NOAA21_NRT
31.02731,74.98879,341.0,0.38,0.36,2026-09-20,805,N21,VIIRS,n,2.0NRT,303.33,5.29,D,VIIRS_NOAA21_NRT
31.42315,75.03992,332.29,0.38,0.36,2026-09-20,805,N21,VIIRS,n,2.0NRT,303.45,2.12,D,VIIRS_NOAA21_NRT
31.12087,74.62765,331.32,0.39,0.36,2026-09-20,805,N21,VIIRS,l,2.0NRT,302.37,2.39,D,VIIRS_NOAA21_NRT
27.71872,77.43215,340.82,0.4,0.37,2026-09-20,803,N21,VIIRS,n,2.0NRT,298.96,7.75,D,VIIRS_NOAA21_NRT
31.47106,74.50964,346.45,0.39,0.36,2026-09-20,805,N21,VIIRS,n,2.0NRT,306.36,4.55,D,VIIRS_NOAA21_NRT
29.7345,77.13831,332.82,0.4,0.37,2026-09-20,803,N21,VIIRS,l,2.0NRT,304.39,2.31,D,VIIRS_NOAA21_NRT
31.26674,75.19489,332.62,0.38,0.36,2026-09-20,805,N21,VIIRS,n,2.0NRT,304.38,2.49,D,VIIRS_NOAA21_NRT
30.61899,76.84133,338.28,0.4,0.37,2026-09-20,805,N21,VIIRS,n,2.0NRT,302.76,6.39,D,VIIRS_NOAA21_NRT
31.19342,75.00808,345.39,0.38,0.36,2026-09-20,805,N21,VIIRS,n,2.0NRT,307.03,6.05,D,VIIRS_NOAA21_NRT
31.37265,74.53437,334.19,0.39,0.36,2026-09-20,805,N21,VIIRS,n,2.0NRT,306.73,4.01,D,VIIRS_NOAA21_NRT
31.26347,76.0219,332.62,0.39,0.36,2026-09-20,805,N21,VIIRS,n,2.0NRT,302.48,8.9,D,VIIRS_NOAA21_NRT
31.14354,75.08015,334.83,0.38,0.36,2026-09-20,805,N21,VIIRS,n,2.0NRT,305.27,4.55,D,VIIRS_NOAA21_NRT
31.14682,75.07948,336.04,0.38,0.36,2026-09-20,805,N21,VIIRS,n,2.0NRT,303.26,4.55,D,VIIRS_NOAA21_NRT
31.37593,74.53367,338.41,0.39,0.36,2026-09-20,805,N21,VIIRS,n,2.0NRT,306.12,4.01,D,VIIRS_NOAA21_NRT
31.37966,75.87103,330.28,0.48,0.4,2026-09-21,744,N21,VIIRS,l,2.0NRT,303.25,3.17,D,VIIRS_NOAA21_NRT
30.61767,76.83537,336.04,0.32,0.55,2026-09-21,839,N20,VIIRS,n,2.0NRT,298.68,1.83,D,VIIRS_NOAA20_NRT
31.41062,75.89199,333.13,0.47,0.4,2026-09-21,744,N21,VIIRS,n,2.0NRT,303.32,2.19,D,VIIRS_NOAA21_NRT
28.08778,76.76397,331.16,0.6,0.53,2026-09-21,839,N20,VIIRS,n,2.0NRT,299.65,4.5,D,VIIRS_NOAA20_NRT
31.08236,74.53252,334.26,0.56,0.43,2026-09-21,744,N21,VIIRS,n,2.0NRT,301.55,4.5,D,VIIRS_NOAA21_NRT
27.98956,78.0635,343.51,0.36,0.57,2026-09-21,839,N20,VIIRS,n,2.0NRT,292.8,2.88,D,VIIRS_NOAA20_NRT
31.12406,74.65575,337.36,0.49,0.48,2026-09-21,839,N20,VIIRS,n,2.0NRT,297.85,6.04,D,VIIRS_NOAA20_NRT
25.6086,81.3716,331.48,0.38,0.36,2026-09-21,741,N21,VIIRS,n,2.0NRT,297.84,4.61,D,VIIRS_NOAA21_NRT
26.53267,77.72529,333.73,0.52,0.41,2026-09-22,820,N20,VIIRS,n,2.0NRT,298.89,2.51,D,VIIRS_NOAA20_NRT
25.84099,81.26147,336.27,0.54,0.51,2026-09-22,820,N20,VIIRS,n,2.0NRT,293.04,4.71,D,VIIRS_NOAA20_NRT
27.81773,77.43873,330.94,0.52,0.41,2026-09-22,820,N20,VIIRS,n,2.0NRT,298.1,2.07,D,VIIRS_NOAA20_NRT
27.89835,76.81835,333.98,0.48,0.4,2026-09-22,820,N20,VIIRS,l,2.0NRT,307.76,2.89,D,VIIRS_NOAA20_NRT
27.89713,76.81608,333.64,0.48,0.4,2026-09-22,820,N20,VIIRS,l,2.0NRT,307.57,2.86,D,VIIRS_NOAA20_NRT
31.16594,76.26553,341.24,0.5,0.41,2026-09-22,822,N20,VIIRS,n,2.0NRT,304.75,5.78,D,VIIRS_NOAA20_NRT
28.25886,76.19051,335.21,0.46,0.39,2026-09-22,820,N20,VIIRS,l,2.0NRT,308.25,1.15,D,VIIRS_NOAA20_NRT
31.07007,74.54601,335.48,0.42,0.38,2026-09-22,822,N20,VIIRS,n,2.0NRT,300.46,2.63,D,VIIRS_NOAA20_NRT
31.49621,74.53161,337.53,0.33,0.56,2026-09-22,726,N21,VIIRS,n,2.0NRT,296.26,3.36,D,VIIRS_NOAA21_NRT
31.1071,74.66666,330.19,0.43,0.38,2026-09-22,822,N20,VIIRS,l,2.0NRT,302.03,3.24,D,VIIRS_NOAA20_NRT
31.49193,74.53301,338.18,0.43,0.38,2026-09-22,822,N20,VIIRS,n,2.0NRT,300.57,2.88,D,VIIRS_NOAA20_NRT
30.23521,76.06618,334.08,0.58,0.52,2026-09-22,726,N21,VIIRS,n,2.0NRT,298.82,5.23,D,VIIRS_NOAA21_NRT
31.49145,74.55597,333.06,0.43,0.38,2026-09-22,822,N20,VIIRS,n,2.0NRT,300.74,2.71,D,VIIRS_NOAA20_NRT
30.04757,74.77618,336.95,0.41,0.37,2026-09-23,801,N20,VIIRS,l,2.0NRT,307.17,4.55,D,VIIRS_NOAA20_NRT
29.78398,74.842,334.03,0.41,0.37,2026-09-23,801,N20,VIIRS,l,2.0NRT,304.18,1.87,D,VIIRS_NOAA20_NRT
30.89486,74.52944,338.76,0.37,0.58,2026-09-23,848,N21,VIIRS,n,2.0NRT,297.08,4.06,D,VIIRS_NOAA21_NRT
31.08209,74.51493,337.04,0.41,0.37,2026-09-23,801,N20,VIIRS,n,2.0NRT,301.9,3.42,D,VIIRS_NOAA20_NRT
31.10875,74.6103,340.85,0.41,0.37,2026-09-23,801,N20,VIIRS,n,2.0NRT,300.64,7.9,D,VIIRS_NOAA20_NRT
28.80413,76.91926,334.76,0.39,0.36,2026-09-23,801,N20,VIIRS,l,2.0NRT,305.59,3.16,D,VIIRS_NOAA20_NRT
30.50104,75.93659,336.25,0.44,0.63,2026-09-23,848,N21,VIIRS,n,2.0NRT,296.76,8.51,D,VIIRS_NOAA21_NRT
30.50076,75.93196,330.24,0.44,0.63,2026-09-23,848,N21,VIIRS,n,2.0NRT,297.13,8.09,D,VIIRS_NOAA21_NRT
29.78326,74.83778,332.84,0.41,0.37,2026-09-23,801,N20,VIIRS,l,2.0NRT,305.36,1.87,D,VIIRS_NOAA20_NRT
25.28458,74.79762,331.29,0.33,0.55,2026-09-23,845,N21,VIIRS,n,2.0NRT,299.15,1.93,D,VIIRS_NOAA21_NRT
29.77915,74.83432,339.14,0.41,0.37,2026-09-23,801,N20,VIIRS,n,2.0NRT,305.63,2.45,D,VIIRS_NOAA20_NRT
31.36038,75.98373,330.14,0.39,0.36,2026-09-23,801,N20,VIIRS,l,2.0NRT,301.06,2.02,D,VIIRS_NOAA20_NRT
25.56269,74.7977,354.14,0.33,0.56,2026-09-23,845,N21,VIIRS,n,2.0NRT,304.34,4.89,D,VIIRS_NOAA21_NRT
31.10897,74.63509,331.06,0.37,0.58,2026-09-23,848,N21,VIIRS,n,2.0NRT,296.69,3.69,D,VIIRS_NOAA21_NRT
27.95617,77.70888,331.32,0.38,0.36,2026-09-23,801,N20,VIIRS,l,2.0NRT,304.06,1.94,D,VIIRS_NOAA20_NRT
31.08549,74.68503,347.92,0.38,0.58,2026-09-23,848,N21,VIIRS,n,2.0NRT,298.6,5.83,D,VIIRS_NOAA21_NRT
27.51308,78.42581,330.4,0.39,0.36,2026-09-23,801,N20,VIIRS,n,2.0NRT,301.49,2.87,D,VIIRS_NOAA20_NRT
26.53399,77.68007,335.77,0.38,0.36,2026-09-23,801,N20,VIIRS,n,2.0NRT,301.7,2.72,D,VIIRS_NOAA20_NRT
29.78665,74.83701,339.06,0.41,0.37,2026-09-23,801,N20,VIIRS,n,2.0NRT,305.27,1.87,D,VIIRS_NOAA20_NRT
28.13097,77.62788,334.92,0.38,0.36,2026-09-23,801,N20,VIIRS,n,2.0NRT,303.73,4.83,D,VIIRS_NOAA20_NRT
28.63872,78.51069,335.13,0.39,0.36,2026-09-23,801,N20,VIIRS,n,2.0NRT,302.64,2.28,D,VIIRS_NOAA20_NRT
28.39633,78.19869,332.71,0.39,0.36,2026-09-23,801,N20,VIIRS,n,2.0NRT,302.58,2.17,D,VIIRS_NOAA20_NRT
28.0389,75.06685,343.65,0.42,0.38,2026-09-23,801,N20,VIIRS,n,2.0NRT,313.23,8.84,D,VIIRS_NOAA20_NRT
30.49965,75.93306,346.53,0.44,0.63,2026-09-23,848,N21,VIIRS,n,2.0NRT,297.92,12.66,D,VIIRS_NOAA21_NRT
31.45688,74.87747,332.45,0.4,0.37,2026-09-23,801,N20,VIIRS,n,2.0NRT,299.69,3.83,D,VIIRS_NOAA20_NRT
31.06379,74.55265,337.82,0.39,0.44,2026-09-24,828,N21,VIIRS,n,2.0NRT,298.92,4.02,D,VIIRS_NOAA21_NRT
31.12033,74.64864,336.08,0.39,0.44,2026-09-24,828,N21,VIIRS,n,2.0NRT,299.56,3.33,D,VIIRS_NOAA21_NRT
30.27989,76.27377,332.82,0.56,0.43,2026-09-24,744,N20,VIIRS,n,2.0NRT,298.72,5.97,D,VIIRS_NOAA20_NRT
31.36934,74.54742,331.57,0.39,0.44,2026-09-24,828,N21,VIIRS,l,2.0NRT,302.21,3.72,D,VIIRS_NOAA21_NRT
29.09044,75.95024,341.24,0.41,0.45,2026-09-24,744,N20,VIIRS,n,2.0NRT,301.63,4.5,D,VIIRS_NOAA20_NRT
31.09416,74.65594,330.7,0.44,0.46,2026-09-24,744,N20,VIIRS,n,2.0NRT,297.91,2.82,D,VIIRS_NOAA20_NRT
30.37814,75.27622,330.01,0.42,0.45,2026-09-24,744,N20,VIIRS,n,2.0NRT,298.97,2.54,D,VIIRS_NOAA20_NRT
31.36733,74.5506,331.83,0.44,0.46,2026-09-24,744,N20,VIIRS,n,2.0NRT,298.47,2.73,D,VIIRS_NOAA20_NRT
31.11028,77.44234,340.21,0.48,0.4,2026-09-24,744,N20,VIIRS,n,2.0NRT,302.14,6.06,D,VIIRS_NOAA20_NRT
31.08293,74.54157,339.43,0.39,0.44,2026-09-24,828,N21,VIIRS,n,2.0NRT,300.1,4.04,D,VIIRS_NOAA21_NRT
31.11184,77.4421,327.33,0.36,0.57,2026-09-24,724,N,VIIRS,n,2.0NRT,296.76,2.42,D,VIIRS_SNPP_NRT
28.03802,77.61543,335.74,0.54,0.51,2026-09-24,828,N21,VIIRS,n,2.0NRT,298.87,2.84,D,VIIRS_NOAA21_NRT
25.84487,76.41708,331.06,0.44,0.46,2026-09-24,741,N20,VIIRS,l,2.0NRT,304.81,2.11,D,VIIRS_NOAA20_NRT
30.98238,74.5671,352.28,0.39,0.44,2026-09-24,828,N21,VIIRS,n,2.0NRT,300.61,21.27,D,VIIRS_NOAA21_NRT
26.78875,75.76647,355.4,0.56,0.69,2026-09-24,724,N,VIIRS,n,2.0NRT,297.73,7.12,D,VIIRS_SNPP_NRT
31.07598,74.56745,330.34,0.39,0.36,2026-09-25,809,N21,VIIRS,n,2.0NRT,301.25,2.95,D,VIIRS_NOAA21_NRT
29.24404,76.47194,332.18,0.42,0.38,2026-09-25,809,N21,VIIRS,n,2.0NRT,298.41,2.74,D,VIIRS_NOAA21_NRT
31.36014,75.18115,333.03,0.4,0.37,2026-09-25,809,N21,VIIRS,n,2.0NRT,297.24,3.44,D,VIIRS_NOAA21_NRT
31.183,74.62638,331.76,0.39,0.36,2026-09-25,809,N21,VIIRS,n,2.0NRT,298.66,2.43,D,VIIRS_NOAA21_NRT
31.10194,74.6291,334.7,0.39,0.36,2026-09-25,809,N21,VIIRS,n,2.0NRT,300.47,2.46,D,VIIRS_NOAA21_NRT
28.51131,76.53602,333.38,0.42,0.37,2026-09-25,807,N21,VIIRS,n,2.0NRT,302.25,8.54,D,VIIRS_NOAA21_NRT
29.74121,76.37306,332.7,0.42,0.38,2026-09-25,809,N21,VIIRS,n,2.0NRT,299.67,4.03,D,VIIRS_NOAA21_NRT
31.09296,74.61416,330.46,0.39,0.36,2026-09-25,809,N21,VIIRS,n,2.0NRT,299.45,1.67,D,VIIRS_NOAA21_NRT
25.50459,76.29142,336.55,0.39,0.36,2026-09-25,807,N21,VIIRS,n,2.0NRT,304.72,3.88,D,VIIRS_NOAA21_NRT
31.47302,75.06176,330.12,0.62,0.71,2026-09-25,905,N20,VIIRS,n,2.0NRT,292.06,3.97,D,VIIRS_NOAA20_NRT
31.41075,75.06158,343.22,0.4,0.37,2026-09-25,809,N21,VIIRS,n,2.0NRT,300.64,3.96,D,VIIRS_NOAA21_NRT
28.84225,77.83348,330.44,0.47,0.39,2026-09-25,807,N21,VIIRS,n,2.0NRT,294.47,1.56,D,VIIRS_NOAA21_NRT
31.47933,74.89074,332.69,0.4,0.37,2026-09-25,809,N21,VIIRS,n,2.0NRT,299.76,1.74,D,VIIRS_NOAA21_NRT
28.03522,76.6364,345.72,0.42,0.37,2026-09-25,807,N21,VIIRS,n,2.0NRT,301.11,4.49,D,VIIRS_NOAA21_NRT
31.08847,74.6067,343.4,0.39,0.36,2026-09-25,809,N21,VIIRS,n,2.0NRT,303.36,15.4,D,VIIRS_NOAA21_NRT
31.11077,74.66345,333.88,0.42,0.38,2026-09-26,828,N,VIIRS,n,2.0NRT,301.43,2.37,D,VIIRS_SNPP_NRT
25.5578,76.05056,330.74,0.42,0.38,2026-09-26,826,N,VIIRS,n,2.0NRT,298.8,2.16,D,VIIRS_SNPP_NRT
28.73252,76.92909,331.28,0.49,0.4,2026-09-26,826,N,VIIRS,n,2.0NRT,299.81,3.84,D,VIIRS_SNPP_NRT
31.40663,75.02548,336.47,0.44,0.39,2026-09-26,750,N21,VIIRS,n,2.0NRT,301.31,5.59,D,VIIRS_NOAA21_NRT
30.98959,75.29948,331.8,0.44,0.38,2026-09-26,828,N,VIIRS,n,2.0NRT,299.67,3.47,D,VIIRS_SNPP_NRT
30.58989,76.90581,330.02,0.51,0.41,2026-09-26,828,N,VIIRS,n,2.0NRT,295.0,1.8,D,VIIRS_SNPP_NRT
30.6112,75.04105,335.14,0.43,0.38,2026-09-26,828,N,VIIRS,n,2.0NRT,301.21,4.64,D,VIIRS_SNPP_NRT
31.10034,74.63828,347.98,0.42,0.38,2026-09-26,828,N,VIIRS,n,2.0NRT,303.52,5.66,D,VIIRS_SNPP_NRT
31.09168,74.62635,334.84,0.42,0.38,2026-09-26,828,N,VIIRS,n,2.0NRT,303.1,2.35,D,VIIRS_SNPP_NRT
31.41012,75.02464,344.46,0.44,0.39,2026-09-26,750,N21,VIIRS,n,2.0NRT,301.16,5.59,D,VIIRS_NOAA21_NRT
29.24189,75.82904,331.74,0.44,0.39,2026-09-26,826,N,VIIRS,l,2.0NRT,303.28,5.81,D,VIIRS_SNPP_NRT
31.47236,75.05521,346.21,0.32,0.55,2026-09-26,845,N20,VIIRS,n,2.0NRT,298.88,3.03,D,VIIRS_NOAA20_NRT
31.30234,74.867,334.21,0.43,0.38,2026-09-26,828,N,VIIRS,n,2.0NRT,302.47,3.86,D,VIIRS_SNPP_NRT
31.10414,74.68123,336.26,0.6,0.53,2026-09-26,845,N20,VIIRS,n,2.0NRT,298.57,5.01,D,VIIRS_NOAA20_NRT
31.10823,74.83191,344.33,0.43,0.38,2026-09-26,828,N,VIIRS,n,2.0NRT,301.87,14.72,D,VIIRS_SNPP_NRT
31.33788,75.02445,333.55,0.43,0.38,2026-09-26,828,N,VIIRS,n,2.0NRT,301.23,3.58,D,VIIRS_SNPP_NRT
31.09689,74.63891,330.23,0.42,0.38,2026-09-26,828,N,VIIRS,l,2.0NRT,302.67,5.66,D,VIIRS_SNPP_NRT
31.42388,75.21657,343.52,0.44,0.39,2026-09-26,828,N,VIIRS,n,2.0NRT,298.06,5.61,D,VIIRS_SNPP_NRT
31.33802,75.02751,333.46,0.43,0.38,2026-09-26,828,N,VIIRS,n,2.0NRT,300.87,4.08,D,VIIRS_SNPP_NRT
31.09406,74.61827,331.79,0.6,0.53,2026-09-26,845,N20,VIIRS,n,2.0NRT,300.45,4.05,D,VIIRS_NOAA20_NRT
31.1182,74.54275,332.1,0.47,0.39,2026-09-26,750,N21,VIIRS,l,2.0NRT,302.26,4.82,D,VIIRS_NOAA21_NRT
31.11701,74.63078,344.04,0.42,0.38,2026-09-26,828,N,VIIRS,n,2.0NRT,301.18,7.42,D,VIIRS_SNPP_NRT
30.03959,75.77003,335.07,0.34,0.56,2026-09-26,845,N20,VIIRS,n,2.0NRT,295.48,2.77,D,VIIRS_NOAA20_NRT
31.38435,75.06879,336.25,0.52,0.41,2026-09-27,828,N20,VIIRS,n,2.0NRT,299.53,5.26,D,VIIRS_NOAA20_NRT
28.85881,76.64714,333.86,0.46,0.47,2026-09-27,731,N21,VIIRS,n,2.0NRT,299.19,4.53,D,VIIRS_NOAA21_NRT
31.09023,74.50829,340.61,0.55,0.51,2026-09-27,731,N21,VIIRS,n,2.0NRT,299.85,5.51,D,VIIRS_NOAA21_NRT
31.44468,74.67042,332.18,0.5,0.41,2026-09-27,828,N20,VIIRS,n,2.0NRT,297.86,2.72,D,VIIRS_NOAA20_NRT
24.10532,77.81437,330.01,0.49,0.49,2026-09-27,729,N21,VIIRS,n,2.0NRT,300.25,3.24,D,VIIRS_NOAA21_NRT
31.12417,74.6612,343.07,0.49,0.41,2026-09-27,828,N20,VIIRS,n,2.0NRT,298.2,8.95,D,VIIRS_NOAA20_NRT
31.10928,74.85512,336.24,0.5,0.41,2026-09-27,828,N20,VIIRS,n,2.0NRT,297.52,5.28,D,VIIRS_NOAA20_NRT
29.23861,75.72599,340.81,0.53,0.42,2026-09-27,828,N20,VIIRS,n,2.0NRT,301.0,17.13,D,VIIRS_NOAA20_NRT
31.33554,74.5074,337.25,0.55,0.51,2026-09-27,731,N21,VIIRS,n,2.0NRT,298.15,3.94,D,VIIRS_NOAA21_NRT
31.11304,74.85452,335.23,0.5,0.41,2026-09-27,828,N20,VIIRS,n,2.0NRT,297.59,5.28,D,VIIRS_NOAA20_NRT
27.95373,77.69929,332.45,0.4,0.37,2026-09-28,807,N20,VIIRS,n,2.0NRT,295.48,4.22,D,VIIRS_NOAA20_NRT
24.19794,82.71525,332.65,0.39,0.36,2026-09-28,748,N,VIIRS,n,2.0NRT,300.91,2.57,D,VIIRS_SNPP_NRT
25.54335,75.03336,332.26,0.4,0.37,2026-09-28,807,N20,VIIRS,l,2.0NRT,306.65,2.25,D,VIIRS_NOAA20_NRT
27.84483,77.57309,332.2,0.4,0.37,2026-09-28,807,N20,VIIRS,n,2.0NRT,299.6,2.23,D,VIIRS_NOAA20_NRT
31.44208,75.04371,332.48,0.38,0.36,2026-09-28,809,N20,VIIRS,n,2.0NRT,295.13,3.54,D,VIIRS_NOAA20_NRT
28.24154,76.88919,330.27,0.39,0.36,2026-09-28,807,N20,VIIRS,n,2.0NRT,298.73,2.67,D,VIIRS_NOAA20_NRT
30.82006,75.15816,328.63,0.38,0.36,2026-09-28,809,N20,VIIRS,l,2.0NRT,303.04,1.42,D,VIIRS_NOAA20_NRT
31.09915,75.00624,329.19,0.38,0.36,2026-09-28,809,N20,VIIRS,n,2.0NRT,297.16,2.28,D,VIIRS_NOAA20_NRT
30.79156,75.1514,332.19,0.38,0.36,2026-09-28,809,N20,VIIRS,n,2.0NRT,302.05,3.28,D,VIIRS_NOAA20_NRT
31.41008,75.05821,334.12,0.38,0.36,2026-09-28,809,N20,VIIRS,n,2.0NRT,297.28,2.44,D,VIIRS_NOAA20_NRT
30.94599,76.82039,354.26,0.44,0.38,2026-09-29,750,N20,VIIRS,n,2.0NRT,299.96,14.7,D,VIIRS_NOAA20_NRT
31.10948,74.64301,331.2,0.54,0.42,2026-09-29,750,N20,VIIRS,n,2.0NRT,304.59,2.34,D,VIIRS_NOAA20_NRT
31.20181,74.55953,332.09,0.55,0.43,2026-09-29,750,N20,VIIRS,n,2.0NRT,300.46,2.89,D,VIIRS_NOAA20_NRT
31.41409,75.06924,333.19,0.52,0.5,2026-09-29,835,N21,VIIRS,n,2.0NRT,305.53,5.38,D,VIIRS_NOAA21_NRT
31.40313,75.06059,336.14,0.51,0.41,2026-09-29,750,N20,VIIRS,n,2.0NRT,305.01,3.93,D,VIIRS_NOAA20_NRT
27.96034,77.6015,351.96,0.34,0.56,2026-09-29,835,N21,VIIRS,n,2.0NRT,299.72,6.15,D,VIIRS_NOAA21_NRT
27.72441,77.68972,354.87,0.34,0.56,2026-09-29,835,N21,VIIRS,n,2.0NRT,298.18,4.77,D,VIIRS_NOAA21_NRT
27.96314,77.60023,337.26,0.34,0.56,2026-09-29,835,N21,VIIRS,n,2.0NRT,298.7,6.7,D,VIIRS_NOAA21_NRT
31.11878,74.62823,342.06,0.48,0.48,2026-09-29,835,N21,VIIRS,n,2.0NRT,305.08,14.33,D,VIIRS_NOAA21_NRT
31.25631,74.52593,339.7,0.48,0.48,2026-09-29,835,N21,VIIRS,n,2.0NRT,300.07,5.96,D,VIIRS_NOAA21_NRT
29.87124,77.74375,342.16,0.42,0.38,2026-09-29,750,N20,VIIRS,n,2.0NRT,300.37,3.09,D,VIIRS_NOAA20_NRT
31.4032,75.05873,336.19,0.51,0.41,2026-09-29,750,N20,VIIRS,n,2.0NRT,303.69,3.54,D,VIIRS_NOAA20_NRT
29.62198,77.99657,331.7,0.42,0.37,2026-09-29,750,N20,VIIRS,n,2.0NRT,300.4,2.5,D,VIIRS_NOAA20_NRT
26.91471,81.05251,331.98,0.38,0.36,2026-09-29,750,N20,VIIRS,n,2.0NRT,298.76,4.74,D,VIIRS_NOAA20_NRT
28.62781,76.15293,337.69,0.5,0.41,2026-09-29,750,N20,VIIRS,n,2.0NRT,305.75,3.94,D,VIIRS_NOAA20_NRT
28.24633,76.66773,335.16,0.48,0.4,2026-09-29,750,N20,VIIRS,n,2.0NRT,303.52,3.07,D,VIIRS_NOAA20_NRT
28.19499,77.61921,330.03,0.44,0.38,2026-09-29,750,N20,VIIRS,l,2.0NRT,301.18,1.94,D,VIIRS_NOAA20_NRT
28.19149,77.61999,331.89,0.44,0.38,2026-09-29,750,N20,VIIRS,n,2.0NRT,301.88,1.61,D,VIIRS_NOAA20_NRT
26.91529,81.05634,342.89,0.38,0.36,2026-09-29,750,N20,VIIRS,n,2.0NRT,300.56,5.48,D,VIIRS_NOAA20_NRT
26.52156,77.69675,331.11,0.46,0.39,2026-09-29,750,N20,VIIRS,n,2.0NRT,304.45,1.95,D,VIIRS_NOAA20_NRT
31.31392,75.34063,346.01,0.38,0.59,2026-09-29,731,N,VIIRS,n,2.0NRT,296.73,8.13,D,VIIRS_SNPP_NRT
30.50002,75.62022,348.99,0.38,0.59,2026-09-29,731,N,VIIRS,n,2.0NRT,294.75,6.13,D,VIIRS_SNPP_NRT
28.63075,76.15372,331.8,0.39,0.59,2026-09-29,729,N,VIIRS,n,2.0NRT,298.36,2.12,D,VIIRS_SNPP_NRT
28.12338,77.58401,331.92,0.33,0.55,2026-09-29,729,N,VIIRS,n,2.0NRT,297.87,2.54,D,VIIRS_SNPP_NRT
27.65409,77.45203,334.04,0.34,0.56,2026-09-29,729,N,VIIRS,n,2.0NRT,297.26,3.11,D,VIIRS_SNPP_NRT
24.14644,82.65672,334.13,0.4,0.44,2026-09-29,729,N,VIIRS,n,2.0NRT,297.4,3.17,D,VIIRS_SNPP_NRT
31.48523,74.5428,339.0,0.48,0.48,2026-09-29,835,N21,VIIRS,n,2.0NRT,301.74,3.86,D,VIIRS_NOAA21_NRT
28.6315,76.15203,338.55,0.5,0.41,2026-09-29,750,N20,VIIRS,n,2.0NRT,305.3,5.92,D,VIIRS_NOAA20_NRT
31.49897,74.59251,336.85,0.49,0.48,2026-09-29,835,N21,VIIRS,n,2.0NRT,300.37,2.17,D,VIIRS_NOAA21_NRT
