zone_id,grid_ids_merged,n_grids_merged,latitude,longitude,risk_score,risk_level,avg_risk_score,total_detections,avg_frp,max_frp,region_radius_km
24.20_82.70,24.20_82.70;24.15_82.75;24.10_82.70;24.10_82.75;24.15_82.70;24.20_82.85;24.20_82.90;24.20_82.80;24.15_82.85;24.25_82.75;24.20_82.75;24.30_82.95;24.15_82.80;24.25_82.80;24.25_82.90;24.30_82.90;24.25_82.70;24.30_82.75;24.25_82.85;24.05_82.90;24.15_82.90;24.05_82.70;24.10_82.90;24.30_82.70;24.30_82.85;24.30_82.80;24.05_82.85;24.05_82.80,28,24.20692666772756,82.71172888924252,100.0,CRITICAL,59.2,8304,7.92,108.16,30
24.90_84.10,24.90_84.10;24.90_84.15;24.90_84.25;25.10_84.05;25.10_84.10;25.05_84.10;25.10_84.25;25.00_84.05;25.05_84.15;25.00_84.10;25.10_84.15;25.00_84.15;24.95_84.10;24.95_84.05;25.00_84.25;25.05_84.05;25.05_84.25;24.90_84.20;24.85_84.05;25.00_84.20;24.95_84.30;24.95_84.15;24.85_84.25;24.85_84.20;24.85_84.10;24.95_84.20;25.05_84.20;24.95_84.25;24.85_84.15;24.90_84.05,30,24.92914470941884,84.14115705410822,99.24080083809974,CRITICAL,73.6,8330,5.93,193.54,30
25.10_76.95,25.10_76.95;25.05_76.95;25.10_77.00;25.05_76.90;25.10_76.85;24.90_77.00;25.05_77.00;25.05_76.75;24.90_76.90;25.10_76.90;24.85_76.85;25.00_76.95;24.95_77.00;24.95_76.95;25.00_76.85;24.85_76.95;25.00_76.90;24.90_76.95;25.05_76.85;25.05_76.80;24.95_76.80;24.85_76.90;25.00_77.00;24.95_76.85;24.95_76.90;24.95_76.75;24.85_77.00;25.00_76.75;24.90_76.80;24.90_76.85;25.00_76.80;24.85_76.80;25.10_76.75;24.85_76.75;25.10_76.80,35,25.122774363636363,76.97453242857142,99.0534199854496,CRITICAL,70.2,8031,7.28,372.26,30
25.90_78.25,25.90_78.25;25.85_78.20;25.90_78.10;25.70_78.10;25.85_78.25;25.90_78.30;25.90_78.20;25.85_78.10;25.90_78.15;25.90_78.35;25.75_78.10;25.80_78.15;25.80_78.20;25.80_78.10;25.85_78.15;25.80_78.25;25.70_78.15;25.85_78.30;25.85_78.35;25.70_78.20;25.75_78.15;25.70_78.30;25.70_78.35;25.80_78.30;25.75_78.20;25.70_78.25;25.75_78.25;25.80_78.35;25.75_78.30,29,25.9252723,78.27329756363636,97.87857195896936,CRITICAL,76.3,16819,6.19,265.43,30
24.15_77.45,24.15_77.45;24.10_77.45;24.10_77.40;24.15_77.50;24.25_77.45;24.05_77.50;24.20_77.40;24.20_77.45;24.30_77.50;24.10_77.50;24.15_77.35;24.05_77.40;24.30_77.45;24.25_77.50;24.25_77.30;24.05_77.45;24.25_77.40;24.20_77.50;24.25_77.35;24.15_77.40;24.30_77.40;24.20_77.30;24.05_77.30;24.15_77.30;24.10_77.30;24.30_77.35;24.05_77.35;24.10_77.35;24.20_77.35,29,24.17880944099379,77.47021192546585,96.63005202170947,CRITICAL,73.6,5901,5.21,259.61,30
31.35_74.80,31.35_74.80;31.35_74.70;31.40_74.65;31.45_74.75;31.45_74.70;31.35_74.75;31.45_74.65;31.40_74.80;31.35_74.65;31.40_74.75;31.40_74.60;31.45_74.80;31.40_74.70;31.45_74.60;31.35_74.60,15,31.37526773381295,74.82474318345324,95.64033680389994,CRITICAL,76.5,8055,6.04,243.48,30
31.25_76.90,31.25_76.90;31.30_76.85;31.20_76.90;31.25_77.00;31.25_76.95;31.30_76.90;31.30_76.95;31.10_76.75;31.20_76.80;31.15_76.75;31.15_76.80;31.15_76.85;31.10_76.80;31.15_76.95;31.10_76.95;31.25_76.75;31.20_76.95;31.20_76.85;31.10_76.85;31.10_76.90;31.20_76.75;31.25_76.80;31.30_76.80;31.15_76.90;31.30_76.75;31.25_76.85,26,31.257288598273234,76.92664213814119,95.3254514372766,CRITICAL,61.9,5916,4.33,77.59,30
25.15_83.95,25.15_83.95;25.20_83.95;25.25_83.80;25.20_83.85;25.20_83.90;25.25_83.90;25.30_83.90;25.15_83.90;25.15_83.80;25.20_83.80;25.15_84.00;25.35_83.95;25.35_83.90;25.30_83.80;25.30_83.95;25.15_83.85;25.25_84.00;25.25_83.85;25.20_84.00;25.35_83.85;25.30_84.00;25.30_83.85;25.25_83.95;25.35_83.80;25.35_84.00,25,25.175993041301624,83.97622221526909,95.09786240280538,CRITICAL,81.3,19356,6.01,248.7,30
27.50_84.50,27.50_84.50;27.50_84.45;27.55_84.45;27.50_84.40;27.50_84.35;27.45_84.50;27.50_84.55;27.40_84.55;27.45_84.40;27.45_84.35;27.30_84.50;27.30_84.45;27.45_84.45;27.55_84.40;27.40_84.50;27.55_84.35;27.40_84.40;27.40_84.45;27.30_84.55;27.35_84.55;27.40_84.35;27.35_84.50;27.55_84.50;27.35_84.30;27.45_84.30;27.40_84.30;27.45_84.55;27.35_84.40;27.30_84.40;27.55_84.55;27.30_84.35;27.30_84.30;27.35_84.45;27.35_84.35;27.55_84.30,35,27.528049715504977,84.52334773826459,94.94518233672008,CRITICAL,72.8,15596,4.53,250.28,30
23.50_78.25,23.50_78.25;23.70_78.25;23.55_78.30;23.65_78.15;23.60_78.20;23.65_78.35;23.65_78.25;23.55_78.25;23.60_78.25;23.50_78.30;23.60_78.10;23.75_78.10;23.60_78.15;23.60_78.30;23.70_78.30;23.75_78.30;23.70_78.35;23.60_78.35;23.50_78.20;23.55_78.10;23.65_78.20;23.55_78.20;23.55_78.35;23.55_78.15;23.75_78.15;23.50_78.35;23.50_78.15;23.50_78.10;23.65_78.30;23.70_78.10;23.70_78.20;23.75_78.25;23.65_78.10;23.75_78.20;23.75_78.35;23.70_78.15,36,23.524057401960786,78.27775083333333,94.10295908481008,CRITICAL,74.9,10045,5.61,291.92,30
27.20_82.60,27.20_82.60;27.05_82.60;27.10_82.65;27.05_82.65;27.25_82.60;27.20_82.55;27.25_82.55;27.15_82.60;27.20_82.50;27.25_82.65;27.25_82.50;27.20_82.65;27.10_82.60;27.15_82.55;27.10_82.55;27.15_82.50;27.15_82.65;27.25_82.45;27.20_82.45;27.05_82.45;27.10_82.45;27.05_82.40;27.10_82.50;27.20_82.40;27.05_82.55;27.15_82.45;27.05_82.50;27.00_82.50;27.00_82.45,29,27.226817123552124,82.62229125482625,93.88793771402992,CRITICAL,73.8,10532,4.67,208.93,30
23.95_79.35,23.95_79.35;23.90_79.25;23.90_79.35;24.00_79.25;23.85_79.20;24.00_79.35;23.95_79.30;23.90_79.20;24.00_79.20;23.85_79.35;23.85_79.25;23.95_79.20;23.90_79.30;23.90_79.40;23.80_79.35;23.95_79.25;24.00_79.30;23.95_79.40;23.80_79.20;23.80_79.40;23.80_79.25;23.80_79.30;23.85_79.40;24.00_79.40;23.85_79.30,25,23.98833259358289,79.39101688770053,93.78589988557812,CRITICAL,68.6,4482,5.06,108.45,30
24.15_80.65,24.15_80.65;24.20_80.80;24.05_80.60;24.20_80.75;24.15_80.75;24.15_80.60;24.10_80.65;24.25_80.75;24.15_80.55;24.20_80.55;24.20_80.60;24.10_80.70;24.25_80.60;24.05_80.55;24.05_80.75;24.10_80.55;24.25_80.70;24.30_80.75;24.25_80.55;24.25_80.65;24.20_80.70;24.05_80.70;24.10_80.75;24.15_80.70;24.10_80.60;24.20_80.65;24.05_80.65,27,24.168310350052245,80.69271523510972,93.7575995021518,CRITICAL,70.2,6737,6.9,94.06,30
26.75_83.20,26.75_83.20;26.75_83.15;26.80_83.20;27.00_82.95;27.00_83.00;26.80_83.15;26.85_83.20;26.95_83.15;26.95_83.10;26.95_83.00;26.95_83.05;26.85_83.15;26.80_83.00;26.90_82.95;26.95_82.95;26.90_83.10;26.90_83.15;26.75_82.95;26.85_83.05;26.85_83.00;26.80_83.05;26.90_83.00;26.80_83.10;26.90_83.20;26.75_83.10;27.00_83.10;27.00_83.15;26.90_83.05;26.95_83.20;26.85_83.10;26.75_83.00;26.75_83.05,32,26.76252110103627,83.2054987111399,93.26537920900006,CRITICAL,71.0,9579,6.91,243.2,30
27.10_82.75,27.10_82.75;27.25_82.75;27.05_82.70;27.15_82.70;27.05_82.85;27.05_82.75;27.15_82.80;27.00_82.85;27.25_82.70;27.10_82.70;27.15_82.85;27.10_82.85;27.05_82.80;27.20_82.75;27.05_82.90;27.10_82.90;27.25_82.90;27.20_82.80;27.10_82.80;27.05_82.95;27.20_82.70;27.15_82.75;27.25_82.80;27.25_82.95;27.20_82.85;27.20_82.95;27.20_82.90;27.00_82.90;27.25_82.85;27.15_82.90,30,27.124961224489795,82.77292927113703,93.0414429256036,CRITICAL,80.8,17388,6.2,256.57,30
24.70_76.75,24.70_76.75;24.75_76.75;24.65_76.90;24.60_76.85;24.70_77.00;24.65_76.95;24.80_76.95;24.65_77.00;24.70_76.90;24.65_76.80;24.70_76.80;24.75_77.00;24.80_77.00;24.75_76.95;24.60_76.90;24.70_76.95;24.75_76.90;24.75_76.80;24.75_76.85;24.60_76.80;24.80_76.85;24.65_76.85;24.60_76.75;24.80_76.90;24.70_76.85;24.60_76.95;24.65_76.75;24.80_76.75;24.80_76.80,29,24.732255344129555,76.7813231174089,92.84716329442286,CRITICAL,70.7,5729,6.65,202.74,30
24.15_82.55,24.15_82.55;24.15_82.60;24.10_82.55;24.15_82.65;24.20_82.50;24.10_82.60;24.10_82.65;24.15_82.50;24.05_82.45;24.20_82.65;24.20_82.60;24.20_82.45;24.30_82.45;24.10_82.45;24.25_82.60;24.25_82.45;24.05_82.65;24.15_82.45;24.30_82.40;24.25_82.65;24.10_82.40;24.10_82.50;24.20_82.55;24.25_82.55;24.30_82.55;24.25_82.50;24.05_82.50;24.05_82.55;24.30_82.60;24.30_82.65;24.05_82.60,31,24.171705290780142,82.56634681985815,92.43055752550444,CRITICAL,62.0,28189,5.34,132.18,30
25.05_83.80,25.05_83.80;24.95_83.90;25.05_83.95;25.05_83.85;25.10_83.80;25.00_83.90;25.10_83.95;25.10_84.00;25.05_83.90;25.10_83.85;25.00_83.95;25.00_83.85;25.05_84.00;25.10_83.90;24.90_83.80;25.00_84.00;24.95_83.95;25.00_83.80;24.95_83.85;24.95_84.00;24.95_83.80;24.90_83.95;24.90_83.90;24.90_83.85;24.85_83.80;24.85_83.90;24.85_83.85;24.85_83.75;24.90_84.00;24.85_83.95,30,25.07675239954076,83.82809684270953,91.9257850927326,CRITICAL,78.2,19193,6.38,218.74,30
26.90_83.65,26.90_83.65;26.80_83.65;27.00_83.60;26.95_83.65;26.95_83.55;26.90_83.60;26.90_83.50;26.80_83.60;26.90_83.55;26.75_83.60;26.85_83.55;26.95_83.60;26.95_83.50;26.80_83.55;27.00_83.65;26.75_83.70;26.85_83.60;27.00_83.50;26.75_83.55;26.85_83.50;26.85_83.70;26.85_83.65;26.75_83.50;26.80_83.70;26.75_83.65;26.80_83.50;26.95_83.70;26.75_83.75;26.90_83.70;27.00_83.70;26.85_83.75;26.80_83.75;26.90_83.75;26.95_83.75,34,26.92756161073825,83.67104789709173,91.73923477066045,CRITICAL,74.0,9577,5.49,254.25,30
26.90_82.85,26.90_82.85;26.85_82.85;26.90_82.80;26.90_82.75;26.85_82.90;26.90_82.90;26.85_82.95;26.80_82.95;26.95_82.75;26.85_82.80;26.95_82.85;27.00_82.75;27.00_82.80;26.80_82.85;27.00_82.70;26.80_82.90;26.95_82.80;26.95_82.90;26.75_82.75;26.90_82.70;26.80_82.80;26.75_82.90;26.85_82.75;26.95_82.70;26.75_82.80;26.85_82.70;26.80_82.75;26.75_82.85;26.80_82.70;26.75_82.70,30,26.92472145124716,82.87832037414967,91.73715255587788,CRITICAL,74.3,9264,5.0,194.73,30
25.40_84.30,25.40_84.30;25.40_84.35;25.45_84.30;25.45_84.55;25.55_84.30;25.45_84.50;25.40_84.55;25.40_84.45;25.50_84.55;25.45_84.45;25.45_84.35;25.55_84.35;25.50_84.35;25.40_84.40;25.50_84.40;25.45_84.40;25.50_84.50;25.55_84.55;25.40_84.50;25.65_84.45;25.65_84.40;25.55_84.40;25.60_84.35;25.60_84.55;25.60_84.45;25.60_84.40;25.50_84.45;25.60_84.50;25.55_84.45;25.55_84.50,30,25.41987541528239,84.33347355481727,91.69577190284976,CRITICAL,61.4,3192,6.35,330.53,30
25.15_83.70,25.15_83.70;25.20_83.70;25.15_83.75;25.25_83.70;25.20_83.75;25.20_83.55;25.20_83.65;25.20_83.60;25.25_83.75;25.30_83.70;25.30_83.65;25.15_83.65;25.30_83.60;25.30_83.50;25.30_83.55;25.30_83.75;25.35_83.60;25.25_83.60;25.15_83.60;25.25_83.55;25.35_83.50;25.25_83.65;25.15_83.50;25.15_83.55;25.35_83.55;25.35_83.75;25.35_83.65;25.20_83.50;25.25_83.50;25.35_83.70,30,25.17341393465909,83.72717404829545,91.56639212436576,CRITICAL,75.1,13377,5.6,207.76,30
28.30_82.15,28.30_82.15;28.30_82.20;28.35_82.25;28.25_82.20;28.35_82.15;28.25_82.25;28.25_82.30;28.30_82.25;28.20_82.15;28.30_82.35;28.25_82.15;28.35_82.30;28.30_82.30;28.15_82.15;28.10_82.30;28.15_82.25;28.15_82.30;28.10_82.15;28.15_82.40;28.20_82.25;28.20_82.20;28.30_82.40;28.20_82.35;28.25_82.35;28.15_82.20;28.10_82.25;28.35_82.40;28.35_82.35;28.10_82.20;28.15_82.35;28.20_82.30;28.10_82.35;28.20_82.40,33,28.330128781818186,82.17608650909091,91.44314822845422,CRITICAL,49.2,3952,5.25,161.33,30
30.45_79.40,30.45_79.40;30.35_79.20;30.25_79.20;30.35_79.40;30.35_79.25;30.25_79.35;30.40_79.35;30.30_79.35;30.30_79.30;30.40_79.40;30.35_79.35;30.25_79.30;30.45_79.35;30.30_79.20;30.50_79.40;30.25_79.25;30.40_79.25;30.40_79.30;30.40_79.15;30.35_79.30;30.50_79.35;30.30_79.40;30.45_79.30;30.40_79.20;30.30_79.25;30.45_79.25;30.45_79.20,27,30.475826643835617,79.42965417808219,91.21271673813511,CRITICAL,64.0,3470,4.5,238.19,30
27.75_82.35,27.75_82.35;27.70_82.40;27.80_82.25;27.75_82.30;27.70_82.35;27.80_82.30;27.80_82.20;27.75_82.40;27.65_82.40;27.65_82.35;27.70_82.30;27.80_82.15;27.70_82.25;27.75_82.15;27.70_82.20;27.60_82.35;27.65_82.25;27.60_82.40;27.65_82.30;27.80_82.40;27.75_82.25;27.75_82.20;27.55_82.25;27.80_82.35;27.60_82.20;27.55_82.30;27.55_82.35;27.55_82.20;27.65_82.15;27.60_82.15;27.70_82.15;27.60_82.25;27.60_82.30;27.65_82.20,34,27.77074494075829,82.37516369668246,91.08384738978108,CRITICAL,62.3,7404,3.88,116.48,30
30.85_74.55,30.85_74.55;30.85_74.50;30.90_74.50;30.80_74.50;30.95_74.55;30.80_74.55;30.90_74.55;31.00_74.55;30.95_74.50;31.05_74.50;31.00_74.50,11,30.872753252840912,74.57297811079546,90.79935608042526,CRITICAL,76.7,5954,7.65,296.83,30
27.25_83.55,27.25_83.55;27.15_83.55;27.25_83.65;27.05_83.60;27.20_83.50;27.00_83.55;27.15_83.60;27.25_83.60;27.20_83.65;27.05_83.65;27.20_83.70;27.05_83.70;27.05_83.50;27.15_83.50;27.10_83.60;27.20_83.55;27.05_83.55;27.15_83.65;27.10_83.65;27.10_83.50;27.20_83.60;27.10_83.55;27.25_83.70;27.25_83.50;27.25_83.75;27.10_83.70;27.20_83.75;27.15_83.75;27.05_83.75;27.15_83.70;27.00_83.75,31,27.27249931232092,83.57641094555875,90.56494357280864,CRITICAL,74.2,9620,5.07,280.17,30
23.55_77.60,23.55_77.60;23.65_77.55;23.75_77.70;23.60_77.60;23.50_77.70;23.65_77.60;23.70_77.80;23.65_77.65;23.65_77.80;23.70_77.60;23.70_77.70;23.65_77.70;23.50_77.75;23.70_77.75;23.55_77.75;23.65_77.75;23.75_77.65;23.60_77.65;23.75_77.75;23.55_77.65;23.50_77.60;23.55_77.70;23.75_77.80;23.70_77.65;23.55_77.55;23.75_77.60;23.75_77.55;23.60_77.70;23.70_77.55;23.50_77.65;23.60_77.75;23.50_77.55;23.60_77.80;23.55_77.80;23.60_77.55;23.50_77.80,36,23.57386744268077,77.62762386243386,90.46304486346938,CRITICAL,78.5,17233,6.97,270.8,30
28.95_82.65,28.95_82.65;29.05_82.50;28.90_82.50;28.90_82.60;28.95_82.60;28.95_82.55;29.00_82.55;28.95_82.45;29.00_82.65;28.95_82.50;28.90_82.55;29.05_82.55;29.00_82.60;29.05_82.45;29.10_82.45;28.90_82.45;29.00_82.50;29.05_82.60;29.10_82.50;29.15_82.45;29.00_82.45;28.90_82.65;29.10_82.60;29.15_82.50;29.05_82.65;29.15_82.60;29.15_82.55;29.10_82.65;29.10_82.55,29,28.973954509803924,82.67182333333334,90.36508964031376,CRITICAL,56.2,2444,8.93,408.32,30
25.80_78.05,25.80_78.05;25.85_78.05;25.80_78.00;25.90_78.00;25.90_78.05;25.75_78.05;25.75_78.00;25.70_78.00;25.85_78.00;25.70_78.05;25.80_77.95;25.70_77.95;25.80_77.90;25.85_77.95;25.75_77.95;25.65_78.05;25.80_77.85;25.65_78.00;25.70_77.85;25.90_77.95;25.65_77.95;25.75_77.85;25.75_77.90;25.90_77.85;25.90_77.90;25.70_77.90;25.85_77.90;25.65_77.85;25.85_77.85,29,25.82880637813212,78.07225621867882,90.28423144815744,CRITICAL,70.8,12770,7.87,180.91,30
30.90_75.30,30.90_75.30;30.95_75.35;30.95_75.30;30.85_75.35;31.05_75.35;30.85_75.30;31.05_75.20;30.85_75.15;30.85_75.20;30.95_75.15;30.80_75.25;31.05_75.15;31.00_75.20;30.95_75.20;30.80_75.35;31.00_75.15;30.95_75.25;31.00_75.30;30.90_75.25;31.00_75.25;30.85_75.25;31.00_75.35;31.05_75.25;30.80_75.30;30.80_75.20;30.90_75.15;30.90_75.20;30.90_75.35;30.80_75.15;31.05_75.30,30,30.92597281155016,75.32489477203647,90.12303867545393,CRITICAL,76.8,18483,7.36,213.23,30
28.30_80.35,28.30_80.35;28.30_80.40;28.35_80.35;28.25_80.30;28.35_80.40;28.25_80.45;28.35_80.45;28.10_80.50;28.15_80.25;28.25_80.40;28.20_80.30;28.30_80.50;28.15_80.30;28.15_80.45;28.10_80.45;28.20_80.45;28.25_80.35;28.20_80.50;28.15_80.50;28.20_80.40;28.15_80.35;28.20_80.25;28.10_80.25;28.10_80.30;28.20_80.35;28.35_80.30;28.25_80.25;28.25_80.50;28.30_80.45;28.15_80.40;28.35_80.50;28.30_80.30;28.35_80.25;28.10_80.35;28.10_80.40,35,28.330202988505743,80.37468775862068,89.74343253382598,CRITICAL,71.5,6505,5.36,288.21,30
24.85_77.10,24.85_77.10;24.85_77.15;25.10_77.05;25.00_77.10;25.05_77.10;24.90_77.05;24.95_77.05;25.00_77.05;24.90_77.10;25.05_77.15;25.00_77.15;25.10_77.10;24.95_77.15;24.90_77.15;24.90_77.20;24.85_77.20;24.85_77.05;24.95_77.20;24.95_77.10;25.05_77.05;25.10_77.15;24.90_77.25;24.85_77.25;24.95_77.25;25.00_77.25;25.05_77.20;25.10_77.25;25.00_77.20;25.10_77.20;25.05_77.25,30,24.8769135504886,77.1242343159609,89.67137999331419,CRITICAL,71.5,6383,6.32,239.96,30
31.05_75.10,31.05_75.10;30.85_75.00;30.90_74.90;30.90_75.10;30.95_75.05;31.05_74.85;30.95_75.10;31.00_74.90;31.05_74.90;31.05_75.00;31.00_74.95;31.00_75.10;30.80_75.05;31.00_75.05;30.95_75.00;30.85_74.90;30.90_75.05;31.00_74.85;30.95_74.85;30.95_74.90;30.90_75.00;31.05_75.05;30.85_74.85;30.85_74.95;31.05_74.95;30.80_74.85;30.80_75.00;31.00_75.00;30.90_74.85;30.80_74.95;30.80_74.90;30.85_75.10;30.90_74.95;30.85_75.05;30.95_74.95;30.80_75.10,36,31.07406915555556,75.12431161481481,89.32772915440556,CRITICAL,77.5,24799,8.44,233.71,30
29.75_79.45,29.75_79.45;29.85_79.65;29.80_79.65;29.95_79.70;29.75_79.55;29.90_79.45;29.90_79.55;29.85_79.45;29.90_79.50;29.80_79.60;29.75_79.65;29.95_79.45;29.75_79.60;29.75_79.50;29.80_79.45;29.90_79.70;29.85_79.50;29.75_79.70;29.90_79.65;29.95_79.60;29.95_79.65;29.95_79.50;29.80_79.70;29.80_79.50;29.80_79.55;29.95_79.55;29.85_79.55;29.85_79.60;29.90_79.60,29,29.77596503846154,79.47071373076922,89.19577220201268,CRITICAL,70.0,6490,3.34,159.65,30
29.95_78.95,29.95_78.95;29.75_79.05;29.90_79.15;29.85_78.90;29.90_78.90;29.85_78.95;29.80_79.05;29.80_78.95;29.75_79.00;29.75_79.10;29.90_78.95;29.90_79.00;29.75_79.15;29.85_79.00;29.75_78.95;29.80_78.90;29.95_79.00;29.80_79.15;29.85_79.05;29.90_79.05;29.95_78.90;29.85_79.15;29.85_79.10;29.80_79.00;29.75_78.90;29.80_79.10;29.90_79.10;29.95_79.05;29.95_79.15;29.95_79.10,30,29.97594434042553,78.98142727659574,88.91221393829449,CRITICAL,73.0,7505,3.65,139.75,30
25.15_84.05,25.15_84.05;25.15_84.10;25.20_84.15;25.30_84.15;25.15_84.15;25.20_84.10;25.25_84.15;25.15_84.20;25.25_84.05;25.30_84.10;25.35_84.20;25.20_84.20;25.30_84.25;25.20_84.05;25.30_84.05;25.25_84.10;25.25_84.20;25.35_84.15;25.35_84.10;25.30_84.20;25.35_84.05;25.15_84.30;25.15_84.25;25.25_84.25;25.30_84.30;25.20_84.25;25.35_84.25;25.10_84.20,28,25.174222720970537,84.07622075389949,88.9011145608326,CRITICAL,77.3,13397,6.3,186.5,30
27.35_82.65,27.35_82.65;27.35_82.50;27.30_82.60;27.30_82.55;27.30_82.65;27.35_82.60;27.30_82.50;27.35_82.45;27.40_82.65;27.35_82.55;27.40_82.45;27.30_82.45;27.40_82.60;27.50_82.60;27.45_82.65;27.50_82.65;27.40_82.50;27.50_82.55;27.45_82.45;27.55_82.55;27.45_82.60;27.45_82.55;27.40_82.55;27.45_82.50;27.50_82.50;27.50_82.45,26,27.3763273651772,82.67458867488443,88.79318233425505,CRITICAL,71.9,6750,5.59,229.92,30
26.35_83.55,26.35_83.55;26.35_83.50;26.30_83.55;26.40_83.75;26.45_83.55;26.25_83.75;26.20_83.75;26.40_83.50;26.40_83.55;26.30_83.75;26.40_83.70;26.30_83.70;26.35_83.65;26.30_83.50;26.30_83.60;26.45_83.50;26.35_83.60;26.40_83.65;26.30_83.65;26.45_83.65;26.35_83.75;26.35_83.70;26.25_83.55;26.25_83.70;26.40_83.60;26.45_83.60;26.45_83.75;26.20_83.50;26.25_83.65;26.45_83.70;26.20_83.55;26.20_83.60;26.25_83.60;26.25_83.50;26.20_83.70;26.20_83.65,36,26.37330426701571,83.5777862565445,88.59581578805596,CRITICAL,72.7,10069,7.34,235.73,30
27.00_83.05,27.00_83.05;27.25_83.20;27.05_83.05;27.15_83.00;27.10_83.20;27.25_83.15;27.05_83.00;27.10_82.95;27.10_83.15;27.20_83.15;27.20_83.05;27.15_83.05;27.05_83.10;27.10_83.10;27.15_82.95;27.25_83.10;27.10_83.05;27.20_83.10;27.15_83.10;27.25_83.00;27.15_83.15;27.20_83.20;27.05_83.20;27.05_83.15;27.25_83.05;27.20_83.00;27.10_83.00;27.00_83.20;27.15_83.20,29,27.03252045098039,83.07307760784313,88.11334542610189,CRITICAL,73.2,7385,6.86,217.01,30
27.30_83.35,27.30_83.35;27.30_83.40;27.30_83.45;27.30_83.30;27.35_83.45;27.35_83.40;27.40_83.40;27.30_83.25;27.45_83.45;27.50_83.25;27.50_83.45;27.45_83.25;27.35_83.25;27.45_83.30;27.35_83.35;27.50_83.30;27.50_83.40;27.40_83.45;27.40_83.25;27.50_83.35;27.45_83.40;27.35_83.30;27.40_83.35;27.45_83.35;27.40_83.30;27.55_83.45;27.55_83.35,27,27.32051018492177,83.3762593883357,87.99994527025474,CRITICAL,70.5,5509,5.43,186.38,30
29.35_79.75,29.35_79.75;29.30_79.75;29.25_79.90;29.25_79.95;29.40_79.90;29.35_79.80;29.25_79.80;29.30_79.90;29.40_79.85;29.40_79.70;29.35_79.85;29.40_79.75;29.35_79.90;29.40_79.80;29.40_79.95;29.35_79.95;29.20_79.75;29.20_79.85;29.20_79.80;29.20_79.90;29.30_79.85;29.30_79.80;29.30_79.95;29.25_79.85;29.25_79.75;29.20_79.95,26,29.37466179856116,79.77605338129496,87.72298748121683,CRITICAL,70.4,6865,3.54,115.67,30
31.30_75.70,31.30_75.70;31.30_75.80;31.10_75.85;31.10_75.65;31.20_75.85;31.25_75.85;31.10_75.90;31.10_75.75;31.25_75.90;31.10_75.70;31.15_75.80;31.15_75.85;31.10_75.80;31.15_75.70;31.15_75.90;31.20_75.90;31.20_75.70;31.15_75.75;31.30_75.75;31.25_75.75;31.30_75.85;31.25_75.70;31.25_75.80;31.20_75.80;31.30_75.90;31.30_75.65;31.20_75.75,27,31.32547207142857,75.72246069047618,87.60778683553427,CRITICAL,73.0,8478,5.81,187.99,30
31.10_74.80,31.10_74.80;31.25_74.65;31.10_74.70;31.20_74.75;31.30_74.60;31.20_74.70;31.15_74.75;31.20_74.65;31.25_74.60;31.25_74.70;31.10_74.60;31.30_74.75;31.30_74.70;31.15_74.80;31.15_74.60;31.15_74.70;31.30_74.80;31.30_74.65;31.10_74.75;31.25_74.75;31.20_74.60;31.10_74.65;31.20_74.80;31.15_74.65;31.25_74.80,25,31.1237615,74.82599408333333,87.50046368463336,CRITICAL,76.0,14959,6.82,216.33,30
23.65_84.95,23.65_84.95;23.70_84.95;23.55_84.90;23.70_84.85;23.65_84.85;23.60_84.85;23.65_84.90;23.55_84.85;23.60_84.95;23.55_84.95;23.60_84.90;23.75_84.90;23.50_84.95;23.70_84.90;23.50_84.85,15,23.67020127553943,84.99470776971549,87.24980111203567,CRITICAL,64.3,6964,3.84,42.64,30
28.80_82.40,28.80_82.40;28.70_82.25;28.80_82.35;28.80_82.30;28.85_82.40;28.85_82.35;28.65_82.35;28.65_82.40;28.70_82.30;28.65_82.25;28.75_82.30;28.75_82.25;28.75_82.20;28.70_82.20;28.65_82.30;28.65_82.20;28.85_82.30;28.80_82.15;28.80_82.25;28.65_82.15;28.75_82.40;28.70_82.15;28.85_82.25;28.80_82.20;28.75_82.35;28.90_82.30;28.70_82.35;28.85_82.15;28.85_82.20,29,28.82992712903226,82.42404583870967,87.22173024578831,CRITICAL,50.5,3388,6.82,302.23,30
25.30_76.40,25.30_76.40;25.25_76.40;25.15_76.30;25.20_76.40;25.20_76.35;25.30_76.35;25.15_76.25;25.30_76.45;25.35_76.35;25.35_76.40;25.35_76.25;25.15_76.35;25.25_76.30;25.35_76.45;25.35_76.20;25.20_76.30;25.30_76.30;25.15_76.40;25.15_76.20;25.20_76.25;25.20_76.45;25.30_76.25;25.30_76.20;25.25_76.20;25.25_76.35;25.25_76.45;25.35_76.30;25.25_76.25;25.20_76.20;25.15_76.45,30,25.32631188118812,76.42785344554456,87.12428933694432,CRITICAL,72.0,6890,7.64,175.91,30
29.90_74.90,29.90_74.90;29.90_74.95;29.95_75.00;29.95_74.95;29.95_75.05;29.80_75.10;29.95_75.10;29.85_75.10;29.85_74.95;29.95_74.85;29.90_75.05;29.95_74.90;29.90_75.10;29.80_75.05;29.90_75.00;29.90_74.85;29.85_74.90;29.85_75.05;29.85_75.00;29.85_74.85;29.80_75.00;29.75_75.05;29.75_75.10;29.70_75.05;29.80_74.95;29.70_75.00;29.75_74.90;29.75_74.95;29.75_75.00;29.80_74.90;29.80_74.85;29.75_74.85,32,29.91073841081593,74.94517556451613,86.89317599405966,CRITICAL,69.8,8900,5.97,160.19,30
24.00_78.00,24.00_78.00;23.85_77.90;23.95_78.00;23.85_77.85;23.90_77.85;23.90_77.90;24.00_77.85;24.00_77.90;23.80_77.85;23.90_77.95;23.95_77.95;23.90_78.00;23.95_77.85;23.85_78.00;23.80_78.00;23.95_78.05;24.00_77.95;23.90_78.05;23.95_77.90;24.00_78.05;23.85_77.95;23.85_78.05;23.80_78.05;23.80_77.90;23.80_77.95,25,24.022852436548224,78.02708916243655,86.73776565605085,CRITICAL,74.4,6165,6.09,225.37,30
30.95_77.65,30.95_77.65;31.05_77.80;30.85_77.65;30.95_77.55;30.95_77.80;31.00_77.80;30.95_77.75;30.80_77.65;30.85_77.75;30.80_77.70;30.95_77.70;31.00_77.65;30.95_77.60;30.90_77.60;30.90_77.65;31.00_77.60;30.85_77.70;30.90_77.80;30.90_77.70;30.80_77.60;30.90_77.75;30.80_77.80;30.90_77.55;30.85_77.80;31.00_77.55;31.05_77.55;31.00_77.75;30.85_77.60;30.80_77.75;30.80_77.55;31.05_77.65;30.85_77.55;31.00_77.70,33,30.97995751412429,77.6686375141243,86.61638857278058,CRITICAL,66.5,3631,4.15,129.91,30
24.90_74.60,24.90_74.60;25.00_74.70;24.90_74.65;24.90_74.80;25.05_74.60;24.95_74.65;24.95_74.60;25.05_74.80;25.10_74.80;25.05_74.75;25.00_74.60;24.85_74.65;25.00_74.75;25.00_74.65;25.05_74.65;25.05_74.70;25.10_74.75;24.85_74.75;24.95_74.75;24.95_74.70;24.90_74.75;24.95_74.85;24.90_74.70;24.95_74.80;25.10_74.65;25.00_74.80,26,24.933773987301585,74.63355255238096,86.57132902428152,CRITICAL,33.9,1760,6.54,84.97,30
24.05_77.70,24.05_77.70;24.10_77.55;24.20_77.80;24.15_77.75;24.15_77.55;24.10_77.70;24.25_77.55;24.20_77.75;24.05_77.75;24.05_77.60;24.25_77.60;24.10_77.75;24.20_77.55;24.30_77.60;24.10_77.65;24.10_77.80;24.15_77.70;24.15_77.80;24.05_77.55;24.15_77.65;24.25_77.80;24.05_77.80;24.10_77.60;24.25_77.65;24.20_77.70;24.25_77.75;24.25_77.70;24.30_77.80;24.20_77.60;24.05_77.65;24.20_77.65;24.30_77.65;24.15_77.60;24.30_77.75,34,24.075738384279475,77.72708759825328,86.51395969684046,CRITICAL,68.8,3831,5.92,167.27,30
24.45_81.55,24.45_81.55;24.45_81.50;24.45_81.60;24.40_81.35;24.45_81.40;24.35_81.35;24.45_81.45;24.50_81.45;24.50_81.35;24.40_81.50;24.40_81.40;24.45_81.35;24.50_81.55;24.35_81.45;24.30_81.35;24.30_81.40;24.40_81.55;24.35_81.50;24.35_81.40;24.40_81.45;24.50_81.50;24.35_81.55;24.55_81.40;24.55_81.50;24.55_81.45;24.55_81.35;24.50_81.40;24.55_81.55,28,24.47434720203952,81.57542964945826,86.47454104783623,CRITICAL,63.0,3354,4.85,122.4,30
26.55_83.35,26.55_83.35;26.60_83.30;26.50_83.25;26.50_83.35;26.65_83.30;26.50_83.40;26.55_83.40;26.50_83.30;26.60_83.35;26.55_83.30;26.50_83.45;26.60_83.45;26.55_83.25;26.55_83.45;26.65_83.35;26.65_83.40;26.65_83.25;26.60_83.40;26.60_83.25;26.70_83.25;26.70_83.30;26.70_83.40;26.70_83.45;26.70_83.35;26.65_83.45,25,26.57750686851211,83.3735496885813,86.45894102257338,CRITICAL,67.0,4674,6.31,215.35,30
23.80_84.90,23.80_84.90;23.80_84.95;23.75_84.95;24.00_84.90;23.95_84.90;23.85_84.95;24.00_84.85;23.80_84.85;23.90_84.90;23.90_84.95;24.00_84.95;23.75_84.85;23.85_84.90;23.90_84.85;23.85_84.85;23.95_84.85;23.95_84.95,17,23.831125302586628,84.93342613469986,86.4355313953951,CRITICAL,60.7,5656,3.0,44.25,30
28.10_81.85,28.10_81.85;28.30_81.80;28.15_81.80;28.35_81.70;28.30_81.85;28.30_81.75;28.35_81.75;28.35_81.85;28.30_81.60;28.10_81.80;28.20_81.80;28.25_81.70;28.15_81.85;28.35_81.60;28.25_81.75;28.20_81.85;28.35_81.80;28.25_81.85;28.20_81.75;28.30_81.65;28.25_81.65;28.25_81.80;28.30_81.70;28.20_81.70;28.15_81.75;28.25_81.60;28.10_81.70;28.15_81.70;28.10_81.65;28.15_81.65;28.20_81.65;28.10_81.75;28.10_81.60,33,28.12928234913793,81.8784975,85.43086290609327,CRITICAL,63.9,12657,3.85,265.52,30
24.70_74.65,24.70_74.65;24.60_74.65;24.75_74.60;24.65_74.65;24.65_74.60;24.70_74.70;24.75_74.65;24.70_74.75;24.80_74.65;24.60_74.70;24.75_74.70;24.70_74.60;24.60_74.60;24.65_74.80;24.80_74.60;24.75_74.75;24.60_74.75;24.65_74.70;24.65_74.75;24.75_74.80;24.70_74.80;24.80_74.75;24.85_74.60;24.80_74.70;24.60_74.80;24.80_74.80,26,24.7152091638796,74.67037864548494,85.34617603574833,CRITICAL,47.3,8541,5.2,52.41,30
28.80_80.25,28.80_80.25;28.85_80.25;28.75_80.45;28.80_80.30;28.75_80.30;28.80_80.45;28.75_80.40;28.65_80.50;28.70_80.40;28.80_80.40;28.65_80.45;28.65_80.30;28.65_80.25;28.70_80.30;28.70_80.35;28.65_80.40;28.75_80.25;28.65_80.35;28.75_80.35;28.90_80.25;28.70_80.45;28.85_80.30;28.80_80.35;28.85_80.35;28.70_80.50;28.85_80.40;28.85_80.45;28.90_80.35;28.75_80.50;28.80_80.50,30,28.829345884861407,80.27406432835821,85.22478567323269,CRITICAL,65.5,5384,5.13,363.86,30
24.65_77.05,24.65_77.05;24.75_77.10;24.70_77.05;24.80_77.10;24.65_77.10;24.70_77.10;24.75_77.15;24.75_77.05;24.60_77.05;24.75_77.25;24.70_77.15;24.60_77.10;24.65_77.15;24.80_77.05;24.80_77.20;24.80_77.15;24.65_77.20;24.70_77.25;24.60_77.20;24.75_77.20;24.65_77.25;24.60_77.15;24.70_77.20;24.60_77.00;24.80_77.25;24.60_77.25,26,24.673914144981413,77.07460631970261,85.20058640267906,CRITICAL,69.2,4729,5.28,137.67,30
24.50_81.15,24.50_81.15;24.30_81.30;24.45_81.10;24.55_81.15;24.55_81.10;24.45_81.20;24.50_81.10;24.35_81.20;24.55_81.20;24.30_81.15;24.40_81.25;24.45_81.25;24.40_81.30;24.45_81.30;24.40_81.20;24.40_81.15;24.35_81.15;24.45_81.15;24.35_81.25;24.35_81.10;24.30_81.25;24.50_81.20;24.50_81.25;24.55_81.25;24.35_81.30;24.40_81.10;24.55_81.30;24.50_81.30,28,24.529028379310347,81.16960786206897,85.18359816800806,CRITICAL,67.8,5507,5.27,98.91,30
30.05_74.60,30.05_74.60;30.15_74.75;30.15_74.65;30.15_74.60;30.15_74.80;30.10_74.60;30.00_74.80;30.15_74.70;30.10_74.65;30.20_74.80;30.20_74.75;30.00_74.65;30.20_74.70;30.20_74.60;30.00_74.70;30.20_74.65;30.10_74.70;30.05_74.70;30.10_74.75;30.05_74.65;30.05_74.80;30.05_74.75;30.10_74.80;30.00_74.60;30.00_74.75,25,30.078179253731346,74.62568023880597,85.09701780816657,CRITICAL,74.5,10365,7.12,254.77,30
28.05_82.10,28.05_82.10;28.05_81.95;27.95_82.05;28.05_81.90;27.95_81.95;27.90_81.95;27.95_82.10;27.85_81.95;27.90_81.90;28.00_82.00;27.95_81.90;27.90_82.05;27.90_82.00;27.95_82.00;27.90_82.10;28.00_81.95;27.85_82.05;28.05_82.05;28.00_82.10;28.05_82.00;27.85_81.90;28.00_81.90;27.85_82.10;27.85_82.00;28.00_82.05,25,28.069527172619047,82.12215358630952,85.07797602038968,CRITICAL,72.1,10715,3.77,129.68,30
27.60_81.75,27.60_81.75;27.80_81.70;27.55_81.80;27.65_81.80;27.80_81.80;27.65_81.75;27.55_81.75;27.65_81.85;27.70_81.65;27.65_81.70;27.75_81.80;27.60_81.70;27.70_81.80;27.65_81.60;27.75_81.85;27.70_81.75;27.75_81.70;27.65_81.65;27.80_81.65;27.55_81.65;27.80_81.60;27.70_81.60;27.55_81.70;27.70_81.70;27.60_81.65;27.75_81.75;27.75_81.65;27.80_81.85;27.60_81.80;27.60_81.60;27.75_81.60;27.60_81.85;27.80_81.75;27.70_81.85;27.55_81.85;27.55_81.60,36,27.629381875,81.77169475961539,85.00552004760493,CRITICAL,64.4,2636,5.33,178.03,30
30.25_79.10,30.25_79.10;30.35_79.00;30.30_78.95;30.30_78.90;30.25_78.90;30.30_79.10;30.40_79.00;30.40_78.90;30.40_79.10;30.50_78.95;30.35_78.95;30.45_79.00;30.30_79.00;30.35_78.90;30.25_79.00;30.25_79.05;30.25_79.15;30.50_79.15;30.30_79.05;30.35_79.05;30.30_79.15;30.40_79.05;30.40_78.95;30.35_79.10;30.45_79.10;30.45_78.90;30.50_79.00;30.45_78.95;30.35_79.15;30.50_79.10;30.50_79.05;30.45_79.05;30.45_79.15,33,30.273561707317075,79.1257037804878,84.97769363397148,CRITICAL,61.8,4571,4.48,342.42,30
29.45_76.85,29.45_76.85;29.65_76.75;29.60_76.75;29.50_76.75;29.65_76.85;29.70_76.75;29.70_76.80;29.45_76.95;29.60_76.85;29.50_76.90;29.65_76.80;29.60_77.00;29.70_76.85;29.50_76.80;29.60_76.80;29.55_76.75;29.50_76.95;29.45_76.75;29.45_76.90;29.55_76.90;29.55_76.85;29.50_76.85;29.55_76.80;29.45_76.80;29.55_76.95;29.65_76.90;29.55_77.00;29.45_77.00;29.70_76.90;29.60_76.95;29.65_76.95;29.70_76.95;29.60_76.90,33,29.46368484821024,76.87038499773448,84.8672108897272,CRITICAL,71.2,7925,5.73,133.92,30
26.60_79.45,26.60_79.45;26.55_79.60;26.70_79.60;26.65_79.65;26.65_79.45;26.60_79.50;26.70_79.70;26.50_79.65;26.50_79.55;26.65_79.50;26.70_79.65;26.70_79.55;26.50_79.45;26.55_79.50;26.50_79.70;26.60_79.60;26.60_79.70;26.70_79.45;26.55_79.65;26.55_79.70;26.65_79.70;26.60_79.55;26.60_79.65;26.65_79.60;26.70_79.50;26.50_79.50;26.55_79.55;26.65_79.55;26.55_79.45;26.50_79.60,30,26.642515518453425,79.47886769185706,84.77048405464605,CRITICAL,59.8,6145,3.37,42.02,30
23.70_77.20,23.70_77.20;23.50_77.15;23.75_77.20;23.50_77.25;23.65_77.20;23.55_77.25;23.55_77.15;23.60_77.00;23.50_77.10;23.75_77.25;23.55_77.10;23.50_77.20;23.55_77.20;23.60_77.25;23.70_77.25;23.60_77.20;23.60_77.15;23.60_77.05;23.70_77.10;23.75_77.05;23.75_77.10;23.70_77.15;23.65_77.15;23.50_77.05;23.65_77.25;23.60_77.10;23.70_77.05;23.65_77.10;23.70_77.00;23.55_77.05;23.65_77.05,31,23.729084680851063,77.23251191489362,84.76512587160688,CRITICAL,65.1,3005,5.7,147.76,30
24.60_81.00,24.60_81.00;24.65_81.00;24.60_80.95;24.70_80.95;24.65_80.95;24.70_81.05;24.65_80.90;24.60_81.05;24.65_81.05;24.70_81.00;24.75_81.00;24.70_80.90;24.70_80.80;24.75_80.85;24.75_80.95;24.80_80.80;24.75_80.90;24.60_80.90;24.65_80.85;24.65_80.80;24.80_80.95;24.80_81.05;24.80_81.00;24.75_81.05;24.75_80.80;24.80_80.90;24.70_80.85;24.80_80.85;24.60_80.80;24.60_80.85,30,24.630815787878788,81.01825742424242,84.76237795618559,CRITICAL,69.4,5081,7.95,251.92,30
30.45_78.60,30.45_78.60;30.40_78.55;30.35_78.60;30.30_78.60;30.35_78.40;30.25_78.40;30.35_78.55;30.30_78.40;30.50_78.60;30.30_78.50;30.25_78.50;30.40_78.60;30.30_78.55;30.25_78.55;30.45_78.45;30.25_78.60;30.25_78.35;30.50_78.50;30.25_78.45;30.30_78.45;30.45_78.40;30.35_78.45;30.35_78.50;30.50_78.55;30.40_78.40;30.50_78.40;30.40_78.45;30.45_78.55;30.50_78.45;30.40_78.50;30.45_78.50,31,30.47348019083969,78.62293511450382,84.56354821321969,CRITICAL,71.5,5745,4.25,116.53,30
29.95_78.75,29.95_78.75;29.80_78.70;29.75_78.80;29.80_78.75;29.90_78.65;29.85_78.85;29.85_78.65;29.90_78.75;29.75_78.85;29.90_78.70;29.85_78.80;29.95_78.80;29.80_78.80;29.85_78.70;29.80_78.85;29.85_78.75;29.95_78.70;29.95_78.65;29.70_78.75;29.90_78.85;29.90_78.80;29.95_78.85;29.80_78.65;29.75_78.70;29.70_78.80;29.75_78.75;29.75_78.65;29.70_78.70,28,29.975549924528305,78.77607660377359,84.47233933866288,CRITICAL,70.8,6817,3.89,193.55,30
24.55_77.50,24.55_77.50;24.50_77.45;24.30_77.55;24.35_77.45;24.45_77.45;24.40_77.45;24.55_77.35;24.50_77.35;24.50_77.50;24.35_77.40;24.55_77.40;24.40_77.50;24.45_77.50;24.50_77.40;24.45_77.40;24.55_77.45;24.35_77.50;24.45_77.35;24.40_77.40;24.35_77.30;24.50_77.30;24.40_77.35;24.35_77.35;24.40_77.30;24.30_77.30;24.45_77.30;24.55_77.30,27,24.57491878260869,77.52310397101449,84.40743119582147,CRITICAL,72.3,5277,5.67,158.52,30
26.85_83.30,26.85_83.30;26.85_83.25;26.75_83.25;26.90_83.45;26.75_83.30;26.95_83.40;27.00_83.40;26.80_83.30;26.85_83.45;26.80_83.25;26.95_83.45;26.95_83.35;26.90_83.25;26.90_83.35;26.90_83.40;26.80_83.45;26.95_83.30;26.95_83.25;26.75_83.45;27.00_83.35;26.85_83.40;26.80_83.35;26.80_83.40;27.00_83.30;26.90_83.30;26.85_83.35;26.75_83.40;26.75_83.35,28,26.8751031441048,83.32672056768558,84.37150534086531,CRITICAL,66.9,4743,5.8,183.58,30
28.85_80.20,28.85_80.20;28.65_80.00;28.80_80.10;28.80_80.15;28.85_80.15;28.65_80.15;28.70_80.10;28.70_80.00;28.70_80.15;28.85_80.10;28.75_80.15;28.80_80.20;28.65_80.20;28.70_80.20;28.75_80.20;28.75_80.10;28.65_80.05;28.70_80.25;28.65_80.10;28.75_80.00;28.85_80.00;28.90_80.20;28.90_80.00;28.70_80.05;28.90_80.10;28.80_80.00;28.85_80.05;28.80_80.05;28.75_80.05,29,28.871663701842547,80.22733217755444,84.37051313110722,CRITICAL,71.1,6858,7.23,311.24,30
27.35_84.80,27.35_84.80;27.30_84.80;27.50_84.65;27.40_84.70;27.35_84.70;27.50_84.60;27.35_84.75;27.30_84.65;27.35_84.65;27.30_84.75;27.40_84.60;27.40_84.65;27.35_84.60;27.45_84.75;27.45_84.60;27.50_84.70;27.45_84.65;27.40_84.80;27.50_84.75;27.45_84.70;27.30_84.70;27.50_84.80;27.30_84.60;27.45_84.80;27.55_84.60;27.40_84.75,26,27.37317281124498,84.82593116465863,84.34975341113336,CRITICAL,75.3,12654,4.0,124.05,30
27.20_84.95,27.20_84.95;27.25_84.95;27.25_84.85;27.25_84.90;27.20_84.85;27.20_84.90;27.10_84.85;27.15_84.90;27.15_84.85;27.15_84.95;27.10_84.90;27.05_84.85;27.10_84.95;27.05_84.90;27.05_84.95;27.00_84.95;27.00_84.85,17,27.22845253032929,84.97570133448873,84.28589739065728,CRITICAL,70.8,5559,4.64,105.6,30
27.65_84.70,27.65_84.70;27.70_84.75;27.70_84.70;27.70_84.65;27.70_84.80;27.55_84.70;27.60_84.65;27.65_84.60;27.65_84.65;27.80_84.60;27.65_84.80;27.65_84.75;27.55_84.65;27.70_84.60;27.75_84.70;27.60_84.60;27.55_84.80;27.60_84.70;27.80_84.80;27.60_84.80;27.80_84.70;27.75_84.65;27.75_84.75;27.60_84.75;27.80_84.75;27.80_84.65;27.75_84.80;27.75_84.60;27.55_84.75,29,27.67954247619048,84.72250823809523,84.22628300694404,CRITICAL,67.7,5589,3.46,136.78,30
25.10_83.35,25.10_83.35;25.10_83.40;25.10_83.30;25.10_83.45;24.85_83.40;25.10_83.25;25.05_83.40;24.85_83.25;25.05_83.35;25.05_83.30;24.90_83.30;24.90_83.25;25.05_83.45;25.05_83.25;25.00_83.45;24.85_83.45;24.85_83.35;24.85_83.30;24.90_83.35;25.00_83.25;24.95_83.35;24.95_83.40;24.90_83.45;25.00_83.30;24.90_83.40;24.95_83.45;24.95_83.30;25.00_83.35;24.95_83.25;25.00_83.40,30,25.128024835526315,83.37501174342106,84.19178194907202,CRITICAL,64.1,5544,6.48,157.26,30
30.55_74.70,30.55_74.70;30.70_74.75;30.75_74.80;30.60_74.60;30.55_74.65;30.60_74.65;30.55_74.60;30.65_74.60;30.65_74.80;30.65_74.65;30.75_74.65;30.60_74.70;30.75_74.75;30.75_74.70;30.70_74.80;30.60_74.75;30.70_74.65;30.55_74.80;30.55_74.75;30.75_74.60;30.65_74.70;30.70_74.70;30.60_74.80;30.65_74.75;30.70_74.60,25,30.57412233704293,74.72189152623211,84.04421748566942,CRITICAL,75.7,12957,7.87,170.55,30
28.80_80.65,28.80_80.65;28.85_80.70;28.70_80.65;28.80_80.70;28.80_80.75;28.85_80.75;28.85_80.55;28.85_80.60;28.85_80.65;28.65_80.70;28.65_80.65;28.70_80.60;28.65_80.75;28.75_80.75;28.85_80.50;28.75_80.60;28.65_80.60;28.70_80.70;28.70_80.75;28.75_80.65;28.80_80.55;28.80_80.60;28.65_80.55;28.75_80.70;28.70_80.80;28.75_80.55;28.70_80.55,27,28.832442818791947,80.67368600671142,83.89659770307958,CRITICAL,60.3,3755,4.22,95.55,30
24.00_80.50,24.00_80.50;24.00_80.40;23.80_80.50;23.85_80.45;24.00_80.35;23.80_80.35;24.00_80.45;23.85_80.40;23.95_80.40;23.95_80.45;23.90_80.45;23.80_80.30;23.85_80.50;23.80_80.45;23.90_80.50;24.00_80.25;23.90_80.25;23.95_80.30;23.85_80.30;23.95_80.35;23.90_80.35;23.95_80.50;23.90_80.40;24.00_80.30;23.85_80.35;23.90_80.30;23.80_80.40;23.95_80.25,28,24.01255040201005,80.52827966499163,83.89507067760346,CRITICAL,63.6,2232,7.72,170.19,30
24.25_78.00,24.25_78.00;24.25_77.85;24.10_77.90;24.05_77.85;24.25_77.95;24.15_78.00;24.30_77.95;24.20_77.85;24.05_77.90;24.25_77.90;24.25_78.05;24.10_77.85;24.15_77.90;24.20_77.95;24.05_78.05;24.10_77.95;24.20_78.00;24.05_78.00;24.05_77.95;24.20_78.05;24.10_78.00;24.20_77.90;24.15_78.05;24.10_78.05;24.15_77.95;24.15_77.85,26,24.27649548076923,78.02369250000001,83.85991478154945,CRITICAL,73.7,6258,5.46,146.3,30
24.65_77.85,24.65_77.85;24.65_77.95;24.60_77.90;24.70_77.85;24.80_78.00;24.65_77.90;24.60_77.95;24.70_77.90;24.75_77.85;24.60_77.85;24.70_77.95;24.65_78.00;24.80_78.05;24.80_77.85;24.80_77.90;24.65_78.05;24.70_78.00;24.75_78.05;24.75_77.90;24.70_78.05;24.75_78.00;24.80_77.95;24.75_77.95;24.60_78.00;24.60_78.05,25,24.68204255605381,77.87676542600897,83.79834784069165,CRITICAL,65.6,2840,7.31,214.2,30
30.55_75.05,30.55_75.05;30.55_75.00;30.65_74.95;30.60_75.10;30.65_75.10;30.70_75.00;30.70_75.10;30.70_75.05;30.55_74.95;30.55_74.85;30.70_74.90;30.55_75.10;30.75_75.00;30.75_75.05;30.75_74.95;30.70_74.95;30.75_75.10;30.60_74.95;30.60_75.05;30.55_74.90;30.70_74.85;30.75_74.85;30.60_75.00;30.60_74.90;30.65_75.00;30.75_74.90;30.65_74.90;30.60_74.85;30.65_75.05;30.65_74.85,30,30.57334418367347,75.07559642857143,83.7736849214521,CRITICAL,77.0,21277,8.12,171.59,30
26.05_78.75,26.05_78.75;26.00_78.70;26.05_78.80;25.95_78.65;26.05_78.70;25.95_78.80;26.00_78.75;26.00_78.65;25.95_78.70;26.05_78.65;25.95_78.75;26.00_78.80;26.10_78.85;25.95_78.85;26.15_78.85;26.10_78.80;26.10_78.70;26.05_78.85;26.10_78.75;25.95_78.90;26.00_78.85;26.10_78.65;26.15_78.75;26.15_78.80;26.15_78.65,25,26.071794182509507,78.77372643536123,83.74896349428957,CRITICAL,65.6,9940,5.93,141.49,30
25.10_83.75,25.10_83.75;25.10_83.70;25.05_83.70;25.00_83.70;25.05_83.60;25.10_83.60;25.00_83.50;24.95_83.70;24.95_83.75;24.95_83.65;25.05_83.75;25.00_83.65;25.00_83.55;25.05_83.65;24.90_83.60;25.00_83.75;24.85_83.50;25.05_83.50;24.85_83.55;25.10_83.65;24.90_83.70;24.85_83.70;25.10_83.55;25.10_83.50;24.95_83.55;24.90_83.55;24.85_83.60;25.05_83.55;25.00_83.60;24.95_83.50;24.95_83.60;24.90_83.75;24.90_83.50;24.90_83.65;24.85_83.65,35,25.125654860986547,83.77523095964125,83.69572825305562,CRITICAL,73.4,10842,6.01,157.04,30
29.10_75.75,29.10_75.75;29.05_75.80;28.95_75.90;28.90_75.85;29.05_75.75;29.05_75.90;29.05_75.70;29.15_75.85;29.15_75.80;29.10_75.90;29.05_75.85;29.15_75.75;29.00_75.90;29.10_75.85;29.10_75.80;29.10_75.70;28.95_75.70;29.15_75.70;29.15_75.90;29.00_75.75;29.00_75.70;29.00_75.80;28.95_75.75;29.00_75.85;28.95_75.85;28.90_75.70;28.90_75.90;28.95_75.80;28.90_75.65;29.00_75.65;28.95_75.65,31,29.123744160671464,75.7776672002398,83.56855408541814,CRITICAL,55.1,2897,4.79,78.22,30
23.65_77.45,23.65_77.45;23.65_77.40;23.65_77.50;23.70_77.45;23.60_77.35;23.70_77.50;23.50_77.50;23.50_77.30;23.70_77.40;23.60_77.50;23.50_77.40;23.55_77.40;23.75_77.35;23.55_77.35;23.60_77.45;23.75_77.40;23.60_77.30;23.50_77.45;23.65_77.35;23.55_77.50;23.75_77.45;23.50_77.35;23.70_77.30;23.70_77.35;23.75_77.30;23.60_77.40;23.55_77.45;23.75_77.50;23.55_77.30;23.65_77.30,30,23.67559987341772,77.47757367088607,83.52658776174599,CRITICAL,74.4,7168,6.05,203.73,30
23.60_78.05,23.60_78.05;23.70_77.95;23.65_77.85;23.65_77.95;23.60_77.90;23.50_77.95;23.70_78.05;23.65_78.05;23.65_77.90;23.55_78.00;23.60_77.95;23.70_77.90;23.65_78.00;23.55_77.90;23.55_77.95;23.70_77.85;23.70_78.00;23.75_77.85;23.50_77.90;23.75_78.00;23.50_77.85;23.60_78.00;23.60_77.85;23.50_78.00;23.75_78.05;23.50_78.05;23.55_78.05;23.75_77.95;23.75_77.90;23.55_77.85,30,23.62348620320856,78.07239056149733,83.5251448695545,CRITICAL,76.8,10236,5.96,126.62,30
31.00_74.80,31.00_74.80;30.85_74.70;30.80_74.80;31.00_74.75;30.95_74.65;31.05_74.75;30.80_74.70;31.00_74.60;30.95_74.70;30.90_74.75;31.00_74.65;30.80_74.65;30.90_74.70;30.80_74.75;30.90_74.65;30.90_74.80;31.05_74.70;30.85_74.65;31.05_74.80;30.95_74.80;30.85_74.60;30.85_74.75;30.95_74.75;30.85_74.80;31.05_74.65;31.00_74.70;30.95_74.60;30.80_74.60;31.05_74.60;30.90_74.60,30,31.024665090439274,74.82526217054263,83.5064791807309,CRITICAL,76.8,19148,8.18,176.21,30
28.50_80.60,28.50_80.60;28.45_80.60;28.50_80.65;28.45_80.70;28.50_80.55;28.50_80.70;28.55_80.55;28.45_80.65;28.45_80.55;28.40_80.75;28.40_80.65;28.50_80.75;28.45_80.75;28.55_80.60;28.40_80.60;28.60_80.55;28.60_80.70;28.40_80.55;28.55_80.65;28.60_80.65;28.55_80.70;28.40_80.70;28.60_80.60;28.55_80.75;28.60_80.75,25,28.52672925764192,80.62228532751091,83.45831016844566,CRITICAL,69.7,3371,7.55,219.3,30
29.35_76.55,29.35_76.55;29.40_76.50;29.20_76.60;29.35_76.50;29.35_76.70;29.20_76.50;29.25_76.50;29.20_76.70;29.30_76.50;29.40_76.55;29.40_76.70;29.20_76.55;29.40_76.60;29.25_76.65;29.30_76.65;29.25_76.55;29.35_76.60;29.25_76.60;29.30_76.70;29.20_76.65;29.40_76.65;29.30_76.55;29.25_76.70;29.35_76.65;29.30_76.60,25,29.37369676923077,76.57316897435898,83.45448701299578,CRITICAL,71.2,4660,5.63,164.59,30
27.40_83.05,27.40_83.05;27.40_83.10;27.35_83.00;27.30_82.95;27.35_83.05;27.30_83.10;27.35_83.15;27.30_83.00;27.45_83.00;27.35_83.10;27.40_83.15;27.50_83.05;27.40_83.00;27.40_82.95;27.45_83.05;27.35_82.95;27.50_83.15;27.30_83.15;27.45_83.10;27.30_83.20;27.50_83.10;27.30_83.05;27.35_83.20;27.45_82.95;27.40_83.20;27.45_83.20;27.45_83.15;27.50_83.20;27.55_82.95;27.50_83.00;27.50_82.95,31,27.420956871287128,83.07400217821781,83.44190486992183,CRITICAL,72.9,8403,5.95,108.19,30
24.45_83.00,24.45_83.00;24.40_83.00;24.40_83.15;24.50_83.20;24.50_83.15;24.40_83.20;24.55_83.15;24.35_83.15;24.35_83.10;24.55_83.10;24.35_83.20;24.45_83.20;24.35_83.00;24.45_83.15;24.45_83.05;24.50_83.05;24.50_83.10;24.40_82.95;24.55_83.20;24.40_83.05;24.35_83.05;24.50_83.00;24.45_83.10;24.40_83.10;24.55_83.05;24.55_83.00,26,24.45323875,83.03787846491227,83.41777378322662,CRITICAL,52.2,2748,6.09,136.62,30
28.95_79.75,28.95_79.75;28.95_79.95;28.95_79.70;28.95_79.90;29.00_79.90;28.90_79.85;29.05_79.90;28.90_79.75;28.90_79.90;28.90_79.70;29.00_79.80;28.95_79.85;28.90_79.95;29.00_79.75;28.95_79.80;29.10_79.95;29.00_79.85;29.00_79.95;29.05_79.95;29.15_79.85;29.15_79.80;29.05_79.75;29.05_79.80;29.10_79.90;29.10_79.80;29.10_79.85;29.15_79.90;29.05_79.85;29.15_79.75;29.10_79.70;29.15_79.95;29.10_79.75,32,28.97033470066519,79.77362745011087,83.39309299485694,CRITICAL,62.7,8419,4.42,133.68,30
28.70_76.80,28.70_76.80;28.70_76.90;28.80_76.75;28.70_76.95;28.80_76.80;28.75_76.90;28.65_76.80;28.65_76.95;28.80_76.95;28.80_76.85;28.70_76.85;28.85_76.80;28.75_76.85;28.75_76.80;28.85_76.75;28.75_76.75;28.70_76.75;28.85_76.90;28.85_76.85;28.75_77.00;28.85_77.00;28.80_76.90;28.65_76.75;28.85_76.95;28.70_77.00;28.65_77.00;28.65_76.85;28.75_76.95;28.65_76.90,29,28.71856626865672,76.82911558208956,83.3462932499451,CRITICAL,70.0,4840,5.23,257.15,30
30.10_78.70,30.10_78.70;30.10_78.80;30.15_78.75;30.15_78.80;30.20_78.80;30.05_78.65;30.05_78.70;30.20_78.75;30.00_78.80;30.05_78.75;30.20_78.65;30.05_78.85;30.15_78.65;30.10_78.65;30.15_78.70;30.00_78.70;30.20_78.70;30.05_78.80;30.00_78.75;30.00_78.85;30.00_78.65;30.20_78.85;30.10_78.85;30.10_78.75;30.15_78.85,25,30.125062589285715,78.72450020833332,83.34566203412693,CRITICAL,72.7,7479,4.28,159.79,30
28.50_79.95,28.50_79.95;28.60_79.95;28.55_79.95;28.60_79.90;28.40_79.95;28.45_79.95;28.40_79.90;28.55_79.90;28.50_79.75;28.50_79.90;28.45_79.90;28.40_79.80;28.35_79.75;28.40_79.85;28.45_79.75;28.45_79.80;28.50_79.85;28.40_79.70;28.40_79.75;28.60_79.75;28.50_79.80;28.60_79.85;28.55_79.75;28.55_79.85;28.60_79.80;28.45_79.85;28.55_79.80,27,28.52791775510204,79.97379112244897,83.3319319864798,CRITICAL,62.9,2275,3.74,151.17,30
28.10_81.95,28.10_81.95;28.10_82.05;28.20_82.05;28.10_82.00;28.10_81.90;28.25_82.10;28.35_82.10;28.30_82.10;28.20_82.00;28.30_81.90;28.10_82.10;28.15_82.00;28.15_81.95;28.20_81.90;28.15_81.90;28.15_82.05;28.25_82.00;28.25_81.90;28.30_81.95;28.15_82.10;28.30_82.00;28.20_81.95;28.25_81.95;28.20_82.10;28.25_82.05;28.35_82.00;28.30_82.05,27,28.12474267605634,81.97458989165764,83.30611605405142,CRITICAL,68.0,11080,3.51,101.5,30
27.60_83.90,27.60_83.90;27.55_83.90;27.60_83.95;27.60_83.85;27.70_83.95;27.55_83.80;27.55_83.85;27.75_83.80;27.75_84.00;27.70_83.80;27.70_84.00;27.65_83.80;27.70_83.85;27.55_83.95;27.55_84.00;27.65_83.90;27.75_83.95;27.65_83.85;27.60_83.80;27.80_83.80;27.60_84.00;27.80_84.00;27.65_83.95;27.65_84.00;27.80_83.85;27.70_83.90;27.80_83.95;27.75_83.85;27.75_83.90,29,27.62226244,83.92092096,83.27514349847655,CRITICAL,65.4,6078,3.38,118.58,30
27.30_82.70,27.30_82.70;27.30_82.75;27.30_82.85;27.30_82.90;27.35_82.80;27.35_82.75;27.40_82.90;27.35_82.70;27.35_82.90;27.35_82.85;27.30_82.80;27.40_82.70;27.45_82.90;27.40_82.80;27.40_82.85;27.40_82.75;27.45_82.85;27.45_82.80;27.50_82.90;27.45_82.70;27.45_82.75;27.50_82.85;27.50_82.70;27.50_82.80;27.50_82.75,25,27.325518371104817,82.72494253541076,83.14617817416003,CRITICAL,72.1,7272,6.07,152.65,30
31.30_77.05,31.30_77.05;31.15_77.20;31.25_77.25;31.25_77.15;31.25_77.10;31.20_77.20;31.25_77.20;31.30_77.00;31.20_77.25;31.30_77.25;31.30_77.15;31.15_77.25;31.30_77.10;31.10_77.05;31.25_77.05;31.20_77.15;31.15_77.00;31.10_77.00;31.15_77.05;31.20_77.10;31.30_77.20;31.20_77.00;31.05_77.05;31.10_77.10;31.20_77.05;31.10_77.15;31.15_77.15;31.10_77.20;31.10_77.25;31.15_77.10,30,31.32252471264368,77.0722645210728,83.11640243711891,CRITICAL,62.0,4553,5.51,167.79,30
25.15_83.35,25.15_83.35;25.30_83.45;25.35_83.40;25.20_83.40;25.35_83.45;25.30_83.40;25.15_83.40;25.15_83.45;25.30_83.35;25.25_83.40;25.25_83.35;25.25_83.45;25.20_83.45;25.35_83.25;25.15_83.30;25.30_83.25;25.25_83.30;25.25_83.25;25.20_83.25;25.15_83.25;25.35_83.35;25.20_83.30;25.30_83.30;25.20_83.35;25.35_83.30,25,25.17060395793499,83.37417523900574,83.11306591701887,CRITICAL,73.7,8818,5.6,136.08,30
29.40_81.40,29.40_81.40;29.25_81.50;29.40_81.35;29.30_81.55;29.30_81.50;29.35_81.55;29.30_81.45;29.40_81.45;29.30_81.40;29.20_81.40;29.25_81.45;29.35_81.45;29.20_81.45;29.25_81.35;29.25_81.55;29.40_81.50;29.35_81.50;29.25_81.40;29.35_81.40;29.35_81.35;29.20_81.35;29.20_81.50;29.35_81.60;29.20_81.55;29.40_81.55;29.30_81.35;29.30_81.60;29.25_81.60,28,29.427289200000004,81.42682923076923,83.05638016163361,CRITICAL,51.3,1285,5.4,146.94,30
29.95_75.70,29.95_75.70;29.85_75.90;29.95_75.80;29.95_75.90;29.85_75.70;29.95_75.85;29.80_75.80;29.80_75.85;29.80_75.70;29.90_75.70;29.90_75.90;29.80_75.90;29.85_75.75;29.75_75.90;29.85_75.85;29.80_75.75;29.75_75.85;29.85_75.80;29.90_75.85;29.95_75.75;29.90_75.75;29.75_75.70;29.75_75.80;29.90_75.80;29.75_75.75;29.70_75.85,26,29.97545214516129,75.72395395161291,83.02212608523168,CRITICAL,76.0,15793,7.46,139.01,30
30.05_75.60,30.05_75.60;30.05_75.50;30.20_75.55;30.10_75.50;30.05_75.45;30.00_75.60;30.10_75.60;30.05_75.40;30.00_75.50;30.10_75.65;30.20_75.50;30.15_75.45;30.15_75.40;30.05_75.65;30.00_75.55;30.20_75.40;30.10_75.55;30.20_75.65;30.10_75.45;30.00_75.65;30.20_75.60;30.15_75.50;30.05_75.55;30.15_75.55;30.00_75.45;30.15_75.60;30.20_75.45;30.10_75.40;30.00_75.40,29,30.07368412017168,75.62755645207439,83.01164804465097,CRITICAL,76.4,18656,7.05,143.81,30
29.95_79.35,29.95_79.35;29.85_79.35;29.90_79.35;29.75_79.20;29.90_79.40;29.75_79.25;29.80_79.40;29.85_79.40;29.95_79.30;29.75_79.30;29.80_79.35;29.95_79.40;29.85_79.25;29.80_79.25;29.80_79.20;29.90_79.30;29.75_79.35;29.75_79.40;29.80_79.30;29.90_79.20;29.85_79.20;29.85_79.30;29.90_79.25;29.95_79.25;29.95_79.20,25,29.97612151125402,79.37018977491961,82.95649953048502,CRITICAL,70.1,5861,3.64,120.29,30
30.05_79.60,30.05_79.60;30.00_79.55;30.00_79.70;30.05_79.55;30.05_79.45;30.05_79.50;30.10_79.65;30.15_79.70;30.10_79.45;30.00_79.60;30.00_79.65;30.10_79.60;30.00_79.50;30.05_79.65;30.25_79.45;30.00_79.45;30.25_79.55;30.05_79.70;30.10_79.70;30.10_79.50;30.20_79.65;30.20_79.50;30.20_79.70;30.15_79.65;30.15_79.55;30.15_79.60;30.10_79.55;30.20_79.55;30.20_79.45;30.15_79.45;30.15_79.50;30.20_79.60,32,30.074061379310344,79.62511349753694,82.93825327488108,CRITICAL,56.7,3104,5.31,152.71,30
28.65_82.00,28.65_82.00;28.70_81.95;28.70_82.00;28.75_82.10;28.65_81.95;28.70_82.05;28.80_82.10;28.70_81.90;28.65_81.90;28.75_81.95;28.75_82.05;28.80_82.00;28.75_81.90;28.75_82.15;28.80_81.95;28.65_82.05;28.75_82.00;28.65_82.10;28.85_82.00;28.85_81.90;28.70_82.10;28.80_81.90;28.85_81.95;28.85_82.10;28.80_82.05,25,28.67678,82.02506189610389,82.86171871406553,CRITICAL,49.0,3145,5.18,341.82,30
25.55_76.70,25.55_76.70;25.55_76.55;25.55_76.65;25.50_76.65;25.50_76.70;25.50_76.60;25.45_76.55;25.40_76.60;25.45_76.70;25.65_76.55;25.60_76.55;25.60_76.60;25.40_76.65;25.60_76.65;25.50_76.55;25.45_76.50;25.60_76.50;25.45_76.60;25.40_76.50;25.55_76.60;25.45_76.65;25.55_76.50;25.60_76.70;25.50_76.50;25.40_76.70;25.40_76.55;25.55_76.75,27,25.57281838538206,76.72313401328904,82.84217155661985,CRITICAL,77.3,20070,7.78,173.67,30
29.10_80.40,29.10_80.40;28.90_80.30;29.00_80.35;28.95_80.30;29.15_80.35;28.95_80.35;29.10_80.35;29.10_80.45;29.05_80.45;29.15_80.45;29.05_80.50;29.15_80.25;28.95_80.50;29.00_80.40;28.95_80.40;29.00_80.25;28.90_80.45;29.15_80.30;29.00_80.30;29.00_80.50;29.05_80.40;28.95_80.45;29.15_80.40;29.00_80.45;29.05_80.35;29.10_80.50;29.05_80.25;29.05_80.30;28.90_80.40;29.15_80.50;28.95_80.25;29.10_80.25;29.10_80.30;28.90_80.50,34,29.12220125,80.424717,82.72444344066163,CRITICAL,65.6,10351,3.06,140.29,30
30.25_76.10,30.25_76.10;30.30_75.95;30.25_76.00;30.30_76.10;30.35_76.00;30.30_76.00;30.25_76.05;30.40_76.00;30.25_76.15;30.25_75.95;30.40_75.95;30.45_75.95;30.40_76.10;30.45_76.00;30.30_76.05;30.35_75.95;30.45_76.05;30.35_76.05;30.50_76.05;30.50_76.00;30.45_76.10;30.40_76.15;30.30_76.15;30.40_76.05;30.35_76.15;30.50_76.15;30.45_76.15;30.50_75.95;30.35_76.10;30.50_76.10,30,30.27650107325384,76.12674134582623,82.71862390667114,CRITICAL,75.0,15705,7.1,148.49,30
29.90_80.20,29.90_80.20;29.75_80.15;29.75_80.00;29.85_80.10;29.80_80.20;29.90_80.05;29.85_80.20;29.95_80.15;29.95_80.05;29.85_80.15;29.90_80.15;29.90_80.10;29.80_80.00;29.80_80.10;29.95_80.10;29.95_80.20;29.75_80.10;29.80_80.15;29.85_80.05;29.75_80.05;29.80_80.05;29.90_80.00;29.75_80.20;29.85_80.00;29.95_80.00,25,29.92226461928934,80.22321984771574,82.67829231507633,CRITICAL,68.3,3685,2.98,115.75,30
30.25_78.80,30.25_78.80;30.45_78.65;30.45_78.70;30.25_78.85;30.25_78.70;30.25_78.75;30.40_78.70;30.35_78.70;30.30_78.85;30.25_78.65;30.40_78.65;30.30_78.80;30.35_78.75;30.40_78.75;30.50_78.70;30.30_78.65;30.35_78.80;30.30_78.70;30.50_78.75;30.50_78.90;30.35_78.85;30.30_78.75;30.35_78.65;30.50_78.65;30.50_78.80;30.40_78.85;30.45_78.75;30.50_78.85;30.40_78.80;30.45_78.80;30.45_78.85,31,30.274702019543973,78.82626267100977,82.59584588180378,CRITICAL,62.5,5527,4.46,217.61,30
30.15_78.50,30.15_78.50;30.15_78.55;30.20_78.40;30.15_78.60;30.00_78.55;30.20_78.55;30.10_78.55;30.10_78.60;30.00_78.45;30.20_78.50;30.20_78.35;30.20_78.60;30.10_78.40;30.10_78.50;30.20_78.45;30.00_78.40;30.05_78.60;30.05_78.40;30.15_78.45;30.00_78.50;30.10_78.45;30.05_78.50;30.05_78.55;30.00_78.60;30.15_78.40;30.05_78.45,26,30.17162870488323,78.52441989384289,82.53811554880285,CRITICAL,67.0,6390,4.09,78.89,30
26.50_83.50,26.50_83.50;26.50_83.55;26.55_83.55;26.60_83.75;26.55_83.75;26.55_83.60;26.70_83.75;26.70_83.55;26.65_83.75;26.70_83.60;26.65_83.65;26.60_83.70;26.55_83.70;26.70_83.65;26.55_83.65;26.60_83.65;26.55_83.50;26.60_83.50;26.65_83.70;26.65_83.60;26.65_83.55;26.50_83.60;26.60_83.60;26.50_83.65;26.65_83.50;26.50_83.75;26.70_83.50;26.60_83.55;26.50_83.70;26.70_83.70,30,26.52290624772313,83.52985169398907,82.50083037389437,CRITICAL,70.6,4739,5.43,160.23,30
23.95_82.60,23.95_82.60;23.85_82.45;23.80_82.60;23.80_82.55;24.00_82.45;23.90_82.55;23.85_82.65;23.80_82.45;23.80_82.65;23.90_82.45;23.90_82.65;23.80_82.50;23.90_82.60;23.95_82.55;23.85_82.60;23.95_82.65;24.00_82.55;24.00_82.60;23.85_82.55;23.95_82.50;23.95_82.45;24.00_82.50;24.00_82.65;23.85_82.50;23.90_82.50,25,23.98616795774648,82.6243298943662,82.45090588268525,CRITICAL,46.8,2001,5.05,97.82,30
28.40_80.85,28.40_80.85;28.45_80.80;28.45_81.00;28.50_80.90;28.45_80.90;28.45_81.05;28.50_80.85;28.50_81.00;28.45_80.95;28.45_80.85;28.40_80.90;28.40_80.80;28.55_80.85;28.60_80.85;28.35_80.90;28.60_80.90;28.35_80.85;28.40_80.95;28.60_81.00;28.50_80.80;28.55_81.00;28.60_80.80;28.40_81.00;28.35_80.80;28.55_81.05;28.50_80.95;28.55_80.90;28.60_81.05;28.55_80.80;28.40_81.05;28.55_80.95;28.60_80.95;28.50_81.05,33,28.4236731316726,80.8766906405694,82.42157653582264,CRITICAL,70.1,4669,6.08,181.05,30
30.15_76.05,30.15_76.05;30.10_75.95;30.20_76.15;30.10_76.00;30.15_75.95;30.20_76.00;30.20_76.10;30.20_76.05;30.05_76.10;30.00_76.10;30.05_76.00;30.00_76.05;30.05_76.05;30.00_76.00;30.05_75.95;30.15_76.10;30.00_75.95;30.10_76.15;30.20_75.95;30.15_76.00;30.00_76.15;30.10_76.05;30.05_76.15;30.10_76.10;30.15_76.15,25,30.177601194486986,76.07318640122512,82.40643244018311,CRITICAL,76.2,15274,7.18,146.66,30
30.30_75.60,30.30_75.60;30.25_75.50;30.25_75.40;30.40_75.60;30.25_75.55;30.35_75.65;30.50_75.60;30.25_75.65;30.50_75.45;30.25_75.60;30.45_75.65;30.40_75.50;30.35_75.60;30.35_75.40;30.40_75.65;30.45_75.45;30.50_75.50;30.35_75.45;30.50_75.40;30.50_75.55;30.40_75.40;30.30_75.40;30.45_75.60;30.30_75.55;30.45_75.50;30.45_75.55;30.30_75.65;30.25_75.45;30.40_75.45;30.50_75.65;30.40_75.55;30.35_75.55;30.30_75.45;30.45_75.40;30.30_75.50;30.35_75.50,36,30.32625649526387,75.6243143843031,82.38594212651887,CRITICAL,76.4,25145,7.61,156.95,30
23.50_79.90,23.50_79.90;23.55_79.90;23.65_79.80;23.70_79.95;23.50_79.85;23.65_79.85;23.60_79.85;23.65_79.75;23.50_79.95;23.65_79.90;23.60_79.75;23.55_79.70;23.55_79.85;23.55_79.95;23.55_79.80;23.70_79.85;23.55_79.75;23.70_79.90;23.60_79.90;23.50_79.75;23.75_79.95;23.60_79.95;23.70_79.80;23.60_79.80;23.75_79.90;23.50_79.80;23.65_79.95;23.70_79.75;23.75_79.80;23.75_79.75;23.75_79.85,31,23.52695722871453,79.92440031719534,82.36931975627628,CRITICAL,72.0,10455,7.34,135.22,30
29.65_78.45,29.65_78.45;29.70_78.40;29.70_78.45;29.45_78.55;29.50_78.45;29.65_78.40;29.45_78.60;29.50_78.60;29.60_78.45;29.60_78.40;29.60_78.50;29.55_78.55;29.50_78.55;29.55_78.45;29.55_78.60;29.50_78.50;29.55_78.40;29.55_78.50;29.70_78.50;29.65_78.50;29.45_78.50;29.55_78.35;29.60_78.55;29.45_78.45;29.50_78.40;29.50_78.35;29.65_78.60;29.60_78.60;29.65_78.55;29.45_78.40;29.70_78.60,31,29.676065,78.46961967532468,82.36837298874207,CRITICAL,58.0,1982,3.91,153.34,30
28.55_81.25,28.55_81.25;28.45_81.20;28.60_81.20;28.50_81.25;28.45_81.25;28.50_81.20;28.55_81.20;28.40_81.25;28.40_81.10;28.40_81.20;28.45_81.15;28.60_81.25;28.40_81.15;28.60_81.15;28.45_81.10;28.40_81.30;28.60_81.30;28.50_81.30;28.60_81.10;28.45_81.30;28.55_81.30;28.55_81.10;28.35_81.20;28.50_81.15;28.50_81.10;28.55_81.15,26,28.57432764258555,81.27231591254753,82.22000382301184,CRITICAL,66.2,4974,4.86,144.62,30
26.45_83.30,26.45_83.30;26.35_83.45;26.40_83.30;26.45_83.35;26.40_83.35;26.45_83.25;26.45_83.40;26.30_83.40;26.40_83.45;26.25_83.45;26.30_83.45;26.40_83.40;26.45_83.45;26.40_83.25;26.30_83.25;26.35_83.25;26.30_83.35;26.25_83.40;26.35_83.40;26.30_83.30;26.35_83.30;26.20_83.45;26.20_83.30;26.20_83.25;26.35_83.35;26.25_83.35;26.20_83.40;26.25_83.30;26.25_83.25,29,26.476819057017543,83.31899576754387,82.13772561860135,CRITICAL,67.6,4680,5.88,141.65,30
30.35_79.45,30.35_79.45;30.45_79.45;30.50_79.45;30.50_79.50;30.35_79.50;30.45_79.65;30.40_79.45;30.45_79.60;30.45_79.50;30.50_79.60;30.30_79.45;30.50_79.65;30.35_79.55;30.45_79.70;30.25_79.65;30.25_79.50;30.40_79.55;30.40_79.50;30.25_79.60;30.30_79.65;30.45_79.55;30.30_79.60;30.35_79.60;30.30_79.55;30.40_79.60;30.30_79.50;30.25_79.70;30.50_79.55,28,30.37868017699115,79.47289831858407,81.98652509897568,CRITICAL,49.6,1299,7.98,238.19,30
28.00_83.85,28.00_83.85;27.90_83.80;27.95_83.95;28.00_83.90;28.05_83.90;27.95_83.85;27.95_84.00;27.95_83.80;27.90_83.85;28.00_83.80;27.95_83.90;27.90_83.90;27.90_83.95;27.85_83.90;28.05_84.00;27.85_83.80;28.05_83.85;28.05_83.95;28.00_83.95;27.85_83.95;28.00_84.00;27.80_83.90;27.85_83.85;27.90_84.00;27.85_84.00;28.05_83.80,26,28.025983541666665,83.875268125,81.97368708337068,CRITICAL,59.7,2483,2.74,127.45,30
28.90_77.40,28.90_77.40;29.10_77.35;29.10_77.50;29.15_77.35;29.05_77.45;29.00_77.40;29.00_77.45;29.10_77.45;29.05_77.50;28.90_77.35;29.05_77.40;29.15_77.30;29.00_77.50;29.15_77.50;29.15_77.40;29.15_77.45;29.05_77.30;29.05_77.35;29.00_77.35;28.95_77.40;28.95_77.45;28.90_77.30;29.10_77.40;28.95_77.50;29.00_77.30;28.95_77.35;28.90_77.50;28.95_77.30;29.10_77.30,29,28.921863950617283,77.4271262962963,81.96830125273404,CRITICAL,67.2,2290,3.6,198.55,30
25.95_78.05,25.95_78.05;25.95_78.00;26.15_78.05;25.95_77.95;26.00_78.05;26.00_78.00;26.05_78.00;25.95_77.90;26.05_78.05;26.05_77.95;26.15_78.00;26.05_77.85;26.10_78.05;25.95_77.85;26.00_77.85;26.10_78.00;26.00_77.90;26.00_77.95;26.05_77.90;26.20_77.90;26.20_78.05;26.15_77.85;26.10_77.95;26.10_77.90;26.15_77.95;26.10_77.85;26.15_77.80;26.15_77.90,28,25.969210234857847,78.07601882571076,81.92151634957068,CRITICAL,47.0,2200,11.84,245.57,30
25.50_84.30,25.50_84.30;25.45_84.05;25.50_84.10;25.40_84.10;25.40_84.15;25.40_84.05;25.45_84.25;25.50_84.05;25.50_84.25;25.45_84.10;25.45_84.15;25.50_84.15;25.40_84.25;25.55_84.25;25.45_84.20;25.40_84.20;25.50_84.20;25.55_84.20;25.55_84.05;25.65_84.20;25.60_84.25;25.60_84.05;25.65_84.10;25.60_84.30;25.55_84.10;25.60_84.10;25.55_84.15;25.60_84.15;25.65_84.15;25.65_84.30;25.60_84.20,31,25.5263844610282,84.32199457711442,81.89247053608653,CRITICAL,63.5,4644,6.65,142.16,30
28.55_82.15,28.55_82.15;28.40_82.20;28.35_82.20;28.40_82.15;28.40_82.25;28.60_82.20;28.50_82.15;28.45_82.25;28.50_82.25;28.50_82.20;28.45_82.15;28.55_82.20;28.60_82.40;28.45_82.20;28.55_82.25;28.60_82.25;28.60_82.15;28.45_82.30;28.60_82.30;28.60_82.35;28.40_82.30;28.55_82.30;28.50_82.30;28.40_82.40;28.50_82.35;28.45_82.40;28.45_82.35;28.55_82.35,28,28.57590887966805,82.17428815352696,81.8717395335655,CRITICAL,51.2,3586,5.17,142.02,30
27.25_83.40,27.25_83.40;27.25_83.25;27.15_83.35;27.25_83.30;27.25_83.35;27.00_83.45;27.05_83.45;27.20_83.30;27.20_83.35;27.15_83.30;27.25_83.45;27.10_83.30;27.20_83.25;27.10_83.35;27.15_83.45;27.10_83.40;27.15_83.25;27.05_83.35;27.05_83.30;27.10_83.45;27.20_83.45;27.15_83.40;27.10_83.25;27.05_83.40;27.20_83.40;27.05_83.25;27.00_83.25,27,27.276977586206897,83.42059643002028,81.82534398116738,CRITICAL,72.5,9036,5.7,140.33,30
25.05_76.10,25.05_76.10;25.00_76.00;24.90_76.10;24.85_76.15;25.00_76.10;25.00_76.15;24.85_76.10;25.10_76.05;24.95_76.15;25.05_76.00;25.00_76.05;25.05_76.15;25.10_76.10;25.05_75.95;25.05_76.20;25.10_76.00;24.90_76.15;25.05_76.05;24.95_76.10;25.10_75.95;25.10_76.15;24.95_76.05;24.90_76.05;25.00_75.95;24.95_76.00;24.85_75.95;24.90_75.95;24.85_76.05;24.95_75.95;24.85_76.00,30,25.072654149659865,76.12698308390021,81.81430860186082,CRITICAL,65.3,7090,8.16,226.51,30
30.05_75.15,30.05_75.15;30.05_75.30;30.15_75.15;30.10_75.25;30.20_75.35;30.20_75.30;30.10_75.35;30.15_75.30;30.00_75.30;30.15_75.35;30.00_75.20;30.15_75.20;30.00_75.25;30.05_75.25;30.00_75.35;30.05_75.35;30.20_75.15;30.10_75.15;30.15_75.25;30.20_75.20;30.10_75.30;30.00_75.15;30.20_75.25;30.10_75.20;30.05_75.20,25,30.073254,75.17731752136753,81.74006118633208,CRITICAL,76.1,15593,7.05,133.32,30
29.50_80.05,29.50_80.05;29.45_80.20;29.70_80.10;29.65_80.10;29.50_80.10;29.50_80.00;29.60_80.00;29.45_80.05;29.55_80.00;29.50_80.15;29.65_80.20;29.70_80.00;29.65_80.00;29.60_80.05;29.45_80.00;29.45_80.15;29.70_80.20;29.70_80.15;29.55_80.10;29.60_80.20;29.55_80.05;29.70_80.05;29.55_80.15;29.65_80.05;29.45_80.10;29.55_80.20;29.65_80.15;29.60_80.10;29.60_80.15;29.65_80.25;29.50_80.20,31,29.519204545454546,80.07366205741626,81.60289001101222,CRITICAL,69.4,4633,3.25,83.34,30
25.95_78.10,25.95_78.10;25.95_78.15;25.95_78.25;25.95_78.20;25.95_78.30;25.95_78.35;26.00_78.20;26.00_78.15;26.00_78.35;26.00_78.10;26.00_78.25;26.00_78.30;26.15_78.20;26.05_78.20;26.05_78.15;26.15_78.35;26.10_78.10;26.05_78.25;26.10_78.15;26.05_78.10;26.15_78.10;26.10_78.25;26.15_78.15;26.10_78.30;26.15_78.30;26.15_78.25;26.20_78.10;26.10_78.20;26.05_78.30,29,25.97097135802469,78.12641525925926,81.5689318800102,CRITICAL,62.1,6614,8.84,149.47,30
29.45_76.40,29.45_76.40;29.70_76.35;29.65_76.20;29.70_76.20;29.70_76.25;29.45_76.20;29.50_76.35;29.45_76.45;29.50_76.45;29.65_76.30;29.55_76.20;29.65_76.35;29.70_76.30;29.60_76.30;29.60_76.40;29.55_76.45;29.55_76.25;29.65_76.25;29.60_76.35;29.70_76.45;29.65_76.40;29.50_76.40;29.60_76.45;29.70_76.40;29.50_76.30;29.45_76.30;29.55_76.35;29.50_76.20;29.45_76.35;29.45_76.25;29.65_76.45;29.55_76.40;29.50_76.25;29.60_76.25;29.60_76.20;29.55_76.30,36,29.478421123595503,76.41817792134832,81.51517637064103,CRITICAL,69.7,4994,5.63,147.06,30
25.00_76.30,25.00_76.30;25.00_76.40;24.90_76.35;25.10_76.30;24.90_76.20;24.95_76.20;24.85_76.25;25.10_76.25;24.85_76.30;25.00_76.20;25.00_76.35;25.05_76.30;25.10_76.35;25.05_76.25;24.95_76.35;25.05_76.35;24.90_76.30;24.90_76.25;24.95_76.40;25.05_76.45;25.10_76.45;24.95_76.45;25.10_76.20;25.00_76.45;24.95_76.30;24.90_76.45;25.00_76.25;24.85_76.45;24.85_76.40;24.85_76.20;25.10_76.40;24.95_76.25;24.85_76.35;25.05_76.40;24.90_76.40,35,25.03029938398357,76.32611373716632,81.49139514698896,CRITICAL,72.2,8288,7.05,146.2,30
23.75_78.55,23.75_78.55;23.70_78.55;23.65_78.50;23.55_78.40;23.65_78.60;23.70_78.40;23.65_78.55;23.60_78.40;23.65_78.40;23.75_78.50;23.70_78.50;23.75_78.45;23.60_78.50;23.70_78.60;23.60_78.45;23.55_78.55;23.70_78.45;23.75_78.40;23.50_78.40;23.65_78.45;23.75_78.60;23.50_78.45;23.50_78.55;23.50_78.50;23.55_78.45;23.60_78.55;23.60_78.60;23.50_78.60;23.55_78.60;23.55_78.50,30,23.77394061728395,78.57091555555556,81.45396404810214,CRITICAL,67.9,3769,6.39,134.71,30
24.60_80.65,24.60_80.65;24.65_80.60;24.65_80.65;24.70_80.70;24.60_80.60;24.80_80.60;24.65_80.75;24.70_80.65;24.65_80.70;24.60_80.70;24.80_80.65;24.60_80.55;24.65_80.55;24.60_80.75;24.70_80.75;24.75_80.55;24.80_80.55;24.75_80.70;24.70_80.60;24.70_80.55;24.75_80.60;24.80_80.70;24.75_80.65;24.75_80.75;24.80_80.75,25,24.62147206015037,80.67639430075188,81.4393126015318,CRITICAL,72.5,6204,8.99,171.87,30
23.85_77.50,23.85_77.50;23.80_77.50;23.90_77.50;23.85_77.35;23.95_77.30;24.00_77.30;23.95_77.50;23.90_77.35;23.80_77.30;23.80_77.45;24.00_77.45;23.85_77.45;23.80_77.40;23.90_77.30;24.00_77.50;24.00_77.40;23.95_77.35;23.95_77.40;23.85_77.30;23.95_77.45;23.80_77.35;23.90_77.45;23.85_77.40;24.00_77.35;23.90_77.40,25,23.87951340720221,77.52722554016621,81.40828802719822,CRITICAL,71.2,5061,6.64,260.44,30
30.70_75.95,30.70_75.95;30.75_76.10;30.65_76.05;30.75_75.95;30.55_76.10;30.55_75.95;30.70_76.15;30.75_76.15;30.60_76.00;30.65_75.95;30.55_76.00;30.75_76.00;30.60_75.95;30.65_76.00;30.70_76.05;30.55_76.05;30.70_76.10;30.70_76.00;30.75_76.05;30.65_76.10;30.60_76.05;30.60_76.10;30.55_76.15;30.60_76.15;30.65_76.15,25,30.72611857777778,75.97426117777778,81.39705873655029,CRITICAL,73.4,8254,6.2,130.13,30
26.50_83.10,26.50_83.10;26.65_83.05;26.55_83.10;26.50_83.15;26.60_83.10;26.50_83.20;26.65_83.15;26.60_83.15;26.55_83.05;26.60_83.05;26.55_83.20;26.65_83.10;26.55_83.15;26.60_83.00;26.65_83.20;26.45_82.95;26.50_83.05;26.70_83.00;26.55_83.00;26.70_83.20;26.60_82.95;26.60_83.20;26.65_83.00;26.70_83.15;26.70_83.10;26.55_82.95;26.70_83.05;26.50_83.00;26.65_82.95,29,26.5308715,83.12852533333333,81.38660369338174,CRITICAL,66.0,3268,5.92,142.78,30
28.85_76.20,28.85_76.20;28.75_76.45;28.85_76.35;28.65_76.45;28.85_76.30;28.80_76.30;28.75_76.40;28.80_76.40;28.80_76.45;28.85_76.45;28.70_76.45;28.85_76.40;28.75_76.35;28.75_76.25;28.75_76.30;28.85_76.25;28.65_76.40;28.80_76.35;28.70_76.35;28.70_76.20;28.65_76.30;28.70_76.40;28.70_76.30;28.65_76.35;28.80_76.20;28.80_76.25;28.70_76.25;28.75_76.20;28.65_76.25;28.65_76.20,30,28.87414284768212,76.21643993377484,81.36579184569734,CRITICAL,63.0,2646,5.84,167.22,30
28.45_81.65,28.45_81.65;28.40_81.70;28.45_81.75;28.40_81.75;28.35_81.65;28.50_81.65;28.50_81.60;28.60_81.85;28.40_81.60;28.45_81.85;28.40_81.85;28.45_81.60;28.55_81.85;28.50_81.70;28.55_81.65;28.40_81.65;28.45_81.70;28.50_81.85;28.60_81.70;28.40_81.80;28.60_81.75;28.55_81.75;28.60_81.60;28.60_81.80;28.55_81.80;28.45_81.80;28.55_81.70;28.50_81.80;28.55_81.60;28.50_81.75;28.60_81.65,31,28.478893629976582,81.67847042154567,81.35583648758988,CRITICAL,64.8,8354,3.99,83.37,30
30.35_75.90,30.35_75.90;30.30_75.90;30.40_75.90;30.50_75.80;30.40_75.70;30.30_75.80;30.25_75.90;30.45_75.70;30.25_75.75;30.35_75.70;30.35_75.80;30.25_75.80;30.40_75.75;30.35_75.75;30.50_75.75;30.40_75.80;30.25_75.70;30.30_75.70;30.45_75.85;30.30_75.75;30.25_75.85;30.50_75.70;30.45_75.80;30.45_75.75;30.30_75.85;30.40_75.85;30.35_75.85;30.45_75.90;30.50_75.90;30.50_75.85,30,30.3772657398374,75.9240172195122,81.33991255386792,CRITICAL,75.6,18585,6.8,116.69,30
29.15_76.80,29.15_76.80;29.00_76.75;29.00_76.95;29.05_76.75;29.10_77.00;28.90_76.80;29.00_76.90;29.05_76.95;29.10_76.75;29.10_76.90;28.95_76.85;29.05_76.80;29.10_76.80;29.10_76.85;28.90_77.00;29.05_76.85;28.95_76.75;29.15_76.90;29.15_76.85;29.05_76.90;29.00_76.85;28.90_76.95;29.05_77.00;28.90_76.75;28.95_76.95;29.10_76.95;28.90_76.90;28.90_76.85;29.15_77.00;29.15_76.95;29.15_76.75;28.95_76.90;29.00_76.80;28.95_76.80;29.00_77.00;28.95_77.00,36,29.17394451219512,76.82162493902439,81.26024402462981,CRITICAL,69.9,4624,5.5,137.92,30
24.55_81.00,24.55_81.00;24.55_80.95;24.55_80.85;24.35_80.80;24.50_81.00;24.40_80.80;24.50_80.95;24.55_81.05;24.35_80.95;24.50_81.05;24.35_80.85;24.30_80.90;24.40_80.90;24.40_80.95;24.45_81.05;24.40_81.00;24.45_81.00;24.55_80.90;24.45_80.85;24.35_80.90;24.30_81.05;24.50_80.80;24.50_80.90;24.40_80.85;24.45_80.80;24.30_80.95;24.30_80.80;24.35_81.05;24.40_81.05;24.50_80.85;24.45_80.90;24.35_81.00;24.45_80.95;24.55_80.80,34,24.56624121771218,81.00962435424353,81.22906985361834,CRITICAL,70.2,6815,5.88,88.81,30
29.25_80.85,29.25_80.85;29.35_80.80;29.25_80.90;29.20_81.05;29.20_81.00;29.40_80.90;29.35_80.90;29.40_80.85;29.40_80.80;29.35_80.85;29.35_80.95;29.25_80.95;29.30_80.80;29.30_81.05;29.20_80.95;29.20_80.85;29.25_81.00;29.25_80.80;29.20_80.80;29.30_80.85;29.35_81.00;29.20_80.90;29.25_81.05;29.30_80.90;29.30_80.95;29.40_80.95;29.30_81.00;29.40_81.00;29.35_81.05;29.40_81.05,30,29.273397559681698,80.87856549071618,81.21856091371977,CRITICAL,61.0,4163,4.3,130.78,30
27.85_84.65,27.85_84.65;27.85_84.60;28.05_84.70;28.05_84.65;28.05_84.60;28.05_84.75;27.85_84.75;27.95_84.70;27.90_84.60;28.00_84.75;27.95_84.75;27.95_84.60;27.90_84.65;27.90_84.70;28.00_84.65;27.90_84.80;28.00_84.60;27.85_84.70;27.95_84.65;27.85_84.80;28.00_84.80;27.95_84.80;27.90_84.75;28.05_84.80;28.00_84.70,25,27.87411,84.67369012578617,81.21087214150299,CRITICAL,66.3,2340,2.85,68.92,30
25.40_83.85,25.40_83.85;25.40_84.00;25.40_83.95;25.50_84.00;25.40_83.90;25.45_83.85;25.45_83.95;25.45_83.90;25.45_84.00;25.45_83.80;25.50_83.95;25.60_84.00;25.60_83.90;25.65_83.90;25.50_83.90;25.60_83.85;25.40_83.80;25.65_83.85;25.65_84.00;25.55_83.85;25.65_83.80;25.60_83.80;25.50_83.85;25.60_83.95;25.55_83.90;25.55_83.95;25.60_83.75;25.55_84.00;25.50_83.80;25.55_83.80;25.50_83.75,31,25.42606139303483,83.87417512437811,81.13521399917546,CRITICAL,64.0,5111,5.07,152.46,30
29.95_76.65,29.95_76.65;29.85_76.50;29.75_76.60;29.95_76.70;29.85_76.55;29.75_76.65;29.80_76.60;29.90_76.65;29.95_76.50;29.90_76.50;29.80_76.65;29.90_76.60;29.85_76.65;29.90_76.55;29.95_76.55;29.75_76.50;29.95_76.60;29.80_76.55;29.80_76.70;29.90_76.70;29.80_76.50;29.85_76.70;29.75_76.70;29.75_76.55;29.85_76.60,25,29.97640248888889,76.67755742222222,81.11147443431985,CRITICAL,70.0,3626,5.65,161.94,30
30.00_75.05,30.00_75.05;30.05_74.90;30.15_74.85;30.15_74.90;30.00_75.00;30.20_74.85;30.20_75.10;30.00_74.95;30.20_75.05;30.05_74.85;30.15_75.10;30.05_75.00;30.10_74.90;30.00_75.10;30.10_75.05;30.05_75.05;30.15_75.05;30.00_74.90;30.10_75.10;30.15_75.00;30.10_75.00;30.10_74.85;30.05_75.10;30.10_74.95;30.05_74.95;30.00_74.85;30.20_74.90;30.15_74.95;30.20_75.00;30.20_74.95,30,30.02571209507042,75.07741809859155,81.08744827402178,CRITICAL,74.2,12657,7.16,133.85,30
30.30_76.25,30.30_76.25;30.30_76.20;30.40_76.25;30.35_76.20;30.35_76.30;30.25_76.20;30.40_76.30;30.45_76.30;30.50_76.40;30.50_76.35;30.45_76.40;30.50_76.30;30.25_76.40;30.35_76.25;30.45_76.35;30.25_76.25;30.25_76.45;30.45_76.25;30.30_76.30;30.40_76.20;30.40_76.35;30.50_76.25;30.45_76.45;30.50_76.45;30.25_76.35;30.45_76.20;30.40_76.45;30.35_76.45;30.30_76.45;30.25_76.30;30.40_76.40;30.35_76.35;30.50_76.20;30.35_76.40;30.30_76.40;30.30_76.35,36,30.32845626506024,76.27494985542168,81.00343744506587,CRITICAL,73.3,14469,6.81,131.02,30
27.85_80.05,27.85_80.05;27.90_80.00;27.85_80.00;27.95_80.00;28.00_80.00;28.05_80.20;27.90_80.20;28.05_80.00;28.00_80.25;27.90_80.05;28.00_80.20;28.05_80.15;27.95_80.05;28.00_80.15;28.05_80.10;27.85_80.10;28.00_80.05;27.90_80.10;28.00_80.10;27.95_80.10;27.90_80.15;27.95_80.20;27.95_80.15;27.85_80.20;27.85_80.15;28.05_80.05,26,27.875743212435232,80.06860606217617,80.96939365540484,CRITICAL,70.0,3499,4.4,119.75,30
25.80_76.60,25.80_76.60;25.75_76.60;25.80_76.65;25.75_76.70;25.75_76.65;25.70_76.60;25.65_76.50;25.70_76.55;25.75_76.55;25.85_76.65;25.70_76.65;25.70_76.70;25.70_76.50;25.65_76.60;25.80_76.55;25.85_76.70;25.65_76.65;25.85_76.60;25.80_76.70;25.90_76.70;25.90_76.55;25.75_76.50;25.85_76.50;25.90_76.60;25.65_76.70;25.80_76.50;25.85_76.55;25.90_76.65;25.90_76.50,29,25.824854922797456,76.62485393278837,80.9600901461546,CRITICAL,72.5,16100,6.24,115.81,30
30.55_75.65,30.55_75.65;30.70_75.50;30.65_75.40;30.70_75.40;30.75_75.40;30.60_75.45;30.65_75.50;30.55_75.40;30.55_75.45;30.60_75.60;30.75_75.50;30.55_75.50;30.65_75.45;30.70_75.45;30.70_75.60;30.55_75.60;30.60_75.40;30.55_75.55;30.60_75.55;30.75_75.55;30.75_75.45;30.60_75.50;30.75_75.60;30.65_75.55;30.70_75.55;30.65_75.60,26,30.57560048543689,75.67230312621359,80.92727922537198,CRITICAL,76.2,16049,6.94,116.79,30
27.30_84.90,27.30_84.90;27.30_84.95;27.30_84.85;27.50_84.90;27.45_84.95;27.45_84.85;27.35_84.85;27.35_84.90;27.50_84.95;27.45_84.90;27.35_84.95;27.40_84.85;27.40_84.95;27.40_84.90;27.50_84.85,15,27.32721096330275,84.92641759938839,80.89146029007941,CRITICAL,71.3,4556,2.49,63.48,30
25.75_78.55,25.75_78.55;25.90_78.60;25.85_78.60;25.90_78.40;25.90_78.55;25.85_78.50;25.85_78.55;25.75_78.50;25.80_78.60;25.80_78.55;25.70_78.55;25.70_78.45;25.80_78.50;25.90_78.50;25.70_78.60;25.75_78.40;25.75_78.45;25.70_78.50;25.75_78.60;25.85_78.45;25.80_78.45;25.80_78.40;25.90_78.45;25.75_78.35;25.70_78.40;25.85_78.40;25.65_78.45,27,25.767159198312235,78.57957535864978,80.84361272628969,CRITICAL,73.1,9353,6.28,155.94,30
26.45_83.20,26.45_83.20;26.35_83.15;26.45_83.15;26.35_83.10;26.35_83.20;26.40_83.20;26.40_83.00;26.35_83.00;26.20_83.00;26.20_82.95;26.45_83.10;26.30_83.20;26.20_83.15;26.20_83.20;26.30_82.95;26.40_83.05;26.20_83.10;26.40_82.95;26.25_82.95;26.35_83.05;26.45_83.00;26.40_83.15;26.25_83.15;26.30_83.05;26.20_83.05;26.40_83.10;26.25_83.00;26.30_83.00;26.30_83.15;26.45_83.05;26.25_83.10;26.25_83.20;26.30_83.10;26.25_83.05,34,26.46985081818182,83.2258699090909,80.79538290186694,CRITICAL,56.7,2030,4.9,133.2,30
24.00_78.15,24.00_78.15;23.85_78.20;23.90_78.20;24.00_78.10;24.00_78.20;23.85_78.30;23.85_78.10;24.00_78.25;23.90_78.15;23.85_78.15;23.80_78.30;23.90_78.25;23.80_78.15;23.80_78.20;23.95_78.20;23.95_78.10;23.95_78.25;23.95_78.15;23.90_78.10;24.00_78.30;23.90_78.30;23.80_78.35;23.80_78.25;23.80_78.10;23.85_78.25;23.95_78.35;23.95_78.30;24.00_78.35,28,24.026643732057416,78.17890777511961,80.72284413703626,CRITICAL,71.6,4868,6.16,150.51,30
31.15_75.05,31.15_75.05;31.20_75.10;31.20_74.90;31.30_75.05;31.25_75.00;31.10_75.10;31.10_74.90;31.10_74.85;31.20_75.05;31.25_75.10;31.10_75.05;31.15_75.10;31.25_75.05;31.10_75.00;31.25_74.85;31.20_74.95;31.15_74.85;31.25_74.95;31.25_74.90;31.20_75.00;31.15_74.95;31.30_75.10;31.30_74.90;31.20_74.85;31.15_75.00;31.30_75.00;31.30_74.85;31.30_74.95;31.15_74.90;31.10_74.95,30,31.175789635135136,75.07260981081082,80.68163588633392,CRITICAL,75.9,17179,7.34,137.62,30
24.55_74.80,24.55_74.80;24.50_74.65;24.45_74.65;24.55_74.75;24.35_74.60;24.55_74.65;24.50_74.80;24.45_74.75;24.55_74.60;24.35_74.65;24.45_74.60;24.45_74.80;24.50_74.70;24.40_74.80;24.50_74.75;24.45_74.70;24.40_74.75;24.40_74.65;24.40_74.60;24.35_74.70;24.50_74.60;24.55_74.70;24.35_74.80;24.40_74.70,24,24.5791039010989,74.80356251831502,80.67037413930065,CRITICAL,50.1,1652,8.76,93.0,30
23.95_77.75,23.95_77.75;23.85_77.80;23.95_77.80;23.85_77.70;23.90_77.70;23.80_77.65;23.90_77.80;24.00_77.60;24.00_77.70;23.90_77.75;23.80_77.80;23.95_77.70;23.95_77.55;24.00_77.75;23.85_77.65;23.80_77.70;23.85_77.55;23.85_77.75;23.80_77.60;23.90_77.65;24.00_77.80;23.80_77.75;23.90_77.60;23.80_77.55;23.85_77.60;23.95_77.65;23.90_77.55;23.95_77.60;24.00_77.55;24.00_77.65,30,23.972966876267748,77.77561204868154,80.64358212399469,CRITICAL,74.5,8856,7.19,154.06,30
24.90_80.95,24.90_80.95;24.90_81.00;25.10_80.85;25.05_81.05;25.05_81.00;24.85_81.00;24.95_80.95;25.10_81.00;25.00_80.90;25.00_80.80;24.95_80.90;24.85_80.95;24.95_80.85;24.85_80.90;25.05_80.85;24.95_81.00;25.00_80.85;24.90_80.80;24.85_80.80;24.95_81.05;24.90_80.90;24.85_80.85;24.90_81.05;25.00_80.95;25.05_80.80;25.05_80.95;25.05_80.90;25.10_80.80;24.85_81.05;25.00_81.05;25.00_81.00;24.95_80.80;24.90_80.85;25.10_81.05,34,24.936336544715445,80.97348475609756,80.60595860795739,CRITICAL,59.6,4434,9.06,161.31,30
30.35_74.85,30.35_74.85;30.30_75.10;30.50_74.85;30.25_75.10;30.30_74.95;30.40_74.85;30.40_74.95;30.35_75.00;30.30_74.85;30.50_75.00;30.40_75.00;30.50_75.10;30.45_74.90;30.30_75.00;30.40_75.10;30.35_74.90;30.35_75.05;30.45_75.05;30.40_74.90;30.45_74.95;30.30_74.90;30.45_75.00;30.50_74.90;30.45_75.10;30.45_74.85;30.25_74.85;30.40_75.05;30.50_74.95;30.50_75.05;30.35_75.10;30.25_74.95;30.30_75.05;30.25_75.05;30.25_74.90;30.35_74.95;30.25_75.00,36,30.37642155704697,74.87261135570469,80.50048819112999,CRITICAL,76.5,24821,7.95,111.44,30
28.40_81.50,28.40_81.50;28.40_81.55;28.50_81.50;28.60_81.45;28.50_81.35;28.40_81.35;28.45_81.45;28.55_81.50;28.40_81.40;28.55_81.35;28.45_81.35;28.45_81.50;28.50_81.55;28.50_81.45;28.55_81.45;28.50_81.40;28.60_81.50;28.60_81.35;28.40_81.45;28.55_81.40;28.35_81.40;28.55_81.55;28.45_81.40;28.60_81.55;28.60_81.40;28.45_81.55,26,28.41960256926952,81.52693778337532,80.448075298681,CRITICAL,69.2,11795,3.18,78.58,30
31.05_76.15,31.05_76.15;31.05_76.10;31.05_76.00;30.80_76.10;31.00_76.10;31.05_75.95;30.90_76.00;30.90_76.15;30.95_76.15;30.85_76.05;31.00_76.00;31.00_75.95;31.00_76.15;30.90_76.10;30.95_76.00;30.90_76.05;30.85_76.00;30.95_76.05;30.80_76.00;30.95_76.10;30.85_75.95;31.00_76.05;30.85_76.10;30.80_76.15;30.80_76.05;31.05_76.05;30.90_75.95;30.85_76.15;30.80_75.95;30.95_75.95,30,31.07217993333333,76.1728143,80.43864224108002,CRITICAL,72.5,8603,6.24,146.08,30
24.70_75.95,24.70_75.95;24.80_76.10;24.80_76.15;24.70_75.90;24.75_76.15;24.80_75.95;24.75_76.10;24.70_76.00;24.60_76.00;24.75_75.95;24.70_76.10;24.65_76.05;24.60_76.05;24.60_76.15;24.65_76.00;24.65_76.10;24.80_76.00;24.80_76.05;24.75_76.05;24.70_76.05;24.65_76.15;24.75_76.00;24.70_76.15,23,24.715199396984925,75.95308858291456,80.42588513868115,CRITICAL,36.3,1578,12.87,242.29,30
24.45_78.90,24.45_78.90;24.35_79.00;24.45_79.00;24.45_79.05;24.40_79.00;24.40_79.05;24.35_78.90;24.35_79.05;24.35_78.95;24.45_78.95;24.40_78.95;24.50_79.15;24.30_78.90;24.30_79.00;24.40_79.15;24.55_79.05;24.50_79.00;24.50_79.05;24.55_79.15;24.50_78.90;24.55_79.00;24.50_79.10;24.45_79.10;24.40_78.90;24.50_78.95;24.45_79.15;24.55_78.95;24.30_79.15;24.35_79.15;24.40_79.10;24.55_79.10;24.35_79.10;24.55_78.90,33,24.4716468,78.92753211428571,80.4246666656388,CRITICAL,66.9,3617,7.88,222.9,30
23.65_84.20,23.65_84.20;23.60_84.10;23.50_84.25;23.60_84.25;23.70_84.25;23.50_84.20;23.50_84.30;23.70_84.15;23.55_84.30;23.75_84.05;23.55_84.20;23.60_84.20;23.60_84.30;23.60_84.05;23.55_84.15;23.50_84.15;23.55_84.05;23.75_84.20;23.55_84.25;23.50_84.05;23.65_84.15;23.70_84.20;23.70_84.05;23.60_84.15;23.55_84.10;23.65_84.05;23.65_84.25;23.75_84.10;23.65_84.10;23.75_84.15;23.70_84.10;23.50_84.10;23.75_84.25,33,23.68308546341463,84.22216214634146,80.40753995867122,CRITICAL,64.6,7903,4.08,92.9,30
29.65_79.00,29.65_79.00;29.70_79.15;29.65_79.15;29.70_79.10;29.70_78.95;29.55_79.15;29.70_79.00;29.70_78.90;29.65_78.90;29.70_79.05;29.65_79.05;29.60_79.10;29.60_79.15;29.65_79.10;29.45_78.90;29.60_78.95;29.55_79.10;29.60_79.05;29.50_79.15;29.50_79.10;29.55_79.05;29.65_78.95;29.45_79.05;29.60_79.00;29.45_79.15;29.45_79.10;29.45_78.95;29.50_79.05;29.60_78.90;29.55_79.00;29.50_79.00;29.45_79.00;29.50_78.90;29.50_78.95,34,29.675439214659686,79.0231409947644,80.40199341236435,CRITICAL,62.7,5503,3.62,75.73,30
25.90_78.65,25.90_78.65;25.90_78.70;25.90_78.75;25.85_78.70;25.70_78.85;25.80_78.85;25.85_78.65;25.90_78.80;25.70_78.80;25.75_78.85;25.80_78.75;25.75_78.80;25.70_78.70;25.85_78.80;25.70_78.65;25.65_78.85;25.75_78.70;25.80_78.80;25.80_78.65;25.65_78.80;25.70_78.75;25.80_78.70;25.85_78.85;25.75_78.75;25.90_78.85;25.85_78.75;25.75_78.65,27,25.92240044117647,78.6767693697479,80.30882214079561,CRITICAL,72.2,8940,6.51,107.23,30
30.35_74.70,30.35_74.70;30.40_74.75;30.45_74.80;30.50_74.60;30.25_74.60;30.35_74.75;30.50_74.65;30.35_74.65;30.40_74.65;30.30_74.60;30.40_74.60;30.40_74.80;30.45_74.65;30.30_74.75;30.40_74.70;30.35_74.60;30.45_74.75;30.45_74.70;30.50_74.75;30.25_74.70;30.35_74.80;30.30_74.80;30.25_74.65;30.50_74.80;30.45_74.60;30.25_74.75;30.25_74.80;30.30_74.65;30.50_74.70;30.30_74.70,30,30.37477987951808,74.72477382864793,80.24672616244874,CRITICAL,76.5,19719,7.86,108.05,30
25.60_78.60,25.60_78.60;25.60_78.55;25.65_78.60;25.65_78.55;25.55_78.60;25.50_78.60;25.65_78.50;25.60_78.50;25.45_78.60;25.55_78.55;25.50_78.55;25.50_78.45;25.55_78.50;25.40_78.60;25.50_78.50;25.65_78.40;25.60_78.40;25.55_78.45;25.60_78.45;25.45_78.55;25.55_78.40;25.40_78.50;25.45_78.50;25.45_78.45;25.40_78.45;25.40_78.40;25.50_78.40;25.45_78.40;25.40_78.55,29,25.62261018838305,78.62597792778651,80.23334981354205,CRITICAL,61.5,3893,7.31,117.58,30
25.25_76.05,25.25_76.05;25.25_76.00;25.15_76.15;25.25_75.95;25.20_76.05;25.15_76.00;25.35_76.05;25.15_75.95;25.15_76.05;25.20_76.10;25.20_75.95;25.30_75.95;25.15_76.10;25.20_76.00;25.30_76.00;25.25_76.10;25.35_75.95;25.30_76.10;25.20_76.15;25.35_76.00;25.35_76.15;25.25_76.15;25.30_76.05;25.35_76.10;25.30_76.15,25,25.27439569078948,76.07775082236842,80.19862275812905,CRITICAL,73.5,7195,7.75,171.64,30
28.90_77.20,28.90_77.20;28.80_77.10;28.75_77.10;28.70_77.15;28.85_77.15;28.80_77.15;28.75_77.15;28.85_77.10;28.80_77.20;28.75_77.05;28.85_77.20;28.80_77.00;28.85_77.05;28.80_77.05;28.80_77.25;28.70_77.25;28.65_77.05;28.85_77.25;28.75_77.25;28.65_77.25;28.70_77.20;28.70_77.10;28.65_77.15;28.75_77.20;28.70_77.05;28.65_77.20;28.65_77.10,27,28.918470657894737,77.21875539473683,80.14934929919644,CRITICAL,66.4,3440,3.41,136.07,30
24.65_77.80,24.65_77.80;24.75_77.80;24.80_77.65;24.70_77.65;24.70_77.70;24.75_77.65;24.80_77.75;24.75_77.75;24.65_77.70;24.75_77.60;24.60_77.80;24.75_77.70;24.65_77.60;24.75_77.55;24.65_77.75;24.80_77.80;24.70_77.80;24.65_77.65;24.70_77.60;24.60_77.70;24.70_77.75;24.65_77.55;24.80_77.55;24.80_77.70;24.70_77.55;24.60_77.60;24.60_77.75;24.60_77.65;24.80_77.60,29,24.67696318627451,77.82365073529412,80.09495641137003,CRITICAL,69.7,3274,5.12,123.99,30
25.05_81.95,25.05_81.95;25.00_82.05;25.00_82.00;25.10_81.95;25.05_82.05;25.05_82.00;25.05_81.90;25.00_82.10;24.95_82.05;25.10_82.00;24.95_81.95;25.00_81.95;24.95_81.90;25.10_82.10;25.10_82.05;24.95_82.00;24.90_82.05;24.95_82.10;25.10_81.90;24.90_82.10;24.90_81.95;25.05_82.10;24.85_81.95;24.85_82.05;25.00_81.90;24.90_82.00;24.85_82.00;24.85_81.90,28,25.07611987341772,81.97594974683544,80.04064775274595,CRITICAL,53.7,1845,6.58,215.85,30
30.80_77.20,30.80_77.20;30.85_77.05;30.80_77.05;30.90_77.25;30.90_77.20;30.90_77.05;30.85_77.10;30.80_77.10;30.85_77.25;31.00_77.25;31.00_77.20;30.80_77.15;31.05_77.00;30.95_77.05;30.95_77.25;31.05_77.20;31.00_77.15;31.05_77.10;30.95_77.10;30.85_77.20;30.90_77.15;31.00_77.10;31.05_77.15;30.90_77.10;31.00_77.05;30.95_77.15;30.85_77.15;31.05_77.25;30.95_77.20;30.80_77.25,30,30.83034727272728,77.22194854545454,80.01488556590415,CRITICAL,59.8,3630,5.72,151.79,30
30.15_75.75,30.15_75.75;30.20_75.75;30.10_75.75;30.05_75.80;30.15_75.80;30.00_75.80;30.15_75.90;30.20_75.70;30.00_75.85;30.05_75.70;30.05_75.85;30.10_75.70;30.00_75.70;30.15_75.85;30.05_75.90;30.00_75.75;30.00_75.90;30.20_75.80;30.10_75.90;30.15_75.65;30.20_75.90;30.10_75.85;30.15_75.70;30.05_75.75;30.10_75.80;30.20_75.85,26,30.17374203679369,75.77423890932982,80.00810945676193,CRITICAL,76.3,18458,7.26,106.22,30
24.45_77.10,24.45_77.10;24.55_77.05;24.50_77.10;24.50_77.05;24.55_77.10;24.45_77.25;24.40_77.20;24.30_77.15;24.50_77.20;24.45_77.15;24.45_77.05;24.35_77.25;24.35_77.15;24.40_77.15;24.50_77.00;24.50_77.15;24.40_77.25;24.40_77.05;24.55_77.20;24.45_77.20;24.35_77.20;24.55_77.15;24.55_77.00;24.50_77.25;24.40_77.10;24.35_77.10;24.55_77.25;24.40_77.00;24.35_77.05;24.45_77.00;24.30_77.05,31,24.484432506666664,77.14267156,79.9406840417022,CRITICAL,63.8,3627,5.93,77.82,30
25.45_76.10,25.45_76.10;25.40_76.15;25.40_76.00;25.45_76.05;25.40_75.95;25.40_76.05;25.50_76.10;25.45_76.00;25.50_76.15;25.50_76.05;25.60_76.15;25.45_75.95;25.40_76.10;25.45_76.15;25.65_76.15;25.55_76.10;25.55_76.15;25.60_76.10;25.55_76.05;25.55_75.95;25.50_76.00;25.50_75.95;25.60_75.95;25.65_76.00;25.55_76.00;25.60_76.00;25.65_75.95;25.65_76.10;25.60_76.05,29,25.478614103343467,76.12375772036474,79.92178808339031,CRITICAL,60.8,3415,7.75,193.54,30
31.35_77.25,31.35_77.25;31.35_77.15;31.35_77.05;31.40_77.10;31.45_77.25;31.35_77.10;31.40_77.25;31.35_77.20;31.35_77.00;31.40_77.20;31.40_77.05;31.45_77.15;31.45_77.20;31.40_77.15;31.45_77.05,15,31.37167779220779,77.2760837012987,79.83039144337607,CRITICAL,49.8,674,5.01,100.39,30
31.05_75.90,31.05_75.90;31.05_75.75;31.00_75.80;31.00_75.90;30.80_75.75;30.80_75.70;31.00_75.65;30.95_75.90;30.80_75.85;31.00_75.85;31.05_75.85;31.00_75.70;30.80_75.90;31.05_75.80;31.05_75.65;30.85_75.90;31.05_75.70;31.00_75.75;30.95_75.85;30.90_75.90;30.80_75.80;30.90_75.70;30.95_75.80;30.90_75.75;30.95_75.75;30.85_75.70;30.85_75.75;30.95_75.70;30.85_75.80;30.85_75.85;30.90_75.80;30.90_75.85,32,31.07627831111111,75.92354908888889,79.75174876016031,CRITICAL,71.1,8690,5.92,115.48,30
24.85_80.25,24.85_80.25;24.85_80.20;24.95_80.00;25.00_80.00;24.90_80.00;24.85_80.05;24.85_80.00;25.05_80.00;24.95_80.05;25.05_80.05;24.95_80.20;25.10_80.00;25.00_80.05;24.90_80.15;25.00_80.15;24.90_80.10;24.90_80.05;24.95_80.25;24.95_80.10;25.10_80.05;25.05_80.20;25.00_80.10;25.05_80.15;24.90_80.20,24,24.87824605504587,80.26831944954128,79.69231307152212,CRITICAL,31.6,499,6.08,130.03,30
23.65_79.40,23.65_79.40;23.70_79.20;23.65_79.35;23.60_79.25;23.65_79.30;23.60_79.30;23.50_79.35;23.55_79.35;23.55_79.25;23.60_79.40;23.60_79.35;23.65_79.20;23.70_79.25;23.75_79.30;23.50_79.25;23.70_79.40;23.70_79.30;23.70_79.35;23.75_79.25;23.50_79.40;23.65_79.25;23.55_79.30;23.75_79.35;23.55_79.40;23.75_79.40;23.75_79.20;23.50_79.30;23.50_79.20;23.55_79.20;23.60_79.20,30,23.670699785714287,79.4188795,79.68213280982958,CRITICAL,68.4,3548,9.17,226.51,30
29.80_75.95,29.80_75.95;29.85_75.95;29.95_76.10;29.80_76.15;29.85_76.15;29.85_76.00;29.95_75.95;29.90_76.05;29.75_75.95;29.95_76.00;29.75_76.00;29.85_76.05;29.90_76.00;29.95_76.15;29.95_76.05;29.90_75.95;29.85_76.10;29.80_76.05;29.80_76.00;29.75_76.10;29.80_76.10;29.90_76.10;29.90_76.15;29.75_76.05;29.75_76.15,25,29.82421623544631,75.97464557567918,79.67605432632767,CRITICAL,75.4,14172,7.27,117.81,30
29.90_75.65,29.90_75.65;29.80_75.60;29.75_75.55;29.95_75.65;29.75_75.65;29.90_75.50;29.95_75.55;29.80_75.55;29.80_75.65;29.90_75.45;29.85_75.65;29.75_75.60;29.95_75.40;29.90_75.60;29.90_75.40;29.80_75.40;29.95_75.50;29.95_75.45;29.80_75.45;29.95_75.60;29.85_75.55;29.75_75.40;29.90_75.55;29.75_75.50;29.85_75.50;29.85_75.60;29.85_75.40;29.80_75.50;29.75_75.45;29.85_75.45,30,29.925888107255524,75.67502578864354,79.67423037039295,CRITICAL,75.0,16256,6.75,94.77,30
24.45_79.30,24.45_79.30;24.40_79.20;24.45_79.20;24.50_79.30;24.30_79.40;24.45_79.40;24.50_79.25;24.50_79.20;24.35_79.40;24.35_79.35;24.30_79.35;24.40_79.40;24.50_79.40;24.45_79.25;24.45_79.35;24.50_79.35;24.40_79.35;24.55_79.40;24.40_79.30;24.40_79.25;24.55_79.25;24.55_79.20;24.55_79.35;24.30_79.30;24.35_79.25;24.35_79.30;24.35_79.20;24.55_79.30;24.30_79.25;24.30_79.20,30,24.474402261904764,79.32679494047619,79.62034679985113,CRITICAL,68.8,5363,7.25,132.14,30
29.35_79.55,29.35_79.55;29.30_79.70;29.35_79.50;29.40_79.50;29.40_79.55;29.40_79.45;29.35_79.70;29.25_79.70;29.35_79.45;29.30_79.60;29.35_79.60;29.25_79.60;29.20_79.50;29.20_79.70;29.30_79.45;29.35_79.65;29.30_79.55;29.30_79.65;29.20_79.65;29.25_79.50;29.30_79.50;29.25_79.45;29.20_79.60;29.20_79.55;29.20_79.45;29.40_79.65;29.25_79.65;29.25_79.55;29.40_79.60,29,29.376018823529414,79.57435825557809,79.60287002738994,CRITICAL,63.3,6182,3.71,98.78,30
24.85_80.35,24.85_80.35;24.90_80.35;24.85_80.40;24.90_80.40;24.90_80.45;24.85_80.45;24.85_80.30;24.85_80.50;24.95_80.45;25.00_80.50;24.95_80.50;24.95_80.40;24.90_80.50;24.90_80.25;24.90_80.30;24.95_80.35;25.00_80.45;25.10_80.30;25.00_80.30;24.95_80.30;25.05_80.30;25.00_80.40;25.00_80.25;25.00_80.35;25.05_80.25;25.05_80.40;25.05_80.45,27,24.8701590553746,80.38015410423453,79.58951525296172,CRITICAL,41.7,3143,5.1,127.83,30
24.50_79.60,24.50_79.60;24.45_79.65;24.45_79.60;24.40_79.50;24.35_79.45;24.55_79.65;24.50_79.45;24.45_79.45;24.40_79.60;24.45_79.55;24.40_79.55;24.55_79.60;24.35_79.50;24.35_79.65;24.40_79.45;24.40_79.65;24.55_79.70;24.50_79.55;24.45_79.50;24.30_79.60;24.45_79.70;24.50_79.50;24.40_79.70;24.35_79.55;24.50_79.65;24.35_79.60;24.55_79.55;24.55_79.45;24.35_79.70;24.30_79.65;24.50_79.70;24.55_79.50,32,24.518082994186045,79.62469697674419,79.55951419235353,CRITICAL,66.7,6483,8.17,238.38,30
25.65_78.20,25.65_78.20;25.65_78.15;25.65_78.10;25.60_78.10;25.60_78.20;25.60_78.25;25.65_78.30;25.65_78.25;25.55_78.30;25.60_78.15;25.60_78.30;25.55_78.25;25.55_78.15;25.55_78.10;25.55_78.20;25.50_78.15;25.50_78.30;25.50_78.10;25.50_78.20;25.50_78.25;25.65_78.35;25.50_78.35;25.55_78.35;25.60_78.35;25.45_78.35;25.40_78.20;25.40_78.15;25.40_78.35;25.45_78.25;25.45_78.20;25.45_78.15;25.45_78.30;25.40_78.30;25.40_78.10;25.40_78.25,35,25.67244105932204,78.22228529661018,79.53376104631701,CRITICAL,58.1,4959,6.74,101.21,30
31.35_74.85,31.35_74.85;31.40_74.85;31.45_74.85;31.35_74.90;31.35_75.05;31.35_74.95;31.35_75.10;31.45_75.10;31.40_75.10;31.35_75.00;31.40_75.00;31.45_75.05;31.40_74.95;31.45_75.00;31.45_74.95;31.40_75.05;31.40_74.90;31.45_74.90,18,31.37624378283713,74.8752494921191,79.53311403846628,CRITICAL,74.4,8576,5.58,86.45,30
24.55_83.70,24.55_83.70;24.35_83.60;24.55_83.65;24.50_83.60;24.50_83.50;24.55_83.75;24.35_83.65;24.50_83.75;24.30_83.50;24.50_83.65;24.40_83.60;24.30_83.60;24.50_83.70;24.55_83.60;24.45_83.55;24.30_83.65;24.40_83.65;24.40_83.55;24.45_83.60;24.50_83.55;24.45_83.50;24.55_83.50;24.40_83.50;24.55_83.55;24.45_83.70;24.35_83.75;24.35_83.70;24.40_83.75;24.35_83.55;24.45_83.65;24.40_83.70,31,24.56402768421053,83.72611410526316,79.42752359552273,CRITICAL,48.0,1445,7.69,192.69,30
31.10_74.55,31.10_74.55;31.25_74.55;31.15_74.55;31.30_74.50;31.05_74.55;31.20_74.55;31.20_74.50;31.30_74.55;31.10_74.50;31.15_74.50;31.25_74.50,11,31.123548292682926,74.57645021341463,79.36209599870271,CRITICAL,75.8,5907,7.15,103.03,30
25.20_84.30,25.20_84.30;25.25_84.35;25.20_84.35;25.20_84.40;25.35_84.30;25.35_84.40;25.25_84.40;25.30_84.40;25.15_84.35;25.15_84.45;25.35_84.35;25.35_84.50;25.25_84.50;25.30_84.45;25.15_84.40;25.30_84.50;25.20_84.50;25.25_84.30;25.35_84.45;25.20_84.55;25.35_84.55;25.25_84.45;25.20_84.45;25.30_84.35;25.10_84.45;25.25_84.55;25.15_84.50;25.30_84.55;25.15_84.55,29,25.221733292682927,84.32688223577236,79.2384442771611,CRITICAL,62.3,3410,5.44,114.0,30
25.50_76.30,25.50_76.30;25.40_76.35;25.50_76.45;25.45_76.45;25.45_76.40;25.40_76.40;25.50_76.20;25.45_76.35;25.40_76.45;25.40_76.25;25.65_76.45;25.55_76.30;25.40_76.30;25.50_76.40;25.55_76.20;25.45_76.20;25.40_76.20;25.45_76.30;25.55_76.40;25.45_76.25;25.55_76.35;25.50_76.25;25.60_76.45;25.60_76.35;25.60_76.40;25.55_76.45;25.65_76.40;25.55_76.25;25.60_76.30;25.60_76.20;25.60_76.25;25.65_76.35;25.50_76.35;25.65_76.30;25.65_76.25,35,25.53759862745098,76.32687705882353,79.22819928717048,CRITICAL,65.1,4934,8.14,200.54,30
31.15_77.65,31.15_77.65;31.20_77.65;31.10_77.75;31.20_77.75;31.20_77.80;31.10_77.80;31.25_77.70;31.05_77.75;31.25_77.75;31.30_77.65;31.20_77.70;31.25_77.55;31.15_77.80;31.15_77.75;31.30_77.60;31.15_77.70;31.10_77.55;31.30_77.55;31.30_77.80;31.10_77.70;31.25_77.80;31.10_77.60;31.30_77.75;31.30_77.70;31.15_77.55;31.05_77.60;31.25_77.65;31.25_77.60;31.20_77.60;31.05_77.70;31.10_77.65;31.15_77.60,32,31.185625,77.67925359375,79.19984426200928,CRITICAL,64.5,1977,4.78,208.09,30
30.20_76.55,30.20_76.55;30.20_76.60;30.00_76.70;30.20_76.65;30.15_76.50;30.15_76.55;30.10_76.50;30.15_76.65;30.05_76.70;30.10_76.60;30.00_76.65;30.05_76.60;30.15_76.60;30.20_76.50;30.10_76.55;30.20_76.70;30.00_76.55;30.00_76.50;30.05_76.55;30.05_76.50;30.10_76.65;30.00_76.60;30.05_76.65;30.15_76.70;30.10_76.70,25,30.22784190909091,76.5763345,79.19897945153718,CRITICAL,70.9,4865,5.91,131.17,30
25.30_83.00,25.30_83.00;25.15_83.10;25.15_83.20;25.20_83.05;25.20_83.15;25.20_83.20;25.15_83.15;25.25_83.20;25.35_83.20;25.15_83.05;25.25_83.00;25.30_83.20;25.25_83.15;25.20_83.10;25.25_82.95;25.35_83.15;25.30_83.15;25.30_82.95;25.25_83.10;25.15_83.00;25.35_83.00;25.30_83.05;25.20_83.00;25.20_82.95;25.35_82.95;25.25_83.05;25.35_83.05;25.30_83.10;25.35_83.10,29,25.31261420529801,83.01385726821192,79.11884366764697,CRITICAL,52.8,1734,3.78,86.03,30
31.45_77.40,31.45_77.40;31.40_77.35;31.45_77.50;31.35_77.50;31.35_77.40;31.35_77.45;31.35_77.30;31.40_77.50;31.35_77.35;31.40_77.45;31.40_77.40;31.45_77.45;31.40_77.30;31.45_77.30;31.45_77.35,15,31.469085114503816,77.42524320610687,79.04068359459237,CRITICAL,67.2,2031,3.9,113.16,30
26.00_83.90,26.00_83.90;26.05_83.90;25.95_83.90;26.00_83.95;26.15_83.90;26.10_83.90;26.05_83.95;26.10_83.95;26.00_83.85;26.00_84.00;26.05_83.80;26.05_83.85;25.95_84.00;26.15_83.85;25.95_83.80;26.00_83.80;26.05_84.00;25.95_83.85;26.10_84.00;26.10_83.80;26.10_83.85;26.15_84.00;26.15_83.80;26.15_83.95;25.95_83.95,25,26.026765061224488,83.92500008163265,79.02578771643454,CRITICAL,69.1,3154,5.91,110.14,30
28.90_80.15,28.90_80.15;29.10_80.20;28.95_80.00;29.00_80.00;29.00_80.05;29.05_80.15;29.00_80.20;29.05_80.20;28.95_80.05;29.10_80.05;29.15_80.20;29.05_80.10;29.05_80.05;29.10_80.00;29.15_80.10;29.05_80.00;29.10_80.10;29.10_80.15;28.95_80.15;29.00_80.15;29.15_80.05;29.15_80.15;29.15_80.00;29.00_80.10;28.90_80.05;28.95_80.20;28.95_80.10,27,28.921665892255888,80.17182097643098,79.0065022398757,CRITICAL,57.9,5029,3.91,114.67,30
26.00_80.85,26.00_80.85;25.95_80.80;26.00_80.80;25.95_80.85;25.95_81.00;25.95_81.05;26.05_81.00;26.15_80.85;26.10_81.05;26.10_81.00;26.05_80.85;26.00_81.05;26.10_80.90;26.15_81.05;26.10_80.85;26.05_80.95;26.05_80.90;26.15_80.90;26.00_80.90;26.15_80.80;25.95_80.90;26.00_81.00;26.15_81.00;26.05_80.80;26.15_80.95;26.05_81.05;26.00_80.95;25.95_80.95;26.10_80.80;26.10_80.95,30,26.023010547945205,80.87305424657535,79.0011513132223,CRITICAL,56.9,1017,4.87,192.97,30
31.00_78.05,31.00_78.05;30.95_78.00;31.05_77.85;30.90_77.85;30.90_78.05;30.95_77.95;31.05_77.95;30.85_77.95;31.05_78.05;30.90_77.90;30.95_77.90;30.95_78.05;31.00_77.95;31.00_78.00;30.80_78.00;30.80_78.05;30.85_77.90;31.05_78.00;30.90_78.00;30.80_77.85;30.90_77.95;30.85_78.05;30.95_77.85;31.00_77.85;30.85_78.00;30.80_77.90;31.05_77.90;31.00_77.90;30.85_77.85,29,31.0232246031746,78.07458085714285,78.97725134954648,CRITICAL,72.0,5708,4.58,85.27,30
30.30_75.30,30.30_75.30;30.50_75.25;30.40_75.25;30.30_75.20;30.50_75.35;30.45_75.25;30.50_75.30;30.40_75.20;30.40_75.35;30.30_75.15;30.35_75.15;30.45_75.15;30.50_75.20;30.25_75.25;30.25_75.15;30.45_75.35;30.35_75.25;30.50_75.15;30.35_75.35;30.30_75.25;30.45_75.20;30.40_75.15;30.25_75.35;30.40_75.30;30.25_75.30;30.30_75.35;30.35_75.30;30.35_75.20;30.25_75.20;30.45_75.30,30,30.326010246533126,75.32211312788907,78.97672475268539,CRITICAL,76.6,21884,7.65,109.63,30
29.85_79.85,29.85_79.85;29.85_79.70;29.95_79.90;29.95_79.85;29.80_79.80;29.85_79.80;29.80_79.95;29.85_79.75;29.90_79.75;29.80_79.75;29.75_79.75;29.75_79.95;29.75_79.85;29.95_79.95;29.95_79.75;29.90_79.85;29.80_79.90;29.75_79.80;29.95_79.80;29.90_79.95;29.75_79.90;29.90_79.80;29.80_79.85;29.85_79.90;29.90_79.90;29.85_79.95,26,29.878192777777777,79.87952812500001,78.92218898724464,CRITICAL,68.8,3843,2.93,64.84,30
28.70_81.35,28.70_81.35;28.80_81.50;28.85_81.45;28.65_81.35;28.85_81.40;28.80_81.45;28.80_81.35;28.75_81.50;28.75_81.45;28.65_81.40;28.65_81.45;28.85_81.35;28.75_81.40;28.85_81.50;28.70_81.40;28.70_81.45;28.75_81.35;28.65_81.50;28.90_81.55;28.70_81.50;28.75_81.55;28.85_81.55;28.80_81.40;28.65_81.55;28.70_81.55;28.80_81.55,26,28.72093785440613,81.37204049808429,78.83893338138932,CRITICAL,63.8,6933,3.69,51.09,30
28.35_81.35,28.35_81.35;28.35_81.45;28.30_81.50;28.10_81.40;28.15_81.40;28.30_81.35;28.30_81.55;28.10_81.35;28.15_81.35;28.35_81.50;28.35_81.55;28.20_81.40;28.25_81.45;28.25_81.55;28.25_81.40;28.30_81.45;28.25_81.50;28.20_81.55;28.15_81.55;28.30_81.40;28.10_81.50;28.20_81.50;28.20_81.45;28.20_81.35;28.25_81.35;28.15_81.45;28.10_81.45;28.10_81.55;28.15_81.50;28.20_81.60;28.15_81.60,31,28.37495721153846,81.3744567548077,78.81241020449673,CRITICAL,58.6,6174,4.87,90.97,30
31.30_75.25,31.30_75.25;31.20_75.15;31.25_75.20;31.25_75.15;31.10_75.15;31.10_75.20;31.30_75.15;31.25_75.25;31.20_75.20;31.30_75.30;31.15_75.15;31.20_75.35;31.10_75.30;31.15_75.30;31.15_75.35;31.20_75.25;31.30_75.35;31.10_75.25;31.10_75.35;31.30_75.20;31.20_75.30;31.15_75.25;31.15_75.20;31.25_75.30;31.25_75.35,25,31.325219268774703,75.27460557312253,78.81050064256884,CRITICAL,74.3,9247,6.17,90.01,30
23.55_81.60,23.55_81.60;23.65_81.75;23.65_81.70;23.60_81.75;23.55_81.65;23.65_81.80;23.70_81.80;23.60_81.70;23.60_81.60;23.65_81.85;23.60_81.65;23.70_81.70;23.50_81.80;23.50_81.85;23.75_81.85;23.75_81.80;23.55_81.80;23.55_81.85;23.60_81.80;23.70_81.65;23.55_81.75;23.70_81.85;23.60_81.85;23.75_81.65;23.75_81.70;23.65_81.65;23.55_81.70;23.70_81.75;23.50_81.70;23.50_81.75;23.70_81.60;23.50_81.65,32,23.57082539184953,81.6257531661442,78.76761948919663,CRITICAL,59.0,3632,3.98,86.7,30
24.55_80.45,24.55_80.45;24.50_80.45;24.45_80.50;24.55_80.40;24.55_80.35;24.50_80.50;24.50_80.35;24.50_80.30;24.50_80.40;24.55_80.30;24.55_80.50;24.35_80.50;24.45_80.25;24.40_80.45;24.45_80.40;24.50_80.25;24.40_80.40;24.45_80.45;24.55_80.25;24.45_80.35;24.40_80.50;24.35_80.45;24.40_80.35;24.30_80.30;24.45_80.30;24.30_80.40;24.30_80.50;24.40_80.30;24.35_80.25;24.40_80.25;24.35_80.40;24.35_80.30;24.35_80.35,33,24.56731215384616,80.47285612307692,78.75504992468073,CRITICAL,64.4,3945,6.97,149.4,30
25.55_78.70,25.55_78.70;25.60_78.65;25.60_78.70;25.65_78.70;25.55_78.65;25.50_78.70;25.65_78.65;25.65_78.75;25.50_78.65;25.55_78.80;25.60_78.80;25.60_78.85;25.50_78.75;25.55_78.75;25.60_78.75;25.45_78.65;25.55_78.85;25.50_78.85;25.45_78.70;25.50_78.80;25.45_78.80;25.45_78.75;25.40_78.70;25.40_78.65;25.40_78.85;25.40_78.75;25.40_78.80;25.45_78.85,28,25.57194707571801,78.7210288772846,78.72429609914957,CRITICAL,71.0,6339,7.1,112.88,30
27.85_82.95,27.85_82.95;28.05_83.15;27.85_83.00;27.90_82.95;27.85_83.05;27.85_83.15;28.05_83.05;27.85_83.20;27.95_83.00;27.90_83.20;27.95_83.05;27.85_83.10;28.00_83.00;28.05_82.95;28.00_83.05;28.05_83.10;27.90_83.15;27.95_83.15;28.00_83.20;28.00_83.10;27.90_83.00;27.95_83.20;27.90_83.05;28.00_83.15;28.05_83.20;28.05_83.00;27.90_83.10;27.95_83.10,28,27.87725323987539,82.97635956386293,78.72384494963977,CRITICAL,60.2,3413,3.47,57.4,30
23.55_80.05,23.55_80.05;23.60_80.00;23.65_80.05;23.50_80.05;23.50_80.00;23.50_80.10;23.75_80.10;23.50_80.15;23.60_80.05;23.65_80.10;23.60_80.15;23.70_80.20;23.55_80.15;23.55_80.00;23.75_80.20;23.60_80.10;23.50_80.20;23.75_80.25;23.55_80.10;23.75_80.00;23.70_80.05;23.70_80.00;23.55_80.20;23.70_80.15;23.65_80.15;23.70_80.10;23.65_80.00;23.65_80.20;23.60_80.20;23.75_80.05;23.75_80.15;23.70_80.25,32,23.574336354679804,80.07359261083744,78.72249859502575,CRITICAL,71.1,6717,5.69,108.78,30
27.40_84.10,27.40_84.10;27.50_84.30;27.50_84.20;27.35_84.10;27.35_84.20;27.50_84.25;27.50_84.05;27.50_84.15;27.40_84.05;27.30_84.20;27.30_84.25;27.50_84.10;27.30_84.10;27.35_84.15;27.55_84.10;27.55_84.25;27.40_84.15;27.30_84.15;27.55_84.20;27.35_84.25;27.40_84.20;27.30_84.05;27.55_84.05;27.35_84.05;27.40_84.25;27.45_84.20;27.45_84.25;27.45_84.10;27.45_84.15;27.45_84.05,30,27.428963638888888,84.12702986111111,78.72155228335309,CRITICAL,68.2,10618,4.33,94.78,30
31.45_75.20,31.45_75.20;31.45_75.25;31.40_75.20;31.40_75.15;31.45_75.15;31.35_75.30;31.45_75.30;31.40_75.30;31.35_75.20;31.45_75.35;31.35_75.25;31.35_75.15;31.40_75.25;31.40_75.35;31.35_75.35;31.50_75.15,16,31.478840217391305,75.22342583003952,78.69760813576023,CRITICAL,69.6,7133,6.42,94.61,30
23.65_78.65,23.65_78.65;23.50_78.85;23.75_78.80;23.75_78.90;23.55_78.65;23.50_78.75;23.55_78.85;23.65_78.70;23.50_78.80;23.55_78.70;23.60_78.85;23.75_78.85;23.65_78.75;23.60_78.70;23.55_78.75;23.60_78.75;23.55_78.80;23.70_78.70;23.60_78.80;23.65_78.85;23.70_78.75;23.70_78.65;23.50_78.65;23.50_78.70;23.70_78.90;23.60_78.65;23.70_78.85;23.70_78.80;23.75_78.70;23.65_78.80,30,23.66952958762887,78.68340948453609,78.64359585355162,CRITICAL,64.8,2377,6.32,113.34,30
30.85_75.45,30.85_75.45;30.90_75.40;30.85_75.65;30.90_75.55;30.80_75.60;31.00_75.40;30.95_75.40;30.95_75.50;31.05_75.50;30.80_75.45;30.90_75.60;31.00_75.45;30.85_75.50;31.00_75.60;30.90_75.50;31.05_75.45;31.05_75.40;30.95_75.45;30.80_75.40;30.95_75.60;30.85_75.40;30.90_75.45;30.80_75.55;31.00_75.50;31.00_75.55;30.95_75.55;31.05_75.60;30.85_75.55;30.80_75.50;30.85_75.60;30.90_75.65;30.80_75.65;31.05_75.55;30.95_75.65,34,30.875799497098644,75.47497326885879,78.60523469211876,CRITICAL,74.4,15542,6.76,102.97,30
25.45_76.75,25.45_76.75;25.40_76.80;25.50_76.75;25.45_76.85;25.40_76.85;25.40_76.75;25.45_76.80;25.50_76.80;25.55_76.80;25.45_76.90;25.50_76.85;25.40_76.95;25.60_76.75;25.40_76.90;25.45_76.95;25.65_76.90;25.50_76.95;25.65_76.85;25.55_76.95;25.60_76.85;25.65_76.80;25.60_76.90;25.50_76.90;25.60_76.80;25.55_76.90;25.60_76.95,26,25.47949212520593,76.76638196046129,78.5810731114455,CRITICAL,52.9,3934,8.56,154.11,30
29.35_79.15,29.35_79.15;29.20_79.10;29.25_78.95;29.25_79.05;29.30_79.10;29.20_79.05;29.30_79.05;29.25_79.00;29.40_78.95;29.20_79.00;29.40_79.10;29.35_78.95;29.40_78.90;29.25_78.90;29.25_79.10;29.20_78.95;29.35_79.05;29.30_79.00;29.20_79.15;29.35_79.00;29.30_78.95;29.40_79.05;29.35_78.90;29.25_79.15;29.40_79.00;29.20_78.90;29.35_79.10;29.30_79.15;29.30_78.90;29.40_79.15,30,29.385722615384616,79.1771338974359,78.56583563948634,CRITICAL,69.6,4348,5.24,184.89,30
30.70_75.30,30.70_75.30;30.60_75.30;30.60_75.35;30.75_75.25;30.60_75.20;30.55_75.35;30.75_75.20;30.55_75.15;30.65_75.30;30.65_75.25;30.60_75.15;30.65_75.15;30.60_75.25;30.65_75.35;30.55_75.30;30.55_75.20;30.70_75.35;30.70_75.20;30.70_75.15;30.70_75.25;30.55_75.25;30.75_75.30;30.65_75.20;30.75_75.15;30.75_75.35,25,30.72612905970149,75.32304252238806,78.47701491352892,CRITICAL,76.3,17371,7.29,102.78,30
24.30_77.90,24.30_77.90;24.55_77.90;24.30_78.00;24.55_78.00;24.35_77.95;24.50_78.00;24.55_77.95;24.50_77.95;24.35_78.00;24.35_77.90;24.30_78.05;24.40_78.05;24.50_78.05;24.50_77.85;24.30_77.85;24.55_78.05;24.55_77.85;24.35_78.05;24.50_77.90;24.40_78.00;24.45_78.00;24.40_77.85;24.35_77.85;24.45_78.05;24.45_77.85;24.40_77.95;24.45_77.90;24.45_77.95;24.40_77.90,29,24.32577234206472,77.92872012326656,78.46371157166315,CRITICAL,69.5,6019,5.45,96.91,30
25.45_83.60,25.45_83.60;25.40_83.60;25.40_83.75;25.45_83.70;25.45_83.75;25.45_83.65;25.40_83.70;25.50_83.60;25.40_83.65;25.50_83.65;25.65_83.75;25.45_83.55;25.55_83.65;25.65_83.60;25.40_83.55;25.65_83.70;25.60_83.70;25.50_83.55;25.50_83.70;25.55_83.60;25.65_83.55;25.50_83.50;25.60_83.65;25.60_83.55;25.55_83.55;25.55_83.75;25.55_83.70,27,25.47252799196787,83.62681907630521,78.44463060559609,CRITICAL,52.2,1844,4.52,95.58,30
28.25_80.90,28.25_80.90;28.30_80.80;28.25_80.95;28.35_81.05;28.30_81.00;28.25_80.80;28.30_80.95;28.35_80.95;28.30_81.05;28.25_81.00;28.30_80.90;28.30_80.85;28.35_81.00;28.25_80.85;28.20_80.80;28.10_80.90;28.20_80.85;28.15_80.90;28.10_81.00;28.20_80.90;28.20_80.95;28.20_81.00;28.15_81.00;28.15_80.95;28.15_80.80;28.10_80.95;28.10_81.05;28.10_80.80;28.15_81.05;28.10_80.85;28.20_81.05;28.15_80.85;28.25_81.05,33,28.275578187500003,80.9240695,78.40354706063935,CRITICAL,65.9,2780,4.69,125.18,30
25.95_78.60,25.95_78.60;26.00_78.60;25.95_78.55;25.95_78.40;25.95_78.45;26.00_78.40;26.05_78.40;26.00_78.45;25.95_78.50;26.05_78.45;26.00_78.50;26.10_78.35;26.05_78.50;26.15_78.40;26.15_78.50;26.05_78.35;26.10_78.50;26.00_78.55;26.10_78.45;26.05_78.55;26.10_78.60;26.05_78.60;26.15_78.60;26.15_78.45;26.10_78.40;26.10_78.55;26.15_78.55,27,25.974697448494457,78.62866077654517,78.37848131016324,CRITICAL,49.7,1889,8.28,120.12,30
27.70_82.70,27.70_82.70;27.75_82.75;27.70_82.80;27.75_82.70;27.75_82.85;27.70_82.75;27.70_82.85;27.75_82.90;27.75_82.80;27.80_82.85;27.65_82.70;27.70_82.90;27.60_82.70;27.80_82.75;27.80_82.80;27.80_82.90;27.60_82.85;27.55_82.85;27.80_82.70;27.55_82.70;27.65_82.80;27.65_82.95;27.60_82.80;27.65_82.85;27.60_82.90;27.55_82.80;27.65_82.90;27.55_82.75;27.65_82.75;27.60_82.75;27.60_82.95;27.55_82.90,32,27.726761067031465,82.7252118878249,78.37451112968469,CRITICAL,66.8,8551,4.1,96.72,30
30.45_74.55,30.45_74.55;30.40_74.55;30.35_74.50;30.50_74.55;30.25_74.55;30.30_74.55;30.25_74.50;30.35_74.55;30.30_74.50;30.50_74.50;30.40_74.50;30.45_74.50,12,30.47469117147708,74.57745013582344,78.3630324827003,CRITICAL,75.1,6279,7.69,116.78,30
27.70_84.05,27.70_84.05;27.70_84.20;27.75_84.05;27.75_84.25;27.70_84.10;27.70_84.25;27.75_84.10;27.75_84.20;27.60_84.15;27.70_84.15;27.75_84.30;27.75_84.15;27.55_84.15;27.60_84.20;27.80_84.30;27.65_84.25;27.60_84.05;27.80_84.25;27.80_84.20;27.65_84.20;27.80_84.05;27.80_84.15;27.60_84.10;27.65_84.15;27.65_84.05;27.65_84.10;27.80_84.10;27.60_84.25,28,27.730001008403363,84.07681285714287,78.33669923187504,CRITICAL,63.8,4006,3.62,73.54,30
27.60_83.60,27.60_83.60;27.65_83.60;27.75_83.75;27.70_83.55;27.60_83.70;27.55_83.75;27.65_83.55;27.75_83.70;27.70_83.65;27.60_83.65;27.80_83.75;27.65_83.65;27.65_83.70;27.75_83.60;27.65_83.50;27.75_83.50;27.70_83.50;27.55_83.60;27.75_83.65;27.55_83.70;27.60_83.75;27.65_83.75;27.70_83.60;27.70_83.70;27.75_83.55;27.60_83.50;27.70_83.75;27.60_83.55;27.55_83.55;27.80_83.70;27.55_83.65;27.80_83.50;27.80_83.60;27.80_83.65;27.80_83.55,35,27.627232564102563,83.62134102564103,78.24555446547866,CRITICAL,63.2,5350,3.05,67.48,30
28.30_77.20,28.30_77.20;28.25_77.25;28.30_77.25;28.35_77.25;28.15_77.10;28.15_77.15;28.10_77.25;28.15_77.25;28.10_77.15;28.15_77.05;28.30_77.15;28.25_77.20;28.20_77.05;28.10_77.20;28.10_77.10;28.15_77.20;28.20_77.15;28.25_77.15;28.35_77.20;28.20_77.20;28.20_77.10;28.10_77.05;28.30_77.05;28.30_77.10;28.20_77.25;28.10_77.00;28.25_77.10;28.25_77.05;28.15_77.00,29,28.33580942947702,77.22508529318542,78.24184223538931,CRITICAL,52.7,2492,4.38,43.44,30
27.25_84.80,27.25_84.80;27.25_84.75;27.10_84.80;27.20_84.80;27.25_84.70;27.15_84.70;27.15_84.80;27.10_84.70;27.20_84.75;27.20_84.70;27.15_84.75;27.15_84.65;27.10_84.75;27.15_84.60;27.25_84.60;27.05_84.80;27.10_84.65;27.05_84.75;27.20_84.60;27.10_84.60;27.00_84.75;27.20_84.65;27.05_84.70;27.05_84.60;27.05_84.65;27.25_84.65;27.00_84.80;27.00_84.70,28,27.275671150070128,84.8247181767181,78.23625456225248,CRITICAL,69.2,6394,4.78,69.69,30
26.45_78.25,26.45_78.25;26.40_78.30;26.45_78.30;26.40_78.35;26.40_78.25;26.30_78.30;26.25_78.10;26.45_78.20;26.40_78.20;26.20_78.30;26.30_78.15;26.35_78.30;26.20_78.35;26.30_78.10;26.30_78.35;26.25_78.30;26.25_78.15;26.35_78.25;26.30_78.25;26.25_78.25;26.35_78.15;26.35_78.35;26.20_78.25;26.25_78.35;26.20_78.15;26.25_78.20;26.35_78.10;26.30_78.20;26.40_78.10;26.35_78.20;26.40_78.15;26.45_78.15;26.20_78.20,33,26.473932534722223,78.27734409722223,78.23608284400993,CRITICAL,57.6,4007,5.54,110.68,30
29.70_76.00,29.70_76.00;29.65_75.95;29.60_76.15;29.65_76.00;29.65_76.10;29.70_75.95;29.50_75.95;29.50_76.00;29.70_76.10;29.70_76.05;29.45_76.00;29.55_76.10;29.55_76.05;29.70_76.15;29.50_76.05;29.60_76.10;29.50_76.10;29.65_76.15;29.60_76.00;29.45_75.95;29.45_76.15;29.45_76.10;29.55_76.00;29.45_76.05;29.55_76.15;29.60_75.95;29.60_76.05;29.55_75.95;29.50_76.15;29.65_76.05,30,29.72553150289017,76.02302227360308,78.10792734662564,CRITICAL,71.0,6213,5.9,110.48,30
27.75_77.65,27.75_77.65;27.80_77.55;27.80_77.75;27.70_77.55;27.70_77.75;27.75_77.80;27.75_77.55;27.75_77.60;27.80_77.65;27.60_77.55;27.65_77.55;27.60_77.65;27.80_77.80;27.65_77.60;27.80_77.60;27.65_77.65;27.60_77.70;27.75_77.75;27.70_77.60;27.60_77.75;27.65_77.75;27.70_77.80;27.55_77.65;27.65_77.80;27.70_77.65;27.55_77.55;27.70_77.70;27.75_77.70;27.80_77.70;27.55_77.70;27.65_77.70;27.55_77.60;27.55_77.75;27.60_77.60,34,27.78374795454545,77.67627863636363,78.0855654286988,CRITICAL,50.5,934,4.63,133.5,30
25.20_76.50,25.20_76.50;25.25_76.60;25.20_76.65;25.20_76.70;25.35_76.65;25.30_76.50;25.15_76.70;25.35_76.60;25.15_76.50;25.10_76.50;25.25_76.50;25.35_76.55;25.20_76.75;25.35_76.50;25.15_76.60;25.35_76.70;25.15_76.65;25.25_76.65;25.30_76.60;25.30_76.65;25.25_76.70;25.15_76.55;25.20_76.55;25.30_76.55;25.25_76.55;25.20_76.60;25.30_76.70,27,25.219607957446808,76.51776080851064,78.08120243284787,CRITICAL,66.5,3160,7.03,133.77,30
28.85_79.65,28.85_79.65;28.80_79.70;28.65_79.65;28.85_79.70;28.85_79.50;28.80_79.65;28.70_79.65;28.70_79.50;28.85_79.45;28.85_79.60;28.85_79.55;28.65_79.55;28.80_79.55;28.80_79.45;28.80_79.60;28.65_79.50;28.65_79.60;28.80_79.50;28.70_79.55;28.75_79.65;28.70_79.60;28.65_79.45;28.75_79.50;28.75_79.55;28.75_79.60;28.75_79.45;28.65_79.70;28.70_79.45,28,28.87262536044362,79.67842012939002,78.0259055267781,CRITICAL,70.1,4571,5.01,103.52,30
25.35_75.80,25.35_75.80;25.30_75.75;25.35_75.85;25.30_75.80;25.35_75.70;25.20_75.90;25.15_75.90;25.25_75.85;25.25_75.80;25.35_75.75;25.35_75.90;25.25_75.75;25.30_75.70;25.25_75.65;25.30_75.85;25.25_75.70;25.25_75.90;25.30_75.90;25.15_75.75;25.20_75.80;25.20_75.75;25.20_75.85;25.15_75.85;25.20_75.70;25.15_75.80;25.15_75.65,26,25.379593037542666,75.82090527303754,78.01238324466603,CRITICAL,66.9,5428,6.44,94.91,30
25.05_77.85,25.05_77.85;24.85_77.85;25.00_77.85;25.00_77.90;25.10_77.85;24.90_77.85;24.85_77.95;24.90_77.95;24.95_77.85;25.05_77.90;24.85_77.90;24.95_77.95;24.90_77.90;24.85_78.05;24.95_77.90;24.90_78.00;24.95_78.00;25.00_78.00;24.85_78.00;24.95_78.05;24.90_78.05;25.05_77.95;25.00_78.05;25.00_77.95;25.10_77.90;25.10_78.05;25.05_78.00;25.05_78.05;25.10_77.95;25.10_78.00,30,25.06925795348837,77.88135655813953,77.98248481991953,CRITICAL,56.1,2110,7.21,153.58,30
23.80_84.80,23.80_84.80;23.75_84.75;23.85_84.65;23.90_84.60;24.00_84.60;23.85_84.60;24.00_84.75;23.95_84.70;23.95_84.60;23.80_84.70;24.00_84.65;24.00_84.70;23.85_84.80;23.95_84.65;23.80_84.75;23.80_84.65;23.90_84.75;23.90_84.80;23.85_84.70;23.90_84.65;24.00_84.80;23.90_84.70;23.85_84.75;23.95_84.80;23.95_84.75;23.80_84.60,26,23.808390986842102,84.84501370951416,77.97875463352715,CRITICAL,50.1,4834,3.6,28.78,30
31.25_77.30,31.25_77.30;31.30_77.30;31.15_77.30;31.25_77.35;31.30_77.35;31.30_77.50;31.30_77.40;31.15_77.50;31.10_77.50;31.25_77.40;31.15_77.40;31.10_77.40;31.10_77.35;31.20_77.40;31.15_77.35;31.30_77.45;31.15_77.45;31.10_77.45;31.20_77.35;31.20_77.30;31.20_77.55;31.20_77.45;31.20_77.50;31.25_77.45;31.25_77.50;31.10_77.30,26,31.27070602941176,77.32362544117647,77.9039526120569,CRITICAL,61.0,2398,4.61,163.06,30
25.15_77.05,25.15_77.05;25.30_77.10;25.15_77.10;25.35_77.05;25.35_77.10;25.25_77.05;25.30_77.05;25.35_77.15;25.20_77.10;25.20_77.05;25.30_77.00;25.30_77.15;25.30_77.20;25.35_77.20;25.25_77.10;25.15_77.15;25.20_77.15;25.15_77.20;25.20_77.20;25.25_77.25;25.25_77.20;25.35_77.25;25.25_77.15;25.15_77.25;25.30_77.25;25.20_77.25,26,25.16733657992565,77.07129011152416,77.87308672220685,CRITICAL,59.7,2217,7.09,106.84,30
30.20_74.55,30.20_74.55;30.10_74.55;30.00_74.50;30.05_74.55;30.15_74.55;30.10_74.50;30.05_74.50;30.00_74.55;30.15_74.50;30.20_74.50,10,30.228307835671345,74.5761750501002,77.86062250979707,CRITICAL,74.3,4438,7.58,101.92,30
27.75_82.60,27.75_82.60;27.65_82.45;27.65_82.60;27.65_82.55;27.70_82.55;27.70_82.60;27.70_82.45;27.75_82.55;27.60_82.45;27.65_82.50;27.55_82.65;27.75_82.65;27.70_82.65;27.60_82.65;27.70_82.50;27.60_82.50;27.65_82.65;27.60_82.55;27.55_82.50;27.55_82.60;27.55_82.45;27.80_82.60;27.75_82.50;27.55_82.40;27.60_82.60;27.80_82.50;27.75_82.45;27.80_82.45;27.80_82.55;27.80_82.65,30,27.77261747720365,82.62552194528875,77.84255813920517,CRITICAL,69.4,9842,4.1,59.06,30
29.05_79.20,29.05_79.20;28.90_79.40;29.00_79.35;28.90_79.35;29.05_79.25;29.15_79.40;29.00_79.25;28.95_79.25;28.95_79.30;29.00_79.20;28.90_79.20;28.90_79.30;29.00_79.40;29.15_79.25;29.10_79.35;28.95_79.35;28.90_79.25;28.95_79.40;29.10_79.20;29.15_79.30;29.00_79.30;29.10_79.30;28.95_79.20;29.05_79.30;29.10_79.25;29.15_79.20;29.05_79.35;29.10_79.40;29.05_79.40;29.15_79.35,30,29.072720599078345,79.22204552995392,77.81579783672325,CRITICAL,69.0,4488,5.46,114.28,30
30.70_76.30,30.70_76.30;30.65_76.25;30.65_76.40;30.65_76.30;30.55_76.40;30.65_76.45;30.75_76.25;30.75_76.35;30.55_76.30;30.70_76.45;30.60_76.45;30.55_76.25;30.70_76.20;30.70_76.35;30.75_76.45;30.75_76.30;30.55_76.35;30.70_76.40;30.55_76.45;30.60_76.25;30.75_76.20;30.60_76.35;30.70_76.25;30.60_76.40;30.60_76.30;30.65_76.35;30.75_76.40;30.55_76.20;30.65_76.20;30.60_76.20,30,30.72698668032787,76.32443413934426,77.77887972417085,CRITICAL,73.3,10595,5.92,80.97,30
25.15_77.00,25.15_77.00;25.20_77.00;25.15_76.95;25.15_76.90;25.25_76.95;25.20_76.95;25.30_76.85;25.20_76.90;25.25_77.00;25.15_76.85;25.35_76.85;25.25_76.90;25.35_76.95;25.25_76.85;25.35_76.80;25.20_76.85;25.30_76.95;25.30_76.75;25.25_76.80;25.30_76.90;25.35_77.00;25.15_76.80;25.30_76.80;25.35_76.90;25.15_76.75;25.35_76.75;25.20_76.80;25.25_76.75,28,25.174803661581137,77.02393742024965,77.76728439035598,CRITICAL,64.3,5593,7.6,97.47,30
27.35_83.50,27.35_83.50;27.45_83.55;27.30_83.65;27.30_83.70;27.35_83.60;27.35_83.70;27.40_83.55;27.35_83.55;27.40_83.50;27.40_83.60;27.50_83.55;27.30_83.55;27.45_83.60;27.35_83.65;27.30_83.60;27.45_83.50;27.45_83.65;27.45_83.70;27.40_83.65;27.30_83.50;27.40_83.70;27.50_83.50;27.35_83.75;27.30_83.75;27.40_83.75;27.50_83.65;27.50_83.60;27.50_83.70;27.55_83.50;27.45_83.75;27.50_83.75,31,27.376836250000004,83.52201954268293,77.76176379345152,CRITICAL,68.8,5779,5.11,111.01,30
29.85_76.30,29.85_76.30;29.75_76.20;29.90_76.35;29.90_76.45;29.95_76.20;29.90_76.20;29.95_76.25;29.90_76.40;29.80_76.30;29.85_76.20;29.85_76.25;29.95_76.45;29.85_76.35;29.90_76.25;29.95_76.30;29.90_76.30;29.80_76.20;29.95_76.35;29.85_76.40;29.75_76.25;29.80_76.25;29.80_76.40;29.75_76.40;29.75_76.35;29.85_76.45;29.80_76.35;29.75_76.30;29.75_76.45;29.95_76.40;29.80_76.45,30,29.87726124352332,76.32398227979274,77.73736717918901,CRITICAL,70.7,4935,6.41,126.25,30
28.30_79.95,28.30_79.95;28.15_79.75;28.25_79.95;28.35_79.95;28.15_79.90;28.20_79.95;28.25_79.90;28.35_79.90;28.30_79.90;28.20_79.90;28.15_79.95;28.10_79.95;28.10_79.90;28.15_79.85;28.10_79.80;28.10_79.85;28.20_79.80;28.15_79.80;28.30_79.75;28.30_79.85;28.30_79.80;28.10_79.75;28.35_79.85;28.35_79.80;28.20_79.85;28.25_79.85;28.25_79.80;28.25_79.75;28.20_79.75,29,28.326508262411345,79.97217145390071,77.73004049942074,CRITICAL,64.9,2308,3.89,101.85,30
28.50_81.95,28.50_81.95;28.55_81.95;28.45_82.00;28.45_81.95;28.50_82.00;28.45_81.90;28.60_81.90;28.55_82.10;28.40_82.05;28.35_82.05;28.45_82.05;28.60_81.95;28.60_82.10;28.50_82.05;28.55_81.90;28.50_81.90;28.55_82.05;28.60_82.05;28.55_82.00;28.60_82.00;28.50_82.10;28.40_82.10;28.40_81.95;28.45_82.10;28.40_81.90;28.35_81.90;28.35_81.95;28.40_82.00,28,28.52762151515152,81.97615168044076,77.72278699654498,CRITICAL,68.7,10092,4.1,112.52,30
29.00_81.00,29.00_81.00;29.05_80.80;29.15_81.05;29.10_81.05;29.05_81.05;28.90_81.05;29.00_81.05;29.10_81.00;29.00_80.90;29.05_81.00;28.90_80.80;29.00_80.85;28.95_81.00;28.95_80.85;29.15_81.00;29.15_80.80;29.15_80.90;29.15_80.85;29.05_80.85;28.90_81.00;28.95_80.80;28.95_81.05;28.95_80.95;29.00_80.80;28.95_80.90;28.90_80.95;29.00_80.95;29.10_80.90;29.10_80.80;29.05_80.90;29.05_80.95;29.15_80.95;28.90_80.85;28.90_80.90;29.10_80.95;29.10_80.85,36,29.0189350625,81.03010125,77.70354667054531,CRITICAL,62.5,8378,3.07,55.02,30
24.30_78.10,24.30_78.10;24.35_78.10;24.55_78.30;24.55_78.35;24.35_78.15;24.40_78.35;24.50_78.30;24.55_78.10;24.40_78.25;24.45_78.10;24.30_78.25;24.35_78.20;24.45_78.35;24.45_78.25;24.50_78.20;24.50_78.10;24.35_78.25;24.45_78.30;24.35_78.35;24.50_78.15;24.40_78.15;24.40_78.30;24.45_78.20;24.40_78.10;24.35_78.30;24.45_78.15;24.40_78.20;24.55_78.20;24.30_78.30;24.55_78.15;24.50_78.35;24.50_78.25;24.55_78.25;24.30_78.20,34,24.332351760299623,78.11421411985017,77.68775605903224,CRITICAL,66.3,3707,8.1,136.52,30
29.70_79.65,29.70_79.65;29.60_79.50;29.55_79.55;29.70_79.55;29.65_79.45;29.70_79.70;29.50_79.55;29.50_79.70;29.50_79.45;29.55_79.50;29.45_79.45;29.70_79.50;29.45_79.50;29.60_79.45;29.55_79.45;29.50_79.65;29.65_79.70;29.70_79.60;29.65_79.60;29.50_79.60;29.45_79.70;29.45_79.65;29.65_79.50;29.70_79.45;29.60_79.65;29.45_79.55;29.55_79.70;29.65_79.65;29.65_79.55;29.60_79.55;29.55_79.65;29.55_79.60;29.60_79.70;29.50_79.50;29.60_79.60;29.45_79.60,36,29.72882136752137,79.6709682905983,77.61783028788771,CRITICAL,71.2,7803,4.12,69.37,30
29.00_80.65,29.00_80.65;29.05_80.60;28.90_80.65;29.00_80.75;29.00_80.70;29.15_80.65;29.10_80.75;29.00_80.60;28.90_80.75;28.95_80.55;28.95_80.70;29.10_80.70;29.05_80.70;28.95_80.65;28.90_80.70;29.05_80.75;29.00_80.55;29.15_80.55;28.95_80.60;28.90_80.55;29.10_80.55;29.05_80.55;29.10_80.65;29.05_80.65;29.15_80.60;29.15_80.70;28.90_80.60;29.10_80.60;28.95_80.75;29.15_80.75,30,29.026342744565216,80.67478714673913,77.58758626904302,CRITICAL,66.4,9874,3.24,50.9,30
24.75_77.45,24.75_77.45;24.65_77.40;24.75_77.50;24.65_77.35;24.70_77.50;24.60_77.45;24.60_77.40;24.65_77.50;24.65_77.45;24.70_77.40;24.70_77.35;24.60_77.50;24.80_77.40;24.70_77.45;24.80_77.50;24.80_77.45;24.75_77.40;24.70_77.30;24.80_77.35;24.80_77.30;24.60_77.35;24.75_77.30;24.60_77.55;24.75_77.35;24.85_77.40;24.60_77.30;24.65_77.30,27,24.77636605863192,77.4771548534202,77.54375192417734,CRITICAL,67.1,3331,5.42,83.64,30
28.10_82.70,28.10_82.70;28.10_82.75;28.15_82.90;28.10_82.85;28.15_82.85;28.10_82.80;28.20_82.90;28.15_82.70;28.10_82.90;28.15_82.80;28.20_82.80;28.20_82.85;28.15_82.75;28.25_82.90;28.20_82.70;28.25_82.85;28.30_82.75;28.20_82.75;28.35_82.80;28.25_82.95;28.35_82.85;28.30_82.80;28.35_82.95;28.30_82.85;28.25_82.70,25,28.122748592964825,82.71952422110553,77.52847940126868,CRITICAL,38.7,1956,6.08,165.59,30
30.65_74.50,30.65_74.50;30.75_74.50;30.70_74.50;30.75_74.55;30.70_74.55;30.55_74.55;30.60_74.50;30.60_74.55;30.55_74.50;30.65_74.55,10,30.672561932059445,74.52276411889596,77.48880201136454,CRITICAL,74.1,4819,7.31,82.29,30
30.60_75.80,30.60_75.80;30.55_75.80;30.55_75.75;30.65_75.70;30.60_75.65;30.65_75.85;30.60_75.75;30.65_75.65;30.60_75.70;30.75_75.90;30.75_75.80;30.70_75.85;30.75_75.70;30.60_75.90;30.55_75.70;30.70_75.80;30.70_75.75;30.70_75.90;30.65_75.90;30.70_75.65;30.75_75.75;30.70_75.70;30.75_75.85;30.65_75.75;30.55_75.90;30.75_75.65;30.60_75.85;30.65_75.80;30.55_75.85,29,30.62500632541133,75.82458524680074,77.46816633855842,CRITICAL,74.1,13648,6.4,78.0,30
31.25_76.05,31.25_76.05;31.15_76.05;31.20_76.00;31.10_76.00;31.15_76.15;31.20_76.05;31.10_76.15;31.20_76.10;31.30_75.95;31.15_76.10;31.10_76.05;31.15_76.00;31.25_75.95;31.20_75.95;31.10_75.95;31.10_76.10;31.15_75.95;31.25_76.00;31.25_76.10;31.30_76.00;31.20_76.15;31.30_76.05;31.30_76.15;31.30_76.10;31.25_76.15,25,31.2661294375,76.0758116875,77.40804439711614,CRITICAL,69.8,4486,5.84,95.9,30
28.10_83.25,28.10_83.25;28.10_83.30;28.15_83.25;28.10_83.35;28.10_83.45;28.10_83.40;28.15_83.35;28.35_83.45;28.20_83.40;28.15_83.30;28.25_83.30;28.25_83.40;28.20_83.35;28.20_83.45;28.25_83.25;28.20_83.25;28.15_83.45;28.25_83.35;28.15_83.40;28.30_83.40;28.25_83.45;28.20_83.30;28.30_83.25;28.30_83.35;28.30_83.30;28.30_83.45,26,28.116176242774568,83.2734885549133,77.40620294214179,CRITICAL,41.4,1349,4.4,69.26,30
29.70_79.20,29.70_79.20;29.45_79.40;29.50_79.25;29.55_79.20;29.70_79.25;29.50_79.30;29.55_79.30;29.65_79.25;29.65_79.20;29.60_79.30;29.70_79.30;29.50_79.35;29.50_79.20;29.50_79.40;29.70_79.35;29.55_79.25;29.45_79.20;29.60_79.25;29.60_79.35;29.60_79.20;29.60_79.40;29.65_79.30;29.70_79.40;29.65_79.40;29.65_79.35;29.55_79.35;29.45_79.30;29.45_79.25;29.55_79.40;29.45_79.35,30,29.725498139534885,79.22710166666666,77.32168303931718,CRITICAL,71.3,7555,3.86,60.37,30
29.95_75.30,29.95_75.30;29.90_75.30;29.75_75.35;29.95_75.20;29.95_75.25;29.80_75.20;29.90_75.35;29.95_75.35;29.95_75.15;29.75_75.30;29.85_75.35;29.90_75.25;29.80_75.25;29.90_75.15;29.80_75.15;29.85_75.30;29.80_75.35;29.75_75.25;29.75_75.20;29.90_75.20;29.85_75.15;29.80_75.30;29.75_75.15;29.85_75.20;29.85_75.25,25,29.97713431818181,75.32538765151516,77.3212940725437,CRITICAL,72.5,8349,6.13,89.15,30
23.85_81.05,23.85_81.05;23.80_80.95;23.90_81.05;23.80_81.00;23.80_81.05;23.85_80.95;23.85_81.00;23.80_80.90;23.95_80.85;23.90_80.95;23.85_80.80;23.95_80.90;23.90_80.80;23.95_80.95;23.90_80.85;23.95_81.00;23.85_80.85;23.90_80.90;23.85_80.90;23.95_80.80;23.90_81.00;24.00_80.80;24.00_80.95;23.80_80.85;23.80_80.80;24.00_81.00;24.00_80.90;24.00_80.85,28,23.877699070904644,81.07258185819072,77.2877284891411,CRITICAL,62.7,2434,7.59,105.23,30
30.65_78.20,30.65_78.20;30.60_78.20;30.55_78.25;30.70_78.30;30.60_78.35;30.70_78.25;30.65_78.30;30.60_78.30;30.75_78.30;30.70_78.35;30.75_78.35;30.55_78.20;30.60_78.25;30.55_78.35;30.65_78.35;30.60_78.15;30.75_78.25;30.70_78.10;30.55_78.30;30.75_78.10;30.75_78.15;30.65_78.25;30.65_78.15;30.70_78.15;30.55_78.10;30.70_78.20;30.65_78.10;30.60_78.10;30.75_78.20;30.55_78.15,30,30.67900559055118,78.22768559055118,77.24657322924942,CRITICAL,68.0,5292,4.25,87.09,30
30.55_76.50,30.55_76.50;30.55_76.65;30.65_76.50;30.60_76.70;30.60_76.50;30.55_76.60;30.55_76.70;30.55_76.55;30.70_76.50;30.60_76.55;30.75_76.50;30.60_76.60;30.65_76.55;30.60_76.65;30.70_76.55;30.75_76.55;30.70_76.60;30.70_76.65;30.65_76.60;30.75_76.70;30.65_76.65;30.75_76.60;30.65_76.70;30.75_76.65;30.70_76.70,25,30.57804419203747,76.52377096018735,77.24493424312652,CRITICAL,68.5,3933,4.49,78.55,30
28.40_80.35,28.40_80.35;28.45_80.25;28.55_80.45;28.45_80.50;28.50_80.50;28.45_80.30;28.60_80.50;28.50_80.35;28.40_80.50;28.50_80.45;28.45_80.35;28.40_80.30;28.40_80.45;28.40_80.40;28.55_80.50;28.45_80.45;28.55_80.40;28.50_80.40;28.45_80.40;28.50_80.25;28.55_80.35;28.60_80.30;28.40_80.25;28.55_80.25;28.50_80.30;28.55_80.30;28.60_80.40;28.60_80.35;28.60_80.45,29,28.422747558139537,80.37577983720931,77.24027278548834,CRITICAL,70.4,4371,4.99,92.24,30
23.50_79.65,23.50_79.65;23.55_79.55;23.50_79.60;23.60_79.70;23.65_79.45;23.65_79.70;23.65_79.65;23.50_79.50;23.50_79.70;23.70_79.65;23.55_79.65;23.60_79.60;23.60_79.65;23.60_79.50;23.60_79.45;23.70_79.45;23.75_79.45;23.55_79.45;23.55_79.60;23.75_79.55;23.70_79.55;23.75_79.65;23.70_79.70;23.65_79.55;23.65_79.50;23.50_79.45;23.50_79.55;23.55_79.50;23.70_79.50;23.60_79.55;23.70_79.60;23.75_79.70;23.65_79.60;23.75_79.60,34,23.527532052238808,79.67590962686566,77.23679640633065,CRITICAL,63.7,2911,6.97,139.77,30
24.60_81.10,24.60_81.10;24.70_81.10;24.70_81.15;24.75_81.20;24.65_81.10;24.65_81.15;24.65_81.20;24.70_81.20;24.75_81.15;24.60_81.15;24.70_81.30;24.65_81.25;24.70_81.25;24.80_81.10;24.75_81.25;24.75_81.30;24.60_81.20;24.60_81.30;24.65_81.30;24.75_81.10;24.80_81.30;24.80_81.15;24.60_81.25;24.80_81.20;24.80_81.25,25,24.62115290909091,81.12772505454545,77.2272519224496,CRITICAL,66.7,2603,7.33,133.04,30
27.95_82.25,27.95_82.25;27.90_82.35;27.95_82.20;27.90_82.15;27.95_82.40;28.00_82.15;28.00_82.20;27.85_82.20;27.90_82.40;27.95_82.15;27.95_82.30;27.85_82.15;27.95_82.35;27.90_82.30;27.85_82.25;28.05_82.15;28.00_82.25;27.85_82.30;27.90_82.20;27.90_82.25;27.85_82.40;28.00_82.30;27.85_82.35;28.05_82.20;28.00_82.40;28.05_82.35;28.05_82.30;28.00_82.35;28.05_82.25,29,27.977010282574568,82.27349893249608,77.18862346088629,CRITICAL,59.7,8964,3.88,46.88,30
23.65_75.70,23.65_75.70;23.60_75.90;23.50_75.90;23.50_75.85;23.60_75.75;23.75_75.80;23.70_75.70;23.55_75.85;23.70_75.80;23.75_75.75;23.60_75.70;23.75_75.85;23.55_75.75;23.60_75.85;23.60_75.80;23.55_75.90;23.65_75.90;23.70_75.75;23.50_75.80;23.75_75.70;23.55_75.70;23.70_75.90;23.70_75.85;23.65_75.75;23.50_75.70;23.55_75.65;23.65_75.80;23.55_75.80;23.50_75.75;23.65_75.85;23.75_75.90,31,23.676763834586467,75.72061165413534,77.18050206967513,CRITICAL,69.7,3826,6.96,211.14,30
26.40_83.80,26.40_83.80;26.45_83.85;26.30_83.80;26.40_83.95;26.20_83.85;26.30_83.85;26.40_83.85;26.45_83.95;26.40_83.90;26.25_83.80;26.45_83.80;26.45_83.90;26.25_83.85;26.35_83.80;26.35_83.95;26.20_84.00;26.30_83.95;26.20_83.80;26.20_83.95;26.35_83.85;26.20_83.90;26.35_84.00;26.30_84.00;26.40_84.00;26.35_83.90;26.45_84.00;26.25_83.90;26.25_83.95;26.30_83.90;26.25_84.00,30,26.426362310606063,83.82490454545454,77.17509479816762,CRITICAL,68.8,5327,6.49,122.3,30
28.95_82.70,28.95_82.70;28.90_82.85;28.90_82.90;28.90_82.75;28.90_82.80;29.00_82.75;28.90_82.95;29.00_82.90;29.00_82.70;29.05_82.75;28.90_82.70;28.95_82.90;28.95_82.75;29.05_82.80;29.05_82.95;29.05_82.85;29.00_82.80;28.95_82.85;29.00_82.95;29.00_82.85;29.05_82.70;29.15_82.80;28.95_82.80;29.05_82.90;29.15_82.90;29.10_82.90;29.10_82.85;29.10_82.80;29.15_82.85,29,28.97106945054945,82.72886302197803,77.16677721047685,CRITICAL,47.7,1076,11.17,626.11,30
30.90_78.65,30.90_78.65;30.85_78.65;30.95_78.65;31.00_78.65;31.05_78.75;31.05_78.70;30.80_78.65;31.00_78.85;31.05_78.80;30.80_78.70;30.95_78.70;31.00_78.90;30.80_78.75;30.90_78.70;31.00_78.70;31.00_78.75;30.85_78.70;31.05_78.65,18,30.919494344827587,78.67465593103448,77.14919275306715,CRITICAL,31.9,537,8.28,111.83,30
30.05_76.85,30.05_76.85;30.00_76.80;30.05_76.90;30.05_77.00;30.10_76.75;30.20_76.85;30.10_76.85;30.20_76.80;30.20_76.75;30.20_76.90;30.05_76.95;30.15_76.90;30.00_76.85;30.10_76.80;30.15_77.00;30.15_76.85;30.05_76.75;30.20_77.00;30.15_76.80;30.00_76.75;30.00_76.90;30.10_76.95;30.00_77.00;30.15_76.75;30.00_76.95;30.05_76.80;30.20_76.95;30.15_76.95;30.10_76.90,29,30.07956381578948,76.87764493421052,77.14464432837218,CRITICAL,69.1,3605,4.46,140.7,30
29.65_75.25,29.65_75.25;29.65_75.30;29.70_75.25;29.60_75.15;29.65_75.20;29.70_75.30;29.65_75.15;29.70_75.35;29.60_75.30;29.60_75.25;29.70_75.20;29.60_75.20;29.55_75.25;29.55_75.20;29.65_75.35;29.50_75.30;29.50_75.20;29.50_75.25;29.55_75.30;29.55_75.15;29.70_75.15;29.50_75.15;29.55_75.35;29.50_75.35;29.60_75.35;29.45_75.25;29.45_75.20;29.45_75.30;29.45_75.35;29.45_75.15,30,29.67743756435644,75.27346667326732,77.07000832532601,CRITICAL,71.0,7136,5.98,122.46,30
24.80_81.85,24.80_81.85;24.60_81.60;24.80_81.80;24.75_81.80;24.65_81.65;24.80_81.70;24.65_81.60;24.70_81.75;24.70_81.60;24.75_81.60;24.80_81.65;24.65_81.80;24.60_81.70;24.70_81.65;24.80_81.75;24.60_81.65;24.65_81.70;24.75_81.75;24.70_81.85;24.70_81.80;24.60_81.85;24.60_81.80;24.75_81.65;24.65_81.75;24.60_81.75;24.70_81.70;24.75_81.85;24.75_81.70;24.65_81.85,29,24.83369111587983,81.87781115879828,77.03846876891711,CRITICAL,38.7,611,4.82,133.03,30
29.50_74.55,29.50_74.55;29.55_74.50;29.55_74.55;29.50_74.50;29.60_74.50;29.60_74.55;29.45_74.50;29.45_74.55;29.65_74.55;29.65_74.50;29.70_74.55;29.70_74.50,12,29.529391583011584,74.57662335907337,77.01712118702366,CRITICAL,68.7,3230,6.73,98.89,30
30.75_78.00,30.75_78.00;30.60_78.00;30.75_77.85;30.65_77.85;30.75_77.95;30.75_78.05;30.55_77.95;30.75_77.90;30.55_78.00;30.65_78.05;30.65_77.95;30.65_78.00;30.70_78.05;30.55_77.90;30.60_77.90;30.60_78.05;30.65_77.90;30.80_77.95;30.60_77.95;30.70_77.90;30.70_77.85;30.70_77.95;30.60_77.85;30.70_78.00;30.55_78.05;30.55_77.85,26,30.78433327272728,78.0282756969697,76.98180173926477,CRITICAL,62.5,2019,4.83,69.01,30
24.75_76.25,24.75_76.25;24.75_76.20;24.80_76.30;24.80_76.25;24.70_76.25;24.70_76.20;24.80_76.20;24.60_76.35;24.60_76.25;24.60_76.30;24.65_76.30;24.65_76.35;24.65_76.40;24.80_76.35;24.75_76.35;24.60_76.40;24.65_76.25;24.70_76.30;24.80_76.40;24.60_76.45;24.75_76.30;24.70_76.35;24.70_76.40;24.65_76.45;24.60_76.20;24.65_76.20;24.75_76.40,27,24.77692795031056,76.27224288819875,76.9744469729255,CRITICAL,61.4,2814,6.95,115.66,30
27.55_83.10,27.55_83.10;27.75_82.95;27.80_83.05;27.70_82.95;27.80_82.95;27.60_83.20;27.60_83.15;27.65_83.20;27.80_83.10;27.70_83.15;27.75_83.05;27.55_83.00;27.75_83.10;27.55_83.05;27.55_83.15;27.75_83.00;27.60_83.05;27.75_83.15;27.75_83.20;27.80_83.00;27.55_83.20;27.80_83.15;27.60_83.10;27.80_83.20;27.60_83.00;27.70_83.00;27.70_83.05;27.70_83.20;27.65_83.05;27.70_83.10;27.65_83.00;27.65_83.10;27.65_83.15,33,27.571625220338984,83.12213454237288,76.95626401041574,CRITICAL,63.5,6110,3.98,93.99,30
25.35_78.30,25.35_78.30;25.25_78.35;25.25_78.30;25.30_78.30;25.30_78.35;25.20_78.30;25.35_78.25;25.35_78.20;25.30_78.25;25.35_78.15;25.35_78.10;25.20_78.25;25.30_78.20;25.30_78.15;25.25_78.20;25.25_78.15;25.35_78.35;25.15_78.30;25.30_78.10;25.25_78.25;25.20_78.10;25.15_78.15;25.25_78.10;25.15_78.25;25.10_78.30;25.20_78.20;25.15_78.20,27,25.363491037735848,78.31001023584906,76.95007996891351,CRITICAL,41.1,1622,7.55,150.46,30
23.60_80.60,23.60_80.60;23.65_80.75;23.65_80.70;23.60_80.70;23.50_80.70;23.65_80.55;23.55_80.55;23.55_80.60;23.55_80.65;23.50_80.60;23.75_80.55;23.60_80.65;23.70_80.75;23.50_80.65;23.70_80.55;23.50_80.55;23.60_80.55;23.50_80.75;23.55_80.70;23.70_80.60;23.65_80.65;23.75_80.60;23.65_80.60;23.60_80.75;23.70_80.70;23.75_80.65;23.70_80.65;23.55_80.75;23.75_80.70;23.75_80.75,30,23.62894863874345,80.61851418848168,76.93651781406092,CRITICAL,64.7,2992,6.42,97.31,30
24.85_81.25,24.85_81.25;24.95_81.20;24.90_81.15;24.95_81.15;24.90_81.20;24.85_81.15;25.00_81.20;24.90_81.10;24.95_81.25;24.90_81.25;25.05_81.25;24.85_81.30;24.95_81.30;24.85_81.10;25.10_81.25;25.05_81.15;25.00_81.10;24.95_81.10;25.00_81.25;24.85_81.20;25.05_81.20;24.90_81.30;25.00_81.15;25.05_81.30;25.10_81.30;25.05_81.10;25.10_81.10;25.10_81.20;25.10_81.15;25.00_81.30,30,24.88288149122808,81.27825084795322,76.92159167643274,CRITICAL,59.9,5832,9.1,171.47,30
30.15_76.25,30.15_76.25;30.20_76.20;30.15_76.30;30.15_76.20;30.20_76.30;30.05_76.40;30.15_76.35;30.20_76.40;30.20_76.25;30.10_76.20;30.20_76.45;30.05_76.20;30.10_76.25;30.20_76.35;30.10_76.30;30.15_76.40;30.10_76.35;30.00_76.35;30.05_76.45;30.10_76.45;30.00_76.20;30.05_76.25;30.15_76.45;30.00_76.40;30.00_76.25;30.05_76.30;30.00_76.30;30.10_76.40;30.05_76.35;30.00_76.45,30,30.17615988505747,76.27557512643679,76.9020185186599,CRITICAL,71.8,8869,6.07,75.55,30
27.90_82.45,27.90_82.45;27.90_82.50;27.85_82.55;27.85_82.60;28.00_82.65;27.95_82.45;27.90_82.60;27.95_82.55;28.00_82.50;27.85_82.65;27.90_82.55;27.95_82.50;28.05_82.65;28.00_82.55;28.05_82.60;27.95_82.60;27.85_82.50;27.85_82.45;28.00_82.60;27.90_82.65;27.95_82.65;28.05_82.45;28.05_82.55;28.10_82.45;28.05_82.40;28.00_82.45,26,27.92327981818182,82.4739896909091,76.87799622650007,CRITICAL,59.2,6597,3.33,67.45,30
29.70_81.70,29.70_81.70;29.65_81.85;29.50_81.65;29.65_81.65;29.50_81.70;29.55_81.80;29.60_81.75;29.60_81.70;29.60_81.65;29.70_81.75;29.60_81.80;29.50_81.75;29.65_81.60;29.70_81.80;29.65_81.70;29.70_81.65;29.55_81.75;29.50_81.80;29.70_81.85;29.55_81.85;29.55_81.70;29.55_81.65;29.50_81.85;29.45_81.70;29.50_81.60;29.60_81.60;29.60_81.85;29.45_81.75;29.45_81.65;29.65_81.80;29.65_81.75;29.45_81.80,32,29.729110873786407,81.72532669902913,76.87245182114559,CRITICAL,62.9,1919,5.3,108.04,30
28.15_81.15,28.15_81.15;28.30_81.10;28.35_81.10;28.20_81.15;28.25_81.15;28.20_81.20;28.15_81.25;28.15_81.20;28.15_81.10;28.35_81.30;28.10_81.10;28.30_81.20;28.10_81.20;28.30_81.25;28.35_81.25;28.10_81.25;28.25_81.20;28.35_81.15;28.10_81.15;28.30_81.30;28.30_81.15;28.10_81.30;28.25_81.25;28.15_81.30;28.25_81.10;28.25_81.30;28.20_81.30;28.20_81.25;28.20_81.10,29,28.173624569536425,81.17456644591611,76.86528190308199,CRITICAL,63.5,2931,6.12,115.64,30
28.85_81.15,28.85_81.15;28.75_81.25;28.65_81.20;28.70_81.30;28.65_81.30;28.75_81.10;28.65_81.15;28.80_81.10;28.80_81.25;28.70_81.20;28.65_81.25;28.75_81.15;28.70_81.25;28.85_81.25;28.70_81.15;28.65_81.10;28.75_81.30;28.85_81.30;28.90_81.30;28.70_81.10;28.80_81.20;28.80_81.15;28.80_81.30;28.90_81.20;28.75_81.20;28.85_81.10;28.85_81.20,27,28.87115503464203,81.1770054965358,76.85852741483687,CRITICAL,69.2,8592,3.13,56.44,30
26.50_78.40,26.50_78.40;26.50_78.60;26.55_78.60;26.70_78.55;26.55_78.40;26.55_78.50;26.55_78.55;26.55_78.45;26.50_78.45;26.70_78.60;26.50_78.50;26.50_78.55;26.60_78.55;26.60_78.60;26.60_78.50;26.60_78.40;26.65_78.40;26.65_78.50;26.65_78.60;26.70_78.40;26.55_78.35;26.70_78.50;26.65_78.45;26.65_78.55;26.70_78.45;26.60_78.45,26,26.517413125,78.4239679076087,76.85670488576099,CRITICAL,42.3,952,5.92,83.27,30
24.55_77.65,24.55_77.65;24.50_77.55;24.40_77.55;24.50_77.60;24.55_77.80;24.35_77.55;24.50_77.70;24.45_77.70;24.35_77.60;24.50_77.65;24.50_77.80;24.45_77.80;24.45_77.75;24.55_77.55;24.45_77.55;24.40_77.70;24.45_77.65;24.55_77.75;24.35_77.65;24.30_77.70;24.55_77.60;24.50_77.75;24.40_77.65;24.45_77.60;24.55_77.70;24.40_77.60;24.40_77.80;24.35_77.70;24.35_77.75;24.40_77.75;24.35_77.80,31,24.568493052631577,77.67310484210526,76.81741848671618,CRITICAL,66.5,3108,5.56,117.27,30
26.50_83.90,26.50_83.90;26.70_83.80;26.60_83.80;26.55_83.80;26.60_83.95;26.55_83.90;26.65_83.80;26.55_83.95;26.50_83.80;26.70_84.00;26.65_84.00;26.50_83.95;26.55_83.85;26.60_84.00;26.60_83.90;26.50_83.85;26.65_83.90;26.65_83.95;26.65_83.85;26.55_84.00;26.60_83.85;26.50_84.00;26.70_83.90;26.70_83.95;26.70_83.85,25,26.523508646864688,83.92764481848184,76.81299582705215,CRITICAL,67.1,2629,4.84,95.7,30
23.95_78.90,23.95_78.90;23.90_78.90;23.90_79.10;23.95_78.95;23.85_78.90;24.00_79.15;23.95_79.10;23.90_79.15;23.80_79.15;23.80_79.10;23.95_79.15;23.90_78.95;23.85_78.95;23.95_79.00;24.00_78.95;23.90_79.05;24.00_78.90;23.85_79.10;24.00_79.10;23.80_79.05;23.85_79.00;24.00_79.05;23.95_79.05;23.90_79.00;23.80_78.95;23.80_79.00;23.85_79.05;23.85_79.15;24.00_79.00,29,23.967799386503067,78.92621883435582,76.80380039363463,CRITICAL,66.2,2843,5.77,103.67,30
29.35_79.40,29.35_79.40;29.20_79.20;29.25_79.30;29.20_79.40;29.20_79.30;29.25_79.25;29.20_79.25;29.25_79.20;29.30_79.40;29.30_79.25;29.30_79.20;29.40_79.25;29.40_79.30;29.30_79.35;29.40_79.20;29.25_79.40;29.30_79.30;29.40_79.35;29.40_79.40;29.35_79.20;29.25_79.35;29.35_79.25;29.35_79.30;29.35_79.35;29.20_79.35,25,29.36815766467065,79.42375185628742,76.78127389541459,CRITICAL,63.4,2994,4.34,137.7,30
28.50_80.15,28.50_80.15;28.55_80.10;28.60_80.25;28.55_80.05;28.55_80.15;28.45_80.00;28.60_80.05;28.40_80.05;28.50_80.05;28.60_80.10;28.55_80.00;28.40_80.20;28.45_80.05;28.50_80.20;28.45_80.10;28.40_80.00;28.60_80.15;28.50_80.00;28.60_80.00;28.40_80.10;28.50_80.10;28.40_80.15;28.60_80.20;28.45_80.20;28.45_80.15;28.55_80.20,26,28.532578287671235,80.17266520547945,76.75862525528605,CRITICAL,70.1,3819,5.41,138.3,30
23.85_74.60,23.85_74.60;24.00_74.80;23.80_74.60;24.00_74.60;23.90_74.60;23.95_74.60;23.85_74.75;23.85_74.65;23.80_74.75;23.90_74.65;23.75_74.70;23.90_74.80;23.85_74.80;23.95_74.80;23.95_74.65;23.80_74.70;23.80_74.65;24.00_74.70;23.95_74.75;23.85_74.70;23.80_74.80;23.90_74.75;23.90_74.70;24.00_74.65;24.00_74.75;23.95_74.70,26,23.87687549019608,74.62216277310924,76.74594902303768,CRITICAL,52.9,1646,5.69,119.71,30
27.25_84.15,27.25_84.15;27.25_84.10;27.05_84.10;27.25_84.25;27.20_84.20;27.15_84.15;27.00_84.10;27.00_84.05;27.20_84.25;27.10_84.10;27.05_84.15;27.25_84.20;27.20_84.30;27.15_84.25;27.20_84.15;27.10_84.25;27.15_84.10;27.05_84.05;27.20_84.05;27.15_84.20;27.25_84.05;27.15_84.05;27.10_84.20;27.05_84.20;27.10_84.15;27.05_84.30;27.05_84.25;27.20_84.10;27.00_84.25;27.10_84.05,30,27.282149019607846,84.17314705882353,76.68736688600198,CRITICAL,66.4,2494,3.95,88.11,30
28.60_77.45,28.60_77.45;28.40_77.50;28.45_77.45;28.40_77.40;28.40_77.45;28.35_77.50;28.50_77.45;28.45_77.35;28.55_77.55;28.45_77.40;28.40_77.35;28.55_77.30;28.55_77.50;28.60_77.40;28.50_77.40;28.60_77.35;28.50_77.30;28.60_77.30;28.45_77.30;28.55_77.35;28.50_77.50;28.50_77.35;28.45_77.50;28.40_77.30;28.55_77.45;28.60_77.50;28.55_77.40,27,28.62065062992126,77.47280366141733,76.66721120046446,CRITICAL,58.7,1401,5.04,62.64,30
29.50_75.05,29.50_75.05;29.50_75.10;29.60_75.10;29.55_74.90;29.45_74.90;29.55_75.10;29.45_74.85;29.50_74.90;29.55_74.95;29.45_74.95;29.50_74.95;29.50_74.85;29.65_75.10;29.45_75.00;29.60_75.05;29.55_75.05;29.60_75.00;29.55_74.85;29.65_75.05;29.65_74.95;29.55_75.00;29.60_74.95;29.70_75.10;29.60_74.90;29.70_74.95;29.65_74.90;29.65_75.00;29.50_75.00;29.60_74.85;29.45_75.05;29.45_75.10;29.70_74.90;29.70_74.85;29.65_74.85,34,29.52017352272728,75.07972261363636,76.65169361180436,CRITICAL,67.2,3342,4.95,80.09,30
25.10_77.60,25.10_77.60;25.10_77.65;25.00_77.55;24.95_77.75;24.95_77.80;24.95_77.70;25.05_77.60;24.90_77.80;24.85_77.55;24.85_77.80;24.85_77.65;24.85_77.60;25.00_77.65;25.10_77.55;24.95_77.60;24.85_77.75;24.90_77.70;24.90_77.65;25.00_77.70;24.85_77.70;25.10_77.80;24.90_77.60;24.90_77.75;25.05_77.65;25.05_77.70;25.10_77.70;25.00_77.75;24.90_77.55;25.00_77.60;25.00_77.80;24.95_77.65;24.95_77.55;25.05_77.80;25.05_77.75;25.10_77.75;25.05_77.55,36,25.125522950819672,77.62828032786885,76.64261974743764,CRITICAL,68.0,4349,5.49,101.55,30
23.80_78.45,23.80_78.45;23.95_78.60;24.00_78.45;23.80_78.60;23.80_78.50;23.90_78.60;23.90_78.40;23.80_78.40;23.95_78.50;23.85_78.50;23.95_78.45;23.85_78.55;23.85_78.35;24.00_78.50;23.90_78.50;23.85_78.40;23.95_78.40;23.80_78.55;24.00_78.60;23.90_78.35;23.90_78.45;23.90_78.55;24.00_78.40;23.85_78.45;23.95_78.55;24.00_78.55;23.85_78.60,27,23.82602447058824,78.47166655882353,76.6421893019515,CRITICAL,68.8,3834,5.53,111.03,30
23.90_74.55,23.90_74.55;23.95_74.50;23.95_74.55;24.00_74.50;23.85_74.55;24.00_74.55;23.90_74.50;23.80_74.55;23.80_74.50;23.85_74.50,10,23.92553507317073,74.5737636097561,76.62134010995565,CRITICAL,68.6,2190,5.96,64.58,30
27.70_83.35,27.70_83.35;27.70_83.45;27.70_83.30;27.65_83.45;27.70_83.25;27.55_83.25;27.70_83.40;27.60_83.45;27.75_83.45;27.75_83.30;27.75_83.25;27.75_83.35;27.65_83.40;27.75_83.40;27.80_83.35;27.60_83.35;27.65_83.25;27.65_83.35;27.60_83.40;27.80_83.40;27.80_83.45;27.80_83.25;27.80_83.30;27.55_83.30;27.60_83.25;27.60_83.30;27.55_83.40;27.65_83.30,28,27.72120590361446,83.37513067125646,76.59475469399953,CRITICAL,57.7,3954,2.88,41.36,30
26.50_84.50,26.50_84.50;26.60_84.40;26.65_84.40;26.55_84.45;26.50_84.45;26.60_84.45;26.70_84.30;26.70_84.35;26.55_84.50;26.55_84.40;26.70_84.50;26.70_84.55;26.65_84.35;26.60_84.35;26.60_84.50;26.50_84.55;26.45_84.50;26.65_84.30;26.70_84.40;26.60_84.55;26.65_84.55;26.65_84.50;26.55_84.35;26.70_84.45;26.55_84.55;26.50_84.35;26.50_84.40;26.65_84.45,28,26.521054450402147,84.52103833780161,76.56442599326587,CRITICAL,55.4,2704,4.79,129.0,30
27.40_82.30,27.40_82.30;27.40_82.20;27.40_82.25;27.35_82.30;27.35_82.35;27.40_82.15;27.30_82.40;27.45_82.30;27.40_82.40;27.30_82.35;27.35_82.40;27.45_82.25;27.45_82.40;27.30_82.15;27.45_82.15;27.40_82.35;27.35_82.25;27.45_82.20;27.30_82.30;27.50_82.25;27.45_82.35;27.50_82.30;27.30_82.20;27.35_82.20;27.50_82.20;27.30_82.25;27.50_82.15;27.35_82.15;27.50_82.35;27.50_82.40;27.55_82.15,31,27.41662265060241,82.32384903614458,76.50008708451102,CRITICAL,57.8,1111,3.64,104.67,30
23.55_75.60,23.55_75.60;23.65_75.60;23.60_75.65;23.50_75.60;23.65_75.65;23.60_75.60;23.60_75.55;23.55_75.55;23.65_75.50;23.50_75.40;23.65_75.55;23.70_75.60;23.55_75.50;23.75_75.55;23.75_75.45;23.70_75.65;23.60_75.45;23.50_75.45;23.75_75.60;23.55_75.40;23.70_75.45;23.75_75.65;23.55_75.45;23.75_75.50;23.50_75.65;23.70_75.50;23.70_75.55;23.50_75.55;23.70_75.40;23.65_75.40;23.60_75.50;23.50_75.50;23.65_75.45;23.75_75.40;23.60_75.40,35,23.580457524752475,75.62416805280529,76.4585386391437,CRITICAL,67.9,3933,5.87,93.16,30
31.45_75.40,31.45_75.40;31.45_75.60;31.45_75.55;31.45_75.65;31.40_75.50;31.45_75.50;31.45_75.45;31.40_75.40;31.40_75.55;31.35_75.45;31.40_75.60;31.40_75.65;31.40_75.45;31.35_75.60;31.35_75.50;31.35_75.40;31.35_75.55,17,31.478828387650086,75.42404902229846,76.4286331906307,CRITICAL,70.6,3790,5.12,72.03,30
26.85_84.25,26.85_84.25;26.80_84.25;26.75_84.25;26.90_84.20;26.95_84.20;27.00_84.15;26.85_84.20;26.80_84.30;26.95_84.15;26.90_84.25;26.95_84.10;26.80_84.05;26.95_84.30;27.00_84.20;26.90_84.15;26.95_84.05;27.00_84.30;26.85_84.05;26.90_84.10;26.85_84.30;26.85_84.15;26.95_84.25;26.90_84.05;26.90_84.30;26.85_84.10;26.80_84.15;26.80_84.10;26.80_84.20;26.75_84.05;26.75_84.15;26.75_84.20;26.75_84.10,32,26.867993620689656,84.2707427586207,76.41642189148509,CRITICAL,56.8,2276,4.1,110.5,30
24.75_84.10,24.75_84.10;24.75_84.25;24.70_84.05;24.70_84.25;24.75_84.05;24.75_84.15;24.70_84.10;24.75_84.30;24.80_84.05;24.80_84.15;24.80_84.30;24.70_84.15;24.80_84.25;24.75_84.20;24.65_84.15;24.70_84.20;24.80_84.10;24.60_84.15;24.80_84.20;24.65_84.05;24.60_84.05;24.70_84.30;24.65_84.25;24.60_84.10;24.60_84.25;24.65_84.10;24.65_84.20;24.60_84.20,28,24.7708733968254,84.12395301587301,76.33505244649122,CRITICAL,60.4,2665,5.19,102.3,30
27.45_81.35,27.45_81.35;27.40_81.40;27.40_81.35;27.35_81.40;27.35_81.35;27.30_81.45;27.45_81.45;27.35_81.55;27.40_81.55;27.35_81.45;27.50_81.50;27.30_81.35;27.40_81.45;27.30_81.40;27.45_81.50;27.40_81.50;27.30_81.50;27.55_81.55;27.50_81.35;27.50_81.40;27.35_81.50;27.30_81.55;27.45_81.55;27.50_81.60;27.50_81.45;27.35_81.60;27.45_81.40;27.50_81.55,28,27.470869583333336,81.36464613095238,76.28117118810862,CRITICAL,55.8,1126,4.84,204.94,30
25.05_80.70,25.05_80.70;24.85_80.60;24.90_80.55;25.05_80.75;24.85_80.65;24.90_80.70;24.95_80.60;24.90_80.60;24.85_80.75;24.90_80.75;24.95_80.70;25.00_80.55;24.90_80.65;24.95_80.55;24.85_80.70;24.85_80.55;25.00_80.75;25.10_80.65;25.10_80.70;25.00_80.70;24.95_80.75;25.05_80.65;25.00_80.60;24.95_80.65;25.10_80.75;25.05_80.50;25.05_80.55;25.05_80.60;25.00_80.65;25.10_80.60;25.10_80.55,31,25.07541681355932,80.72805813559323,76.2715364848566,CRITICAL,55.4,3520,8.0,106.15,30
25.85_76.75,25.85_76.75;25.90_76.80;25.80_76.75;25.75_76.90;25.90_76.75;25.85_76.80;25.80_76.90;25.65_77.00;25.75_76.85;25.90_76.85;25.80_76.80;25.65_76.95;25.80_76.95;25.70_77.00;25.70_76.95;25.70_76.85;25.75_76.95;25.85_76.90;25.70_76.90;25.85_76.85;25.90_76.90;25.85_76.95;25.75_76.80;25.90_77.00;25.75_76.75;25.70_76.75;25.70_76.80;25.80_76.85,28,25.87153945564516,76.7759860483871,76.25829658830811,CRITICAL,44.3,2171,6.08,64.51,30
25.85_83.95,25.85_83.95;25.80_83.80;25.70_83.95;25.80_83.95;25.90_83.95;25.85_83.90;25.90_83.90;25.65_83.95;25.90_83.80;25.80_83.75;25.85_83.80;25.80_84.00;25.75_84.00;25.90_83.85;25.80_83.90;25.85_83.85;25.75_83.95;25.85_84.00;25.75_83.85;25.75_83.90;25.80_83.85;25.75_83.80;25.90_84.00;25.75_83.75;25.70_83.80;25.70_83.85;25.70_83.90;25.70_84.00,28,25.87187478723404,83.9665639361702,76.2559273413081,CRITICAL,66.7,2317,4.75,132.9,30
29.05_76.70,29.05_76.70;29.10_76.50;29.15_76.55;28.95_76.50;28.95_76.65;29.05_76.60;29.00_76.70;29.10_76.55;28.95_76.60;29.15_76.65;29.05_76.65;29.00_76.55;29.05_76.50;29.00_76.50;29.15_76.50;29.05_76.55;28.90_76.65;28.90_76.50;29.00_76.65;29.00_76.60;28.95_76.70;29.10_76.60;29.15_76.60;28.90_76.70;28.95_76.55;29.15_76.70;29.10_76.70;29.10_76.65;28.90_76.55;28.90_76.60,30,29.07571433673469,76.72768882653061,76.22539232890949,CRITICAL,69.7,5139,5.87,99.61,30
29.10_81.15,29.10_81.15;29.15_81.20;29.05_81.15;28.90_81.15;29.05_81.10;29.10_81.10;28.95_81.30;29.15_81.10;29.00_81.10;29.15_81.25;28.95_81.10;29.00_81.20;28.90_81.10;29.05_81.25;29.00_81.15;29.05_81.20;29.10_81.20;28.95_81.15;29.15_81.15;28.90_81.25;29.00_81.30;29.00_81.25;29.15_81.30;29.10_81.25;28.95_81.25;29.10_81.30;29.05_81.30;28.95_81.20,28,29.12478052816901,81.17594260563381,76.19948858546594,CRITICAL,66.1,7890,3.12,82.55,30
29.65_75.70,29.65_75.70;29.60_75.90;29.65_75.85;29.70_75.75;29.70_75.90;29.70_75.70;29.60_75.70;29.70_75.80;29.65_75.75;29.65_75.80;29.65_75.90;29.60_75.85;29.60_75.80;29.60_75.75;29.55_75.70;29.65_75.65;29.50_75.80;29.45_75.70;29.55_75.90;29.50_75.75;29.55_75.85;29.50_75.70;29.45_75.80;29.55_75.80;29.55_75.65;29.50_75.90;29.45_75.75;29.55_75.75;29.50_75.65;29.50_75.85;29.45_75.65;29.45_75.90;29.45_75.85,33,29.67629866873065,75.72384755417956,76.1992666957096,CRITICAL,70.8,7082,6.08,111.64,30
27.50_83.95,27.50_83.95;27.50_83.85;27.45_83.85;27.50_83.80;27.40_84.00;27.30_83.90;27.30_83.80;27.40_83.85;27.40_83.95;27.35_83.85;27.45_83.90;27.50_83.90;27.35_84.00;27.35_83.80;27.40_83.80;27.30_83.85;27.35_83.90;27.35_83.95;27.30_83.95;27.45_83.80;27.30_84.00;27.40_83.90;27.45_83.95;27.50_84.00;27.45_84.00,25,27.523792004716984,83.97248073113208,76.10494986820741,CRITICAL,65.9,5709,3.62,75.09,30
24.30_74.55,24.30_74.55;24.30_74.50;24.50_74.50;24.35_74.50;24.55_74.50;24.35_74.55;24.45_74.50;24.50_74.55;24.45_74.55;24.55_74.55;24.40_74.50;24.40_74.55,12,24.32792131455399,74.57551558685446,76.08435192854513,CRITICAL,52.8,773,7.15,93.4,30
30.00_80.55,30.00_80.55;30.00_80.70;30.05_80.55;30.10_80.60;30.05_80.60;30.05_80.75;30.00_80.60;30.00_80.75;30.00_80.65;30.05_80.70;30.05_80.65;30.10_80.55;30.05_80.80;30.10_80.65;30.10_80.75,15,30.026254075630256,80.57345361344538,76.08394982467566,CRITICAL,54.7,1224,6.55,64.46,30
23.90_78.80,23.90_78.80;23.85_78.85;23.90_78.85;23.80_78.85;23.95_78.65;23.95_78.85;24.00_78.75;23.90_78.65;23.80_78.90;23.95_78.75;24.00_78.70;23.85_78.65;23.80_78.65;24.00_78.65;24.00_78.85;23.95_78.80;23.80_78.80;24.00_78.80;23.95_78.70;23.75_78.65;23.85_78.80;23.80_78.70;23.90_78.75;23.90_78.70;23.85_78.75;23.85_78.70;23.80_78.75;23.75_78.75,28,23.92707561904762,78.83139914285714,76.06057687206001,CRITICAL,62.1,2112,6.44,137.76,30
29.95_74.55,29.95_74.55;29.90_74.55;29.95_74.50;29.90_74.50;29.85_74.55;29.85_74.50;29.80_74.50;29.80_74.55;29.75_74.55;29.75_74.50,10,29.976233714902808,74.57482187904967,75.99930877821393,CRITICAL,59.4,1515,6.2,85.8,30
29.25_76.80,29.25_76.80;29.40_76.85;29.20_76.90;29.30_76.75;29.35_76.85;29.35_76.80;29.30_76.80;29.25_76.85;29.40_76.90;29.25_76.75;29.40_76.75;29.30_76.85;29.30_76.90;29.40_76.80;29.20_76.75;29.25_76.95;29.25_76.90;29.20_76.80;29.35_76.95;29.35_76.75;29.30_77.00;29.25_77.00;29.20_76.85;29.20_76.95;29.35_76.90;29.30_76.95;29.40_76.95,27,29.27534925490196,76.82705325490197,75.97632837103508,CRITICAL,70.5,4725,5.21,71.66,30
29.95_80.60,29.95_80.60;29.95_80.65;29.95_80.70;29.90_80.70;29.95_80.55;29.80_80.60;29.85_80.60;29.80_80.75;29.75_80.55;29.80_80.55;29.90_80.55;29.85_80.55;29.80_80.65;29.75_80.75;29.75_80.65;29.75_80.60;29.80_80.70;29.85_80.70;29.85_80.65;29.75_80.70;29.90_80.65;29.85_80.75;29.90_80.60;29.95_80.75;29.90_80.75,25,29.972492424242425,80.62684727272726,75.95951459197032,CRITICAL,52.2,1145,6.85,204.29,30
27.65_76.10,27.65_76.10;27.80_76.05;27.80_75.95;27.65_76.05;27.65_76.00;27.75_76.05;27.70_76.15;27.70_76.10;27.75_75.95;27.55_76.15;27.80_76.00;27.60_76.15;27.60_76.00;27.70_76.05;27.65_75.95;27.55_76.00;27.70_76.00;27.75_76.15;27.60_76.05;27.70_76.20;27.65_76.15;27.75_76.00;27.60_76.10;27.80_76.10;27.55_75.95;27.55_76.10;27.60_75.95,27,27.66804826143791,76.13056762962962,75.94936698856334,CRITICAL,30.7,2448,3.25,15.62,30
28.70_76.50,28.70_76.50;28.75_76.60;28.70_76.55;28.65_76.55;28.80_76.65;28.65_76.60;28.65_76.50;28.85_76.65;28.85_76.70;28.80_76.70;28.75_76.70;28.75_76.65;28.75_76.55;28.80_76.55;28.70_76.65;28.80_76.60;28.70_76.60;28.75_76.50;28.70_76.70;28.80_76.50;28.85_76.50;28.65_76.70;28.85_76.55;28.65_76.65;28.85_76.60,25,28.722767325227966,76.52220738601824,75.94017062568426,CRITICAL,71.1,4738,6.76,107.61,30
24.15_84.40,24.15_84.40;24.20_84.55;24.20_84.50;24.20_84.45;24.15_84.45;24.25_84.35;24.25_84.40;24.25_84.50;24.15_84.50;24.25_84.55;24.30_84.40;24.20_84.40;24.05_84.35;24.25_84.45;24.30_84.35;24.05_84.55;24.10_84.40;24.10_84.35;24.15_84.55;24.10_84.55;24.20_84.35;24.15_84.35;24.30_84.55;24.10_84.45;24.10_84.50;24.30_84.50;24.10_84.30;24.30_84.45;24.05_84.50;24.05_84.40;24.05_84.45;24.05_84.30,32,24.17068399038461,84.42321081730769,75.91435401184351,CRITICAL,52.8,2825,5.37,99.01,30
27.35_77.65,27.35_77.65;27.35_77.60;27.30_77.65;27.30_77.60;27.40_77.60;27.50_77.60;27.40_77.65;27.40_77.55;27.45_77.60;27.30_77.70;27.50_77.55;27.35_77.55;27.50_77.75;27.30_77.55;27.50_77.65;27.45_77.65;27.35_77.70;27.40_77.70;27.50_77.70;27.40_77.80;27.40_77.75;27.45_77.70;27.35_77.80;27.30_77.75;27.45_77.75;27.35_77.75,26,27.3735688530466,77.6904087455197,75.9024537965575,CRITICAL,38.1,520,3.49,35.37,30
25.20_78.35,25.20_78.35;25.20_78.40;25.30_78.60;25.25_78.45;25.20_78.45;25.35_78.55;25.15_78.40;25.15_78.50;25.35_78.50;25.15_78.55;25.30_78.40;25.35_78.45;25.30_78.45;25.25_78.40;25.35_78.60;25.30_78.55;25.15_78.45;25.15_78.60;25.35_78.40;25.10_78.60;25.15_78.35;25.20_78.55;25.25_78.60;25.25_78.50;25.25_78.55;25.20_78.60;25.10_78.50;25.30_78.50;25.20_78.50,29,25.228407208333334,78.37906195833332,75.86122611669683,CRITICAL,33.9,622,7.2,133.91,30
27.35_79.95,27.35_79.95;27.50_79.90;27.30_79.85;27.35_79.90;27.55_79.90;27.40_79.90;27.35_79.80;27.35_79.85;27.45_79.90;27.45_79.95;27.40_79.95;27.50_79.95;27.45_79.75;27.40_79.80;27.30_79.80;27.45_79.70;27.40_79.85;27.40_79.75;27.40_79.70;27.45_79.80;27.50_79.85;27.35_79.75;27.30_79.90;27.50_79.75;27.45_79.85;27.50_79.80;27.30_79.95;27.30_79.75,28,27.376577954545454,79.96912477272727,75.83685547075748,CRITICAL,61.3,1475,4.3,93.83,30
24.50_78.60,24.50_78.60;24.55_78.60;24.35_78.45;24.30_78.50;24.30_78.45;24.35_78.50;24.50_78.55;24.45_78.60;24.40_78.45;24.55_78.55;24.45_78.45;24.35_78.60;24.30_78.55;24.40_78.40;24.35_78.40;24.50_78.40;24.40_78.60;24.35_78.55;24.30_78.35;24.55_78.45;24.55_78.50;24.55_78.40;24.50_78.50;24.40_78.50;24.30_78.40;24.50_78.45;24.40_78.55;24.45_78.40;24.45_78.55;24.45_78.50,30,24.52760400881057,78.63055960352423,75.8107437502691,CRITICAL,58.8,2516,6.91,115.37,30
31.20_75.55,31.20_75.55;31.15_75.55;31.10_75.50;31.10_75.60;31.10_75.55;31.15_75.45;31.10_75.40;31.15_75.40;31.15_75.65;31.20_75.65;31.20_75.40;31.15_75.50;31.20_75.60;31.15_75.60;31.20_75.50;31.10_75.45;31.20_75.45;31.25_75.65;31.30_75.40;31.25_75.40;31.25_75.45;31.25_75.50;31.30_75.50;31.25_75.55;31.30_75.45;31.25_75.60;31.30_75.60;31.30_75.55,28,31.215484929577464,75.57304981220658,75.79023479560502,CRITICAL,67.7,5786,5.27,73.23,30
30.95_76.20,30.95_76.20;30.80_76.20;31.00_76.20;30.95_76.25;30.95_76.30;30.80_76.25;30.90_76.20;30.80_76.30;30.90_76.35;30.85_76.30;30.90_76.25;30.90_76.30;30.95_76.40;30.80_76.35;30.85_76.25;30.80_76.40;31.05_76.20;30.85_76.20;30.85_76.35;30.85_76.45;30.90_76.45;30.80_76.45;31.00_76.25;30.90_76.40;30.95_76.45;30.85_76.40;30.95_76.35;31.00_76.30;31.05_76.25;31.00_76.40;31.05_76.30;31.00_76.35;31.05_76.40;31.00_76.45;31.05_76.45,35,30.974209325581395,76.22172416279071,75.77389457546981,CRITICAL,66.9,8069,5.38,76.15,30
29.45_80.85,29.45_80.85;29.60_80.85;29.45_80.95;29.45_80.80;29.50_80.85;29.55_80.80;29.45_81.00;29.55_80.85;29.65_81.05;29.45_80.90;29.60_80.90;29.50_80.80;29.65_81.00;29.70_81.00;29.60_81.05;29.50_80.95;29.70_81.05;29.60_80.95;29.70_80.95;29.60_81.00;29.65_80.85;29.60_80.80;29.65_80.90;29.65_80.95;29.50_81.00;29.65_80.80;29.55_81.00;29.50_80.90;29.55_80.90;29.70_80.90,30,29.46607375,80.86876164473684,75.74689616458589,CRITICAL,42.3,1060,5.43,120.79,30
25.80_80.20,25.80_80.20;25.65_80.00;25.70_80.00;25.85_80.20;25.80_80.10;25.75_80.05;25.85_80.25;25.70_80.05;25.65_80.05;25.75_80.10;25.75_80.00;25.80_80.25;25.80_80.15;25.65_80.10;25.70_80.10;25.75_80.20;25.85_80.10;25.85_80.05;25.85_80.00;25.75_80.15;25.80_80.05;25.70_80.15;25.90_80.00;25.85_80.15;25.90_80.15;25.90_80.10;25.80_80.00;25.90_80.20;25.90_80.05;25.65_80.20;25.70_80.20,31,25.82867054216868,80.22795033132529,75.73519958436421,CRITICAL,50.8,1846,6.15,103.77,30
24.05_78.15,24.05_78.15;24.05_78.20;24.20_78.15;24.25_78.10;24.10_78.10;24.15_78.10;24.05_78.10;24.10_78.20;24.15_78.20;24.20_78.10;24.10_78.15;24.10_78.30;24.20_78.20;24.20_78.35;24.05_78.25;24.10_78.25;24.25_78.15;24.15_78.15;24.10_78.35;24.20_78.25;24.25_78.20;24.05_78.30;24.15_78.25;24.15_78.30;24.30_78.15;24.20_78.30;24.25_78.25;24.15_78.35;24.25_78.30;24.25_78.35,30,24.07018365296804,78.17383602739727,75.71889850397005,CRITICAL,68.5,3386,5.57,98.19,30
29.60_75.65,29.60_75.65;29.60_75.55;29.70_75.55;29.70_75.65;29.70_75.60;29.70_75.50;29.65_75.50;29.60_75.60;29.70_75.40;29.60_75.45;29.70_75.45;29.60_75.50;29.55_75.50;29.55_75.55;29.65_75.60;29.65_75.45;29.50_75.45;29.65_75.55;29.50_75.50;29.55_75.45;29.55_75.60;29.65_75.40;29.55_75.40;29.45_75.55;29.60_75.40;29.50_75.40;29.45_75.40;29.45_75.45;29.50_75.55;29.50_75.60;29.45_75.60;29.45_75.50,32,29.627117319148933,75.67566727659575,75.70302936205044,CRITICAL,70.6,6166,6.3,101.91,30
28.10_76.75,28.10_76.75;28.15_76.85;28.20_76.85;28.20_76.90;28.30_76.75;28.25_76.75;28.35_76.90;28.25_76.80;28.15_76.90;28.10_76.85;28.10_76.80;28.25_76.85;28.20_76.80;28.35_76.85;28.30_77.00;28.30_76.90;28.30_76.85;28.35_76.80;28.20_76.75;28.10_76.90;28.10_76.95;28.15_76.75;28.30_76.95;28.15_76.80;28.25_76.90;28.30_76.80;28.25_77.00;28.25_76.95;28.20_76.95;28.15_76.95,30,28.11956836501901,76.79608802281369,75.6873688921394,CRITICAL,50.3,994,3.69,39.46,30
29.40_77.95,29.40_77.95;29.25_78.00;29.20_78.00;29.40_78.00;29.25_78.05;29.30_78.05;29.35_78.05;29.20_78.05;29.30_78.00;29.35_77.95;29.35_78.00;29.30_77.95;29.25_77.95;29.20_77.85;29.40_78.05;29.35_77.85;29.25_77.85;29.40_77.85;29.25_77.90;29.20_77.90;29.20_77.95;29.30_77.85;29.35_77.90;29.30_77.90;29.40_77.90,25,29.42370532786885,77.98956147540984,75.66076975608144,CRITICAL,64.5,2103,4.52,136.06,30
30.95_76.55,30.95_76.55;31.00_76.60;31.05_76.55;30.85_76.50;30.80_76.50;30.90_76.60;30.80_76.60;31.00_76.65;30.85_76.55;31.00_76.50;30.90_76.50;30.85_76.60;30.90_76.65;31.05_76.60;30.80_76.55;30.90_76.55;30.85_76.65;30.80_76.65;31.00_76.55;30.95_76.50;30.95_76.60;31.05_76.50;31.05_76.70;30.85_76.70;30.95_76.65;30.95_76.70;30.80_76.70;31.00_76.70;30.90_76.70,29,30.97942968992248,76.57392108527131,75.60080878297657,CRITICAL,64.1,2402,5.05,117.2,30
30.35_76.65,30.35_76.65;30.30_76.70;30.30_76.65;30.25_76.65;30.25_76.60;30.40_76.60;30.25_76.55;30.45_76.50;30.35_76.50;30.25_76.70;30.50_76.50;30.35_76.55;30.30_76.55;30.25_76.50;30.40_76.50;30.45_76.70;30.30_76.50;30.50_76.60;30.35_76.60;30.40_76.55;30.30_76.60;30.35_76.70;30.50_76.70;30.50_76.65;30.50_76.55;30.45_76.60;30.45_76.65;30.40_76.70;30.40_76.65;30.45_76.55,30,30.37198904153355,76.67565619808308,75.5435494384641,CRITICAL,71.4,7598,5.45,80.67,30
23.60_79.10,23.60_79.10;23.65_79.05;23.60_79.00;23.55_79.10;23.50_79.05;23.60_79.15;23.55_78.95;23.50_79.00;23.60_78.95;23.70_79.00;23.55_79.05;23.65_79.00;23.70_78.95;23.55_78.90;23.50_78.95;23.55_79.15;23.75_79.10;23.75_79.00;23.65_79.15;23.70_79.05;23.60_78.90;23.60_79.05;23.55_79.00;23.75_78.95;23.50_79.10;23.50_79.15;23.50_78.90;23.75_79.15;23.65_78.95;23.70_79.15;23.70_79.10;23.65_78.90;23.65_79.10;23.75_79.05,34,23.61510556962025,79.12807651898734,75.51623757817478,CRITICAL,66.9,3614,5.2,74.66,30
24.70_83.75,24.70_83.75;24.80_83.50;24.75_83.75;24.80_83.60;24.80_83.65;24.70_83.70;24.75_83.55;24.80_83.70;24.65_83.75;24.75_83.70;24.80_83.75;24.65_83.65;24.80_83.55;24.70_83.60;24.75_83.60;24.70_83.65;24.70_83.55;24.75_83.65;24.75_83.50;24.60_83.65;24.65_83.60;24.65_83.70;24.65_83.55;24.60_83.60;24.60_83.50;24.70_83.50;24.60_83.75;24.60_83.55;24.65_83.50;24.60_83.70,30,24.727316035634743,83.77589249443207,75.49417588144777,CRITICAL,61.4,5210,6.35,121.13,30
28.10_83.20,28.10_83.20;28.15_82.95;28.30_83.15;28.10_83.10;28.15_83.20;28.20_83.20;28.10_83.00;28.10_82.95;28.25_83.15;28.15_83.00;28.30_83.10;28.15_83.10;28.15_83.05;28.15_83.15;28.10_83.15;28.20_82.95;28.20_83.05;28.10_83.05;28.25_83.20;28.20_83.10;28.20_83.15;28.35_83.10;28.35_83.15;28.30_83.00;28.20_83.00;28.25_83.00;28.25_83.10;28.35_83.20;28.35_83.00;28.30_83.20;28.30_82.95,31,28.126497960526315,83.2198825,75.471943351454,CRITICAL,52.9,3368,6.75,149.23,30
29.85_76.85,29.85_76.85;29.75_76.85;29.90_76.80;29.80_76.80;29.95_76.95;29.85_76.80;29.75_77.00;29.90_77.00;29.80_76.75;29.75_76.95;29.75_76.90;29.80_76.95;29.85_76.90;29.90_76.75;29.80_76.85;29.85_76.95;29.90_76.90;29.95_76.90;29.80_76.90;29.80_77.00;29.75_76.80;29.95_76.75;29.85_76.75;29.70_77.00;29.90_76.95;29.95_77.00;29.75_76.75;29.85_77.00;29.95_76.80;29.95_76.85;29.90_76.85,31,29.873346890756302,76.87327596638656,75.4560451338527,CRITICAL,69.8,3753,5.43,127.36,30
24.75_80.15,24.75_80.15;24.75_80.20;24.65_80.20;24.80_80.20;24.60_80.10;24.60_80.15;24.65_80.10;24.70_80.20;24.80_80.10;24.65_80.00;24.60_80.20;24.80_80.00;24.75_80.05;24.80_80.15;24.70_80.10;24.60_80.00;24.65_80.05;24.75_80.00;24.75_80.10;24.65_80.15;24.70_80.15;24.70_80.05;24.70_80.00;24.80_80.05;24.60_80.05;24.85_80.15;24.85_80.10,27,24.772139883268483,80.17404642023347,75.43865507169177,CRITICAL,62.4,3352,10.24,237.57,30
30.50_77.15,30.50_77.15;30.35_77.15;30.25_77.05;30.50_77.20;30.25_77.15;30.45_77.20;30.45_77.05;30.35_77.05;30.25_77.20;30.35_77.00;30.50_77.05;30.50_77.10;30.40_77.10;30.25_77.10;30.25_77.25;30.45_77.15;30.30_77.15;30.40_77.15;30.40_77.05;30.45_77.10;30.30_77.20;30.40_77.20;30.35_77.10;30.30_77.10;30.30_77.05;30.30_77.25;30.35_77.20;30.35_77.25;30.45_77.25;30.50_77.25;30.40_77.25,31,30.52301450331126,77.18265847682119,75.43513662697839,CRITICAL,67.7,3523,3.93,57.68,30
29.50_76.55,29.50_76.55;29.60_76.65;29.65_76.70;29.45_76.60;29.70_76.60;29.45_76.70;29.60_76.55;29.55_76.50;29.55_76.60;29.60_76.70;29.45_76.55;29.55_76.70;29.55_76.55;29.60_76.60;29.65_76.55;29.45_76.50;29.55_76.65;29.70_76.65;29.50_76.65;29.65_76.60;29.70_76.70;29.65_76.65;29.50_76.50;29.50_76.70;29.60_76.50;29.45_76.65;29.50_76.60;29.65_76.50;29.70_76.55;29.70_76.50,30,29.52131719745223,76.5752623566879,75.41864103823238,CRITICAL,70.9,5878,6.25,96.57,30
29.20_80.30,29.20_80.30;29.25_80.35;29.25_80.30;29.30_80.45;29.30_80.30;29.30_80.35;29.30_80.50;29.25_80.50;29.20_80.40;29.35_80.45;29.20_80.35;29.20_80.25;29.25_80.25;29.30_80.40;29.35_80.50;29.25_80.45;29.25_80.40;29.30_80.25;29.35_80.40;29.40_80.50;29.40_80.45;29.20_80.50;29.20_80.45;29.40_80.35;29.35_80.35;29.40_80.30;29.40_80.40;29.35_80.30,28,29.22435252983293,80.32254090692123,75.39647707630687,CRITICAL,62.6,5228,3.24,61.15,30
28.00_81.30,28.00_81.30;28.05_81.30;28.05_81.10;28.05_81.05;28.00_81.10;27.85_81.25;27.90_81.10;27.95_81.10;27.85_81.15;27.85_81.10;27.95_81.30;27.90_81.15;27.95_81.15;27.90_81.30;27.85_81.30;28.00_81.25;28.05_81.15;28.00_81.15;27.90_81.20;28.05_81.25;27.85_81.20;27.95_81.25;27.90_81.25;28.05_81.20;28.00_81.20;27.95_81.20,26,28.02725576923077,81.32551833333333,75.37342198387074,CRITICAL,58.9,1388,4.29,91.81,30
27.20_83.95,27.20_83.95;27.15_84.00;27.20_84.00;27.25_83.85;27.10_83.80;27.15_83.90;27.25_83.95;27.00_83.80;27.25_83.90;27.15_83.95;27.20_83.80;27.05_84.00;27.25_83.80;27.15_83.80;27.00_83.90;27.25_84.00;27.20_83.90;27.20_83.85;27.05_83.80;27.05_83.85;27.10_83.75;27.10_84.00;27.10_83.95;27.05_83.90;27.10_83.85;27.10_83.90;27.00_84.00;27.05_83.95;27.15_83.85,29,27.224667431506848,83.97684256849315,75.34769651628972,CRITICAL,64.2,2211,4.17,86.83,30
28.85_79.35,28.85_79.35;28.85_79.40;28.75_79.25;28.80_79.35;28.85_79.30;28.80_79.30;28.80_79.40;28.80_79.25;28.65_79.20;28.80_79.20;28.75_79.20;28.85_79.25;28.85_79.20;28.75_79.30;28.75_79.40;28.65_79.30;28.75_79.35;28.70_79.20;28.70_79.35;28.70_79.25;28.65_79.40;28.65_79.25;28.70_79.40;28.65_79.35;28.70_79.30,25,28.87745326923077,79.37590514423076,75.33506880188799,CRITICAL,65.7,2062,4.0,65.57,30
29.90_78.60,29.90_78.60;29.90_78.50;29.95_78.55;29.90_78.45;29.85_78.60;29.85_78.50;29.90_78.40;29.95_78.45;29.90_78.55;29.85_78.55;29.75_78.50;29.85_78.45;29.95_78.50;29.80_78.60;29.75_78.40;29.95_78.60;29.80_78.45;29.95_78.40;29.80_78.55;29.80_78.50;29.75_78.55;29.85_78.40;29.90_78.35;29.75_78.60;29.75_78.45;29.80_78.40;29.70_78.55,27,29.922576303724927,78.62560604584527,75.28301861336837,CRITICAL,65.4,5384,3.43,52.13,30
24.05_74.55,24.05_74.55;24.25_74.50;24.25_74.55;24.15_74.55;24.20_74.55;24.10_74.55;24.20_74.50;24.15_74.50;24.05_74.50;24.10_74.50,10,24.07716233937397,74.57177151565074,75.25856172697941,CRITICAL,72.5,3405,5.17,44.12,30
24.45_80.05,24.45_80.05;24.50_80.10;24.30_80.10;24.40_80.20;24.50_80.15;24.45_80.15;24.45_80.10;24.40_80.10;24.40_80.00;24.50_80.00;24.45_80.00;24.40_80.05;24.50_80.05;24.50_80.20;24.40_80.15;24.35_80.10;24.45_80.20;24.35_80.15;24.35_80.20;24.35_80.00;24.55_80.05;24.55_80.15;24.55_80.00;24.55_80.10;24.55_80.20;24.35_80.05,26,24.468324827586205,80.0741891724138,75.23237179336519,CRITICAL,65.4,2303,8.96,126.34,30
30.35_77.60,30.35_77.60;30.25_77.65;30.30_77.60;30.25_77.70;30.30_77.80;30.45_77.65;30.50_77.65;30.30_77.55;30.45_77.60;30.30_77.65;30.35_77.65;30.30_77.70;30.50_77.75;30.40_77.80;30.35_77.80;30.45_77.75;30.25_77.75;30.45_77.70;30.25_77.80;30.45_77.80;30.40_77.60;30.35_77.75;30.40_77.55;30.50_77.70;30.35_77.55;30.50_77.80;30.30_77.75;30.40_77.65;30.35_77.70;30.40_77.75;30.25_77.60;30.40_77.70;30.50_77.60,33,30.374762877697844,77.62381543165468,75.2323479513937,CRITICAL,54.3,2420,3.5,59.58,30
28.45_77.65,28.45_77.65;28.60_77.55;28.55_77.70;28.50_77.60;28.40_77.55;28.50_77.65;28.60_77.80;28.35_77.70;28.50_77.75;28.55_77.65;28.45_77.75;28.50_77.55;28.45_77.60;28.60_77.70;28.50_77.70;28.60_77.65;28.50_77.80;28.60_77.75;28.55_77.75;28.60_77.60;28.45_77.70;28.55_77.60;28.45_77.55;28.45_77.80;28.40_77.80;28.55_77.80;28.40_77.65;28.35_77.65;28.40_77.75;28.40_77.60;28.40_77.70,31,28.46967117647059,77.66621018099548,75.22268725752424,CRITICAL,61.0,1281,3.59,33.81,30
24.95_76.70,24.95_76.70;25.00_76.60;25.00_76.70;24.85_76.55;25.10_76.55;25.05_76.70;25.00_76.55;25.05_76.55;24.95_76.50;25.05_76.50;24.95_76.55;25.05_76.60;25.10_76.65;25.10_76.70;25.05_76.65;24.85_76.60;25.00_76.50;24.90_76.55;25.00_76.65;24.95_76.60;24.95_76.65;25.10_76.60;24.90_76.60;24.90_76.50;24.85_76.50;24.90_76.70;24.90_76.65;24.85_76.65;24.90_76.75,29,24.967872058823527,76.7133494117647,75.1999235659349,CRITICAL,64.2,3931,6.46,116.21,30
25.10_81.65,25.10_81.65;24.95_81.70;25.10_81.70;25.00_81.65;25.05_81.70;25.05_81.60;24.95_81.75;24.95_81.80;24.95_81.85;25.05_81.65;25.00_81.80;25.00_81.70;25.10_81.60;24.90_81.85;24.95_81.65;25.10_81.80;24.90_81.80;25.00_81.75;25.05_81.75;24.85_81.85;24.85_81.80;25.05_81.80;24.90_81.75;25.00_81.85;25.05_81.85;24.85_81.65;24.90_81.65;24.90_81.70;25.10_81.85;24.85_81.70;24.85_81.75,31,25.12501566037736,81.67789309433962,75.18671116912012,CRITICAL,56.1,2314,6.17,91.14,30
28.70_82.65,28.70_82.65;28.65_82.55;28.65_82.65;28.65_82.60;28.80_82.50;28.65_82.50;28.85_82.45;28.70_82.55;28.70_82.50;28.80_82.45;28.85_82.50;28.75_82.60;28.70_82.45;28.70_82.60;28.65_82.45;28.75_82.50;28.85_82.55;28.75_82.55;28.80_82.65;28.80_82.60;28.80_82.55;28.75_82.65;28.85_82.60;28.75_82.45;28.85_82.65,25,28.722071021276594,82.68272668085106,75.18132762834198,CRITICAL,61.5,2426,8.64,483.57,30
23.50_82.30,23.50_82.30;23.75_82.15;23.65_82.20;23.55_82.25;23.55_82.40;23.75_82.20;23.70_82.15;23.60_82.15;23.75_82.35;23.70_82.20;23.50_82.15;23.55_82.15;23.75_82.25;23.75_82.40;23.65_82.15;23.70_82.30;23.60_82.25;23.55_82.20;23.60_82.30;23.75_82.30;23.65_82.25;23.60_82.20;23.65_82.30;23.55_82.30;23.70_82.40;23.50_82.20;23.65_82.35;23.55_82.35;23.50_82.25;23.70_82.25;23.60_82.40;23.70_82.35;23.50_82.40;23.60_82.35;23.50_82.35;23.65_82.40,36,23.522606756756755,82.32401918918919,75.04878820931312,CRITICAL,68.9,8189,3.67,49.95,30
29.10_79.45,29.10_79.45;29.00_79.70;28.95_79.45;28.95_79.65;28.90_79.45;28.90_79.60;29.00_79.65;29.10_79.55;28.90_79.65;29.00_79.45;28.90_79.50;29.05_79.45;28.95_79.50;28.90_79.55;29.00_79.60;29.15_79.50;28.95_79.55;29.15_79.60;28.95_79.60;29.05_79.65;29.05_79.50;29.00_79.50;29.15_79.45;29.05_79.55;29.10_79.65;29.10_79.60;29.00_79.55;29.10_79.50;29.05_79.70;29.15_79.55;29.15_79.65;29.05_79.60;29.15_79.70,33,29.125981007462688,79.47470145522388,74.98534888515371,HIGH,65.1,4172,4.9,72.95,30
26.55_82.80,26.55_82.80;26.55_82.85;26.55_82.90;26.65_82.70;26.50_82.95;26.70_82.90;26.50_82.75;26.65_82.90;26.50_82.70;26.55_82.70;26.65_82.85;26.70_82.75;26.60_82.75;26.70_82.80;26.60_82.85;26.55_82.75;26.50_82.90;26.50_82.80;26.60_82.70;26.60_82.80;26.70_82.95;26.60_82.90;26.70_82.85;26.50_82.85;26.65_82.80;26.65_82.75;26.70_82.70,27,26.57925814814815,82.82909185185186,74.96580496541662,HIGH,60.5,1405,5.57,129.08,30
26.25_79.25,26.25_79.25;26.25_79.40;26.20_79.40;26.30_79.35;26.30_79.25;26.30_79.30;26.25_79.30;26.35_79.25;26.25_79.20;26.45_79.40;26.20_79.35;26.25_79.35;26.40_79.40;26.30_79.40;26.35_79.35;26.35_79.20;26.20_79.30;26.20_79.25;26.45_79.25;26.40_79.25;26.35_79.30;26.40_79.30;26.20_79.20;26.40_79.20;26.35_79.40;26.45_79.30;26.45_79.20;26.30_79.20;26.40_79.35,29,26.278749204545456,79.27865278409091,74.95969715502783,HIGH,59.8,1851,5.88,139.95,30
24.65_75.10,24.65_75.10;24.85_75.00;24.70_75.00;24.60_74.90;24.80_75.00;24.60_74.95;24.60_74.85;24.75_74.85;24.70_75.10;24.70_74.95;24.75_74.95;24.80_74.95;24.80_75.05;24.65_74.90;24.55_74.95;24.60_75.10;24.70_74.90;24.75_75.00;24.70_74.85;24.65_75.05;24.65_74.85;24.75_75.05;24.65_74.95;24.75_74.90;24.80_75.10;24.60_75.00;24.70_75.05;24.80_74.90;24.65_75.00,29,24.686575747508307,75.13184627906978,74.93897969908257,HIGH,34.7,719,7.82,94.33,30
28.90_81.45,28.90_81.45;29.05_81.45;29.10_81.55;29.10_81.45;29.10_81.50;28.90_81.40;29.05_81.40;28.95_81.45;28.95_81.35;29.00_81.45;29.05_81.35;28.90_81.35;28.95_81.40;29.00_81.40;29.15_81.55;29.00_81.35;29.10_81.35;29.15_81.50;29.05_81.50;28.95_81.60;29.15_81.35;29.00_81.50;28.90_81.50;29.10_81.40;28.95_81.50;29.15_81.40;29.05_81.55;29.15_81.45;29.00_81.55;29.05_81.60;28.95_81.55,31,28.9209471627907,81.472908,74.92136838875393,HIGH,57.0,5057,3.77,68.15,30
30.15_79.30,30.15_79.30;30.20_79.30;30.00_79.30;30.20_79.35;30.10_79.40;30.00_79.40;30.15_79.20;30.15_79.25;30.15_79.35;30.05_79.40;30.20_79.25;30.00_79.35;30.20_79.20;30.10_79.20;30.10_79.30;30.15_79.40;30.10_79.35;30.25_79.40;30.20_79.40;30.05_79.30;30.05_79.35;30.10_79.25;30.00_79.25;30.00_79.20;30.05_79.25;30.05_79.20,26,30.17859050991501,79.32849016997167,74.908922009467,HIGH,57.7,3103,5.51,80.69,30
24.65_78.50,24.65_78.50;24.60_78.50;24.60_78.55;24.65_78.55;24.60_78.60;24.75_78.40;24.65_78.45;24.70_78.45;24.75_78.45;24.75_78.50;24.65_78.60;24.80_78.60;24.70_78.40;24.80_78.55;24.80_78.45;24.70_78.50;24.60_78.40;24.75_78.55;24.75_78.60;24.80_78.50;24.85_78.40;24.70_78.55;24.60_78.45;24.80_78.40;24.65_78.40;24.70_78.60,26,24.67006474137932,78.52428456896553,74.88368230618033,HIGH,61.9,2003,7.33,97.29,30
28.15_84.35,28.15_84.35;28.35_84.40;28.30_84.40;28.15_84.30;28.10_84.50;28.10_84.55;28.20_84.30;28.30_84.35;28.35_84.45;28.20_84.40;28.15_84.45;28.30_84.45;28.25_84.50;28.15_84.55;28.35_84.30;28.10_84.45;28.25_84.45;28.20_84.35;28.10_84.40;28.30_84.30;28.10_84.35;28.25_84.55;28.15_84.40;28.20_84.55;28.15_84.50;28.30_84.50;28.35_84.55;28.25_84.35;28.30_84.55;28.20_84.45;28.20_84.50;28.25_84.40,32,28.174963846153847,84.37928223776223,74.87966307343214,HIGH,59.5,1906,4.75,110.41,30
28.05_83.70,28.05_83.70;28.00_83.70;27.85_83.50;27.85_83.70;28.00_83.60;28.00_83.55;28.05_83.55;27.90_83.75;27.95_83.55;27.95_83.75;28.05_83.65;27.95_83.65;28.00_83.65;28.05_83.75;28.05_83.60;27.85_83.75;27.95_83.60;27.90_83.70;27.90_83.55;28.05_83.50;27.95_83.70;27.95_83.50;27.90_83.50;27.85_83.65;27.90_83.65;27.85_83.55;28.00_83.50;28.00_83.75;27.90_83.60;27.85_83.60,30,28.079566444444445,83.72412140740741,74.86263265467822,HIGH,56.1,2608,3.34,250.75,30
24.55_80.65,24.55_80.65;24.55_80.60;24.50_80.55;24.30_80.60;24.50_80.70;24.45_80.65;24.40_80.75;24.55_80.70;24.50_80.60;24.35_80.55;24.45_80.70;24.50_80.75;24.30_80.70;24.45_80.55;24.45_80.75;24.40_80.70;24.35_80.70;24.40_80.60;24.45_80.60;24.50_80.65;24.55_80.55;24.35_80.75;24.40_80.65;24.55_80.75;24.35_80.65;24.30_80.55;24.35_80.60;24.40_80.55;24.30_80.65,29,24.58174561111111,80.6728826111111,74.86056163083161,HIGH,69.3,5044,7.13,109.5,30
26.25_81.60,26.25_81.60;26.35_81.60;26.20_81.60;26.40_81.75;26.25_81.65;26.25_81.85;26.30_81.70;26.35_81.70;26.25_81.80;26.20_81.85;26.20_81.70;26.25_81.75;26.30_81.65;26.20_81.65;26.30_81.80;26.30_81.75;26.35_81.65;26.45_81.75;26.35_81.85;26.35_81.80;26.40_81.70;26.40_81.65;26.45_81.70;26.20_81.75;26.20_81.80;26.30_81.85;26.25_81.70;26.35_81.75;26.40_81.85;26.45_81.85;26.45_81.65;26.45_81.80;26.40_81.80,33,26.2707795754717,81.62177886792453,74.84774552802418,HIGH,61.7,1842,4.54,78.03,30
23.60_80.45,23.60_80.45;23.60_80.25;23.50_80.25;23.55_80.45;23.50_80.35;23.75_80.50;23.60_80.30;23.55_80.50;23.70_80.30;23.50_80.45;23.65_80.25;23.65_80.45;23.65_80.50;23.60_80.35;23.65_80.35;23.50_80.30;23.55_80.30;23.75_80.30;23.60_80.50;23.70_80.45;23.65_80.30;23.70_80.35;23.55_80.25;23.75_80.40;23.65_80.40;23.50_80.50;23.55_80.35;23.50_80.40;23.70_80.50;23.70_80.40;23.60_80.40;23.75_80.45;23.55_80.40;23.75_80.35,34,23.62627495256167,80.47226299810247,74.84395209891068,HIGH,68.2,4555,5.95,117.12,30
25.85_84.50,25.85_84.50;25.85_84.40;25.80_84.50;25.90_84.40;25.85_84.45;25.80_84.45;25.90_84.35;25.65_84.50;25.75_84.35;25.80_84.35;25.70_84.40;25.90_84.45;25.75_84.55;25.70_84.30;25.75_84.50;25.80_84.40;25.85_84.35;25.65_84.55;25.90_84.55;25.80_84.55;25.65_84.35;25.80_84.30;25.90_84.50;25.70_84.35;25.75_84.40;25.70_84.55;25.70_84.50;25.75_84.45,28,25.861398389261744,84.51864409395972,74.80041442261455,HIGH,55.9,1808,7.05,116.9,30
25.30_75.55,25.30_75.55;25.35_75.65;25.35_75.60;25.35_75.50;25.35_75.55;25.30_75.60;25.30_75.65;25.30_75.50;25.25_75.60;25.35_75.45;25.30_75.45;25.25_75.55;25.35_75.40;25.30_75.40;25.15_75.45;25.10_75.45;25.15_75.50;25.20_75.65;25.10_75.50;25.25_75.40;25.25_75.50;25.20_75.50;25.20_75.40;25.15_75.40;25.20_75.60;25.10_75.60;25.25_75.45,27,25.32707392344497,75.57548272727273,74.7923850729229,HIGH,44.2,1595,9.33,209.1,30
30.15_79.00,30.15_79.00;30.10_78.90;30.05_78.90;30.20_79.10;30.00_79.00;30.15_78.95;30.05_78.95;30.20_78.90;30.20_78.95;30.00_78.90;30.15_79.05;30.00_78.95;30.25_78.95;30.10_78.95;30.20_79.00;30.10_79.00;30.15_78.90;30.15_79.15;30.15_79.10;30.20_79.05;30.20_79.15;30.00_79.10;30.05_79.00;30.10_79.15;30.00_79.15;30.05_79.15;30.00_79.05;30.05_79.10;30.10_79.10;30.05_79.05;30.10_79.05,31,30.16811052208835,79.02235919678715,74.78265947635526,HIGH,55.8,3482,4.37,108.24,30
28.65_79.95,28.65_79.95;28.85_79.90;28.85_79.85;28.90_79.80;28.70_79.95;28.80_79.75;28.80_79.80;28.85_79.75;28.65_79.90;28.85_79.80;28.80_79.90;28.85_79.95;28.75_79.70;28.75_79.90;28.80_79.95;28.80_79.85;28.75_79.75;28.75_79.80;28.70_79.75;28.75_79.95;28.70_79.85;28.65_79.75;28.70_79.90;28.70_79.80;28.75_79.85;28.65_79.80;28.70_79.70;28.65_79.85,28,28.67028031976744,79.97888889534883,74.73197840148575,HIGH,69.5,5105,5.45,128.33,30
24.65_84.00,24.65_84.00;24.70_84.00;24.70_83.90;24.80_83.95;24.65_83.95;24.75_83.85;24.75_84.00;24.75_83.90;24.80_84.00;24.80_83.90;24.70_83.80;24.75_83.80;24.70_83.95;24.70_83.85;24.65_83.85;24.80_83.85;24.60_83.95;24.60_83.90;24.65_83.90;24.60_83.85;24.80_83.80;24.60_83.80;24.75_83.95;24.65_83.80;24.85_84.00;24.60_84.00,26,24.667855257142858,84.02361228571428,74.73089161923625,HIGH,69.7,5903,5.73,97.14,30
30.00_80.30,30.00_80.30;30.10_80.30;30.15_80.25;30.00_80.35;30.05_80.35;30.05_80.30;30.10_80.25;30.05_80.25;30.00_80.50;30.05_80.50;30.00_80.25;30.00_80.40;30.05_80.40;30.20_80.25;30.10_80.35;30.15_80.30;30.05_80.45;30.15_80.40;30.20_80.30;30.00_80.45;30.15_80.35,21,30.02530620481928,80.3266954819277,74.70542534502107,HIGH,50.7,1271,7.12,71.75,30
28.00_82.70,28.00_82.70;27.85_82.85;28.00_82.85;27.85_82.70;27.90_82.80;28.05_82.90;27.85_82.75;28.05_82.85;27.85_82.90;27.90_82.85;27.85_82.80;28.00_82.90;28.00_82.75;27.90_82.90;28.00_82.95;28.00_82.80;27.95_82.70;27.90_82.70;28.05_82.70;28.05_82.80;27.90_82.75;27.95_82.95;27.95_82.90;28.05_82.75;27.95_82.80;27.95_82.85;27.95_82.75,27,28.02963191111112,82.72963017777778,74.69247507189584,HIGH,60.0,6351,3.86,139.29,30
28.35_80.75,28.35_80.75;28.30_80.65;28.35_80.70;28.35_80.60;28.35_80.55;28.30_80.60;28.30_80.70;28.25_80.75;28.20_80.70;28.25_80.65;28.20_80.60;28.10_80.55;28.10_80.70;28.30_80.75;28.20_80.55;28.30_80.55;28.15_80.60;28.15_80.55;28.35_80.65;28.25_80.70;28.10_80.60;28.10_80.65;28.15_80.65;28.20_80.75;28.20_80.65;28.25_80.60;28.15_80.70;28.25_80.55;28.15_80.75;28.10_80.75,30,28.37735986394557,80.77502367346939,74.67400687205432,HIGH,68.2,3309,4.67,233.14,30
28.95_76.45,28.95_76.45;28.95_76.40;28.90_76.30;29.05_76.40;28.90_76.35;29.00_76.45;29.05_76.35;29.10_76.45;29.15_76.40;29.00_76.20;28.90_76.40;29.00_76.40;29.15_76.25;29.15_76.30;28.90_76.20;29.10_76.25;28.95_76.35;29.15_76.20;29.15_76.45;29.10_76.20;28.95_76.20;29.00_76.25;29.00_76.35;29.05_76.25;29.10_76.35;29.05_76.45;29.05_76.30;28.90_76.25;29.10_76.30;29.05_76.20;28.90_76.45;29.00_76.30;29.15_76.35;28.95_76.25;28.95_76.30;29.10_76.40,36,28.97908755154639,76.4762912886598,74.66301897551828,HIGH,70.9,6983,6.41,79.01,30
24.95_81.50,24.95_81.50;24.95_81.40;24.95_81.55;25.00_81.50;24.90_81.55;25.10_81.55;24.95_81.60;24.95_81.45;25.00_81.55;25.05_81.55;25.05_81.50;25.00_81.45;25.00_81.60;24.85_81.50;24.90_81.50;24.85_81.40;24.85_81.55;24.85_81.35;25.00_81.40;24.90_81.35;24.85_81.60;25.05_81.40;24.90_81.40;25.10_81.50;24.85_81.45;24.90_81.45;24.95_81.35;25.05_81.35;25.00_81.35;25.05_81.45;24.90_81.60;25.10_81.35,32,24.982093676975943,81.52710446735395,74.65648625884013,HIGH,55.8,2172,6.05,82.81,30
27.70_77.35,27.70_77.35;27.80_77.40;27.65_77.45;27.75_77.35;27.70_77.45;27.60_77.50;27.75_77.40;27.55_77.45;27.80_77.50;27.80_77.35;27.70_77.40;27.80_77.45;27.55_77.50;27.70_77.50;27.75_77.45;27.75_77.50;27.75_77.30;27.60_77.45;27.65_77.50;27.55_77.40;27.65_77.35;27.65_77.40;27.70_77.30;27.80_77.30;27.60_77.40;27.60_77.35;27.65_77.30;27.55_77.30,28,27.72368589041096,77.37921356164384,74.62908789959828,HIGH,62.3,2171,5.8,112.62,30
28.40_84.90,28.40_84.90;28.45_84.85;28.40_84.85;28.45_84.90;28.35_84.95;28.40_84.95;28.45_84.95,7,28.42312426470588,84.91717911764707,74.6233874364471,HIGH,57.5,600,16.33,214.25,30
29.15_77.10,29.15_77.10;28.90_77.15;29.10_77.05;28.95_77.05;29.10_77.10;28.95_77.10;28.95_77.15;29.05_77.05;29.05_77.20;29.15_77.05;29.05_77.10;29.00_77.10;29.05_77.15;29.10_77.20;28.95_77.20;29.00_77.15;29.00_77.05;29.10_77.15;29.15_77.15;29.15_77.20;28.90_77.10;28.95_77.25;29.00_77.20;29.05_77.25;29.10_77.25;28.90_77.25;29.15_77.25;28.90_77.05;29.00_77.25,29,29.1819891503268,77.1211716993464,74.62285090490217,HIGH,67.7,2546,4.62,131.13,30
25.00_77.30,25.00_77.30;24.85_77.30;24.95_77.30;25.05_77.50;25.05_77.45;24.85_77.50;24.90_77.30;25.00_77.40;24.85_77.35;24.95_77.35;24.95_77.40;25.00_77.50;24.90_77.40;25.05_77.35;24.90_77.35;25.05_77.40;24.95_77.50;24.85_77.45;25.10_77.45;25.00_77.35;25.00_77.45;24.90_77.50;25.10_77.50;24.95_77.45;25.05_77.30;25.10_77.30;25.10_77.40;24.90_77.45,28,25.021041666666665,77.31133901960784,74.61723945290028,HIGH,46.4,889,6.05,64.9,30
24.30_79.55,24.30_79.55;24.15_79.55;24.25_79.50;24.10_79.45;24.15_79.50;24.25_79.55;24.20_79.60;24.30_79.50;24.10_79.50;24.15_79.60;24.20_79.65;24.25_79.45;24.20_79.70;24.05_79.45;24.20_79.45;24.30_79.45;24.15_79.45;24.10_79.55;24.15_79.65;24.20_79.55;24.15_79.70;24.05_79.65;24.05_79.50;24.05_79.60;24.20_79.50;24.10_79.60;24.05_79.55;24.25_79.65;24.25_79.60;24.10_79.65,30,24.32251905660377,79.57816485849057,74.60732147399032,HIGH,61.5,2185,6.49,113.73,30
30.25_78.30,30.25_78.30;30.45_78.30;30.35_78.35;30.30_78.25;30.40_78.30;30.40_78.35;30.50_78.35;30.50_78.30;30.30_78.35;30.45_78.35;30.45_78.25;30.50_78.25;30.30_78.30;30.45_78.20;30.50_78.15;30.35_78.30;30.35_78.25;30.45_78.15;30.35_78.20;30.40_78.25;30.25_78.25;30.45_78.10;30.40_78.15;30.30_78.15;30.50_78.20;30.50_78.10;30.30_78.20;30.35_78.15;30.25_78.20;30.35_78.10;30.25_78.15;30.40_78.10;30.40_78.20;30.25_78.10;30.30_78.10,35,30.27960222608696,78.32407246956522,74.60370272559011,HIGH,60.6,5502,4.08,106.24,30
24.20_78.80,24.20_78.80;24.20_78.85;24.15_78.80;24.05_78.85;24.10_78.75;24.20_78.75;24.15_78.75;24.15_78.85;24.25_78.80;24.25_78.70;24.25_78.75;24.05_78.70;24.20_78.70;24.10_78.85;24.05_78.75;24.30_78.80;24.10_78.70;24.05_78.65;24.05_78.80;24.20_78.65;24.15_78.70;24.25_78.65;24.10_78.80;24.25_78.85;24.15_78.65;24.30_78.75;24.10_78.65;24.30_78.65,28,24.222142984054667,78.8265279954442,74.60195924189154,HIGH,62.7,2892,5.92,52.01,30
31.35_74.55,31.35_74.55;31.45_74.55;31.35_74.50;31.40_74.50;31.40_74.55;31.45_74.50,6,31.373573038229377,74.57695832997989,74.58624239158429,HIGH,70.4,1239,5.46,47.72,30
25.15_80.90,25.15_80.90;25.10_80.90;25.10_80.95;25.15_80.95;25.15_81.00;25.20_80.95;25.25_81.00;25.30_80.90;25.35_81.00;25.35_80.80;25.15_80.85;25.20_80.80;25.35_80.90;25.25_80.90;25.30_81.05;25.25_81.05;25.25_80.80;25.20_81.00;25.15_80.80;25.20_80.90;25.35_80.85;25.30_80.95;25.25_80.95;25.35_80.95;25.30_80.80;25.25_80.85;25.30_81.00,27,25.164644615384617,80.93639025641026,74.58113027825846,HIGH,36.8,1059,4.01,128.6,30
31.15_78.05,31.15_78.05;31.20_77.85;31.10_78.05;31.10_77.90;31.25_77.85;31.10_77.85;31.20_77.90;31.25_78.00;31.20_78.05;31.15_78.00;31.15_77.90;31.10_78.00;31.25_77.90;31.30_78.00;31.30_77.90;31.20_78.00;31.30_77.85;31.25_77.95;31.25_78.05;31.15_77.85;31.30_77.95;31.30_78.05;31.10_77.95;31.20_77.95;31.15_77.95,25,31.166299166666665,78.08293625,74.52893750419935,HIGH,54.5,1036,6.32,134.27,30
28.60_76.85,28.60_76.85;28.60_76.80;28.50_76.80;28.50_76.85;28.60_76.75;28.50_76.90;28.45_76.75;28.35_76.75;28.55_76.85;28.50_76.75;28.45_76.90;28.60_76.90;28.55_76.80;28.40_76.95;28.40_76.75;28.50_76.95;28.45_76.80;28.45_76.95;28.40_76.85;28.40_77.00;28.55_76.75;28.55_76.95;28.35_76.95;28.40_76.90;28.55_77.00;28.60_76.95;28.55_76.90;28.45_76.85;28.50_77.00;28.40_76.80;28.35_77.00,31,28.63252247933885,76.87173181818181,74.51272476043476,HIGH,54.1,1291,6.06,91.02,30
23.60_82.90,23.60_82.90;23.65_82.85;23.70_82.85;23.70_82.90;23.70_82.80;23.55_82.90;23.50_82.75;23.60_82.85;23.65_82.90;23.55_82.85;23.60_82.75;23.50_82.70;23.65_82.70;23.50_82.80;23.55_82.70;23.70_82.75;23.50_82.85;23.65_82.80;23.55_82.75;23.55_82.80;23.60_82.70;23.60_82.80;23.65_82.75;23.75_82.85;23.70_82.70;23.65_82.95;23.75_82.90;23.75_82.80;23.75_82.75;23.50_82.90;23.75_82.70,31,23.624960570824523,82.92646230443975,74.48371365362452,HIGH,65.5,6321,4.18,37.61,30
27.85_84.55,27.85_84.55;28.05_84.35;27.85_84.50;27.85_84.35;27.90_84.35;28.00_84.35;28.05_84.30;28.05_84.40;28.00_84.30;27.95_84.35;27.95_84.45;27.90_84.45;28.00_84.50;27.95_84.50;28.05_84.55;28.05_84.50;28.00_84.45;27.95_84.40;27.85_84.40;27.85_84.45;28.00_84.40;27.90_84.40;27.90_84.50;27.90_84.55;27.95_84.55;28.05_84.45;28.00_84.55,27,27.876117894736844,84.578577251462,74.43206695101817,HIGH,65.1,2317,2.58,37.27,30
31.40_76.80,31.40_76.80;31.35_76.85;31.35_76.90;31.40_76.90;31.45_76.90;31.45_76.95;31.35_76.95;31.40_77.00;31.45_77.00;31.45_76.85;31.40_76.95;31.40_76.85;31.35_76.80;31.45_76.75;31.35_76.75;31.45_76.80;31.40_76.75,17,31.412749220338984,76.83275566101695,74.40787218627787,HIGH,58.0,1897,3.6,39.01,30
29.50_77.10,29.50_77.10;29.50_77.05;29.45_77.10;29.55_77.05;29.45_77.05;29.50_77.00;29.50_77.15;29.60_77.05;29.65_77.05;29.70_77.05;29.60_77.10;29.65_77.10;29.55_77.20;29.55_77.15;29.70_77.10;29.65_77.15;29.45_77.25;29.45_77.20;29.50_77.25;29.70_77.15;29.60_77.15;29.60_77.25;29.55_77.10;29.70_77.25;29.45_77.15;29.60_77.20;29.65_77.20;29.55_77.25;29.70_77.20;29.50_77.20;29.65_77.00;29.65_77.25,32,29.523246496350364,77.12197824817518,74.40595331892952,HIGH,68.4,3601,4.18,89.54,30
25.15_77.65,25.15_77.65;25.20_77.65;25.15_77.60;25.30_77.75;25.25_77.80;25.30_77.60;25.25_77.75;25.25_77.60;25.20_77.60;25.30_77.65;25.20_77.55;25.30_77.70;25.30_77.80;25.35_77.80;25.35_77.75;25.30_77.55;25.25_77.55;25.20_77.80;25.15_77.75;25.35_77.65;25.25_77.65;25.35_77.60;25.15_77.55;25.15_77.80;25.15_77.70;25.20_77.75;25.20_77.70;25.25_77.70;25.35_77.70;25.35_77.55,30,25.16812294117647,77.66375705882353,74.37371931859818,HIGH,54.0,1741,7.14,104.0,30
30.00_78.35,30.00_78.35;30.15_78.35;30.10_78.10;30.00_78.30;30.15_78.10;30.05_78.35;30.15_78.15;30.10_78.35;30.00_78.10;30.05_78.10;30.00_78.15;30.10_78.15;30.05_78.30;30.15_78.20;30.15_78.30;30.10_78.30;30.15_78.25;30.10_78.25;30.20_78.10;30.05_78.25;30.20_78.25;30.20_78.15;30.00_78.20;30.05_78.20;30.20_78.30;30.05_78.15;30.10_78.20;30.20_78.20,28,30.021480621118013,78.36916077639752,74.36318818295734,HIGH,43.6,1516,4.18,45.44,30
30.55_78.60,30.55_78.60;30.70_78.45;30.70_78.40;30.65_78.40;30.70_78.50;30.60_78.50;30.75_78.40;30.75_78.45;30.75_78.50;30.65_78.45;30.75_78.55;30.75_78.60;30.55_78.50;30.60_78.40;30.55_78.55;30.55_78.40;30.70_78.55;30.60_78.45;30.60_78.60;30.65_78.50;30.60_78.55;30.70_78.60;30.55_78.45;30.65_78.60;30.65_78.55,25,30.5738218705036,78.62815784172662,74.34264598217018,HIGH,60.9,3287,4.83,54.73,30
30.25_76.80,30.25_76.80;30.30_76.75;30.50_76.75;30.45_76.90;30.45_76.85;30.45_76.75;30.30_77.00;30.40_76.75;30.30_76.90;30.25_76.75;30.40_76.95;30.25_76.90;30.30_76.95;30.40_76.85;30.25_76.85;30.45_76.80;30.35_76.90;30.50_76.95;30.40_76.90;30.40_76.80;30.25_77.00;30.50_77.00;30.45_76.95;30.35_76.95;30.50_76.90;30.25_76.95;30.50_76.85;30.30_76.85;30.40_77.00;30.50_76.80;30.30_76.80;30.45_77.00;30.35_76.85;30.35_76.75;30.35_76.80,35,30.2760124404762,76.82538261904763,74.32468063403103,HIGH,68.7,3949,4.37,62.22,30
30.85_78.10,30.85_78.10;30.80_78.10;30.85_78.20;30.85_78.25;30.95_78.10;30.80_78.15;30.85_78.30;30.80_78.25;30.90_78.35;30.95_78.20;30.90_78.30;30.90_78.25;31.00_78.10;30.85_78.15;30.85_78.35;30.90_78.20;30.95_78.15;30.90_78.10;30.90_78.15;30.80_78.30;31.00_78.20;30.80_78.20;31.00_78.15;30.95_78.25;31.00_78.25;30.95_78.30;31.05_78.35,27,30.87748263473054,78.1257286227545,74.29878530765274,HIGH,56.6,1940,5.74,48.68,30
30.60_76.90,30.60_76.90;30.60_76.85;30.55_76.75;30.65_76.90;30.55_76.95;30.55_76.80;30.60_76.95;30.55_76.90;30.60_76.75;30.55_77.00;30.60_76.80;30.55_76.85;30.65_76.75;30.60_77.00;30.75_76.75;30.65_77.00;30.65_76.95;30.65_76.85;30.70_76.80;30.70_76.95;30.65_76.80;30.70_76.85;30.75_76.95;30.75_76.80;30.70_77.00;30.75_76.90;30.75_76.85;30.70_76.90,28,30.6280428742515,76.91828730538921,74.28778690767003,HIGH,55.6,1827,4.82,95.66,30
28.85_80.80,28.85_80.80;28.80_81.00;28.80_80.85;28.75_80.90;28.75_81.05;28.80_80.80;28.70_81.05;28.65_80.85;28.75_80.85;28.80_81.05;28.85_80.90;28.65_81.05;28.85_80.95;28.85_80.85;28.65_80.90;28.80_80.90;28.70_80.95;28.80_80.95;28.65_81.00;28.70_80.85;28.75_80.95;28.75_81.00;28.65_80.80;28.75_80.80;28.85_81.00;28.70_80.90;28.85_81.05;28.65_80.95;28.70_81.00,29,28.87622491525424,80.82217203389831,74.28534794723824,HIGH,65.3,6158,3.43,97.32,30
25.40_75.85,25.40_75.85;25.40_75.70;25.40_75.75;25.45_75.80;25.45_75.70;25.45_75.75;25.45_75.90;25.45_75.85;25.40_75.90;25.50_75.90;25.40_75.80;25.40_75.65;25.50_75.85;25.55_75.70;25.60_75.85;25.60_75.70;25.55_75.80;25.55_75.90;25.55_75.75;25.65_75.65;25.65_75.85;25.60_75.90;25.60_75.80;25.45_75.65;25.60_75.65;25.60_75.75;25.50_75.80;25.65_75.80;25.50_75.65;25.55_75.85;25.65_75.75;25.65_75.90;25.50_75.75;25.50_75.70,34,25.43364620320856,75.87459406417112,74.28459490123198,HIGH,52.2,2347,7.47,107.55,30
24.05_77.20,24.05_77.20;24.25_77.15;24.30_77.25;24.25_77.25;24.20_77.25;24.25_77.20;24.10_77.25;24.10_77.20;24.10_77.00;24.30_77.10;24.20_77.20;24.05_77.25;24.05_77.15;24.15_77.20;24.15_77.10;24.30_77.20;24.20_77.10;24.20_77.05;24.25_77.10;24.15_77.15;24.05_77.10;24.15_77.25;24.05_77.05;24.25_77.00;24.25_77.05;24.20_77.15;24.05_77.00;24.10_77.15;24.30_77.00;24.10_77.10;24.15_77.05;24.10_77.05,32,24.06607126760564,77.2231378169014,74.28109444003255,HIGH,55.4,1889,5.43,138.53,30
29.85_80.30,29.85_80.30;29.85_80.35;29.85_80.25;29.80_80.45;29.95_80.30;29.80_80.50;29.75_80.30;29.85_80.40;29.75_80.25;29.90_80.30;29.95_80.50;29.80_80.40;29.95_80.25;29.90_80.40;29.90_80.25;29.80_80.30;29.75_80.50;29.90_80.50;29.90_80.45;29.95_80.35;29.85_80.50;29.75_80.35;29.85_80.45;29.80_80.35;29.80_80.25;29.95_80.45;29.75_80.40;29.90_80.35;29.75_80.45;29.95_80.40,30,29.873368680981592,80.32547269938651,74.24943266371925,HIGH,64.8,3836,4.48,160.82,30
28.65_81.75,28.65_81.75;28.65_81.70;28.80_81.75;28.75_81.75;28.70_81.65;28.70_81.70;28.70_81.75;28.75_81.80;28.70_81.85;28.70_81.60;28.75_81.70;28.75_81.65;28.85_81.65;28.75_81.60;28.65_81.80;28.70_81.80;28.90_81.70;28.90_81.65;28.65_81.65;28.80_81.70;28.65_81.85;28.85_81.70;28.80_81.65;28.65_81.60;28.85_81.60;28.75_81.85;28.85_81.75;28.80_81.60;28.85_81.80;28.85_81.85;28.80_81.80;28.90_81.80;28.80_81.85,33,28.682418194444445,81.77293036111111,74.21696901555839,HIGH,56.8,4751,3.97,135.79,30
29.50_74.65,29.50_74.65;29.45_74.70;29.50_74.70;29.50_74.60;29.55_74.60;29.50_74.75;29.45_74.75;29.50_74.80;29.55_74.70;29.45_74.80;29.60_74.60;29.45_74.65;29.55_74.65;29.55_74.80;29.45_74.60;29.60_74.65;29.55_74.75;29.60_74.70;29.60_74.75;29.70_74.80;29.60_74.80;29.65_74.65;29.65_74.60;29.65_74.80;29.65_74.75;29.70_74.70;29.70_74.65;29.70_74.75;29.65_74.70,29,29.525364708994708,74.67480962962964,74.18332018753063,HIGH,60.5,2806,5.41,82.86,30
29.25_80.00,29.25_80.00;29.25_80.10;29.25_80.15;29.25_80.05;29.30_80.15;29.40_80.05;29.35_80.10;29.35_80.15;29.20_80.05;29.20_80.15;29.30_80.00;29.30_80.20;29.40_80.00;29.20_80.00;29.20_80.20;29.40_80.15;29.40_80.10;29.35_80.00;29.20_80.10;29.25_80.20;29.40_80.25;29.30_80.10;29.35_80.20;29.35_80.05;29.35_80.25;29.30_80.05;29.40_80.20,27,29.276531897590363,80.02089659638554,74.17626313665687,HIGH,62.1,4278,2.97,33.06,30
27.90_79.40,27.90_79.40;27.90_79.35;28.00_79.20;28.05_79.20;27.95_79.30;27.85_79.35;28.00_79.40;27.85_79.30;27.95_79.20;28.05_79.25;27.90_79.30;27.95_79.35;27.90_79.25;27.90_79.20;28.05_79.40;28.05_79.30;27.95_79.40;27.85_79.40;28.00_79.25;28.05_79.35;27.95_79.25;28.00_79.35;27.80_79.30;28.00_79.30;27.85_79.25,25,27.91941933333333,79.43332877777779,74.123264852999,HIGH,45.4,527,4.41,128.53,30
28.35_80.10,28.35_80.10;28.15_80.15;28.20_80.15;28.15_80.00;28.30_80.20;28.25_80.05;28.20_80.00;28.15_80.10;28.30_80.10;28.35_80.15;28.10_80.10;28.35_80.00;28.25_80.10;28.30_80.15;28.15_80.05;28.30_80.00;28.25_80.15;28.10_80.15;28.10_80.00;28.30_80.05;28.25_80.00;28.30_80.25;28.35_80.20;28.20_80.20;28.15_80.20;28.20_80.05;28.25_80.20;28.20_80.10;28.10_80.05;28.35_80.05;28.10_80.20,31,28.3754292513369,80.12924267379678,74.08815517467306,HIGH,70.4,4799,5.3,71.63,30
28.90_76.15,28.90_76.15;29.15_76.05;29.10_76.05;29.00_76.15;28.95_76.15;29.15_76.15;29.10_76.10;29.05_76.15;28.95_76.00;29.00_76.10;29.15_76.10;28.95_76.05;29.15_76.00;29.05_76.10;29.10_76.15;28.90_76.05;29.15_75.95;28.95_76.10;28.90_76.10;29.10_76.00;28.95_75.95;29.00_76.05;29.05_76.05;29.05_76.00;29.00_76.00;28.90_76.00;29.10_75.95;28.90_75.95;29.00_75.95;29.05_75.95,30,28.92230577669903,76.18056524271844,74.06029213524063,HIGH,66.1,2733,5.46,88.34,30
23.80_77.25,23.80_77.25;23.90_77.25;23.90_77.15;23.85_77.25;24.00_77.20;23.95_77.25;23.85_77.20;23.95_77.15;23.85_77.15;24.00_77.25;24.00_77.15;23.90_77.10;23.95_77.20;23.80_77.20;23.85_77.10;23.90_77.20;23.75_77.15;23.95_77.05;23.80_77.15;24.00_77.05;23.85_77.05;23.95_77.10;23.80_77.00;23.80_77.05;24.00_77.00;24.00_77.10;23.90_77.00;23.90_77.05;23.80_77.10,29,23.82991275590551,77.27963086614173,74.02228678877198,HIGH,61.3,2003,5.38,75.4,30
24.10_78.40,24.10_78.40;24.05_78.35;24.15_78.40;24.05_78.40;24.10_78.45;24.20_78.40;24.20_78.45;24.05_78.45;24.05_78.50;24.15_78.50;24.30_78.60;24.25_78.55;24.15_78.45;24.20_78.55;24.10_78.50;24.10_78.60;24.05_78.60;24.20_78.60;24.25_78.60;24.25_78.40;24.20_78.50;24.15_78.60;24.25_78.50;24.05_78.55;24.10_78.55;24.15_78.55;24.25_78.45,27,24.127423647058823,78.42288129411764,74.0136781324657,HIGH,57.9,1315,5.29,74.8,30
25.70_84.70,25.70_84.70;25.70_84.65;25.70_84.75;25.75_84.70;25.75_84.65;25.70_84.60;25.90_84.65;25.90_84.60;25.80_84.70;25.75_84.60;25.80_84.60;25.85_84.65;25.65_84.70;25.65_84.80;25.75_84.75;25.90_84.75;25.65_84.75;25.80_84.75;25.85_84.60;25.80_84.65;25.85_84.75;25.85_84.70;25.70_84.80;25.90_84.70;25.90_84.80;25.85_84.55;25.75_84.80,27,25.72031108527132,84.72247,74.01083204637862,HIGH,48.7,836,5.53,217.96,30
27.65_84.55,27.65_84.55;27.60_84.40;27.80_84.35;27.70_84.30;27.75_84.40;27.60_84.45;27.65_84.45;27.75_84.55;27.70_84.45;27.70_84.50;27.75_84.35;27.75_84.50;27.75_84.45;27.80_84.50;27.80_84.55;27.80_84.40;27.80_84.45;27.70_84.35;27.70_84.55;27.70_84.40;27.60_84.55;27.65_84.35;27.65_84.40;27.60_84.50;27.65_84.30;27.60_84.30;27.60_84.35,27,27.67415421487604,84.58330214876032,74.00605502023305,HIGH,57.0,4187,3.13,49.95,30
24.15_81.35,24.15_81.35;24.05_81.45;24.10_81.40;24.05_81.35;24.05_81.50;24.05_81.40;24.20_81.35;24.10_81.35;24.10_81.45;24.30_81.45;24.25_81.60;24.30_81.50;24.20_81.45;24.25_81.40;24.10_81.50;24.10_81.55;24.25_81.35;24.15_81.40;24.20_81.50;24.25_81.50;24.20_81.40;24.15_81.50;24.15_81.55;24.30_81.55;24.15_81.45;24.10_81.60;24.05_81.55;24.20_81.55;24.25_81.45;24.15_81.60;24.25_81.55,31,24.169728095238096,81.37536914285714,73.96025897687684,HIGH,50.6,1312,5.06,121.26,30
29.50_78.00,29.50_78.00;29.60_77.90;29.55_77.90;29.60_78.00;29.45_78.00;29.50_77.95;29.55_78.00;29.55_77.95;29.60_77.95;29.70_78.05;29.65_77.95;29.45_77.95;29.60_78.05;29.70_77.95;29.70_77.90;29.65_78.00;29.45_78.05;29.65_78.05;29.65_77.90;29.50_77.90;29.70_77.85;29.45_77.90;29.50_77.85;29.70_78.00;29.65_77.85;29.55_78.05;29.45_77.85;29.60_77.85;29.50_78.05;29.55_77.85,30,29.525050199004976,78.02495437810946,73.94112701476863,HIGH,63.9,2327,4.25,101.46,30
23.65_82.05,23.65_82.05;23.60_82.00;23.75_82.05;23.70_82.10;23.55_82.00;23.60_82.10;23.65_82.10;23.50_82.05;23.75_82.00;23.50_82.00;23.75_82.10;23.50_81.90;23.50_81.95;23.50_82.10;23.65_81.90;23.60_82.05;23.55_82.05;23.55_82.10;23.65_82.00;23.55_81.95;23.75_81.95;23.60_81.90;23.60_81.95;23.70_81.95;23.55_81.90;23.75_81.90;23.70_82.00;23.70_82.05;23.65_81.95;23.70_81.90,30,23.672998798701297,82.07421983766234,73.9359674283102,HIGH,67.0,6485,3.91,43.76,30
24.20_84.60,24.20_84.60;24.25_84.60;24.25_84.70;24.25_84.80;24.20_84.75;24.25_84.65;24.15_84.75;24.15_84.70;24.05_84.80;24.10_84.80;24.10_84.65;24.05_84.60;24.20_84.70;24.10_84.75;24.05_84.65;24.15_84.85;24.10_84.70;24.20_84.80;24.20_84.65;24.25_84.75;24.10_84.60;24.15_84.60;24.15_84.80;24.15_84.65;24.20_84.85;24.30_84.75;24.10_84.85;24.30_84.80;24.05_84.70;24.05_84.75,30,24.23709983050848,84.6186906779661,73.93086207126439,HIGH,47.1,1477,3.81,50.61,30
29.70_81.30,29.70_81.30;29.65_81.30;29.70_81.20;29.70_81.25;29.65_81.20;29.65_81.10;29.45_81.15;29.65_81.25;29.45_81.10;29.65_81.15;29.50_81.10;29.60_81.20;29.60_81.25;29.45_81.20;29.50_81.05;29.45_81.05;29.60_81.30;29.60_81.15;29.70_81.10;29.45_81.25;29.50_81.15;29.55_81.20;29.45_81.30;29.50_81.30;29.50_81.25;29.50_81.20;29.55_81.25;29.55_81.15;29.55_81.10;29.60_81.10;29.55_81.30;29.55_81.05,32,29.723537831325302,81.3207784939759,73.89586869437059,HIGH,56.7,2665,5.74,94.01,30
27.85_77.50,27.85_77.50;27.90_77.45;27.90_77.50;27.85_77.40;28.00_77.50;28.00_77.55;27.90_77.40;27.95_77.50;28.05_77.35;27.85_77.45;28.00_77.30;28.05_77.50;27.95_77.40;28.00_77.35;27.95_77.45;27.90_77.35;28.00_77.45;28.00_77.40;28.05_77.45;27.95_77.30;28.05_77.30;28.05_77.40;27.95_77.35;27.85_77.35;27.90_77.30;27.85_77.30,26,27.874693780487803,77.52002853658537,73.86377835329768,HIGH,67.2,2629,5.85,109.82,30
29.75_81.95,29.75_81.95;29.80_82.05;29.70_82.10;29.75_81.90;29.75_82.05;29.70_81.90;29.75_82.10;29.75_82.00;29.80_82.10;29.85_81.90;29.80_81.90;29.70_82.15;29.90_81.90;29.85_81.95;29.85_82.10;29.95_81.90;29.80_81.95;29.90_81.95;29.95_82.10;29.80_82.00;29.95_81.95;29.90_82.00;29.90_82.10;29.95_82.05;29.90_82.05;29.85_82.00;29.95_82.00;29.85_82.05,28,29.77613826446281,81.97974016528924,73.85482987894821,HIGH,46.8,1520,8.96,121.64,30
24.60_80.40,24.60_80.40;24.80_80.35;24.80_80.25;24.75_80.50;24.60_80.45;24.75_80.45;24.75_80.40;24.60_80.50;24.65_80.25;24.80_80.50;24.60_80.35;24.75_80.35;24.65_80.50;24.70_80.25;24.75_80.30;24.60_80.30;24.70_80.50;24.65_80.45;24.70_80.30;24.75_80.25;24.70_80.40;24.80_80.30;24.60_80.25;24.70_80.45;24.80_80.45;24.65_80.40;24.70_80.35;24.80_80.40;24.65_80.30;24.65_80.35,30,24.62243190909091,80.43058293939393,73.8281952692063,HIGH,63.4,3415,8.34,127.83,30
28.15_79.65,28.15_79.65;28.15_79.70;28.20_79.65;28.20_79.70;28.10_79.65;28.10_79.70;28.30_79.60;28.35_79.50;28.25_79.60;28.25_79.65;28.25_79.70;28.35_79.65;28.15_79.60;28.30_79.70;28.10_79.50;28.35_79.45;28.30_79.65;28.15_79.45;28.20_79.55;28.30_79.55;28.10_79.60;28.10_79.45;28.10_79.55;28.35_79.55;28.20_79.60;28.15_79.50;28.25_79.50;28.25_79.55;28.15_79.55;28.25_79.45;28.20_79.45;28.30_79.45;28.30_79.50;28.20_79.50,34,28.174373269230767,79.6837466025641,73.82651844076135,HIGH,60.7,1624,4.04,75.78,30
27.15_82.40,27.15_82.40;27.15_82.35;27.05_82.35;27.25_82.40;27.10_82.40;27.25_82.35;27.25_82.30;27.20_82.35;27.20_82.30;27.05_82.30;27.10_82.35;27.20_82.15;27.20_82.25;27.15_82.30;27.20_82.20;27.15_82.20;27.05_82.15;27.25_82.15;27.10_82.25;27.10_82.30;27.15_82.25;27.05_82.25;27.10_82.15;27.15_82.15;27.05_82.20;27.25_82.20;27.25_82.25;27.00_82.25;27.10_82.20,29,27.18053585185185,82.42472985185186,73.7592570162979,HIGH,52.9,807,3.5,42.65,30
23.60_82.95,23.60_82.95;23.70_82.95;23.70_83.20;23.75_83.10;23.50_82.95;23.55_82.95;23.55_83.20;23.70_83.05;23.70_83.10;23.70_83.00;23.55_83.00;23.60_83.20;23.70_83.15;23.65_83.10;23.50_83.05;23.75_83.20;23.65_83.15;23.75_83.00;23.60_83.00;23.65_83.00;23.75_83.05;23.55_83.10;23.75_82.95;23.75_83.15;23.50_83.10;23.55_83.05;23.50_83.15;23.50_83.20;23.55_83.15;23.65_83.05;23.60_83.05;23.65_83.20;23.60_83.15;23.60_83.10,34,23.62208330526316,82.97353928421053,73.74987733440658,HIGH,62.0,6403,4.16,40.46,30
23.55_82.45,23.55_82.45;23.75_82.45;23.50_82.45;23.70_82.60;23.75_82.50;23.65_82.55;23.50_82.65;23.50_82.50;23.70_82.50;23.75_82.55;23.50_82.60;23.65_82.60;23.65_82.65;23.50_82.55;23.60_82.55;23.60_82.65;23.60_82.60;23.55_82.55;23.70_82.45;23.60_82.45;23.55_82.50;23.60_82.50;23.70_82.65;23.70_82.55;23.55_82.65;23.65_82.45;23.65_82.50;23.75_82.60;23.75_82.65;23.55_82.60,30,23.57630780241936,82.47105701612904,73.71347657658717,HIGH,67.4,6484,3.52,87.19,30
26.10_83.55,26.10_83.55;26.05_83.60;26.15_83.75;25.95_83.75;26.00_83.75;25.95_83.70;26.00_83.70;26.05_83.65;26.05_83.55;26.00_83.60;26.00_83.65;26.15_83.70;26.10_83.65;26.15_83.55;26.10_83.60;26.05_83.70;26.10_83.75;26.05_83.75;26.00_83.55;26.00_83.50;25.95_83.65;26.15_83.50;26.15_83.60;25.95_83.60;26.10_83.50;26.15_83.65;26.10_83.70;25.95_83.55;25.95_83.50;26.05_83.50,30,26.130569758454104,83.57000014492753,73.64102724565033,HIGH,61.6,1897,4.46,71.91,30
24.00_80.55,24.00_80.55;23.95_80.70;23.90_80.70;23.85_80.55;23.95_80.55;23.95_80.65;24.00_80.60;23.90_80.75;24.00_80.75;24.00_80.65;23.80_80.60;23.80_80.55;23.90_80.65;23.95_80.75;23.95_80.60;23.80_80.65;23.85_80.70;23.80_80.75;23.85_80.75;23.80_80.70;23.90_80.60;23.90_80.55;23.85_80.65;24.00_80.70;23.85_80.60,25,24.024937631578947,80.57519072368422,73.62387029496006,HIGH,64.0,1721,7.37,113.36,30
31.10_76.20,31.10_76.20;31.15_76.20;31.30_76.35;31.25_76.35;31.10_76.25;31.20_76.45;31.30_76.20;31.30_76.25;31.25_76.30;31.15_76.25;31.30_76.30;31.25_76.45;31.30_76.45;31.20_76.40;31.25_76.40;31.20_76.20;31.20_76.35;31.15_76.45;31.30_76.40;31.20_76.25;31.25_76.20;31.10_76.30;31.15_76.40;31.25_76.25;31.10_76.45;31.20_76.30;31.15_76.30,27,31.12313723076923,76.221009,73.61620718106506,HIGH,51.5,1399,4.99,53.51,30
23.95_79.80,23.95_79.80;24.00_79.80;23.95_79.85;23.85_79.85;23.90_79.85;24.00_79.85;23.85_79.95;23.85_79.80;23.90_79.80;23.80_79.80;24.00_79.90;23.80_79.75;23.90_79.90;24.00_79.75;23.95_79.90;23.80_79.95;23.90_79.75;23.95_79.75;23.95_79.95;23.80_79.85;23.85_79.75;23.90_79.95;23.80_79.90;23.85_79.90;23.80_79.70;24.00_79.95,26,23.97571557788945,79.82778958123953,73.61163761891441,HIGH,67.2,3814,8.12,85.99,30
31.00_77.40,31.00_77.40;31.00_77.30;31.00_77.45;30.95_77.45;31.05_77.35;31.05_77.45;30.90_77.30;30.95_77.50;31.00_77.35;31.00_77.50;30.90_77.50;30.80_77.35;30.80_77.30;30.95_77.30;31.05_77.40;31.05_77.50;30.85_77.30;30.90_77.40;31.05_77.30;30.85_77.35;30.95_77.35;30.90_77.35;30.95_77.40;30.90_77.45;30.80_77.40;30.85_77.50,26,31.020291264367817,77.42856942528735,73.58479330921396,HIGH,57.1,1864,5.32,117.94,30
29.30_80.70,29.30_80.70;29.30_80.55;29.30_80.75;29.20_80.65;29.35_80.70;29.35_80.55;29.25_80.55;29.25_80.65;29.40_80.70;29.35_80.75;29.20_80.75;29.35_80.65;29.40_80.65;29.20_80.60;29.40_80.75;29.30_80.65;29.25_80.70;29.40_80.55;29.30_80.60;29.25_80.60;29.20_80.70;29.25_80.75;29.35_80.60;29.40_80.60;29.20_80.55,25,29.32881776162791,80.72868406976744,73.58114349561173,HIGH,62.8,4762,3.39,53.82,30
24.05_79.15,24.05_79.15;24.25_78.95;24.10_79.15;24.20_78.90;24.30_78.95;24.10_79.10;24.25_79.15;24.10_79.05;24.15_79.10;24.05_78.95;24.20_78.95;24.10_78.90;24.10_79.00;24.05_79.00;24.25_79.00;24.05_79.10;24.10_78.95;24.25_79.10;24.20_79.05;24.25_78.90;24.20_79.10;24.20_79.00;24.15_78.95;24.30_79.05;24.05_79.05;24.25_79.05;24.30_79.10;24.15_79.00;24.05_78.90;24.15_78.90;24.15_79.15;24.20_79.15;24.15_79.05,33,24.083459078947367,79.17802799342105,73.57030045872492,HIGH,58.0,2523,7.12,112.97,30
25.70_78.90,25.70_78.90;25.75_78.95;25.65_78.90;25.75_79.00;25.75_78.90;25.85_78.90;25.90_78.95;25.80_78.90;25.70_78.95;25.65_78.95;25.80_78.95;25.90_79.10;25.80_79.00;25.90_78.90;25.85_78.95;25.85_79.10;25.70_79.05;25.80_79.15;25.85_79.15;25.70_79.00;25.90_79.00;25.80_79.10;25.75_79.05;25.80_79.05;25.90_79.05;25.85_79.00;25.90_79.15;25.70_79.10;25.85_79.05;25.75_79.10;25.70_79.15,31,25.723726009975064,78.92431610972568,73.5649142406029,HIGH,65.5,3833,6.08,54.76,30
29.05_82.30,29.05_82.30;28.90_82.40;29.15_82.30;29.05_82.40;29.15_82.25;29.10_82.40;28.95_82.40;29.05_82.35;29.00_82.40;28.95_82.30;29.15_82.20;29.00_82.25;29.15_82.35;29.00_82.20;28.95_82.25;29.10_82.30;29.00_82.15;28.90_82.25;29.05_82.25;29.10_82.35;29.15_82.15;29.05_82.15;28.95_82.20;28.95_82.15;29.15_82.40;29.05_82.20;28.90_82.35;28.95_82.35;28.90_82.20;29.10_82.15;29.00_82.30;29.10_82.25;29.00_82.35;29.10_82.20;28.90_82.15,35,29.0733716,82.31841666666668,73.56346153082332,HIGH,47.9,1145,6.85,140.53,30
25.60_79.40,25.60_79.40;25.40_79.35;25.45_79.40;25.40_79.25;25.60_79.20;25.60_79.25;25.40_79.40;25.45_79.25;25.55_79.40;25.65_79.40;25.40_79.20;25.55_79.25;25.60_79.30;25.65_79.20;25.55_79.20;25.50_79.20;25.50_79.30;25.50_79.40;25.45_79.30;25.45_79.20;25.65_79.25;25.45_79.35;25.50_79.25;25.50_79.35;25.60_79.35;25.55_79.30;25.55_79.35,27,25.623452236842105,79.43663125,73.53502145375644,HIGH,48.2,1112,6.65,100.35,30
25.90_82.70,25.90_82.70;25.80_82.90;25.90_82.95;25.90_82.85;25.90_82.75;25.80_82.80;25.85_82.70;25.80_82.85;25.85_82.90;25.80_82.75;25.85_82.75;25.90_82.90;25.90_82.80;25.85_82.85;25.75_82.85;25.75_82.90;25.70_82.85;25.80_82.70;25.75_82.80;25.75_82.75;25.85_82.80;25.70_82.90;25.65_82.90;25.65_82.75;25.70_82.80;25.65_82.85;25.75_82.70;25.70_82.75;25.70_82.70;25.65_82.70,30,25.916748136645964,82.72394534161491,73.51266698832828,HIGH,58.3,2392,5.09,71.95,30
28.85_82.85,28.85_82.85;28.70_82.70;28.65_82.70;28.65_82.75;28.75_82.75;28.65_82.80;28.80_82.70;28.70_82.80;28.70_82.75;28.70_82.85;28.85_82.90;28.75_82.70;28.70_82.95;28.70_82.90;28.85_82.75;28.85_82.80;28.65_82.90;28.75_82.80;28.65_82.85;28.85_82.70;28.75_82.90;28.80_82.75;28.80_82.90;28.80_82.80;28.75_82.85;28.80_82.85;28.80_82.95,27,28.87637782786885,82.88030155737705,73.49494659979752,HIGH,48.8,1288,8.02,151.28,30
29.70_79.75,29.70_79.75;29.55_79.80;29.60_79.95;29.65_79.80;29.65_79.90;29.65_79.75;29.70_79.95;29.50_79.80;29.65_79.95;29.60_79.75;29.45_79.90;29.70_79.80;29.50_79.90;29.70_79.85;29.65_79.85;29.55_79.75;29.50_79.95;29.55_79.95;29.55_79.85;29.50_79.85;29.70_79.90;29.45_79.95;29.45_79.80;29.60_79.80;29.55_79.90;29.45_79.75;29.60_79.90;29.60_79.85;29.45_79.85;29.50_79.75,30,29.72386912162162,79.77242719594594,73.47782040950973,HIGH,68.2,4781,3.39,65.25,30
25.65_79.60,25.65_79.60;25.60_79.45;25.60_79.60;25.45_79.45;25.65_79.50;25.60_79.50;25.65_79.45;25.45_79.70;25.55_79.45;25.55_79.50;25.50_79.45;25.40_79.45;25.60_79.55;25.40_79.70;25.55_79.65;25.55_79.70;25.45_79.50;25.40_79.65;25.50_79.60;25.50_79.50;25.40_79.50;25.60_79.65;25.55_79.60;25.45_79.65;25.40_79.60;25.45_79.60;25.55_79.55;25.50_79.55;25.45_79.55;25.60_79.70;25.65_79.70;25.50_79.65;25.40_79.55;25.50_79.70,34,25.67030125,79.61805227272727,73.46193530260126,HIGH,52.1,1413,9.69,358.83,30
27.00_82.65,27.00_82.65;26.75_82.50;26.95_82.50;27.00_82.60;26.95_82.60;26.95_82.40;26.85_82.50;26.95_82.65;26.85_82.55;26.90_82.50;27.00_82.55;26.90_82.60;26.75_82.60;26.80_82.60;26.80_82.65;26.80_82.50;26.95_82.55;26.95_82.45;26.90_82.65;26.85_82.45;27.00_82.40;26.80_82.45;26.75_82.65;26.90_82.55;26.90_82.40;26.85_82.60;26.75_82.45;26.90_82.45;26.80_82.55;26.85_82.65;26.75_82.55,31,27.02611067647059,82.67564123529412,73.46011803668596,HIGH,52.6,880,3.62,49.73,30
23.50_76.50,23.50_76.50;23.55_76.45;23.55_76.50;23.60_76.55;23.55_76.70;23.50_76.70;23.55_76.55;23.50_76.65;23.60_76.60;23.65_76.55;23.65_76.65;23.75_76.70;23.70_76.70;23.65_76.60;23.60_76.70;23.75_76.65;23.55_76.60;23.55_76.65;23.50_76.55;23.65_76.50;23.60_76.50;23.70_76.60;23.60_76.65;23.65_76.70;23.75_76.60;23.70_76.65;23.75_76.55;23.70_76.55,28,23.51689589403973,76.52360013245034,73.45821714029252,HIGH,58.0,1901,5.59,84.2,30
28.55_83.60,28.55_83.60;28.45_83.60;28.50_83.65;28.50_83.60;28.55_83.65;28.50_83.70;28.60_83.65;28.45_83.70;28.45_83.50;28.55_83.55;28.60_83.70;28.40_83.50;28.45_83.55;28.50_83.75;28.40_83.55;28.45_83.65;28.50_83.50;28.35_83.70;28.50_83.55;28.55_83.70;28.60_83.75;28.60_83.60;28.40_83.60;28.40_83.70;28.60_83.50;28.40_83.75;28.55_83.50;28.55_83.75;28.60_83.55,29,28.57899478723404,83.62519957446808,73.43684415975886,HIGH,51.4,1453,7.2,233.96,30
26.50_78.35,26.50_78.35;26.50_78.25;26.50_78.30;26.50_78.20;26.65_78.10;26.55_78.10;26.70_78.25;26.50_78.10;26.60_78.35;26.65_78.35;26.60_78.30;26.55_78.15;26.70_78.35;26.60_78.20;26.55_78.25;26.70_78.10;26.65_78.25;26.65_78.15;26.55_78.20;26.65_78.20;26.70_78.15;26.65_78.30;26.55_78.30;26.60_78.15,24,26.517572636815924,78.37315751243781,73.33383523555082,HIGH,29.0,837,5.11,82.92,30
25.15_81.70,25.15_81.70;25.15_81.65;25.10_81.75;25.20_81.75;25.15_81.75;25.20_81.70;25.20_81.80;25.25_81.70;25.25_81.65;25.15_81.80;25.35_81.85;25.35_81.65;25.20_81.65;25.20_81.85;25.15_81.85;25.25_81.60;25.35_81.60;25.35_81.75;25.25_81.85;25.35_81.80;25.30_81.65;25.30_81.80;25.25_81.75;25.15_81.60;25.30_81.85;25.25_81.80;25.35_81.70;25.30_81.70;25.30_81.75,29,25.16956713592233,81.73595888349516,73.2946597461733,HIGH,55.9,1337,3.87,67.09,30
23.50_76.10,23.50_76.10;23.50_75.95;23.55_75.95;23.60_76.15;23.65_76.15;23.55_76.10;23.50_76.00;23.75_76.20;23.55_76.15;23.50_76.05;23.60_76.10;23.70_76.05;23.65_76.05;23.70_76.10;23.70_76.15;23.65_75.95;23.60_76.00;23.75_75.95;23.70_76.00;23.55_76.00;23.65_76.00;23.60_76.05;23.70_75.95;23.75_76.10;23.75_76.00;23.60_75.95;23.55_76.05;23.75_76.05;23.65_76.10,29,23.52747822222222,76.12396233333334,73.27414106811722,HIGH,56.4,1519,7.34,54.96,30
24.05_79.20,24.05_79.20;24.10_79.25;24.15_79.30;24.10_79.20;24.15_79.35;24.15_79.40;24.20_79.40;24.10_79.30;24.25_79.40;24.10_79.40;24.05_79.35;24.20_79.35;24.05_79.25;24.05_79.30;24.10_79.35;24.05_79.40;24.25_79.30;24.15_79.25;24.25_79.35;24.20_79.30;24.15_79.20;24.25_79.20;24.20_79.25;24.20_79.20;24.25_79.25,25,24.08165701960784,79.21941721568626,73.25639909198212,HIGH,63.7,2385,6.29,73.36,30
26.75_84.00,26.75_84.00;26.80_83.90;26.80_84.00;26.75_83.85;26.90_83.85;26.95_83.80;26.80_83.80;26.75_83.80;26.95_83.95;27.00_83.95;26.90_83.90;27.00_83.85;26.85_83.80;26.80_83.95;26.85_83.85;26.75_83.90;26.75_83.95;26.85_83.90;26.95_84.00;26.85_83.95;26.80_83.85;26.95_83.90;26.90_83.95;26.95_83.85;26.90_83.80;26.90_84.00;26.85_84.00,27,26.77460493902439,84.02635408536585,73.24271908345371,HIGH,59.1,1099,3.6,83.28,30
23.55_83.85,23.55_83.85;23.55_84.00;23.75_83.90;23.70_83.85;23.75_83.85;23.65_83.95;23.60_84.00;23.55_83.90;23.65_83.80;23.50_84.00;23.50_83.95;23.55_83.80;23.70_83.95;23.70_83.80;23.70_83.90;23.65_83.85;23.75_83.95;23.65_84.00;23.60_83.90;23.55_83.95;23.60_83.85;23.50_83.90;23.60_83.95;23.65_83.90;23.75_83.75;23.70_84.00;23.75_83.80;23.75_84.00;23.50_83.80;23.60_83.80,30,23.5825547027027,83.87631686486486,73.22271793524017,HIGH,63.0,4882,3.7,45.8,30
27.85_84.90,27.85_84.90;27.90_84.95;27.85_84.95;27.90_84.90;28.00_84.85;27.95_84.90;28.05_84.95;28.05_84.85;27.95_84.85;27.95_84.95;27.85_84.85;28.00_84.90;28.00_84.95;27.90_84.85;28.05_84.90,15,27.87122611398964,84.92707290155441,73.20567871080605,HIGH,63.1,1790,2.66,59.65,30
24.10_80.45,24.10_80.45;24.05_80.40;24.20_80.50;24.25_80.45;24.15_80.45;24.30_80.45;24.05_80.50;24.25_80.35;24.20_80.35;24.25_80.40;24.10_80.40;24.15_80.50;24.05_80.45;24.10_80.50;24.15_80.30;24.10_80.30;24.20_80.40;24.20_80.30;24.05_80.30;24.25_80.50;24.30_80.35;24.05_80.35;24.20_80.25;24.20_80.45;24.25_80.25;24.15_80.35;24.15_80.25;24.25_80.30;24.05_80.25;24.10_80.35;24.15_80.40;24.10_80.25,32,24.12466107255521,80.48234936908518,73.19157408124556,HIGH,61.6,3749,11.27,216.7,30
23.60_74.90,23.60_74.90;23.55_74.90;23.60_74.95;23.55_74.85;23.65_75.00;23.55_74.95;23.65_74.90;23.65_74.95;23.50_74.90;23.60_75.10;23.60_75.05;23.60_75.00;23.55_75.00;23.65_75.10;23.55_75.10;23.50_75.10;23.50_75.00;23.70_75.00;23.65_75.05;23.60_74.85;23.50_75.05;23.70_75.10;23.75_74.90;23.70_75.05;23.75_75.05;23.70_74.95;23.50_74.85;23.55_75.05;23.65_74.85;23.70_74.90;23.50_74.95;23.75_74.95;23.70_74.85,33,23.621189135135136,74.92271832432432,73.17786698886174,HIGH,60.5,1363,5.27,54.55,30
31.35_75.70,31.35_75.70;31.35_75.85;31.45_75.70;31.40_75.70;31.35_75.75;31.35_75.80;31.40_75.85;31.35_75.65;31.45_75.90;31.35_75.90;31.40_75.75;31.45_75.75;31.40_75.80;31.45_75.85;31.40_75.90;31.45_75.80,16,31.37362598615917,75.72542287197231,73.17588319368264,HIGH,69.8,2787,4.72,52.5,30
25.95_79.85,25.95_79.85;26.15_79.80;25.95_79.75;26.15_79.95;26.05_79.90;26.15_79.85;26.00_79.90;26.00_79.95;25.95_79.80;26.15_79.90;26.00_79.85;26.10_79.90;26.00_79.80;26.10_79.95;26.10_79.80;26.05_79.95;25.95_79.90;26.15_79.75;26.05_79.75;26.00_79.75;26.10_79.85;26.05_79.80;25.95_79.95;26.05_79.85;26.10_79.75;26.20_79.75,26,25.98708514705882,79.86972852941176,73.16312380833483,HIGH,60.2,1865,5.74,71.74,30
28.05_80.30,28.05_80.30;27.90_80.25;27.85_80.30;27.90_80.35;27.95_80.25;28.05_80.50;28.05_80.45;28.00_80.30;27.95_80.30;27.90_80.40;27.90_80.30;28.05_80.25;28.00_80.50;27.85_80.35;27.85_80.25;28.00_80.35;27.95_80.35;27.95_80.45;28.05_80.40;28.05_80.35;27.95_80.50;28.00_80.40;27.85_80.45;28.00_80.45;27.85_80.40;27.90_80.45;27.95_80.40;27.90_80.50;27.85_80.50,29,28.074332,80.31879165853658,73.15271106632758,HIGH,66.7,2574,4.0,66.57,30
28.15_84.20,28.15_84.20;28.10_84.25;28.10_84.10;28.30_84.05;28.15_84.25;28.20_84.15;28.25_84.20;28.20_84.20;28.25_84.25;28.30_84.20;28.20_84.25;28.20_84.05;28.10_84.15;28.10_84.20;28.10_84.30;28.20_84.10;28.30_84.10;28.25_84.15;28.15_84.15;28.10_84.05;28.25_84.30;28.15_84.10;28.15_84.05;28.30_84.25;28.25_84.05;28.25_84.10;28.35_84.10;28.30_84.15;28.35_84.20,29,28.18569394366197,84.22620802816901,73.14088946414668,HIGH,56.9,1735,3.54,33.87,30
29.45_78.65,29.45_78.65;29.50_78.80;29.55_78.90;29.55_78.85;29.45_78.70;29.55_78.80;29.70_78.85;29.50_78.65;29.45_78.75;29.65_78.85;29.50_78.85;29.45_78.80;29.60_78.65;29.55_78.75;29.60_78.75;29.65_78.80;29.60_78.80;29.55_78.70;29.45_78.85;29.65_78.75;29.60_78.85;29.60_78.70;29.50_78.70;29.50_78.75;29.55_78.65;29.70_78.65;29.65_78.70;29.65_78.65,28,29.478253939393937,78.67778803030303,73.11915221499181,HIGH,45.2,1687,4.47,106.05,30
29.15_79.05,29.15_79.05;29.15_79.00;29.15_79.10;29.15_79.15;29.10_79.15;29.05_79.15;29.10_79.10;29.10_79.00;29.10_78.95;29.05_79.00;29.05_78.95;29.00_79.15;29.00_79.00;29.10_79.05;28.90_79.15;29.15_78.90;29.15_78.95;28.95_79.15;28.95_79.10;28.95_79.05;29.05_79.10;28.95_78.95;28.95_79.00;29.00_79.10;29.05_78.90;29.10_78.90;29.00_79.05;29.00_78.95;28.90_79.05;28.90_79.00;28.90_79.10;29.05_79.05;28.90_78.90;29.00_78.90;28.95_78.90,35,29.176458537735847,79.07587117924528,73.09879044869993,HIGH,66.4,3523,3.91,43.47,30
24.65_78.80,24.65_78.80;24.65_78.85;24.80_78.65;24.60_78.85;24.60_78.90;24.60_78.65;24.60_78.70;24.65_78.70;24.60_78.80;24.65_78.90;24.65_78.75;24.70_78.75;24.80_78.80;24.75_78.80;24.75_78.75;24.70_78.80;24.80_78.75;24.75_78.70;24.60_78.75;24.75_78.65;24.65_78.65;24.75_78.85;24.70_78.85;24.70_78.65;24.80_78.70;24.80_78.90;24.70_78.70;24.85_78.85;24.80_78.85,29,24.679386815286627,78.83065789808917,73.06326588836218,HIGH,55.6,1398,6.65,91.25,30
29.30_77.10,29.30_77.10;29.20_77.05;29.35_77.05;29.20_77.10;29.20_77.00;29.25_77.05;29.40_77.20;29.30_77.05;29.35_77.00;29.35_77.10;29.20_77.15;29.40_77.00;29.25_77.15;29.25_77.20;29.25_77.10;29.40_77.05;29.30_77.15;29.40_77.10;29.20_77.20;29.35_77.20;29.30_77.25;29.25_77.25;29.40_77.25;29.20_77.25;29.30_77.20;29.40_77.15;29.35_77.15;29.35_77.25,28,29.325917908163262,77.13110806122448,73.03869749012743,HIGH,67.5,2764,4.27,56.88,30
23.60_84.40,23.60_84.40;23.70_84.35;23.60_84.45;23.70_84.30;23.50_84.45;23.65_84.35;23.55_84.40;23.60_84.50;23.55_84.35;23.55_84.45;23.50_84.50;23.60_84.35;23.55_84.50;23.55_84.55;23.50_84.55;23.65_84.40;23.50_84.40;23.75_84.55;23.65_84.45;23.60_84.55;23.65_84.30;23.50_84.35;23.70_84.40;23.75_84.35;23.75_84.30;23.75_84.50;23.70_84.50;23.70_84.55;23.75_84.40;23.75_84.45;23.65_84.50;23.65_84.55;23.70_84.45,33,23.62616244147157,84.4253610702341,73.02815331206963,HIGH,60.8,4136,3.52,38.32,30
24.60_78.35,24.60_78.35;24.65_78.35;24.60_78.15;24.70_78.30;24.80_78.20;24.60_78.10;24.80_78.15;24.60_78.30;24.65_78.30;24.70_78.10;24.80_78.25;24.75_78.15;24.70_78.35;24.85_78.30;24.75_78.10;24.80_78.10;24.75_78.35;24.80_78.30;24.75_78.20;24.70_78.15;24.65_78.15;24.65_78.10;24.80_78.35;24.75_78.30;24.60_78.20;24.75_78.25;24.65_78.20;24.65_78.25;24.70_78.20,29,24.621820916666664,78.37135045833334,73.02256824265027,HIGH,53.9,1698,7.29,78.51,30
24.50_83.30,24.50_83.30;24.50_83.40;24.50_83.25;24.50_83.45;24.50_83.35;24.30_83.40;24.35_83.25;24.55_83.30;24.35_83.40;24.45_83.35;24.55_83.35;24.55_83.45;24.55_83.40;24.35_83.45;24.45_83.25;24.40_83.25;24.40_83.30;24.35_83.50;24.55_83.25;24.45_83.45;24.45_83.30;24.35_83.30;24.45_83.40;24.40_83.45;24.40_83.40;24.35_83.35,26,24.53267090909091,83.32694967532467,73.01599047731888,HIGH,46.8,1866,7.66,124.42,30
23.95_81.30,23.95_81.30;23.90_81.15;24.00_81.15;23.95_81.15;23.95_81.25;23.80_81.25;23.90_81.20;24.00_81.25;24.00_81.30;23.75_81.25;23.95_81.20;23.90_81.10;23.80_81.30;24.00_81.20;23.75_81.30;23.90_81.25;23.90_81.30;23.85_81.10;23.80_81.20;23.85_81.15;23.95_81.10;23.85_81.30;23.85_81.25;23.80_81.10;23.80_81.15;24.00_81.10;23.95_81.05;23.85_81.20;24.00_81.05,29,23.972960866666664,81.32011993333333,72.99957743601374,HIGH,53.8,2148,6.57,90.27,30
24.65_79.50,24.65_79.50;24.80_79.65;24.60_79.55;24.80_79.70;24.65_79.45;24.80_79.60;24.60_79.45;24.80_79.55;24.75_79.45;24.80_79.50;24.65_79.55;24.60_79.70;24.60_79.65;24.60_79.50;24.60_79.60;24.75_79.60;24.70_79.55;24.75_79.65;24.75_79.70;24.65_79.60;24.70_79.70;24.80_79.45;24.75_79.50;24.70_79.50;24.70_79.65;24.75_79.55;24.70_79.60;24.70_79.45;24.65_79.65,29,24.670850941176468,79.51762564705882,72.97682277298144,HIGH,59.6,1866,7.27,172.64,30
28.60_76.40,28.60_76.40;28.60_76.45;28.60_76.30;28.60_76.35;28.60_76.20;28.55_76.45;28.50_76.45;28.45_76.45;28.60_76.25;28.55_76.40;28.55_76.20;28.40_76.45;28.55_76.35;28.45_76.35;28.55_76.30;28.40_76.30;28.40_76.25;28.45_76.40;28.50_76.40;28.45_76.25;28.55_76.25;28.45_76.30;28.40_76.35;28.40_76.20;28.50_76.30;28.35_76.30;28.40_76.40;28.45_76.20;28.50_76.35;28.50_76.25;28.35_76.25,31,28.62605975409836,76.42699680327868,72.93013554249268,HIGH,44.6,1251,6.26,92.19,30
25.95_82.85,25.95_82.85;25.95_82.90;25.95_82.80;25.95_82.95;25.95_82.75;25.95_82.70;26.00_82.85;26.10_82.75;26.10_82.70;26.05_82.70;26.00_82.95;26.05_82.90;26.00_82.70;26.10_82.95;26.00_82.75;26.10_82.85;26.15_82.70;26.00_82.80;26.10_82.80;26.10_82.90;26.05_82.75;26.00_82.90;26.05_82.85;26.15_82.90;26.15_82.75;26.05_82.80;26.15_82.85;26.05_82.95;26.20_82.70;26.15_82.80,30,25.97523772357724,82.88057772357723,72.9231589579292,HIGH,56.2,954,4.35,86.41,30
29.20_76.15,29.20_76.15;29.25_76.15;29.20_76.00;29.35_76.00;29.20_76.10;29.40_76.15;29.40_76.05;29.35_75.95;29.25_76.10;29.20_76.05;29.35_76.05;29.40_76.00;29.30_75.95;29.40_76.10;29.40_75.95;29.30_76.00;29.30_76.10;29.25_76.05;29.25_75.95;29.25_76.00;29.35_76.15;29.30_76.15;29.30_76.05;29.35_76.10;29.20_75.95,25,29.22564400722021,76.17953823104693,72.90566712776635,HIGH,67.3,2100,4.9,53.82,30
23.55_75.35,23.55_75.35;23.50_75.35;23.50_75.25;23.65_75.35;23.60_75.35;23.50_75.20;23.50_75.30;23.70_75.20;23.60_75.15;23.65_75.15;23.50_75.15;23.55_75.15;23.55_75.30;23.75_75.35;23.55_75.20;23.70_75.35;23.65_75.20;23.65_75.25;23.70_75.30;23.70_75.15;23.75_75.25;23.60_75.20;23.75_75.30;23.75_75.15;23.55_75.25;23.60_75.30;23.65_75.30;23.70_75.25;23.60_75.25,29,23.572943454545456,75.37385703030303,72.90325735250863,HIGH,55.6,976,5.46,86.09,30
25.10_83.20,25.10_83.20;24.90_83.20;25.10_83.05;25.10_83.10;25.10_83.15;25.05_83.15;25.05_83.20;24.85_83.20;25.05_83.05;24.85_83.15;25.00_83.15;24.85_83.05;25.00_83.20;25.05_83.10;24.90_83.10;25.10_82.95;24.85_83.10;24.90_83.05;24.95_83.05;24.95_83.15;24.95_83.20;24.95_83.10;25.10_83.00;24.90_83.15;24.95_83.00;24.90_83.00;25.00_82.95;25.00_83.00;25.00_83.10;25.05_83.00;25.00_83.05;24.85_83.00,32,25.12852049689441,83.23303639751553,72.86797925842096,HIGH,49.4,1513,6.2,166.62,30
24.25_81.15,24.25_81.15;24.10_81.30;24.20_81.20;24.05_81.25;24.05_81.15;24.25_81.10;24.30_81.10;24.15_81.30;24.25_81.20;24.25_81.25;24.10_81.25;24.20_81.30;24.20_81.10;24.30_81.20;24.05_81.20;24.25_81.30;24.15_81.25;24.20_81.25;24.20_81.15;24.15_81.10;24.10_81.15;24.15_81.15;24.05_81.30;24.10_81.10;24.15_81.20;24.05_81.10;24.05_81.05,27,24.27973821086262,81.17128581469649,72.8622962530921,HIGH,57.2,2185,6.93,80.08,30
24.60_79.40,24.60_79.40;24.70_79.30;24.75_79.30;24.70_79.25;24.65_79.25;24.60_79.20;24.60_79.35;24.65_79.40;24.60_79.25;24.65_79.30;24.75_79.25;24.75_79.20;24.80_79.30;24.60_79.30;24.65_79.20;24.80_79.25;24.70_79.35;24.70_79.40;24.65_79.35;24.75_79.35;24.70_79.20;24.75_79.40;24.80_79.40;24.80_79.35;24.80_79.20,25,24.623094897959184,79.419789212828,72.84930071331947,HIGH,63.8,1626,7.58,91.13,30
25.95_76.60,25.95_76.60;26.00_76.70;26.00_76.65;25.95_76.55;25.95_76.70;25.95_76.65;26.05_76.60;26.05_76.70;26.10_76.75;26.20_76.50;26.00_76.55;26.10_76.60;26.00_76.60;26.15_76.60;26.15_76.50;26.10_76.70;26.00_76.50;26.10_76.65;26.15_76.55;26.05_76.55;26.05_76.65;26.10_76.55,22,25.96582893162393,76.62229773504274,72.82559002586584,HIGH,24.3,543,4.78,46.47,30
26.15_81.60,26.15_81.60;26.00_81.80;26.15_81.70;25.95_81.80;26.10_81.65;25.95_81.85;26.10_81.60;25.95_81.75;26.15_81.65;25.95_81.60;25.95_81.65;26.00_81.70;25.90_81.75;26.05_81.65;26.15_81.75;26.15_81.80;26.10_81.70;26.15_81.85;26.05_81.75;26.00_81.75;26.10_81.75;25.95_81.70;26.00_81.85;26.05_81.80;26.10_81.80;26.05_81.70;26.05_81.85;26.00_81.65;26.10_81.85,29,26.180480913705583,81.62233609137056,72.79607654212857,HIGH,56.6,1126,4.18,43.35,30
28.65_77.55,28.65_77.55;28.75_77.55;28.70_77.55;28.75_77.60;28.85_77.60;28.80_77.65;28.80_77.60;28.80_77.70;28.85_77.55;28.65_77.65;28.85_77.80;28.75_77.65;28.85_77.70;28.70_77.70;28.80_77.55;28.75_77.70;28.65_77.70;28.80_77.80;28.85_77.75;28.65_77.75;28.80_77.75;28.85_77.65;28.70_77.60;28.75_77.80;28.75_77.75;28.70_77.65;28.65_77.60;28.65_77.80;28.70_77.80;28.70_77.75,30,28.666192476780186,77.56980479876161,72.79139667836293,HIGH,64.4,2053,3.34,22.68,30
29.95_78.35,29.95_78.35;29.95_78.10;29.75_78.35;29.80_78.10;29.75_78.10;29.75_78.15;29.80_78.30;29.85_78.10;29.80_78.15;29.90_78.10;29.75_78.25;29.80_78.35;29.95_78.30;29.90_78.15;29.95_78.15;29.85_78.25;29.85_78.30;29.80_78.20;29.85_78.20;29.85_78.15;29.75_78.30;29.80_78.25;29.90_78.30;29.85_78.35;29.90_78.25;29.95_78.25;29.75_78.20;29.90_78.20;29.95_78.20,29,29.973951291390726,78.37310168874173,72.778528352002,HIGH,56.6,2237,4.9,60.68,30
23.95_79.65,23.95_79.65;23.95_79.70;23.85_79.60;23.80_79.65;23.90_79.65;23.80_79.55;24.00_79.45;23.90_79.70;23.85_79.55;23.90_79.60;24.00_79.70;23.85_79.70;23.80_79.60;23.95_79.55;23.95_79.60;23.85_79.50;23.85_79.65;23.95_79.45;23.90_79.55;23.75_79.50;24.00_79.65;24.00_79.50;23.90_79.45;23.90_79.50;23.95_79.50;23.80_79.50;24.00_79.60;23.85_79.45;23.80_79.45;24.00_79.55,30,23.97468926666667,79.6732516,72.76203635770676,HIGH,60.6,1432,5.67,56.02,30
26.45_84.05,26.45_84.05;26.45_84.10;26.40_84.05;26.25_84.05;26.20_84.05;26.20_84.10;26.35_84.05;26.25_84.10;26.20_84.20;26.25_84.20;26.30_84.20;26.30_84.05;26.40_84.20;26.20_84.25;26.35_84.20;26.35_84.10;26.45_84.20;26.30_84.25;26.40_84.10;26.45_84.25;26.30_84.30;26.25_84.25;26.20_84.30;26.40_84.25;26.35_84.30;26.35_84.25;26.45_84.15;26.25_84.30;26.20_84.15;26.25_84.15;26.30_84.15;26.35_84.15;26.30_84.10;26.40_84.15,34,26.47145330882353,84.07552389705882,72.74702296945507,HIGH,51.4,825,6.53,341.88,30
27.25_80.40,27.25_80.40;27.25_80.35;27.10_80.25;27.20_80.40;27.05_80.40;27.20_80.35;27.20_80.45;27.15_80.30;27.15_80.40;27.20_80.30;27.25_80.30;27.10_80.30;27.05_80.25;27.20_80.50;27.25_80.45;27.10_80.35;27.10_80.40;27.10_80.45;27.25_80.50;27.25_80.25;27.05_80.45;27.15_80.35;27.05_80.35;27.05_80.30;27.05_80.50;27.15_80.45;27.00_80.35;27.00_80.40;27.15_80.50,29,27.28309907407408,80.42151055555554,72.7409748871562,HIGH,55.8,713,4.42,102.03,30
25.45_84.80,25.45_84.80;25.45_84.75;25.50_84.80;25.40_84.80;25.60_84.60;25.50_84.75;25.60_84.75;25.60_84.80;25.40_84.75;25.40_84.65;25.55_84.75;25.60_84.70;25.60_84.65;25.65_84.65;25.45_84.65;25.50_84.60;25.55_84.70;25.40_84.70;25.55_84.65;25.65_84.60;25.55_84.80;25.50_84.65;25.55_84.60;25.45_84.60;25.40_84.60;25.50_84.70,26,25.47748799019608,84.82450132352942,72.73426836120811,HIGH,45.5,714,4.71,88.19,30
23.65_76.20,23.65_76.20;23.60_76.40;23.70_76.20;23.50_76.20;23.65_76.40;23.50_76.25;23.65_76.35;23.60_76.25;23.50_76.45;23.60_76.35;23.65_76.30;23.55_76.20;23.60_76.45;23.60_76.20;23.55_76.40;23.75_76.35;23.55_76.25;23.70_76.35;23.50_76.30;23.70_76.25;23.60_76.30;23.55_76.30;23.65_76.25;23.55_76.35;23.50_76.40;23.75_76.25;23.65_76.45;23.70_76.40;23.70_76.30;23.70_76.45;23.75_76.40;23.75_76.45,32,23.672980263157896,76.22759638157895,72.71620230705938,HIGH,59.4,1644,6.0,73.16,30
23.80_82.10,23.80_82.10;23.85_81.90;23.80_81.95;23.95_82.00;23.80_82.05;23.80_81.90;23.85_82.10;23.85_82.00;23.85_81.95;24.00_82.00;23.90_82.00;23.80_82.00;23.85_82.05;23.95_82.05;23.90_82.05;23.95_82.10;23.90_81.90;23.90_81.95;24.00_81.90;23.90_82.10;23.95_81.90;23.95_81.95;24.00_81.95;24.00_82.05;24.00_82.10,25,23.820114825,82.124991425,72.64767262704429,HIGH,53.0,3088,4.35,106.5,30
29.40_77.70,29.40_77.70;29.20_77.55;29.35_77.60;29.30_77.55;29.40_77.60;29.40_77.55;29.20_77.80;29.20_77.60;29.20_77.65;29.30_77.70;29.40_77.65;29.40_77.75;29.30_77.65;29.35_77.55;29.35_77.70;29.25_77.70;29.25_77.55;29.20_77.70;29.35_77.65;29.35_77.75;29.25_77.65;29.30_77.75;29.25_77.60;29.40_77.80;29.25_77.75;29.25_77.80;29.30_77.60;29.20_77.75;29.35_77.80;29.30_77.80,30,29.425182327586207,77.71438146551723,72.64419261352948,HIGH,63.9,1512,3.17,21.3,30
23.75_80.95,23.75_80.95;23.65_80.90;23.70_80.80;23.70_80.85;23.70_80.90;23.55_80.90;23.65_80.95;23.60_80.95;23.70_80.95;23.65_80.85;23.65_80.80;23.60_80.90;23.75_81.00;23.75_80.85;23.55_80.85;23.50_80.80;23.50_81.00;23.50_80.95;23.55_80.95;23.50_80.90;23.75_80.90;23.50_80.85;23.55_81.00;23.60_80.80;23.60_80.85;23.70_81.00;23.55_80.80;23.75_80.80;23.75_81.05;23.60_81.05;23.55_81.05;23.60_81.00;23.50_81.05;23.70_81.05;23.65_81.00,35,23.772809283667623,80.97383022922637,72.63881151132075,HIGH,57.9,3369,6.5,127.18,30
29.95_74.65,29.95_74.65;29.90_74.60;29.95_74.60;29.95_74.80;29.95_74.75;29.90_74.65;29.95_74.70;29.80_74.65;29.90_74.80;29.90_74.75;29.90_74.70;29.85_74.60;29.80_74.60;29.85_74.65;29.85_74.70;29.85_74.80;29.80_74.75;29.75_74.65;29.75_74.80;29.80_74.70;29.85_74.75;29.80_74.80;29.75_74.60;29.75_74.70;29.70_74.60;29.75_74.75,26,29.97144235059761,74.6728935059761,72.62753812033301,HIGH,62.9,2537,5.87,87.96,30
25.10_75.85,25.10_75.85;25.10_75.90;24.95_75.90;25.00_75.80;24.90_75.90;25.05_75.80;25.00_75.90;25.05_75.90;25.05_75.75;25.10_75.75;25.10_75.80;25.05_75.85;24.90_75.70;25.00_75.85;24.85_75.90;25.05_75.70;25.00_75.65;24.90_75.75;24.95_75.85;24.85_75.70;25.10_75.70;25.05_75.65;25.00_75.70;24.95_75.75,24,25.131137125,75.8865708125,72.60791277406179,HIGH,38.0,554,6.8,34.56,30
31.40_77.65,31.40_77.65;31.40_77.55;31.45_77.75;31.40_77.70;31.45_77.65;31.35_77.65;31.45_77.80;31.35_77.55;31.40_77.75;31.40_77.60;31.35_77.60;31.45_77.60;31.35_77.70;31.45_77.55;31.45_77.70;31.40_77.80;31.35_77.75;31.35_77.80,18,31.42433654320988,77.67257543209877,72.56533839697691,HIGH,66.3,1515,4.01,49.99,30
28.90_78.05,28.90_78.05;29.00_78.05;29.15_78.05;28.95_78.00;28.90_78.00;29.10_78.00;29.15_78.00;28.95_78.05;29.05_78.05;29.15_77.95;29.05_77.85;29.10_78.05;29.00_78.00;29.05_78.00;28.95_77.90;28.95_77.85;29.05_77.90;28.95_77.95;29.10_77.90;29.10_77.85;29.00_77.90;28.90_77.85;29.05_77.95;29.00_77.95;29.15_77.90;29.15_77.85;28.90_77.90;28.90_77.95;29.00_77.85;29.10_77.95,30,28.92390661585366,78.07333283536585,72.55522196167266,HIGH,66.3,2703,3.86,51.69,30
24.25_80.85,24.25_80.85;24.20_81.00;24.15_80.80;24.25_81.00;24.15_80.85;24.25_80.95;24.15_80.90;24.30_81.00;24.30_80.85;24.25_80.80;24.20_80.85;24.10_80.85;24.25_80.90;24.20_80.90;24.20_80.95;24.15_80.95;24.10_80.80;24.05_80.80;24.05_80.90;24.05_80.85;24.10_80.90;24.25_81.05;24.10_80.95;24.15_81.00;24.10_81.00;24.20_81.05;24.15_81.05;24.05_80.95;24.10_81.05,29,24.27969862068965,80.87154256157635,72.53797422192095,HIGH,63.8,2788,7.46,90.79,30
29.15_81.60,29.15_81.60;29.15_81.65;29.00_81.65;29.05_81.75;29.10_81.60;29.00_81.75;29.10_81.65;29.10_81.75;28.95_81.70;29.00_81.70;29.05_81.85;29.00_81.85;29.00_81.60;28.95_81.65;29.05_81.70;28.90_81.60;29.05_81.65;29.00_81.80;28.95_81.85;29.10_81.70;29.10_81.80;28.95_81.80;28.95_81.75;29.05_81.80;28.90_81.75;29.15_81.80;29.15_81.85;29.15_81.75;29.10_81.85;28.90_81.85,30,29.18144306748466,81.6302982208589,72.53504234395693,HIGH,52.7,1800,4.96,122.96,30
26.45_82.60,26.45_82.60;26.40_82.65;26.35_82.50;26.35_82.60;26.45_82.50;26.45_82.65;26.20_82.50;26.45_82.55;26.30_82.60;26.40_82.55;26.20_82.45;26.20_82.55;26.35_82.65;26.30_82.55;26.20_82.60;26.30_82.50;26.30_82.45;26.30_82.65;26.40_82.45;26.35_82.45;26.35_82.55;26.40_82.60;26.25_82.55;26.40_82.50;26.25_82.50;26.25_82.45;26.20_82.65;26.25_82.60;26.25_82.65,29,26.47186779411765,82.61928132352942,72.5078020733969,HIGH,60.4,1278,4.11,60.36,30
26.15_79.05,26.15_79.05;25.95_78.95;26.10_78.90;26.05_78.95;26.05_78.90;26.15_78.90;25.95_79.00;26.00_79.10;26.00_79.00;26.00_78.95;26.00_79.05;26.15_79.15;26.05_79.10;26.10_79.10;26.05_79.05;26.10_78.95;26.00_78.90;26.10_79.05;26.05_79.15;26.00_79.15;26.15_78.95;25.95_79.10;25.95_79.15;26.10_79.15;26.15_79.10;25.95_79.05;26.10_79.00;26.15_79.00;26.05_79.00,29,26.17530154761905,79.06870660714286,72.50569365691875,HIGH,65.7,2840,5.43,59.05,30
29.35_76.35,29.35_76.35;29.20_76.45;29.35_76.40;29.20_76.40;29.40_76.30;29.20_76.20;29.20_76.35;29.30_76.40;29.30_76.45;29.20_76.30;29.40_76.45;29.35_76.45;29.40_76.40;29.25_76.40;29.30_76.20;29.25_76.20;29.20_76.25;29.40_76.35;29.25_76.25;29.30_76.35;29.35_76.30;29.25_76.45;29.40_76.25;29.25_76.35;29.40_76.20;29.35_76.25;29.25_76.30;29.30_76.25;29.35_76.20;29.30_76.30,30,29.372375085714285,76.3725716,72.47173930482589,HIGH,68.9,3864,5.44,57.64,30
26.75_84.30,26.75_84.30;26.75_84.35;26.95_84.35;26.95_84.45;27.00_84.55;26.95_84.55;26.90_84.35;26.90_84.55;26.85_84.35;26.80_84.35;27.00_84.40;26.90_84.45;26.95_84.40;27.00_84.35;26.75_84.55;26.80_84.50;26.80_84.40;26.95_84.50;26.90_84.40;26.85_84.55;26.85_84.45;26.75_84.40;26.75_84.45;26.85_84.40;26.85_84.50;26.80_84.45;26.75_84.50;26.90_84.50;26.80_84.55,29,26.7760468,84.32495394285714,72.45042756342556,HIGH,44.8,559,3.48,57.38,30
29.75_81.80,29.75_81.80;29.75_81.70;29.85_81.80;29.75_81.85;29.85_81.85;29.80_81.80;29.90_81.85;29.80_81.85;29.95_81.80;29.90_81.80;29.95_81.85;29.80_81.70;29.85_81.65;29.80_81.65;29.75_81.65;29.75_81.75;29.80_81.75;29.85_81.75;29.75_81.60;29.95_81.60;29.95_81.75;29.85_81.70;29.95_81.70;29.95_81.65;29.80_81.60;29.90_81.75;29.90_81.65,27,29.784299375,81.82551637499999,72.44857066050069,HIGH,42.9,947,10.95,291.96,30
23.90_75.60,23.90_75.60;23.80_75.50;23.80_75.55;23.95_75.60;24.00_75.50;23.95_75.50;23.85_75.55;23.85_75.60;23.85_75.50;23.90_75.55;23.90_75.65;23.95_75.45;24.00_75.55;23.80_75.45;23.95_75.55;23.90_75.40;24.00_75.45;23.85_75.40;23.80_75.40;23.80_75.60;23.95_75.40;23.90_75.50;24.00_75.40;23.90_75.45;23.85_75.45;24.00_75.60,26,23.92682931372549,75.63071529411765,72.43617988334417,HIGH,56.8,929,6.66,87.86,30
27.80_84.85,27.80_84.85;27.70_84.95;27.55_84.95;27.80_84.90;27.80_84.95;27.75_84.95;27.60_84.85;27.60_84.95;27.65_84.85;27.55_84.90;27.65_84.95;27.60_84.90;27.55_84.85;27.70_84.85;27.65_84.90;27.75_84.90;27.75_84.85;27.70_84.90,18,27.82977191666667,84.881778,72.43239677261326,HIGH,62.1,2753,3.01,73.92,30
26.30_81.50,26.30_81.50;26.20_81.40;26.35_81.50;26.35_81.35;26.30_81.40;26.35_81.45;26.30_81.55;26.30_81.35;26.30_81.60;26.20_81.50;26.25_81.55;26.20_81.55;26.25_81.50;26.45_81.55;26.35_81.55;26.30_81.45;26.45_81.50;26.40_81.40;26.40_81.35;26.35_81.40;26.20_81.45;26.25_81.45;26.45_81.35;26.25_81.40;26.45_81.45;26.40_81.45;26.25_81.35;26.40_81.60;26.40_81.50;26.20_81.35;26.40_81.55;26.45_81.40,32,26.33139053097345,81.52146097345133,72.41505501658682,HIGH,64.1,2149,4.6,54.76,30
25.10_84.40,25.10_84.40;25.10_84.30;25.00_84.30;24.90_84.30;25.05_84.35;25.05_84.30;25.10_84.35;25.05_84.40;25.00_84.35;24.85_84.30;24.95_84.35;25.05_84.45;24.90_84.50;24.85_84.45;24.85_84.35;24.90_84.40;24.85_84.40;24.95_84.40;24.95_84.55;24.90_84.35;25.00_84.40;24.95_84.50;24.90_84.45;25.05_84.50;25.00_84.55;25.05_84.55;25.10_84.55;24.90_84.55;24.85_84.50;24.95_84.45;25.00_84.50;24.85_84.55;25.00_84.45,33,25.127159612676056,84.42842961267606,72.39933563836605,HIGH,47.3,1425,4.78,82.68,30
26.45_78.40,26.45_78.40;26.45_78.35;26.45_78.45;26.20_78.40;26.20_78.45;26.45_78.50;26.20_78.55;26.40_78.55;26.45_78.55;26.40_78.40;26.35_78.60;26.25_78.45;26.35_78.45;26.35_78.50;26.40_78.45;26.20_78.60;26.25_78.60;26.30_78.40;26.40_78.50;26.40_78.60;26.35_78.40;26.45_78.60;26.20_78.50;26.25_78.55;26.30_78.45;26.30_78.60;26.30_78.50;26.35_78.55;26.30_78.55;26.25_78.40,30,26.48405277634961,78.42602272493573,72.38266229696815,HIGH,45.2,1119,5.14,55.4,30
28.85_78.05,28.85_78.05;28.80_78.05;28.70_78.00;28.85_78.00;28.70_77.95;28.80_77.85;28.70_77.90;28.75_78.00;28.75_77.85;28.80_78.00;28.65_77.95;28.75_78.05;28.65_77.90;28.80_77.95;28.70_77.85;28.70_78.05;28.65_78.00;28.75_77.90;28.85_77.85;28.75_77.95;28.65_77.85;28.80_77.90;28.85_77.90;28.85_77.95;28.65_78.05,25,28.87945313131313,78.07522186868687,72.3660954827316,HIGH,62.7,1315,3.33,39.92,30
23.60_81.30,23.60_81.30;23.60_81.25;23.50_81.10;23.55_81.15;23.50_81.30;23.50_81.20;23.55_81.25;23.70_81.15;23.50_81.25;23.60_81.15;23.65_81.25;23.55_81.30;23.60_81.20;23.65_81.20;23.55_81.20;23.70_81.25;23.65_81.30;23.50_81.15;23.70_81.30;23.65_81.15;23.60_81.10;23.70_81.20;23.70_81.10;23.65_81.10;23.75_81.20;23.65_81.05;23.55_81.10;23.75_81.15,28,23.61922868263473,81.31605982035929,72.31252187063184,HIGH,52.6,1676,5.5,58.36,30
23.85_83.15,23.85_83.15;24.00_83.10;23.95_83.10;23.85_83.00;23.95_83.15;24.00_82.95;23.85_83.05;24.00_83.05;23.90_83.15;23.85_83.20;24.00_83.20;23.80_83.15;24.00_83.00;23.90_83.00;23.90_83.20;24.00_83.15;23.80_83.00;23.80_83.10;23.85_83.10;23.90_83.10;23.90_82.95;23.95_83.05;23.90_83.05;23.80_83.20;23.95_83.20;23.95_83.00;23.80_83.05,27,23.8715953968254,83.17822804232804,72.29679524750117,HIGH,59.1,3103,5.88,75.95,30
28.05_77.70,28.05_77.70;27.85_77.70;27.95_77.55;27.85_77.60;28.05_77.55;27.95_77.65;28.00_77.60;27.95_77.75;27.95_77.70;27.90_77.75;28.05_77.60;27.95_77.60;28.00_77.70;27.90_77.70;28.05_77.75;28.00_77.75;27.90_77.55;27.85_77.75;28.05_77.80;28.05_77.65;27.90_77.65;27.85_77.80;27.85_77.55;28.00_77.65;27.90_77.60;28.00_77.80;27.95_77.80;27.90_77.80;27.85_77.65,29,28.080266,77.71960844444445,72.23302778384533,HIGH,59.5,1555,4.09,59.45,30
28.30_84.85,28.30_84.85;28.35_84.85;28.25_84.85;28.35_84.90;28.25_84.90;28.20_84.95;28.15_84.85;28.30_84.90;28.20_84.85;28.15_84.90;28.25_84.95;28.20_84.90;28.15_84.95;28.10_84.95;28.30_84.95;28.10_84.90,16,28.323769097222225,84.87766527777778,72.2312247024132,HIGH,62.8,1509,7.64,128.9,30
24.90_79.75,24.90_79.75;24.85_79.75;24.85_79.80;25.00_79.90;25.05_79.80;25.05_79.90;25.10_79.75;24.90_79.85;25.05_79.85;25.00_79.75;25.05_79.75;24.85_79.70;25.00_79.85;24.90_79.80;25.00_79.95;24.95_79.95;24.85_79.85;25.00_79.80;24.90_79.95;25.05_79.95;24.95_79.75;24.95_79.85;24.90_79.90;24.95_79.80;25.10_79.85;25.10_79.80;24.85_79.95;24.95_79.90;24.85_79.90;25.10_79.95;25.10_79.90;24.95_79.70,32,24.925462058823527,79.77830803921569,72.20665665874013,HIGH,60.9,1661,7.52,84.91,30
24.20_79.75,24.20_79.75;24.05_79.85;24.25_79.70;24.25_79.75;24.30_79.95;24.25_79.85;24.25_79.95;24.10_79.85;24.10_79.75;24.10_79.80;24.20_79.80;24.05_79.80;24.05_79.70;24.25_79.80;24.30_79.80;24.05_79.75;24.30_79.85;24.15_79.90;24.10_79.90;24.10_79.70;24.05_79.90;24.05_79.95;24.15_79.75;24.10_79.95;24.20_79.85;24.15_79.80;24.15_79.85;24.15_79.95;24.20_79.95;24.20_79.90;24.30_79.70;24.25_79.90,32,24.239787727272727,79.7780493939394,72.18394971628248,HIGH,61.0,1696,6.15,148.97,30
25.70_80.90,25.70_80.90;25.70_80.85;25.75_80.80;25.75_80.85;25.75_80.90;25.80_81.00;25.70_80.95;25.80_80.80;25.70_80.80;25.75_80.95;25.85_80.90;25.85_80.80;25.70_81.00;25.80_80.85;25.90_80.85;25.80_81.05;25.90_80.90;25.85_80.85;25.85_80.95;25.75_81.00;25.80_80.90;25.90_81.05;25.70_81.05;25.90_81.00;25.85_81.00;25.90_80.95;25.80_80.95;25.90_80.80;25.75_81.05,29,25.73975910447761,80.92454630597014,72.14493804715165,HIGH,60.7,1776,4.2,41.23,30
23.90_82.40,23.90_82.40;23.85_82.40;23.80_82.15;23.95_82.35;23.80_82.40;23.90_82.35;23.95_82.25;23.80_82.35;23.85_82.15;23.85_82.35;24.00_82.35;23.80_82.20;24.00_82.30;23.80_82.30;23.95_82.40;23.90_82.15;23.90_82.30;23.95_82.30;23.95_82.20;23.85_82.20;24.00_82.40;23.90_82.20;24.00_82.25;24.00_82.20;23.85_82.30;23.85_82.25;23.80_82.25;23.95_82.15,28,23.92002343333333,82.42616806666666,72.14000322357663,HIGH,52.2,2931,3.58,28.68,30
26.35_80.50,26.35_80.50;26.25_80.30;26.40_80.35;26.20_80.35;26.35_80.25;26.30_80.50;26.40_80.30;26.40_80.25;26.45_80.25;26.40_80.40;26.35_80.35;26.25_80.25;26.30_80.35;26.40_80.50;26.25_80.35;26.35_80.45;26.45_80.45;26.20_80.30;26.45_80.40;26.45_80.35;26.35_80.30;26.30_80.30;26.30_80.40;26.45_80.50;26.40_80.45;26.45_80.30;26.20_80.40;26.35_80.40;26.25_80.40;26.30_80.45;26.25_80.45;26.25_80.50,32,26.371160784313727,80.52235107843137,72.12052654739068,HIGH,49.2,665,3.91,115.15,30
26.30_79.95,26.30_79.95;26.25_79.95;26.30_79.90;26.40_79.80;26.20_79.95;26.20_79.90;26.25_79.90;26.25_79.80;26.35_79.80;26.35_79.85;26.35_79.95;26.40_79.95;26.40_79.85;26.40_79.70;26.35_79.90;26.40_79.75;26.30_79.85;26.30_79.75;26.30_79.80;26.20_79.80;26.40_79.90;26.45_79.75;26.20_79.85;26.25_79.85;26.25_79.75;26.45_79.80;26.35_79.75;26.45_79.90;26.45_79.95;26.45_79.85,30,26.315274391304342,79.978579,72.1110257232218,HIGH,59.6,1797,4.8,47.98,30
24.30_74.60,24.30_74.60;24.15_74.60;24.20_74.75;24.15_74.65;24.25_74.70;24.05_74.80;24.20_74.65;24.25_74.65;24.20_74.80;24.25_74.60;24.15_74.70;24.30_74.65;24.10_74.60;24.25_74.75;24.30_74.70;24.20_74.60;24.05_74.60;24.05_74.65;24.10_74.70;24.10_74.65;24.15_74.75;24.25_74.80;24.20_74.70;24.05_74.85;24.30_74.75;24.05_74.75;24.05_74.70;24.30_74.80;24.10_74.75;24.10_74.80,30,24.318581016042778,74.6223711764706,72.03098417786386,HIGH,55.2,2004,8.05,77.11,30
27.75_79.15,27.75_79.15;27.80_78.95;27.70_79.15;27.80_79.00;27.60_79.05;27.75_79.10;27.60_79.15;27.80_79.05;27.70_79.05;27.65_79.00;27.80_78.90;27.80_79.10;27.70_78.95;27.65_78.90;27.75_79.05;27.55_78.90;27.55_78.95;27.75_78.90;27.55_79.00;27.55_79.05;27.70_79.00;27.55_79.15;27.65_79.10;27.60_79.10;27.65_79.15;27.75_79.00;27.70_79.10;27.65_79.05;27.80_79.15;27.60_79.00,30,27.77442088435374,79.170321292517,72.02114075392983,HIGH,32.8,535,4.06,116.85,30
25.55_77.75,25.55_77.75;25.45_77.75;25.60_77.65;25.50_77.65;25.45_77.80;25.50_77.60;25.40_77.70;25.45_77.60;25.40_77.80;25.55_77.80;25.40_77.75;25.60_77.75;25.60_77.80;25.55_77.65;25.45_77.55;25.45_77.70;25.65_77.70;25.65_77.75;25.40_77.65;25.50_77.80;25.45_77.65;25.50_77.70;25.40_77.55;25.55_77.60;25.40_77.60;25.50_77.75;25.60_77.70;25.65_77.60;25.60_77.60;25.50_77.55;25.55_77.70;25.55_77.55,32,25.5804726119403,77.78339522388059,71.98414001177241,HIGH,53.8,2534,9.54,195.22,30
25.60_78.05,25.60_78.05;25.60_78.00;25.40_77.85;25.55_78.05;25.55_78.00;25.55_77.95;25.60_77.95;25.50_77.95;25.65_77.90;25.45_77.85;25.50_78.00;25.60_77.90;25.45_77.90;25.50_77.85;25.55_77.85;25.60_77.85;25.40_77.90;25.50_78.05;25.55_77.90;25.45_78.05;25.40_78.00;25.50_77.90;25.45_78.10;25.45_78.00;25.40_77.95,25,25.625362095238096,78.07756758730159,71.98314759096075,HIGH,51.1,1785,7.12,128.2,30
25.90_83.70,25.90_83.70;25.80_83.70;25.90_83.75;25.85_83.55;25.85_83.65;25.85_83.70;25.80_83.50;25.85_83.50;25.70_83.70;25.75_83.60;25.85_83.75;25.90_83.55;25.90_83.65;25.90_83.50;25.75_83.55;25.75_83.65;25.80_83.55;25.85_83.60;25.75_83.50;25.90_83.60;25.70_83.50;25.70_83.65;25.70_83.75;25.70_83.60;25.80_83.65;25.65_83.65;25.80_83.60;25.75_83.70;25.70_83.55;25.65_83.50,30,25.923986756756754,83.72561135135135,71.96645847177122,HIGH,56.6,1000,4.07,69.57,30
26.50_79.30,26.50_79.30;26.45_79.35;26.70_79.25;26.65_79.25;26.60_79.40;26.50_79.35;26.60_79.30;26.70_79.35;26.70_79.30;26.65_79.35;26.55_79.20;26.55_79.25;26.60_79.20;26.60_79.25;26.65_79.20;26.65_79.40;26.65_79.30;26.50_79.20;26.55_79.40;26.50_79.25;26.70_79.40;26.55_79.30;26.50_79.40;26.70_79.20;26.55_79.35;26.60_79.35,26,26.524927424242424,79.3198596969697,71.96022796142208,HIGH,57.5,1284,4.45,79.61,30
25.65_84.90,25.65_84.90;25.65_84.85;25.70_84.90;25.65_84.95;25.70_84.95;25.90_84.95;25.75_84.85;25.85_84.85;25.75_84.90;25.90_84.85;25.90_84.90;25.80_84.90;25.80_84.95;25.85_84.95;25.75_84.95;25.70_84.85;25.85_84.90;25.80_84.85,18,25.688415562913907,84.91935264900661,71.91238544189704,HIGH,42.9,513,5.13,103.12,30
31.05_78.15,31.05_78.15;31.05_78.20;31.05_78.10;31.15_78.10;31.10_78.15;31.10_78.25;31.10_78.20;31.25_78.10;31.10_78.35;31.15_78.15;31.10_78.10;31.20_78.10;31.15_78.20;31.10_78.30;31.20_78.25;31.15_78.25;31.25_78.15;31.05_78.25;31.20_78.20;31.05_78.30;31.20_78.15;31.30_78.10;31.15_78.30;31.30_78.20;31.15_78.35;31.25_78.20,26,31.0889206329114,78.17034297468354,71.89528517197284,HIGH,52.5,1311,8.17,153.59,30
24.00_76.10,24.00_76.10;23.90_76.00;23.80_76.15;23.85_76.15;23.90_76.10;23.80_76.10;23.80_76.00;23.95_76.10;23.95_76.00;24.00_76.15;24.00_76.05;23.90_76.05;23.75_76.15;23.95_76.05;23.85_75.95;23.90_75.95;23.90_76.15;23.95_76.15;23.80_76.05;23.85_76.10;23.85_76.00;24.00_75.95;23.80_75.95;23.85_76.05;23.95_75.95;24.00_76.00,26,24.02801135294117,76.12298200000001,71.89006862118599,HIGH,51.3,1360,5.96,47.03,30
28.60_76.50,28.60_76.50;28.60_76.55;28.55_76.70;28.40_76.70;28.45_76.60;28.35_76.70;28.50_76.65;28.45_76.55;28.50_76.60;28.50_76.70;28.55_76.60;28.35_76.65;28.40_76.55;28.45_76.70;28.45_76.50;28.50_76.55;28.60_76.60;28.40_76.65;28.50_76.50;28.55_76.65;28.60_76.65;28.45_76.65;28.40_76.60;28.60_76.70;28.55_76.55;28.35_76.60;28.40_76.50;28.55_76.50;28.35_76.50,29,28.62814885462555,76.52305594713657,71.83306383078106,HIGH,60.8,2117,6.43,70.04,30
26.35_82.90,26.35_82.90;26.40_82.70;26.40_82.90;26.35_82.70;26.45_82.70;26.25_82.85;26.40_82.85;26.45_82.75;26.45_82.80;26.45_82.90;26.20_82.85;26.40_82.75;26.30_82.75;26.25_82.90;26.20_82.90;26.25_82.75;26.45_82.85;26.35_82.75;26.25_82.80;26.35_82.85;26.35_82.95;26.30_82.70;26.30_82.90;26.40_82.80;26.20_82.80;26.35_82.80;26.30_82.85;26.25_82.70;26.30_82.80;26.20_82.75,30,26.380505211267604,82.92078816901409,71.78553085493404,HIGH,53.4,913,3.87,70.34,30
24.55_79.95,24.55_79.95;24.50_79.75;24.50_79.80;24.50_79.90;24.55_79.90;24.35_79.90;24.40_79.95;24.55_79.75;24.40_79.80;24.35_79.85;24.30_79.90;24.40_79.75;24.30_79.75;24.45_79.80;24.40_79.90;24.50_79.95;24.35_79.95;24.55_79.85;24.35_79.75;24.45_79.75;24.50_79.85;24.35_79.80;24.45_79.95;24.45_79.85;24.40_79.85;24.55_79.80;24.45_79.90,27,24.57321545454545,79.96969070707071,71.76463469507493,HIGH,56.3,1775,10.56,231.45,30
30.20_77.25,30.20_77.25;30.00_77.25;30.20_77.15;30.20_77.10;30.05_77.05;30.20_77.20;30.20_77.05;30.15_77.10;30.10_77.05;30.05_77.15;30.10_77.15;30.15_77.05;30.15_77.20;30.00_77.05;30.00_77.15;30.10_77.20;30.10_77.00;30.10_77.10;30.00_77.20;30.05_77.10;30.05_77.20;30.15_77.15;30.00_77.10;30.15_77.25;30.05_77.25;30.10_77.25,26,30.22439272,77.27255616,71.7560639045559,HIGH,67.3,2516,4.15,46.51,30
24.80_76.50,24.80_76.50;24.75_76.50;24.80_76.55;24.75_76.60;24.75_76.65;24.70_76.55;24.70_76.60;24.80_76.45;24.60_76.65;24.80_76.60;24.60_76.70;24.70_76.50;24.65_76.70;24.70_76.70;24.80_76.70;24.75_76.55;24.75_76.70;24.70_76.65;24.65_76.60;24.80_76.65;24.60_76.50;24.65_76.65;24.85_76.70;24.65_76.55;24.75_76.45;24.60_76.60;24.60_76.55;24.70_76.45,28,24.82286871080139,76.52726986062719,71.73510761452054,HIGH,52.2,2081,6.49,128.0,30
24.35_78.85,24.35_78.85;24.45_78.65;24.40_78.85;24.55_78.70;24.45_78.85;24.50_78.85;24.45_78.75;24.30_78.85;24.45_78.70;24.55_78.65;24.50_78.80;24.45_78.80;24.40_78.70;24.55_78.75;24.40_78.65;24.40_78.80;24.35_78.80;24.55_78.85;24.35_78.75;24.50_78.75;24.50_78.65;24.50_78.70;24.55_78.80;24.35_78.70;24.35_78.65;24.40_78.75;24.30_78.70,27,24.36777888888889,78.87597222222222,71.73092137324453,HIGH,57.5,1258,5.77,87.15,30
30.60_79.15,30.60_79.15;30.60_79.00;30.55_79.10;30.55_79.15;30.65_78.95;30.60_79.05;30.60_78.95;30.65_79.00;30.55_79.05;30.55_79.00;30.60_79.10;30.75_78.90;30.55_78.95,13,30.609460416666668,79.17849604166666,71.71753956338753,HIGH,49.2,615,5.13,62.77,30
30.95_77.00,30.95_77.00;30.90_77.00;30.90_76.75;31.00_76.90;30.85_77.00;30.90_76.95;30.90_76.80;30.85_76.95;31.05_76.75;30.90_76.85;30.80_76.75;30.80_76.90;30.85_76.90;30.85_76.85;30.80_76.85;30.95_76.85;30.95_76.80;31.00_76.75;31.05_76.90;31.05_76.95;30.95_76.95;31.00_77.00;31.00_76.85;30.85_76.80;31.00_76.80;30.80_76.95;31.00_76.95;30.95_76.90;30.85_76.75;30.95_76.75;31.05_76.85;31.05_76.80;30.80_77.00;30.80_76.80;30.90_76.90,35,30.96658349593496,77.02004097560975,71.69898188741516,HIGH,59.8,3583,5.3,96.64,30
27.20_78.90,27.20_78.90;27.05_78.95;27.10_79.15;27.00_79.00;27.05_79.00;27.10_78.95;27.05_79.05;27.10_79.10;27.10_79.05;27.10_79.00;27.05_79.10;27.15_78.95;27.15_79.15;27.15_79.05;27.10_78.90;27.15_79.10;27.00_78.95;27.05_79.15;27.20_78.95;27.20_79.00;27.25_79.15;27.00_79.05;27.15_78.90;27.25_79.05;27.15_79.00;27.05_78.90;27.20_79.15;27.25_78.95;27.25_79.00;27.25_79.10;27.20_79.10;27.20_79.05,32,27.22284,78.91903294117647,71.67661882400883,HIGH,52.3,1022,4.08,59.05,30
27.95_81.80,27.95_81.80;28.00_81.65;27.90_81.65;27.90_81.75;27.95_81.65;27.85_81.60;28.05_81.75;27.95_81.60;28.05_81.80;28.00_81.85;27.90_81.80;28.00_81.80;27.85_81.75;27.85_81.65;27.95_81.85;27.85_81.70;27.90_81.85;27.90_81.70;28.05_81.85;27.90_81.60;27.85_81.80;28.00_81.75;27.85_81.85;28.05_81.65;28.00_81.70;28.05_81.70;28.05_81.60;27.95_81.70;27.95_81.75,29,27.978320329113927,81.82919670886076,71.66447268719826,HIGH,63.3,3214,4.8,154.38,30
29.40_74.90,29.40_74.90;29.40_75.10;29.40_74.85;29.35_75.10;29.35_74.90;29.40_74.95;29.30_75.10;29.35_75.05;29.35_75.00;29.40_75.05;29.35_74.95;29.30_75.00;29.40_75.00;29.35_74.85;29.30_74.95;29.25_75.00;29.30_75.05;29.25_75.05;29.20_75.00;29.25_74.95,20,29.43110810679612,74.92352101941748,71.65645855408137,HIGH,48.3,648,5.34,85.96,30
25.65_79.05,25.65_79.05;25.60_79.05;25.60_78.95;25.60_79.10;25.60_79.00;25.55_78.95;25.55_78.90;25.60_78.90;25.50_78.95;25.65_79.00;25.60_79.15;25.65_79.15;25.65_79.10;25.50_78.90;25.50_79.15;25.45_78.95;25.55_79.05;25.55_79.00;25.55_79.15;25.40_79.15;25.40_78.90;25.40_79.10;25.50_79.00;25.40_79.05;25.40_78.95;25.50_79.10;25.55_79.10;25.50_79.05;25.45_79.15;25.45_79.05;25.40_79.00;25.45_79.00;25.45_78.90;25.45_79.10,34,25.674784861878454,79.0698553038674,71.64854148082976,HIGH,54.2,2317,6.94,78.4,30
31.40_76.55,31.40_76.55;31.40_76.60;31.45_76.55;31.45_76.50;31.45_76.60;31.35_76.60;31.35_76.55;31.45_76.70;31.40_76.50;31.40_76.65;31.45_76.65;31.40_76.70;31.35_76.65;31.35_76.50;31.35_76.70,15,31.4349698019802,76.5770401980198,71.64770661120386,HIGH,47.5,911,5.77,156.42,30
27.75_81.90,27.75_81.90;27.70_81.90;27.65_82.00;27.80_82.10;27.80_81.90;27.70_81.95;27.65_82.05;27.60_82.05;27.70_82.05;27.60_82.00;27.80_82.05;27.75_81.95;27.80_82.00;27.60_82.10;27.60_81.90;27.75_82.00;27.70_82.00;27.75_82.05;27.70_82.10;27.55_82.05;27.65_82.10;27.60_81.95;27.55_81.95;27.65_81.95;27.75_82.10;27.55_82.00;27.55_81.90;27.65_81.90;27.55_82.10;27.80_81.95,30,27.774238496732025,81.92592045751634,71.64759306071103,HIGH,57.3,1319,4.7,117.49,30
25.65_79.55,25.65_79.55;25.70_79.60;25.70_79.50;25.75_79.60;25.90_79.50;25.70_79.55;25.90_79.65;25.75_79.55;25.75_79.65;25.85_79.45;25.90_79.45;25.85_79.65;25.75_79.70;25.70_79.45;25.85_79.50;25.80_79.65;25.80_79.55;25.80_79.60;25.85_79.60;25.90_79.55;25.85_79.55;25.70_79.70;25.75_79.50;25.85_79.70;25.65_79.65;25.80_79.45;25.90_79.70;25.70_79.65;25.80_79.50;25.90_79.60;25.75_79.45,31,25.682368130841123,79.57981018691588,71.62459652364407,HIGH,51.2,1310,6.58,75.65,30
27.50_76.65,27.50_76.65;27.50_76.60;27.50_76.70;27.40_76.60;27.35_76.50;27.35_76.45;27.30_76.50;27.55_76.55;27.35_76.60;27.40_76.65;27.40_76.50;27.55_76.50;27.45_76.60;27.45_76.70,14,27.516639937500003,76.67175131249999,71.61455351861963,HIGH,19.2,229,3.44,31.66,30
24.05_83.05,24.05_83.05;24.10_82.95;24.10_83.00;24.25_83.15;24.20_83.15;24.05_82.95;24.25_83.05;24.15_83.05;24.15_82.95;24.05_83.00;24.25_83.10;24.25_83.20;24.15_83.00;24.20_83.00;24.20_83.10;24.20_82.95;24.25_83.00;24.10_83.20;24.20_83.05;24.15_83.10;24.10_83.10;24.30_83.10;24.10_83.05;24.15_83.15;24.05_83.20;24.30_83.05;24.05_83.15;24.20_83.20;24.25_82.95;24.05_83.10;24.10_83.15;24.15_83.20;24.30_83.00;24.30_83.20;24.30_83.15,35,24.07050644859813,83.0739238317757,71.60675087404523,HIGH,62.3,5488,7.23,105.06,30
28.50_79.55,28.50_79.55;28.60_79.45;28.35_79.70;28.60_79.70;28.55_79.55;28.50_79.70;28.40_79.55;28.35_79.60;28.55_79.65;28.45_79.50;28.50_79.45;28.55_79.70;28.60_79.55;28.55_79.50;28.40_79.50;28.45_79.70;28.60_79.50;28.50_79.65;28.40_79.60;28.45_79.65;28.60_79.60;28.40_79.65;28.45_79.60;28.55_79.60;28.50_79.60;28.45_79.55;28.60_79.65;28.40_79.45;28.50_79.50;28.45_79.45;28.55_79.45,31,28.52469146341464,79.57966560975609,71.59099257579729,HIGH,59.4,1077,3.48,55.94,30
31.35_76.35,31.35_76.35;31.45_76.35;31.40_76.35;31.40_76.25;31.45_76.30;31.45_76.20;31.40_76.30;31.35_76.30;31.35_76.40;31.45_76.40;31.45_76.45;31.35_76.25;31.35_76.20;31.45_76.25;31.40_76.20;31.40_76.40;31.35_76.45;31.40_76.45,18,31.368669083969465,76.36505259541984,71.58126724178481,HIGH,58.1,1403,6.01,79.92,30
29.50_82.25,29.50_82.25;29.45_82.25;29.50_82.20;29.55_82.25;29.60_82.20;29.55_82.15;29.55_82.35;29.55_82.20;29.60_82.15;29.60_82.25;29.55_82.30;29.45_82.20;29.60_82.30;29.65_82.25;29.60_82.35;29.50_82.15;29.45_82.15;29.50_82.35;29.55_82.40;29.50_82.30;29.45_82.35;29.65_82.30;29.45_82.30;29.65_82.35;29.50_82.40;29.65_82.20,26,29.521696216216217,82.27170770270271,71.56590584300207,HIGH,53.5,1144,7.74,177.32,30
29.40_77.35,29.40_77.35;29.20_77.50;29.35_77.40;29.30_77.30;29.20_77.35;29.30_77.40;29.25_77.35;29.25_77.40;29.30_77.35;29.20_77.45;29.25_77.50;29.20_77.30;29.35_77.35;29.25_77.30;29.35_77.30;29.40_77.40;29.40_77.45;29.35_77.45;29.30_77.50;29.40_77.30;29.25_77.45;29.35_77.50;29.20_77.40;29.30_77.45;29.40_77.50,25,29.42312269230769,77.37655333333333,71.56124291366208,HIGH,66.0,1993,3.3,45.1,30
27.45_81.30,27.45_81.30;27.45_81.10;27.45_81.20;27.35_81.20;27.50_81.15;27.40_81.20;27.50_81.20;27.45_81.15;27.35_81.10;27.40_81.10;27.40_81.30;27.40_81.25;27.30_81.25;27.50_81.10;27.45_81.25;27.50_81.30;27.35_81.25;27.30_81.20;27.30_81.30;27.30_81.10;27.40_81.15;27.30_81.15;27.35_81.30;27.50_81.25;27.35_81.15,25,27.48582114754098,81.33364918032787,71.54467831766877,HIGH,58.4,868,4.47,155.53,30
23.95_83.30,23.95_83.30;24.00_83.30;23.95_83.25;23.85_83.25;23.90_83.25;23.95_83.45;24.00_83.45;23.85_83.35;23.85_83.30;23.95_83.35;23.95_83.40;24.00_83.25;23.90_83.40;23.90_83.45;23.90_83.35;23.85_83.40;24.00_83.35;23.80_83.40;23.80_83.35;23.80_83.45;23.80_83.30;23.90_83.30;23.85_83.45;24.00_83.40;23.80_83.25,25,23.97506391304348,83.32219320158103,71.53775836335147,HIGH,56.2,2115,5.23,93.37,30
26.40_79.60,26.40_79.60;26.25_79.45;26.40_79.55;26.45_79.50;26.45_79.55;26.40_79.65;26.30_79.45;26.25_79.55;26.35_79.65;26.40_79.45;26.25_79.65;26.35_79.70;26.30_79.70;26.35_79.50;26.35_79.60;26.25_79.50;26.30_79.65;26.20_79.70;26.40_79.50;26.45_79.60;26.20_79.65;26.30_79.55;26.45_79.70;26.20_79.45;26.35_79.45;26.25_79.70;26.30_79.60;26.45_79.45;26.20_79.50;26.25_79.60;26.35_79.55;26.20_79.55;26.45_79.65;26.20_79.60;26.30_79.50,35,26.418684156626508,79.62095331325301,71.51100863305606,HIGH,56.7,1646,4.75,31.33,30
25.90_77.75,25.90_77.75;25.80_77.80;25.75_77.70;25.75_77.75;25.85_77.70;25.85_77.75;25.75_77.80;25.70_77.80;25.90_77.80;25.65_77.80;25.80_77.70;25.70_77.75;25.65_77.65;25.90_77.70;25.85_77.65;25.85_77.80;25.80_77.65;25.90_77.60;25.70_77.70;25.80_77.60;25.70_77.65;25.75_77.55;25.75_77.60;25.80_77.55;25.90_77.65;25.80_77.75;25.85_77.60;25.75_77.65;25.70_77.60;25.85_77.55,30,25.92828847619048,77.77129728571428,71.49684411793194,HIGH,44.0,1518,8.82,119.17,30
29.20_75.70,29.20_75.70;29.20_75.85;29.25_75.70;29.40_75.90;29.25_75.85;29.20_75.65;29.25_75.90;29.35_75.70;29.35_75.90;29.35_75.85;29.30_75.90;29.25_75.80;29.25_75.75;29.40_75.70;29.40_75.80;29.40_75.85;29.40_75.65;29.40_75.75;29.20_75.90;29.30_75.85;29.30_75.70;29.20_75.80;29.20_75.75;29.35_75.80;29.30_75.75;29.30_75.80;29.35_75.75;29.25_75.65;29.35_75.65,29,29.21761557142857,75.72246771428571,71.49279461301376,HIGH,62.7,1558,4.98,50.32,30
26.50_82.60,26.50_82.60;26.65_82.50;26.55_82.65;26.50_82.45;26.65_82.65;26.60_82.60;26.60_82.55;26.60_82.50;26.55_82.60;26.50_82.55;26.55_82.45;26.50_82.50;26.55_82.55;26.60_82.65;26.65_82.60;26.70_82.60;26.70_82.50;26.55_82.50;26.65_82.45;26.50_82.65;26.45_82.45;26.70_82.45;26.60_82.45;26.65_82.55;26.70_82.65;26.70_82.55,26,26.521869795918366,82.61792653061225,71.43944410659047,HIGH,63.2,1465,5.21,144.91,30
28.45_83.35,28.45_83.35;28.55_83.35;28.55_83.30;28.40_83.35;28.40_83.40;28.60_83.25;28.50_83.35;28.45_83.45;28.45_83.40;28.50_83.30;28.45_83.30;28.50_83.40;28.60_83.30;28.55_83.40;28.40_83.45;28.50_83.45;28.55_83.45;28.35_83.35;28.55_83.25;28.50_83.25;28.60_83.35;28.45_83.25;28.40_83.30;28.35_83.40;28.40_83.25;28.60_83.40,26,28.47350237288136,83.37576745762712,71.42687665148715,HIGH,50.7,1450,7.51,211.32,30
24.00_84.35,24.00_84.35;23.80_84.55;23.90_84.45;23.85_84.55;23.95_84.35;23.90_84.55;23.95_84.40;23.85_84.50;23.95_84.50;24.00_84.55;23.90_84.50;24.00_84.30;23.95_84.30;23.90_84.30;24.00_84.45;23.95_84.55;24.00_84.40;23.95_84.45;23.80_84.50;23.80_84.45;23.90_84.40;23.90_84.35;23.85_84.35;23.85_84.30;23.85_84.45;23.80_84.35;23.80_84.40;24.00_84.50;23.85_84.40,29,24.02917323943662,84.373709342723,71.40365249255898,HIGH,50.6,3036,4.71,44.01,30
24.80_82.10,24.80_82.10;24.80_82.05;24.80_81.95;24.80_81.90;24.60_82.00;24.60_81.95;24.70_81.90;24.75_82.10;24.85_82.10;24.60_82.05;24.60_81.90;24.80_82.00;24.65_81.90;24.65_81.95;24.70_82.05;24.70_81.95;24.60_82.10;24.65_82.00;24.75_82.05;24.75_81.95;24.75_82.00;24.65_82.10;24.65_82.05;24.75_81.90;24.70_82.10;24.70_82.00,26,24.832936166666663,82.1322046111111,71.38394668809306,HIGH,38.6,700,5.62,117.88,30
25.65_84.05,25.65_84.05;25.90_84.25;25.90_84.30;25.90_84.15;25.90_84.10;25.85_84.05;25.70_84.10;25.80_84.05;25.85_84.10;25.65_84.25;25.75_84.25;25.90_84.05;25.90_84.20;25.70_84.05;25.70_84.25;25.80_84.10;25.75_84.20;25.80_84.15;25.85_84.25;25.85_84.15;25.70_84.15;25.85_84.20;25.75_84.10;25.75_84.30;25.75_84.05;25.85_84.30;25.70_84.20;25.80_84.20;25.75_84.15;25.80_84.25,30,25.682067452830186,84.06609358490566,71.37146844258801,HIGH,53.5,1053,6.54,254.18,30
23.80_80.10,23.80_80.10;23.80_80.25;23.80_80.15;23.80_80.20;23.85_80.00;23.85_80.20;23.95_80.20;23.90_80.00;23.85_80.25;23.85_80.10;23.85_80.05;23.80_80.00;23.90_80.05;24.00_80.10;23.80_80.05;23.90_80.10;23.90_80.15;23.85_80.15;23.90_80.20;23.95_80.15;23.95_80.00;24.00_80.00;24.00_80.05;24.00_80.20;23.95_80.05;24.00_80.15;23.95_80.10,27,23.81668305084745,80.12660610169492,71.36548090206921,HIGH,53.1,1448,7.05,90.62,30
24.70_79.85,24.70_79.85;24.80_79.85;24.80_79.80;24.65_79.95;24.75_79.90;24.75_79.95;24.80_79.95;24.65_79.90;24.65_79.85;24.60_79.95;24.75_79.75;24.80_79.90;24.60_79.90;24.80_79.75;24.70_79.90;24.70_79.75;24.70_79.95;24.75_79.85;24.60_79.85;24.70_79.80;24.60_79.75;24.75_79.80;24.65_79.80;24.60_79.80;24.65_79.70,25,24.723566712328765,79.88315602739726,71.35270784500865,HIGH,58.1,1037,6.34,103.61,30
29.75_77.10,29.75_77.10;29.85_77.15;29.75_77.05;29.95_77.20;29.80_77.15;29.90_77.15;29.95_77.25;29.90_77.20;29.75_77.15;29.95_77.10;29.85_77.10;29.95_77.15;29.80_77.05;29.75_77.20;29.95_77.05;29.90_77.05;29.90_77.25;29.90_77.10;29.85_77.20;29.80_77.10;29.85_77.05;29.80_77.20;29.75_77.25;29.80_77.25;29.85_77.25,25,29.769865394736843,77.1247284868421,71.33421549127482,HIGH,67.3,2721,4.07,55.33,30
25.75_80.65,25.75_80.65;25.80_80.75;25.85_80.65;25.90_80.65;25.80_80.65;25.85_80.60;25.90_80.60;25.80_80.60;25.75_80.75;25.90_80.70;25.85_80.75;25.90_80.55;25.85_80.55;25.70_80.75;25.75_80.60;25.90_80.75;25.75_80.70;25.75_80.55;25.80_80.70;25.85_80.70;25.80_80.55;25.70_80.60;25.70_80.65;25.70_80.70;25.70_80.55;25.65_80.60,26,25.784777272727275,80.67801797979799,71.32900263453851,HIGH,56.0,966,4.14,67.48,30
23.90_83.65,23.90_83.65;23.95_83.55;23.90_83.60;24.00_83.50;23.80_83.60;23.80_83.65;23.95_83.50;23.90_83.70;23.85_83.50;23.85_83.70;23.85_83.60;23.95_83.65;24.00_83.65;24.00_83.70;23.90_83.75;24.00_83.75;23.80_83.55;23.95_83.75;24.00_83.60;23.80_83.70;23.95_83.70;23.80_83.50;23.85_83.55;23.85_83.65;23.90_83.50;23.90_83.55;23.95_83.60;23.75_83.60;24.00_83.55;23.80_83.75,30,23.924901350482315,83.67306250803858,71.30882165583532,HIGH,58.7,3125,4.63,45.72,30
29.60_80.40,29.60_80.40;29.45_80.25;29.60_80.25;29.60_80.35;29.70_80.25;29.45_80.30;29.50_80.30;29.65_80.40;29.70_80.30;29.65_80.30;29.55_80.25;29.45_80.50;29.65_80.45;29.50_80.35;29.60_80.50;29.65_80.35;29.50_80.25;29.70_80.35;29.60_80.45;29.70_80.40;29.55_80.35;29.60_80.30;29.45_80.35;29.55_80.40;29.55_80.45;29.65_80.50;29.55_80.30;29.50_80.50;29.70_80.45;29.55_80.50;29.45_80.45;29.50_80.45;29.45_80.40;29.70_80.50;29.50_80.40,35,29.6220321686747,80.42784777108434,71.29770919985731,HIGH,59.7,3074,3.29,46.71,30
26.25_80.60,26.25_80.60;26.20_80.60;26.35_80.55;26.30_80.60;26.40_80.75;26.40_80.65;26.35_80.75;26.35_80.65;26.30_80.55;26.30_80.70;26.45_80.60;26.45_80.65;26.35_80.70;26.45_80.70;26.25_80.70;26.25_80.55;26.20_80.75;26.30_80.75;26.35_80.60;26.30_80.65;26.20_80.70;26.40_80.70;26.40_80.60;26.20_80.65;26.20_80.55;26.25_80.75;26.45_80.55;26.40_80.55;26.25_80.65;26.45_80.75,30,26.273739923076924,80.62416907692308,71.29188800811573,HIGH,61.6,1629,5.83,111.4,30
29.45_81.40,29.45_81.40;29.65_81.35;29.55_81.45;29.55_81.40;29.50_81.45;29.45_81.45;29.50_81.50;29.50_81.55;29.50_81.40;29.70_81.35;29.45_81.35;29.70_81.60;29.55_81.50;29.50_81.35;29.70_81.40;29.60_81.40;29.45_81.55;29.55_81.55;29.65_81.40;29.45_81.50;29.60_81.35;29.60_81.45;29.45_81.60;29.55_81.35;29.65_81.55;29.60_81.55;29.55_81.60;29.60_81.50;29.65_81.50,29,29.47383560747664,81.43402102803738,71.23077398689578,HIGH,52.6,1229,6.78,67.64,30
25.10_82.35,25.10_82.35;25.05_82.25;24.95_82.15;25.05_82.35;24.90_82.30;25.05_82.30;24.90_82.15;25.00_82.15;25.10_82.40;24.90_82.25;24.95_82.35;24.90_82.20;25.10_82.15;24.85_82.20;25.05_82.15;24.95_82.25;24.90_82.35;25.05_82.40;24.85_82.25;24.95_82.30;24.95_82.40;25.00_82.30;25.00_82.40;25.10_82.30;25.00_82.25;25.05_82.20;24.85_82.30;24.85_82.35;25.00_82.20;24.90_82.40;25.10_82.20;24.95_82.20;25.00_82.35;25.10_82.25,34,25.104471161290324,82.36401780645161,71.18498541762106,HIGH,48.3,1184,5.99,87.2,30
25.70_76.40,25.70_76.40;25.75_76.45;25.70_76.45;25.85_76.45;25.75_76.35;25.85_76.40;25.75_76.40;25.65_76.20;25.80_76.45;25.70_76.35;25.70_76.20;25.90_76.45;25.80_76.35;25.75_76.25;25.80_76.40;25.70_76.25;25.80_76.20;25.80_76.25;25.70_76.30;25.75_76.30;25.90_76.35;25.85_76.35;25.90_76.30;25.75_76.20;25.85_76.25;25.90_76.25;25.85_76.30;25.90_76.40;25.85_76.20,29,25.722326225165563,76.43420205298014,71.1287039718775,HIGH,30.8,515,5.32,45.8,30
25.40_84.85,25.40_84.85;25.45_84.85;25.50_84.85;25.40_84.95;25.45_84.95;25.40_84.90;25.50_84.90;25.55_84.95;25.60_84.90;25.50_84.95;25.55_84.90;25.60_84.85;25.60_84.95;25.55_84.85;25.45_84.90,15,25.43162323529412,84.87716529411765,71.12735668667358,HIGH,57.8,680,3.53,60.16,30
23.65_83.50,23.65_83.50;23.70_83.50;23.55_83.55;23.50_83.65;23.65_83.55;23.50_83.70;23.60_83.55;23.60_83.50;23.55_83.50;23.60_83.70;23.50_83.60;23.60_83.60;23.65_83.65;23.50_83.75;23.75_83.65;23.60_83.65;23.55_83.65;23.65_83.60;23.55_83.70;23.65_83.70;23.50_83.55;23.50_83.50;23.70_83.55;23.75_83.55;23.55_83.75;23.65_83.75;23.70_83.65;23.60_83.75;23.75_83.70;23.70_83.70;23.70_83.75;23.55_83.60;23.70_83.60,33,23.68066892857143,83.52762309523808,71.12047826835773,HIGH,56.7,2846,4.05,49.19,30
25.90_81.60,25.90_81.60;25.85_81.65;25.75_81.65;25.90_81.85;25.85_81.60;25.90_81.65;25.70_81.70;25.70_81.60;25.75_81.85;25.70_81.80;25.65_81.70;25.65_81.65;25.70_81.65;25.80_81.70;25.80_81.60;25.80_81.80;25.85_81.75;25.85_81.85;25.75_81.70;25.90_81.80;25.80_81.65;25.75_81.75;25.85_81.70;25.70_81.85;25.65_81.80;25.65_81.85;25.65_81.75;25.85_81.80;25.75_81.60;25.75_81.80;25.90_81.70;25.80_81.85;25.70_81.75;25.80_81.75,34,25.92706719178082,81.62532657534247,71.11257684353312,HIGH,53.1,853,3.93,47.84,30
30.15_80.20,30.15_80.20;30.10_80.20;30.10_80.05;30.00_80.05;30.00_80.20;30.00_80.15;30.10_80.15;30.05_80.20;30.05_80.15;30.00_80.00;30.05_80.05;30.05_80.10;30.10_80.10;30.00_80.10;30.05_80.00;30.10_80.00;30.20_80.20;30.15_80.15;30.20_80.00;30.20_80.05;30.15_80.05,21,30.170290258064515,80.23188625806452,71.05964628050634,HIGH,47.7,840,6.07,59.64,30
24.80_75.35,24.80_75.35;24.75_75.30;24.60_75.30;24.60_75.35;24.80_75.15;24.60_75.25;24.80_75.20;24.80_75.25;24.65_75.35;24.65_75.30;24.75_75.10;24.75_75.15;24.80_75.30;24.75_75.35;24.65_75.20;24.60_75.20;24.70_75.30;24.70_75.25;24.75_75.20;24.75_75.25;24.65_75.15;24.65_75.25;24.70_75.20;24.60_75.15;24.70_75.35,25,24.81580281690141,75.38107866197184,71.05719321029606,HIGH,48.2,1289,9.23,261.3,30
25.95_79.55,25.95_79.55;26.05_79.55;25.95_79.50;26.05_79.60;26.05_79.65;26.15_79.45;25.95_79.65;26.05_79.45;26.00_79.65;26.00_79.55;26.10_79.45;26.00_79.50;25.95_79.60;26.00_79.70;26.10_79.60;26.10_79.65;26.00_79.60;26.15_79.60;25.95_79.70;26.10_79.70;26.05_79.70;26.00_79.45;26.15_79.55;26.05_79.50;26.15_79.50;25.95_79.45;26.15_79.65;26.10_79.50;26.15_79.70;26.10_79.55,30,25.9811641,79.5728127,71.02650062128134,HIGH,58.5,1911,5.77,54.71,30
27.95_78.55,27.95_78.55;28.00_78.60;28.05_78.45;28.05_78.55;28.00_78.55;28.05_78.50;28.00_78.50;28.05_78.60;28.05_78.40;28.00_78.45;27.95_78.60;27.85_78.60;27.90_78.55;27.85_78.55;27.95_78.40;27.90_78.60;27.85_78.50;27.90_78.50;28.00_78.40;27.85_78.45;27.95_78.50;27.85_78.40;27.95_78.45,23,27.975456333333334,78.57959883333334,71.02577232088075,HIGH,33.1,411,3.9,113.29,30
25.35_84.95,25.35_84.95;25.35_84.90;25.25_84.90;25.20_84.85;25.30_84.95;25.25_84.95;25.20_84.95;25.25_84.85;25.20_84.90;25.30_84.90;25.15_84.90;25.15_84.95;25.15_84.85;25.35_84.85;25.30_84.85,15,25.384164722222224,84.96779888888888,71.02400063981464,HIGH,45.9,418,3.02,51.34,30
24.15_80.15,24.15_80.15;24.15_80.10;24.30_80.15;24.25_80.20;24.30_80.20;24.15_80.05;24.25_80.15;24.10_80.10;24.25_80.10;24.10_80.05;24.25_80.00;24.15_80.00;24.05_80.00;24.05_80.05;24.15_80.20;24.10_80.15;24.20_80.10;24.30_80.05;24.20_80.05;24.30_80.25;24.10_80.00;24.30_80.00;24.05_80.15;24.10_80.20;24.05_80.10;24.20_80.15;24.05_80.20;24.25_80.05;24.20_80.00;24.20_80.20,30,24.17561944751381,80.17559011049724,71.01410188404549,HIGH,58.6,2785,10.2,171.69,30
25.90_83.05,25.90_83.05;25.75_83.00;25.85_83.05;25.80_83.15;25.80_82.95;25.80_83.10;25.75_83.05;25.80_83.00;25.85_83.00;25.75_83.10;25.90_83.10;25.75_83.15;25.70_83.05;25.70_83.00;25.85_83.10;25.85_83.20;25.70_83.20;25.90_83.20;25.65_83.10;25.80_83.05;25.85_82.95;25.70_83.15;25.70_83.10;25.90_83.00;25.90_83.15;25.80_83.20;25.65_82.95;25.75_82.95;25.70_82.95;25.85_83.15;25.75_83.20,31,25.922945833333333,83.07700192708333,71.00788739987722,HIGH,60.5,1727,5.18,58.3,30
26.20_78.95,26.20_78.95;26.40_79.15;26.30_79.15;26.20_79.15;26.30_79.00;26.25_78.90;26.20_78.90;26.35_79.00;26.30_79.10;26.35_78.95;26.35_79.10;26.30_79.05;26.20_79.05;26.35_79.05;26.45_79.05;26.20_79.10;26.25_79.05;26.25_79.15;26.35_79.15;26.20_79.00;26.40_79.10;26.25_79.10;26.40_79.00;26.25_79.00;26.40_78.95;26.25_78.95;26.35_78.90;26.45_79.10;26.30_78.95;26.40_79.05;26.45_79.15;26.45_78.95,32,26.22474737704918,78.97239989071038,70.96690989572262,HIGH,59.5,1920,6.38,59.17,30
27.65_80.10,27.65_80.10;27.75_80.05;27.80_80.00;27.55_80.00;27.60_80.20;27.80_80.05;27.75_80.00;27.65_80.15;27.55_80.05;27.70_80.05;27.70_80.00;27.65_80.20;27.60_80.05;27.70_80.10;27.55_80.15;27.75_80.10;27.60_80.10;27.70_80.15;27.80_80.20;27.80_80.10;27.60_80.15;27.70_80.20;27.75_80.15;27.80_80.15;27.55_80.25;27.75_80.20;27.60_80.25;27.55_80.10;27.65_80.05;27.65_80.00;27.55_80.20;27.60_80.00,32,27.681293936170213,80.12096382978724,70.96054696213444,HIGH,65.0,1781,3.75,44.56,30
26.30_80.80,26.30_80.80;26.45_80.90;26.35_80.95;26.45_81.05;26.35_80.90;26.40_81.05;26.40_80.90;26.45_80.85;26.35_81.05;26.35_80.80;26.20_80.85;26.20_80.95;26.40_80.95;26.25_80.80;26.20_80.80;26.20_80.90;26.25_80.85;26.35_81.00;26.40_80.80;26.30_80.90;26.20_81.05;26.20_81.00;26.30_81.00;26.25_80.95;26.30_80.95;26.25_80.90;26.35_80.85;26.45_80.95;26.25_81.00;26.40_81.00;26.40_80.85;26.45_81.00;26.45_80.80;26.30_80.85,34,26.326956216216217,80.82944135135135,70.92560566007221,HIGH,55.3,966,4.32,71.71,30
29.70_78.35,29.70_78.35;29.65_78.15;29.70_78.15;29.65_78.30;29.65_78.35;29.65_78.10;29.65_78.25;29.70_78.20;29.70_78.10;29.65_78.20;29.70_78.25;29.70_78.30;29.50_78.20;29.55_78.15;29.45_78.15;29.55_78.10;29.45_78.10;29.50_78.25;29.60_78.20;29.60_78.25;29.55_78.30;29.55_78.25;29.50_78.10;29.60_78.10;29.60_78.35;29.50_78.15;29.45_78.30;29.60_78.30;29.50_78.30;29.45_78.20;29.60_78.15;29.45_78.35;29.45_78.25;29.55_78.20,34,29.72892082608696,78.37374273913044,70.90770417611282,HIGH,60.4,1434,3.43,48.06,30
26.30_77.65,26.30_77.65;26.35_77.70;26.30_77.70;26.35_77.65;26.40_77.70;26.40_77.80;26.25_77.60;26.35_77.80;26.20_77.55;26.35_77.60;26.25_77.55;26.25_77.65;26.30_77.60;26.35_77.55;26.25_77.70;26.40_77.60;26.20_77.60;26.35_77.75;26.40_77.75;26.30_77.75;26.40_77.55;26.20_77.65;26.45_77.80;26.45_77.70;26.45_77.75;26.40_77.65;26.45_77.60;26.45_77.55;26.20_77.75;26.25_77.75;26.45_77.65;26.20_77.70,32,26.328754340425533,77.67488838297872,70.8863450572772,HIGH,45.8,1222,7.61,45.79,30
24.25_82.40,24.25_82.40;24.05_82.35;24.20_82.35;24.25_82.35;24.20_82.30;24.20_82.40;24.15_82.40;24.25_82.30;24.25_82.25;24.05_82.40;24.15_82.35;24.15_82.30;24.25_82.20;24.30_82.20;24.20_82.20;24.20_82.15;24.25_82.15;24.30_82.15;24.20_82.25;24.05_82.30;24.10_82.25;24.15_82.20;24.30_82.25;24.10_82.20;24.05_82.20;24.10_82.35;24.15_82.25;24.10_82.30;24.15_82.15;24.10_82.15,30,24.265723154362416,82.42651510067114,70.86452012331132,HIGH,43.7,1488,5.81,128.16,30
25.90_83.25,25.90_83.25;25.85_83.35;25.90_83.30;25.85_83.45;25.65_83.40;25.90_83.45;25.85_83.25;25.90_83.40;25.80_83.35;25.80_83.30;25.80_83.45;25.65_83.45;25.85_83.40;25.90_83.35;25.75_83.35;25.75_83.30;25.75_83.45;25.70_83.30;25.80_83.25;25.85_83.30;25.70_83.25;25.70_83.45;25.80_83.40;25.75_83.40;25.75_83.25;25.70_83.40;25.70_83.35,27,25.92647380952381,83.26447238095238,70.85726494283287,HIGH,55.6,928,4.27,51.89,30
30.00_79.90,30.00_79.90;30.10_79.75;30.05_79.80;30.05_79.75;30.00_79.85;30.05_79.85;30.10_79.80;30.10_79.90;30.10_79.95;30.00_79.95;30.00_79.75;30.00_79.80;30.05_79.95;30.05_79.90;30.10_79.85;30.15_79.80;30.15_79.75;30.15_79.90;30.15_79.85;30.20_79.90,20,30.01906813953488,79.92232011627907,70.85112527735863,HIGH,46.5,706,4.89,102.45,30
25.30_79.15,25.30_79.15;25.30_79.10;25.15_78.90;25.35_78.90;25.30_78.90;25.25_79.05;25.25_79.00;25.15_79.00;25.35_79.00;25.30_79.05;25.25_79.15;25.20_79.10;25.35_79.15;25.20_79.05;25.25_78.90;25.20_78.95;25.35_78.95;25.15_78.95;25.25_79.10;25.30_78.95;25.20_79.00;25.35_79.05;25.30_79.00;25.25_78.95;25.15_79.15;25.15_79.10;25.35_79.10;25.15_79.05;25.20_79.15;25.20_78.90,30,25.32613208955224,79.17559880597015,70.80545016789843,HIGH,50.6,1042,8.3,57.23,30
29.30_81.80,29.30_81.80;29.20_81.65;29.20_81.60;29.35_81.85;29.25_81.65;29.35_81.80;29.30_81.75;29.40_81.65;29.25_81.70;29.35_81.65;29.30_81.65;29.40_81.70;29.30_81.85;29.40_81.60;29.35_81.70;29.20_81.70;29.20_81.85;29.30_81.70;29.40_81.80;29.25_81.75;29.20_81.75;29.35_81.75;29.20_81.80;29.40_81.75;29.25_81.85;29.25_81.80;29.40_81.85,27,29.32392620915033,81.82545562091504,70.8001756780274,HIGH,52.8,1157,4.37,36.45,30
29.05_82.05,29.05_82.05;28.90_81.95;29.10_81.90;29.05_82.00;29.00_82.10;29.00_82.05;28.95_81.90;29.05_81.90;29.00_81.95;29.10_81.95;29.05_81.95;29.10_82.05;28.95_82.05;28.95_81.95;29.10_82.00;28.95_82.10;29.15_82.05;29.05_82.10;29.00_81.90;28.90_82.00;29.00_82.00;29.15_82.00;28.95_82.00;29.15_81.90;28.90_81.90;29.15_82.10;29.15_81.95;28.90_82.10;29.10_82.10,29,29.07994952380952,82.08026980952381,70.78207544898741,HIGH,50.7,1257,6.16,124.82,30
24.80_83.40,24.80_83.40;24.80_83.45;24.60_83.40;24.65_83.40;24.60_83.45;24.65_83.25;24.60_83.30;24.75_83.25;24.70_83.35;24.80_83.35;24.80_83.30;24.80_83.25;24.60_83.35;24.65_83.45;24.75_83.40;24.75_83.35;24.75_83.45;24.70_83.25;24.75_83.30;24.65_83.35;24.60_83.25;24.70_83.30;24.70_83.40;24.65_83.30;24.70_83.45,25,24.82874049261084,83.42792320197044,70.74675489759846,HIGH,56.6,2003,8.36,96.78,30
29.80_80.80,29.80_80.80;29.80_80.85;29.85_80.85;29.75_80.80;29.85_80.80;29.80_80.90;29.85_80.90;29.75_80.90;29.70_80.80;29.95_80.90;29.75_80.95;29.75_80.85;29.75_81.05;29.80_80.95;29.90_80.95;29.90_80.85;29.80_81.00;29.75_81.00;29.85_81.00;29.95_80.95,20,29.8126128742515,80.82413431137724,70.74556448449601,HIGH,38.0,645,7.32,45.14,30
24.00_75.00,24.00_75.00;24.00_74.95;23.80_74.95;23.90_74.90;24.00_75.05;23.85_74.85;23.95_74.95;23.95_75.05;23.85_74.90;23.80_75.05;24.00_74.85;23.90_74.85;23.90_75.10;23.80_75.10;23.80_74.85;23.85_74.95;23.75_75.10;24.00_74.90;23.85_75.05;24.00_75.10;23.95_75.10;23.95_75.00;23.95_74.90;23.95_74.85;23.80_74.90;23.90_74.95;23.75_74.85;23.85_75.10;23.90_75.05;23.90_75.00;23.80_75.00;23.75_75.00;23.85_75.00,33,24.03815487179487,75.01999525641025,70.74244341531664,HIGH,43.7,582,6.34,59.57,30
28.85_77.40,28.85_77.40;28.75_77.30;28.75_77.40;28.70_77.50;28.75_77.50;28.85_77.35;28.70_77.30;28.80_77.45;28.80_77.50;28.75_77.45;28.85_77.30;28.80_77.40;28.85_77.45;28.65_77.35;28.70_77.45;28.65_77.50;28.70_77.35;28.85_77.50;28.90_77.45;28.65_77.40;28.80_77.35;28.75_77.35;28.65_77.30;28.80_77.30;28.70_77.40;28.65_77.45,26,28.88010619047619,77.43115228571429,70.69724581302737,HIGH,62.0,1374,3.73,79.11,30
23.95_82.80,23.95_82.80;23.80_82.90;23.80_82.85;23.95_82.95;23.85_82.90;23.85_82.85;23.95_82.90;24.00_82.75;24.00_82.90;23.90_82.90;24.00_82.80;24.00_82.85;23.90_82.80;23.95_82.75;23.80_82.70;23.95_82.85;23.80_82.95;23.90_82.75;23.90_82.85;23.90_82.70;23.85_82.80;23.85_82.95;23.85_82.75;23.80_82.80;23.80_82.75;23.95_82.70;23.85_82.70;24.00_82.70,28,23.975108181818182,82.82869025974026,70.58246537687428,HIGH,59.0,3103,7.34,92.5,30
28.85_76.15,28.85_76.15;28.85_76.00;28.85_76.10;28.85_76.05;28.80_76.10;28.80_76.00;28.80_76.05;28.80_75.95;28.85_75.95;28.80_76.15;28.70_76.05;28.75_76.10;28.75_76.05;28.65_76.10;28.70_76.10;28.65_76.05;28.70_76.15;28.70_76.00;28.65_76.15;28.65_75.95;28.65_76.00;28.75_75.95;28.75_76.00;28.75_76.15,24,28.880274032921808,76.17515337448559,70.553688242535,HIGH,44.0,745,4.94,46.89,30
27.80_79.80,27.80_79.80;27.65_79.75;27.70_79.85;27.80_79.95;27.75_79.95;27.55_79.85;27.80_79.85;27.60_79.80;27.60_79.75;27.70_79.95;27.80_79.75;27.70_79.70;27.65_79.80;27.80_79.70;27.60_79.85;27.80_79.90;27.75_79.85;27.75_79.90;27.60_79.95;27.65_79.95;27.55_79.95;27.75_79.80;27.70_79.80;27.65_79.85;27.65_79.90;27.70_79.75;27.75_79.75;27.55_79.75;27.70_79.90;27.60_79.90;27.55_79.80,31,27.832170841121496,79.82268981308411,70.54057086569716,HIGH,63.3,1513,3.93,28.08,30
27.40_80.25,27.40_80.25;27.30_80.35;27.35_80.50;27.40_80.35;27.45_80.25;27.45_80.30;27.40_80.30;27.35_80.30;27.35_80.45;27.45_80.45;27.50_80.35;27.45_80.35;27.40_80.45;27.45_80.40;27.40_80.50;27.50_80.40;27.50_80.50;27.40_80.40;27.30_80.25;27.30_80.40;27.35_80.35;27.50_80.30;27.50_80.45;27.30_80.50;27.45_80.50;27.30_80.30;27.30_80.45;27.35_80.40,28,27.428569661016947,80.27867898305085,70.5167868030632,HIGH,61.8,1033,4.04,45.02,30
23.65_76.90,23.65_76.90;23.75_76.85;23.60_76.95;23.60_76.85;23.60_76.90;23.65_76.85;23.55_76.85;23.50_76.95;23.50_77.00;23.50_76.75;23.55_76.80;23.70_76.90;23.65_76.95;23.65_77.00;23.70_76.85;23.55_76.90;23.55_76.75;23.75_76.90;23.65_76.75;23.75_76.75;23.70_76.75;23.55_77.00;23.50_76.85;23.50_76.80;23.70_76.80;23.70_76.95;23.55_76.95;23.65_76.80;23.60_76.80;23.50_76.90;23.60_76.75;23.75_76.80;23.75_77.00,33,23.67611504761905,76.92630276190476,70.51545277137048,HIGH,59.2,1878,5.6,69.72,30
25.85_79.35,25.85_79.35;25.85_79.30;25.75_79.20;25.80_79.25;25.80_79.35;25.90_79.40;25.85_79.25;25.85_79.20;25.70_79.30;25.80_79.40;25.80_79.20;25.85_79.40;25.90_79.20;25.70_79.40;25.75_79.15;25.80_79.30;25.75_79.30;25.90_79.25;25.90_79.35;25.75_79.25;25.70_79.35;25.65_79.30;25.90_79.30;25.75_79.40;25.70_79.20;25.70_79.25;25.75_79.35;25.65_79.35,28,25.86195580645161,79.36989206451612,70.48829137168894,HIGH,53.1,1072,6.4,64.35,30
30.00_77.90,30.00_77.90;30.00_77.95;30.00_77.85;30.20_78.05;30.20_78.00;30.05_78.00;30.10_77.90;30.25_77.90;30.15_78.05;30.05_77.95;30.10_78.05;30.25_77.85;30.05_77.90;30.00_78.05;30.00_78.00;30.20_77.90;30.10_77.85;30.20_77.85;30.10_78.00;30.05_77.85;30.15_78.00;30.15_77.85;30.05_78.05;30.10_77.95;30.15_77.90;30.20_77.95,26,30.020403157894737,77.91257631578948,70.47571865541985,HIGH,48.8,1686,4.25,84.13,30
25.30_79.40,25.30_79.40;25.20_79.40;25.25_79.40;25.35_79.20;25.30_79.20;25.35_79.35;25.30_79.35;25.15_79.30;25.25_79.30;25.20_79.25;25.35_79.25;25.20_79.35;25.25_79.35;25.15_79.20;25.20_79.30;25.20_79.20;25.15_79.35;25.30_79.25;25.15_79.25;25.15_79.40;25.30_79.30;25.35_79.40;25.35_79.30;25.25_79.25;25.25_79.20;25.40_79.30,26,25.31722796992481,79.41207451127819,70.46255544639044,HIGH,51.7,968,6.25,46.09,30
26.80_79.20,26.80_79.20;26.75_79.25;26.90_79.20;26.85_79.40;26.80_79.25;26.75_79.30;26.80_79.35;26.80_79.30;26.75_79.40;27.00_79.25;26.75_79.20;26.85_79.35;26.85_79.25;26.90_79.25;26.80_79.40;26.95_79.30;26.85_79.20;26.90_79.30;27.00_79.35;26.90_79.35;26.95_79.25;26.90_79.40;26.95_79.20;26.95_79.40;26.95_79.35;27.00_79.30;26.75_79.35;26.85_79.30;27.00_79.40,29,26.82396297297297,79.21720954954955,70.43668825965702,HIGH,60.9,1258,3.79,51.07,30
24.55_84.65,24.55_84.65;24.45_84.80;24.50_84.65;24.30_84.65;24.30_84.70;24.35_84.70;24.50_84.75;24.30_84.60;24.35_84.75;24.55_84.75;24.45_84.60;24.55_84.85;24.50_84.60;24.45_84.70;24.55_84.60;24.45_84.65;24.40_84.65;24.50_84.80;24.55_84.80;24.50_84.70;24.45_84.75;24.40_84.60;24.55_84.70;24.40_84.80,24,24.58977164179104,84.67858432835821,70.4307237281341,HIGH,32.7,316,4.88,68.51,30
29.70_82.00,29.70_82.00;29.60_82.05;29.55_82.10;29.65_82.05;29.70_82.05;29.60_82.00;29.55_82.00;29.55_81.90;29.60_81.90;29.60_82.10;29.65_81.90;29.60_81.95;29.55_82.05;29.70_81.95;29.65_82.10;29.65_82.00;29.65_81.95;29.55_81.95;29.50_82.00;29.65_82.15;29.45_82.10;29.45_81.90;29.50_81.95;29.45_82.00;29.50_81.90;29.50_82.05,26,29.723077647058822,82.02559577540107,70.42769169954944,HIGH,54.6,1353,5.96,45.05,30
23.70_74.75,23.70_74.75;23.75_74.60;23.75_74.75;23.65_74.70;23.55_74.75;23.60_74.75;23.65_74.75;23.50_74.80;23.60_74.70;23.70_74.70;23.55_74.80;23.65_74.80;23.60_74.80;23.50_74.75;23.75_74.65;23.70_74.80;23.60_74.60;23.75_74.80;23.70_74.60;23.65_74.65,20,23.728991666666666,74.76108705128205,70.41406940385167,HIGH,49.4,840,5.54,37.02,30
25.45_81.25,25.45_81.25;25.45_81.20;25.40_81.20;25.50_81.25;25.60_81.15;25.45_81.30;25.50_81.30;25.50_81.10;25.50_81.15;25.65_81.20;25.60_81.20;25.55_81.20;25.60_81.25;25.65_81.15;25.65_81.25;25.40_81.30;25.40_81.25;25.50_81.20;25.55_81.10;25.55_81.15;25.60_81.10;25.40_81.10;25.55_81.25;25.45_81.10;25.40_81.15;25.60_81.30;25.65_81.30;25.45_81.15;25.55_81.30,29,25.48017935185185,81.27493902777778,70.41035139851192,HIGH,57.3,1592,4.3,35.95,30
24.45_81.65,24.45_81.65;24.40_81.75;24.55_81.80;24.45_81.70;24.40_81.65;24.50_81.75;24.50_81.85;24.40_81.80;24.40_81.85;24.30_81.60;24.40_81.70;24.40_81.60;24.55_81.60;24.45_81.80;24.50_81.80;24.55_81.85;24.45_81.75;24.30_81.80;24.35_81.80;24.50_81.65;24.35_81.75;24.35_81.70;24.35_81.85;24.45_81.85;24.55_81.65;24.35_81.60;24.55_81.70;24.55_81.75;24.30_81.70;24.50_81.70;24.35_81.65;24.30_81.75;24.50_81.60,33,24.467292714285712,81.67922285714286,70.40372169034266,HIGH,50.5,1298,5.99,86.04,30
26.05_82.45,26.05_82.45;26.10_82.55;26.10_82.50;26.05_82.50;26.05_82.55;26.15_82.65;26.15_82.55;26.00_82.60;26.15_82.60;26.15_82.50;26.10_82.60;26.05_82.60;26.00_82.65;25.95_82.65;26.10_82.45;25.95_82.60;26.15_82.45;26.05_82.65;26.10_82.65;26.00_82.45;25.95_82.50;26.00_82.55;26.00_82.50;25.95_82.55,24,26.079631538461538,82.47849480769231,70.39737968467061,HIGH,59.3,1083,4.19,64.21,30
27.60_79.35,27.60_79.35;27.80_79.25;27.70_79.20;27.60_79.30;27.65_79.20;27.70_79.35;27.60_79.40;27.80_79.40;27.75_79.20;27.60_79.20;27.75_79.25;27.80_79.35;27.65_79.25;27.70_79.30;27.65_79.30;27.55_79.40;27.55_79.20;27.60_79.25;27.65_79.35;27.75_79.30;27.55_79.30;27.65_79.40;27.75_79.35;27.75_79.40;27.55_79.35;27.70_79.40;27.70_79.25,27,27.634506744186044,79.37638011627907,70.3909398875374,HIGH,46.7,587,4.73,93.71,30
23.60_84.65,23.60_84.65;23.55_84.60;23.70_84.80;23.55_84.65;23.50_84.60;23.60_84.60;23.70_84.70;23.70_84.65;23.60_84.70;23.75_84.80;23.75_84.70;23.70_84.60;23.55_84.80;23.65_84.65;23.55_84.75;23.65_84.80;23.55_84.70;23.60_84.80;23.65_84.70;23.70_84.75;23.60_84.75;23.50_84.70;23.65_84.60;23.75_84.60;23.50_84.75;23.50_84.65;23.65_84.75;23.75_84.65;23.50_84.80,29,23.618876744186046,84.67281079069768,70.38556935960212,HIGH,58.4,2064,3.65,26.3,30
25.20_81.55,25.20_81.55;25.25_81.45;25.15_81.55;25.30_81.40;25.25_81.55;25.25_81.40;25.35_81.35;25.35_81.50;25.35_81.40;25.35_81.45;25.30_81.50;25.15_81.40;25.30_81.60;25.30_81.55;25.15_81.45;25.15_81.35;25.15_81.50;25.35_81.55;25.30_81.45;25.20_81.35;25.20_81.40;25.25_81.35;25.20_81.60;25.20_81.50;25.10_81.40;25.20_81.45;25.25_81.50;25.30_81.35;25.10_81.45,29,25.23297956140351,81.55921938596491,70.38257956763957,HIGH,45.6,717,6.82,145.36,30
23.70_83.40,23.70_83.40;23.65_83.45;23.70_83.45;23.55_83.30;23.65_83.40;23.75_83.40;23.75_83.25;23.55_83.40;23.70_83.30;23.75_83.35;23.70_83.35;23.60_83.45;23.55_83.35;23.55_83.45;23.50_83.35;23.60_83.40;23.55_83.25;23.70_83.25;23.60_83.35;23.65_83.25;23.50_83.25;23.50_83.40;23.50_83.30;23.75_83.30;23.60_83.30;23.75_83.45;23.75_83.50;23.65_83.35;23.60_83.25;23.65_83.30,30,23.726287887323945,83.42702257042252,70.35015478920391,HIGH,59.9,4249,3.42,37.78,30
25.85_82.05,25.85_82.05;25.80_81.90;25.90_81.90;25.85_82.10;25.80_81.95;25.90_82.00;25.75_82.10;25.85_82.00;25.75_81.90;25.75_81.95;25.90_82.10;25.70_82.05;25.90_81.95;25.70_81.90;25.80_82.05;25.70_82.00;25.85_81.95;25.75_82.05;25.90_82.05;25.80_82.10;25.75_82.00;25.70_82.10;25.70_81.95;25.80_82.00;25.85_81.90;25.65_81.95,26,25.869322898550724,82.07620434782609,70.29522775788085,HIGH,56.9,699,4.06,51.02,30
25.40_75.55,25.40_75.55;25.40_75.60;25.55_75.60;25.40_75.50;25.50_75.55;25.45_75.55;25.55_75.50;25.55_75.65;25.45_75.45;25.55_75.55;25.50_75.60;25.60_75.60;25.45_75.60;25.40_75.45;25.50_75.45;25.60_75.50;25.55_75.45;25.50_75.50;25.45_75.50;25.60_75.55;25.60_75.45;25.50_75.40;25.40_75.40;25.45_75.40;25.65_75.60,25,25.41479914728682,75.57899124031007,70.28605761660114,HIGH,43.8,487,6.13,94.5,30
29.05_77.55,29.05_77.55;29.15_77.55;29.05_77.80;29.00_77.80;29.10_77.65;29.00_77.55;29.15_77.60;29.10_77.55;28.90_77.80;29.00_77.75;29.05_77.60;29.15_77.70;29.10_77.80;28.90_77.55;28.95_77.55;28.95_77.80;29.10_77.70;29.05_77.70;29.00_77.60;29.15_77.75;29.05_77.75;28.95_77.60;29.15_77.80;29.10_77.60;29.15_77.65;29.10_77.75;29.05_77.65;28.90_77.60;28.95_77.75;28.90_77.65;29.00_77.70;28.90_77.75;28.90_77.70;29.00_77.65;28.95_77.65;28.95_77.70,36,29.07475670886076,77.57029962025317,70.24627452324756,HIGH,62.8,1856,3.39,38.12,30
24.55_76.35,24.55_76.35;24.55_76.30;24.50_76.45;24.55_76.45;24.55_76.40;24.40_76.45;24.45_76.25;24.50_76.20;24.55_76.25;24.55_76.20;24.45_76.30;24.40_76.35;24.50_76.40;24.45_76.20;24.40_76.20;24.45_76.40;24.50_76.25;24.30_76.35;24.35_76.35;24.40_76.40;24.50_76.35;24.35_76.40;24.40_76.25;24.50_76.30,24,24.587049625,76.37236825,70.23069242715164,HIGH,28.0,395,7.8,88.34,30
26.30_78.85,26.30_78.85;26.20_78.85;26.25_78.70;26.25_78.80;26.20_78.80;26.35_78.65;26.20_78.70;26.40_78.90;26.30_78.90;26.45_78.85;26.25_78.65;26.40_78.75;26.35_78.85;26.25_78.85;26.40_78.85;26.30_78.75;26.20_78.65;26.30_78.80;26.40_78.80;26.30_78.65;26.25_78.75;26.45_78.80;26.30_78.70;26.20_78.75;26.45_78.70;26.45_78.75;26.45_78.65;26.40_78.65;26.35_78.70;26.35_78.75;26.40_78.70,31,26.324212551020405,78.887005,70.20435856936885,HIGH,38.2,502,6.23,66.51,30
29.95_77.50,29.95_77.50;29.95_77.30;29.75_77.30;29.90_77.40;29.75_77.50;29.80_77.30;29.95_77.40;29.80_77.35;29.95_77.35;29.80_77.45;29.90_77.45;29.75_77.35;29.80_77.50;29.90_77.35;29.85_77.30;29.85_77.45;29.75_77.45;29.85_77.50;29.90_77.30;29.85_77.35;29.75_77.40;29.80_77.40;29.90_77.50;29.95_77.45;29.85_77.40,25,29.97323166666667,77.5213207638889,70.20410360152341,HIGH,59.0,999,3.27,30.62,30
25.95_77.10,25.95_77.10;25.95_77.15;25.95_77.20;26.00_77.15;25.95_77.05;26.00_77.05;26.00_77.20;26.15_77.05;26.10_77.05;26.15_77.15;26.00_77.10;26.00_77.25;26.15_77.10;26.15_77.25;26.05_77.10;26.05_77.25;26.05_77.20;26.05_77.15;26.15_77.20;25.95_77.25;26.10_77.10;26.20_77.05;25.95_77.00;25.90_77.25,24,25.977616875,77.13235510416666,70.18828384525709,HIGH,36.7,1280,7.51,131.42,30
26.65_80.60,26.65_80.60;26.55_80.75;26.50_80.60;26.60_80.55;26.50_80.65;26.70_80.75;26.50_80.55;26.60_80.70;26.60_80.65;26.70_80.70;26.65_80.65;26.55_80.65;26.55_80.55;26.70_80.60;26.50_80.70;26.70_80.55;26.50_80.75;26.65_80.55;26.55_80.70;26.60_80.75;26.55_80.60;26.60_80.60;26.65_80.75;26.70_80.65;26.65_80.70,25,26.668466307692302,80.63211838461538,70.18147754195955,HIGH,55.2,896,4.26,52.46,30
23.50_76.15,23.50_76.15,1,23.51260078740157,76.16099125984253,70.13600153848127,HIGH,70.1,127,6.27,42.8,30
27.15_80.25,27.15_80.25;27.00_80.15;27.10_80.15;27.10_80.20;27.05_80.15;27.10_80.05;27.05_80.05;27.15_80.05;27.10_80.10;27.05_80.20;27.05_80.00;27.15_80.15;27.20_80.25;27.20_80.00;27.15_80.20;27.25_80.10;27.05_80.10;27.15_80.10;27.25_80.00;27.20_80.10;27.20_80.20;27.25_80.05;27.20_80.15;27.25_80.20;27.25_80.15;27.10_80.00;27.20_80.05;27.15_80.00,28,27.183648684210528,80.26639184210526,70.12055137440811,HIGH,58.2,1196,4.15,47.63,30
26.05_80.75,26.05_80.75;25.95_80.75;25.95_80.60;26.00_80.70;26.05_80.70;25.95_80.70;25.95_80.55;26.00_80.75;26.05_80.55;26.00_80.65;26.10_80.70;25.95_80.65;26.10_80.65;26.10_80.60;26.05_80.65;26.05_80.60;26.00_80.55;26.10_80.75;26.15_80.70;26.15_80.60;26.15_80.75;26.15_80.65;26.10_80.55;26.00_80.60;26.15_80.55,25,26.07658095652173,80.78216695652173,70.10766726864948,HIGH,60.8,1267,4.78,51.91,30
25.95_83.25,25.95_83.25;25.95_83.30;26.15_83.35;26.15_83.30;26.15_83.40;26.10_83.45;26.00_83.40;25.95_83.40;26.05_83.45;26.10_83.40;26.10_83.35;26.05_83.40;26.15_83.25;26.05_83.35;26.10_83.25;26.10_83.30;26.20_83.35;25.95_83.45;25.95_83.35;26.05_83.25;26.00_83.45;26.00_83.25;26.15_83.45;26.00_83.35;26.05_83.30;26.00_83.30,26,25.986736666666665,83.27376463768115,70.0895180252012,HIGH,55.0,985,4.6,55.21,30
27.25_84.55,27.25_84.55;27.25_84.35;27.20_84.35;27.15_84.55;27.15_84.35;27.20_84.55;27.25_84.50;27.20_84.50;27.25_84.45;27.25_84.30;27.25_84.40;27.15_84.40;27.10_84.55;27.20_84.40;27.15_84.50;27.15_84.30;27.10_84.30;27.20_84.45;27.05_84.40;27.15_84.45;27.05_84.35;27.00_84.50;27.05_84.55;27.10_84.50;27.10_84.35;27.05_84.50;27.10_84.45;27.05_84.45;27.10_84.40;27.00_84.45,30,27.2725718699187,84.56910487804879,70.087810333403,HIGH,62.5,1827,3.52,32.49,30
29.45_77.75,29.45_77.75;29.60_77.65;29.65_77.55;29.70_77.55;29.60_77.55;29.65_77.60;29.50_77.70;29.50_77.55;29.60_77.70;29.55_77.60;29.45_77.60;29.55_77.55;29.60_77.60;29.60_77.75;29.45_77.55;29.70_77.65;29.50_77.60;29.55_77.65;29.50_77.65;29.45_77.65;29.65_77.65;29.55_77.70;29.70_77.60;29.50_77.75;29.45_77.80;29.70_77.80;29.65_77.70;29.55_77.80;29.50_77.80;29.65_77.75;29.45_77.70;29.60_77.80;29.70_77.70;29.55_77.75;29.70_77.75;29.65_77.80,36,29.46937982758621,77.77955034482758,70.0838744959459,HIGH,61.6,1552,3.41,167.26,30
25.00_75.20,25.00_75.20;24.85_75.35;24.90_75.15;25.05_75.35;24.85_75.20;25.00_75.30;24.85_75.15;25.00_75.15;25.05_75.25;25.00_75.35;25.05_75.15;25.00_75.25;24.90_75.35;24.85_75.25;25.05_75.20;24.90_75.30;24.85_75.30;24.90_75.25;24.95_75.35;25.10_75.20;24.95_75.30;24.90_75.20;24.95_75.15;24.95_75.20;25.10_75.30;25.10_75.35;25.10_75.15;25.05_75.30;24.95_75.25;24.95_75.10,30,25.022638018867923,75.23005622641509,70.0773817354501,HIGH,41.3,678,8.71,92.7,30
28.05_84.15,28.05_84.15;27.90_84.30;28.05_84.20;27.95_84.20;28.05_84.25;27.95_84.30;27.85_84.05;28.00_84.05;27.85_84.20;28.05_84.05;28.05_84.10;27.90_84.25;27.85_84.25;28.00_84.15;27.85_84.10;27.90_84.15;27.85_84.30;27.95_84.10;28.00_84.10;27.90_84.10;27.85_84.15;28.00_84.20;27.95_84.15;27.90_84.05;27.90_84.20;27.95_84.25;28.00_84.25;27.95_84.05,28,28.07401530612245,84.17744265306123,70.04916893594077,HIGH,59.2,2061,2.73,31.42,30
29.15_78.10,29.15_78.10;28.95_78.10;29.00_78.10;29.10_78.30;29.15_78.25;29.00_78.30;29.05_78.30;29.05_78.10;29.05_78.25;29.10_78.35;28.95_78.35;29.15_78.35;28.90_78.10;28.90_78.30;28.90_78.35;29.15_78.30;29.00_78.35;28.95_78.30;29.00_78.25;28.90_78.25;29.15_78.20;29.00_78.20;29.10_78.10;29.10_78.25;29.10_78.20;29.05_78.20;28.95_78.15;29.00_78.15;29.05_78.15;28.95_78.25;28.95_78.20,31,29.182184060150377,78.1225577443609,70.04406486136581,HIGH,50.4,747,2.92,43.95,30
24.15_83.40,24.15_83.40;24.05_83.25;24.10_83.30;24.15_83.45;24.25_83.25;24.05_83.30;24.10_83.35;24.30_83.25;24.30_83.45;24.10_83.45;24.20_83.45;24.05_83.45;24.05_83.40;24.25_83.35;24.30_83.30;24.10_83.40;24.25_83.30;24.10_83.25;24.15_83.35;24.05_83.35;24.15_83.30;24.30_83.35;24.20_83.30;24.20_83.25;24.25_83.40;24.15_83.25;24.25_83.45;24.20_83.40;24.25_83.50;24.20_83.35,30,24.175569217391303,83.42852330434782,70.03779459354253,HIGH,50.7,2159,6.29,108.88,30
26.00_84.30,26.00_84.30;26.00_84.20;25.95_84.25;25.95_84.05;26.00_84.05;25.95_84.10;25.95_84.30;26.05_84.05;26.05_84.20;26.00_84.25;26.15_84.25;26.05_84.25;25.95_84.20;26.10_84.20;26.15_84.10;26.10_84.15;26.00_84.15;26.05_84.10;26.15_84.20;26.05_84.15;26.15_84.15;26.10_84.05;25.95_84.15;26.10_84.30;26.15_84.05;26.00_84.10;26.10_84.10;26.10_84.25;26.15_84.30,29,26.025254032258065,84.32184005376344,70.0361791182784,HIGH,59.2,2107,5.68,79.85,30
27.80_79.65,27.80_79.65;27.55_79.50;27.60_79.65;27.80_79.60;27.80_79.50;27.65_79.65;27.55_79.55;27.55_79.70;27.65_79.60;27.55_79.45;27.60_79.60;27.60_79.45;27.70_79.65;27.75_79.50;27.60_79.70;27.70_79.55;27.75_79.70;27.75_79.60;27.60_79.50;27.65_79.70;27.75_79.65;27.65_79.50;27.65_79.55;27.80_79.45;27.75_79.45;27.55_79.60;27.70_79.45;27.55_79.65;27.70_79.60;27.65_79.45;27.70_79.50;27.60_79.55;27.80_79.55;27.75_79.55,34,27.82234988095238,79.67112476190476,70.02311756398778,HIGH,51.5,994,4.33,112.04,30
28.05_81.40,28.05_81.40;28.00_81.50;28.00_81.45;28.00_81.35;27.90_81.55;28.00_81.40;27.95_81.50;28.05_81.35;28.00_81.55;27.95_81.55;27.90_81.50;27.85_81.35;27.85_81.45;27.90_81.35;27.90_81.45;27.95_81.35;28.05_81.45;27.95_81.40;28.05_81.50;27.95_81.45;28.00_81.60;28.05_81.55;27.85_81.40;27.90_81.40;27.85_81.50;27.85_81.55;27.80_81.40,27,28.071683989361706,81.43483292553191,70.01265936461223,HIGH,58.7,1147,4.23,46.26,30
26.30_77.50,26.30_77.50;26.25_77.35;26.25_77.45;26.25_77.50;26.25_77.30;26.35_77.50;26.30_77.45;26.20_77.45;26.20_77.30;26.20_77.35;26.20_77.50;26.25_77.40;26.30_77.40;26.30_77.55;26.30_77.35;26.40_77.30;26.35_77.45;26.20_77.40;26.40_77.40;26.35_77.40;26.35_77.35;26.45_77.35;26.45_77.30;26.40_77.45;26.35_77.30;26.45_77.40;26.40_77.35,27,26.328142792207792,77.52829954545454,70.00550740228338,HIGH,42.5,955,7.99,140.86,30
27.50_81.80,27.50_81.80;27.30_81.75;27.45_81.85;27.50_81.75;27.45_81.80;27.40_81.85;27.50_81.70;27.40_81.70;27.50_81.85;27.35_81.85;27.45_81.75;27.40_81.80;27.30_81.70;27.50_81.65;27.45_81.65;27.30_81.85;27.45_81.70;27.35_81.75;27.35_81.80;27.45_81.60;27.40_81.60;27.30_81.60;27.30_81.65;27.30_81.80;27.40_81.65;27.35_81.65;27.40_81.75;27.35_81.70,28,27.52335559139785,81.82892870967741,70.00199307375325,HIGH,59.7,1015,4.05,50.64,30
29.20_78.85,29.20_78.85;29.35_78.75;29.40_78.65;29.25_78.85;29.25_78.65;29.20_78.65;29.30_78.80;29.40_78.80;29.30_78.70;29.30_78.75;29.30_78.85;29.40_78.75;29.25_78.70;29.25_78.75;29.40_78.85;29.35_78.85;29.40_78.70;29.35_78.80;29.35_78.65;29.20_78.80;29.25_78.80;29.20_78.70;29.20_78.75;29.30_78.65;29.35_78.70,25,29.22135320895522,78.87379067164179,69.98512855727077,HIGH,62.2,1291,3.63,38.32,30
24.00_81.50,24.00_81.50;23.95_81.35;23.95_81.50;23.85_81.45;23.95_81.45;23.85_81.50;23.90_81.50;23.90_81.45;23.80_81.45;23.75_81.35;24.00_81.60;23.80_81.40;23.80_81.55;23.80_81.50;24.00_81.45;23.80_81.35;23.85_81.35;24.00_81.55;23.95_81.55;23.85_81.40;23.85_81.55;24.00_81.35;23.90_81.35;23.90_81.55;24.00_81.40;23.90_81.40;23.95_81.40,27,24.028315777777777,81.52375522222222,69.96410352909665,HIGH,54.6,1988,5.88,79.14,30
27.85_78.90,27.85_78.90;28.10_79.05;27.90_78.90;28.05_79.05;28.00_79.15;27.85_78.95;28.00_79.05;28.05_79.10;28.05_79.00;27.90_79.10;27.95_79.15;27.85_79.05;27.95_79.05;28.05_79.15;28.00_79.00;27.85_79.00;27.95_79.10;27.90_78.95;28.05_78.95;27.90_79.05;28.00_79.10;27.90_79.15;27.90_79.00;28.05_78.90;28.00_78.95;27.85_79.10;27.95_79.00;27.95_78.95,28,27.882184624277457,78.92655410404625,69.94182839775233,HIGH,44.4,838,4.07,33.3,30
31.45_76.05,31.45_76.05;31.35_76.05;31.40_76.05;31.35_75.95;31.45_76.00;31.40_75.95;31.40_76.00;31.45_75.95;31.35_76.00;31.35_76.15;31.45_76.10;31.40_76.10;31.45_76.15;31.35_76.10;31.40_76.15,15,31.4712278761062,76.07901274336282,69.91917931770129,HIGH,60.1,989,5.78,54.15,30
25.90_82.60,25.90_82.60;25.90_82.65;25.85_82.65;25.90_82.45;25.70_82.50;25.80_82.65;25.70_82.45;25.75_82.45;25.65_82.40;25.70_82.55;25.75_82.55;25.85_82.50;25.90_82.55;25.65_82.60;25.65_82.45;25.80_82.45;25.85_82.60;25.75_82.50;25.85_82.45;25.80_82.50;25.75_82.60;25.80_82.60;25.70_82.60;25.75_82.65;25.80_82.55;25.85_82.55,26,25.921461379310347,82.63611189655172,69.90129040226113,HIGH,36.1,385,4.26,48.18,30
26.75_79.05,26.75_79.05;26.90_79.10;26.90_79.05;26.80_79.15;26.95_79.00;26.95_79.05;26.85_79.15;26.90_79.15;26.95_78.95;27.00_79.15;26.85_79.10;26.95_79.10;27.00_79.10;26.75_79.15;26.95_79.15;26.85_79.05;26.90_78.95;26.75_79.10;26.80_79.05;26.90_79.00;26.80_79.00;26.80_79.10;27.00_78.90;26.85_79.00;26.90_78.90;26.75_78.95;26.80_78.95;26.95_78.90;26.75_79.00;26.85_78.95,30,26.77947222222222,79.07786777777778,69.87993390995483,HIGH,59.4,1437,4.14,42.19,30
29.75_77.55,29.75_77.55;29.85_77.65;29.80_77.70;29.75_77.60;29.85_77.80;29.90_77.60;29.85_77.60;29.75_77.65;29.90_77.65;29.85_77.70;29.75_77.70;29.85_77.55;29.80_77.65;29.80_77.75;29.80_77.55;29.95_77.75;29.80_77.60;29.95_77.60;29.95_77.80;29.90_77.70;29.75_77.75;29.90_77.55;29.90_77.75;29.85_77.75;29.80_77.80;29.90_77.80;29.75_77.80;29.95_77.65;29.95_77.70;29.95_77.55,30,29.77089795698925,77.57142655913978,69.8720410639993,HIGH,60.8,1287,3.24,28.77,30
26.45_82.15,26.45_82.15;26.35_82.20;26.25_82.35;26.20_82.40;26.25_82.30;26.25_82.25;26.45_82.25;26.20_82.35;26.35_82.15;26.40_82.25;26.35_82.40;26.40_82.40;26.30_82.40;26.30_82.25;26.30_82.15;26.40_82.35;26.35_82.30;26.45_82.20;26.30_82.35;26.45_82.30;26.25_82.40;26.30_82.30;26.30_82.20;26.35_82.35;26.45_82.40;26.40_82.20;26.25_82.20;26.40_82.30;26.45_82.35;26.20_82.15;26.35_82.25;26.40_82.15;26.20_82.25;26.20_82.30;26.25_82.15;26.20_82.20,36,26.482913125,82.17193541666667,69.86269855813595,HIGH,57.8,1150,4.08,67.33,30
29.20_78.10,29.20_78.10;29.40_78.35;29.15_78.15;29.25_78.10;29.30_78.20;29.35_78.15;29.35_78.20;29.40_78.20;29.20_78.15;29.30_78.30;29.20_78.25;29.40_78.15;29.20_78.35;29.40_78.25;29.25_78.30;29.40_78.30;29.20_78.20;29.25_78.20;29.25_78.25;29.20_78.30;29.30_78.25;29.40_78.10;29.25_78.35;29.35_78.35;29.35_78.30;29.25_78.15;29.30_78.10;29.35_78.10;29.30_78.15;29.35_78.25;29.30_78.35,31,29.22121607142857,78.11789257142857,69.8498113687598,HIGH,57.4,733,3.04,37.15,30
26.15_79.20,26.15_79.20;26.10_79.20;26.15_79.40;25.95_79.25;26.05_79.40;26.10_79.40;25.95_79.30;26.05_79.25;26.10_79.25;26.15_79.35;26.15_79.25;25.95_79.35;26.00_79.40;26.00_79.30;26.05_79.20;26.05_79.35;26.00_79.35;26.10_79.35;26.10_79.30;26.00_79.20;26.05_79.30;25.95_79.20;26.15_79.30;25.95_79.40;26.00_79.25,25,26.179598828828823,79.22698936936938,69.84170106999778,HIGH,60.1,1421,4.8,44.06,30
25.60_77.05,25.60_77.05;25.60_77.10;25.40_77.05;25.55_77.05;25.60_77.00;25.45_77.00;25.50_77.05;25.60_77.25;25.40_77.10;25.55_77.00;25.45_77.10;25.45_77.05;25.55_77.10;25.65_77.10;25.65_77.05;25.50_77.00;25.40_77.00;25.40_77.25;25.45_77.25;25.50_77.10;25.60_77.15;25.60_77.20;25.45_77.20;25.50_77.15;25.55_77.25;25.45_77.15;25.40_77.15;25.40_77.20;25.55_77.15;25.55_77.20;25.50_77.25,31,25.618316363636367,77.07352386363637,69.81715319787193,HIGH,51.1,1507,5.63,84.64,30
28.60_82.75,28.60_82.75;28.55_82.90;28.55_82.95;28.60_82.80;28.55_82.75;28.60_82.70;28.55_82.80;28.60_82.90;28.40_82.80;28.40_82.70;28.50_82.80;28.60_82.85;28.55_82.70;28.55_82.85;28.40_82.90;28.45_82.85;28.35_82.90;28.45_82.90;28.50_82.75;28.40_82.75;28.40_82.85;28.45_82.75;28.50_82.70,23,28.637565266666662,82.7726196,69.80523194103806,HIGH,31.5,513,6.94,52.79,30
23.75_81.50,23.75_81.50;23.55_81.55;23.50_81.45;23.75_81.45;23.70_81.50;23.60_81.35;23.75_81.40;23.50_81.40;23.70_81.55;23.50_81.60;23.70_81.35;23.50_81.50;23.65_81.35;23.55_81.50;23.70_81.40;23.70_81.45;23.60_81.45;23.60_81.40;23.65_81.50;23.60_81.50;23.50_81.35;23.50_81.55;23.55_81.40;23.55_81.45;23.65_81.45;23.65_81.40;23.55_81.35;23.60_81.55;23.75_81.55;23.75_81.60;23.65_81.60,31,23.778916313131315,81.52010641414141,69.80169837737202,HIGH,48.0,1936,4.51,38.38,30
30.85_78.60,30.85_78.60;30.80_78.40;30.80_78.60;30.90_78.40;30.95_78.40;30.80_78.45;30.85_78.50;30.85_78.40;30.80_78.35;30.85_78.45;30.95_78.35;30.95_78.45;30.80_78.50;30.90_78.55;30.80_78.55;30.85_78.55;30.90_78.60;31.00_78.35;30.95_78.50;30.90_78.50,20,30.876808659793813,78.63997608247423,69.79309940024316,HIGH,45.6,618,6.66,49.94,30
25.45_81.70,25.45_81.70;25.50_81.65;25.40_81.75;25.40_81.70;25.45_81.75;25.55_81.60;25.40_81.65;25.45_81.80;25.50_81.80;25.50_81.60;25.50_81.85;25.50_81.70;25.40_81.80;25.40_81.85;25.55_81.70;25.60_81.65;25.45_81.85;25.60_81.70;25.60_81.60;25.55_81.85;25.50_81.75;25.55_81.75;25.45_81.65;25.55_81.65;25.45_81.60;25.40_81.60;25.55_81.80;25.60_81.85;25.60_81.80,29,25.48600134328358,81.72401037313433,69.78006175742605,HIGH,37.7,549,4.09,65.56,30
26.15_81.95,26.15_81.95;25.95_82.10;26.05_82.05;26.00_81.95;26.15_81.90;26.15_82.05;26.05_81.95;25.95_81.95;26.10_82.00;26.10_81.95;26.00_82.10;26.10_82.10;26.10_82.05;26.05_81.90;26.05_82.10;26.05_82.00;26.10_81.90;26.00_82.00;26.00_81.90;26.00_82.05;26.15_82.10;25.95_82.05;25.95_82.00;26.15_82.00;26.20_82.05;25.95_81.90,26,26.174967,81.9764715,69.72702820430155,HIGH,54.4,580,4.25,73.87,30
26.00_82.15,26.00_82.15;25.95_82.25;26.00_82.20;25.95_82.20;26.00_82.25;25.95_82.15;26.15_82.25;26.10_82.35;26.10_82.40;26.10_82.15;26.15_82.40;26.05_82.40;26.05_82.35;26.05_82.20;25.95_82.30;26.15_82.30;26.15_82.15;25.95_82.35;26.05_82.15;26.10_82.25;26.15_82.35;26.05_82.30;26.00_82.30;26.15_82.20;26.05_82.25;26.10_82.30;26.00_82.40;26.00_82.35;25.95_82.40;26.10_82.20,30,26.0176785945946,82.17237427027027,69.71865020248146,HIGH,51.6,841,4.18,39.76,30
26.00_76.90,26.00_76.90;26.00_76.95;26.05_76.95;25.95_76.80;25.95_76.90;26.05_76.90;26.05_77.00;26.00_76.75;26.00_76.85;25.95_76.85;25.95_76.75;26.05_76.80;26.10_76.95;26.00_76.80;25.95_76.95;26.05_76.75;26.15_76.90;26.10_77.00;26.15_77.00;26.10_76.80;26.10_76.90;26.00_77.00;26.15_76.85;26.15_76.95,24,26.02519589928057,76.93379999999999,69.69049986111555,HIGH,36.4,465,6.49,80.44,30
28.60_83.20,28.60_83.20;28.45_82.95;28.45_83.20;28.55_83.00;28.60_83.00;28.50_83.00;28.55_83.15;28.60_83.15;28.40_83.20;28.55_83.20;28.50_83.20;28.35_83.05;28.50_83.15;28.50_82.95;28.60_83.05;28.55_83.05;28.40_82.95;28.55_83.10;28.50_83.10;28.40_83.05;28.45_83.00;28.40_83.00;28.60_82.95,23,28.629824950495053,83.22519168316832,69.67529107149669,HIGH,29.3,479,7.47,78.96,30
28.15_77.45,28.15_77.45;28.10_77.35;28.30_77.45;28.10_77.50;28.35_77.45;28.10_77.45;28.20_77.35;28.30_77.50;28.15_77.50;28.25_77.50;28.25_77.45;28.15_77.30;28.10_77.40;28.15_77.35;28.20_77.30;28.20_77.45;28.15_77.40;28.20_77.50;28.25_77.35;28.35_77.55;28.25_77.40;28.25_77.30;28.30_77.35;28.30_77.30;28.10_77.30;28.30_77.40;28.35_77.40;28.20_77.40;28.35_77.30;28.35_77.35,30,28.167610337078653,77.47699,69.67242550131932,HIGH,60.1,1662,4.98,46.49,30
24.00_83.90,24.00_83.90;23.85_83.80;23.90_83.90;23.80_83.80;23.85_83.90;24.00_83.80;23.85_83.85;24.00_83.85;23.95_83.80;23.90_83.85;23.95_83.85;23.95_84.00;23.80_83.95;23.95_83.90;23.90_83.95;23.85_83.95;23.85_84.00;23.95_83.95;23.80_83.85;23.90_84.00;23.90_83.80;23.85_83.75;24.00_84.00;24.00_83.95;23.80_83.90;23.80_84.00,26,24.02749906976744,83.92848356589148,69.62851953184813,HIGH,57.2,1653,7.01,92.93,30
30.00_77.30,30.00_77.30;30.05_77.30;30.10_77.30;30.20_77.30;30.15_77.30;30.10_77.35;30.15_77.35;30.05_77.40;30.20_77.35;30.00_77.40;30.00_77.35;30.20_77.50;30.00_77.45;30.10_77.50;30.20_77.45;30.05_77.35;30.15_77.50;30.05_77.50;30.05_77.45;30.10_77.45;30.20_77.40;30.15_77.40;30.10_77.40;30.15_77.45;30.00_77.50;30.15_77.55,26,30.02721392405063,77.32590025316455,69.62679455567068,HIGH,59.5,1174,3.82,30.34,30
24.80_79.15,24.80_79.15;24.60_79.15;24.75_78.90;24.65_78.95;24.65_79.15;24.60_79.10;24.80_79.10;24.60_79.00;24.75_78.95;24.75_79.15;24.80_79.00;24.65_79.05;24.75_79.00;24.70_79.05;24.70_79.10;24.60_79.05;24.65_79.00;24.70_78.95;24.70_79.15;24.65_79.10;24.70_79.00;24.70_78.90;24.80_78.95;24.60_78.95;24.75_79.10;24.80_79.05;24.75_79.05,27,24.82502409090909,79.18239090909091,69.62106312209656,HIGH,43.3,358,7.64,132.65,30
28.05_79.95,28.05_79.95;27.90_79.85;28.00_79.85;28.05_79.90;27.85_79.80;28.00_79.95;28.00_79.90;27.90_79.80;27.95_79.85;27.85_79.95;28.05_79.75;27.95_79.75;27.90_79.90;27.90_79.75;27.85_79.85;27.85_79.70;28.00_79.80;28.05_79.85;28.00_79.75;27.95_79.95;27.85_79.75;27.95_79.90;27.95_79.80;27.90_79.95;28.05_79.80;27.85_79.90,26,28.07392571428572,79.9710806122449,69.59825390068855,HIGH,64.7,1670,3.81,37.27,30
28.45_77.90,28.45_77.90;28.55_77.85;28.60_77.90;28.60_77.85;28.55_77.95;28.60_77.95;28.50_77.85;28.50_77.90;28.40_78.05;28.60_78.00;28.45_77.95;28.45_78.00;28.40_78.00;28.55_77.90;28.45_77.85;28.40_77.95;28.40_77.90;28.45_78.05;28.50_77.95;28.55_78.00;28.40_77.85;28.60_78.05;28.50_78.00;28.55_78.05,24,28.48306117647059,77.92532588235294,69.57413646838785,HIGH,56.1,656,3.25,20.09,30
28.05_80.80,28.05_80.80;27.95_80.80;28.00_80.80;28.00_81.05;27.95_81.05;28.05_80.90;28.00_80.90;27.85_80.85;28.00_80.85;28.05_80.85;27.90_80.95;27.85_80.90;27.85_81.00;27.90_81.05;27.95_80.90;27.95_80.85;28.05_81.00;27.95_80.95;27.85_81.05;27.90_80.85;28.00_81.00;27.90_81.00;27.90_80.80;27.85_80.95;28.00_80.95;28.05_80.95;27.85_80.80;27.95_81.00;27.90_80.90,29,28.067474794520543,80.83216657534247,69.54907090181104,HIGH,64.1,1379,3.55,45.28,30
26.70_80.00,26.70_80.00;26.70_80.05;26.65_80.00;26.50_80.20;26.70_80.15;26.65_80.05;26.65_80.20;26.60_80.00;26.60_80.10;26.55_80.05;26.70_80.20;26.50_80.05;26.65_80.15;26.60_80.15;26.60_80.05;26.50_80.25;26.50_80.00;26.50_80.15;26.55_80.10;26.55_80.15;26.70_80.10;26.55_80.20;26.55_80.00;26.60_80.20;26.65_80.10;26.50_80.10,26,26.72373656050956,80.03312356687898,69.52516073680141,HIGH,54.4,920,4.99,114.21,30
27.35_80.20,27.35_80.20;27.35_80.25;27.30_80.20;27.35_80.15;27.30_80.05;27.40_80.05;27.40_80.10;27.30_80.00;27.50_80.20;27.45_80.00;27.40_80.00;27.45_80.15;27.35_80.00;27.50_80.05;27.45_80.05;27.45_80.20;27.50_80.10;27.50_80.25;27.45_80.10;27.40_80.20;27.50_80.15;27.50_80.00;27.40_80.15;27.30_80.10;27.30_80.15;27.35_80.05;27.35_80.10,27,27.37419720338984,80.22503932203391,69.51838015852374,HIGH,64.0,1190,4.06,34.93,30
28.25_84.75,28.25_84.75;28.25_84.70;28.10_84.60;28.20_84.80;28.25_84.60;28.25_84.80;28.10_84.65;28.10_84.80;28.20_84.70;28.15_84.60;28.25_84.65;28.10_84.70;28.15_84.65;28.30_84.80;28.35_84.80;28.10_84.75;28.10_84.85;28.15_84.75;28.20_84.60;28.20_84.75;28.15_84.80;28.20_84.65;28.30_84.60;28.35_84.60;28.15_84.70;28.30_84.70;28.30_84.65;28.30_84.75;28.35_84.75,29,28.273960444444448,84.77593244444445,69.49027019973111,HIGH,57.8,1643,6.93,108.33,30
25.20_84.70,25.20_84.70;25.30_84.80;25.35_84.70;25.35_84.75;25.20_84.80;25.30_84.60;25.25_84.80;25.25_84.70;25.35_84.65;25.30_84.65;25.25_84.60;25.20_84.75;25.20_84.65;25.15_84.75;25.25_84.65;25.35_84.80;25.15_84.80;25.20_84.60;25.30_84.75;25.25_84.75;25.10_84.80;25.35_84.60;25.15_84.70;25.15_84.65,24,25.21430789473684,84.72512842105263,69.46567259992844,HIGH,38.4,273,3.74,65.71,30
26.95_78.60,26.95_78.60;26.75_78.45;26.90_78.60;26.75_78.50;26.95_78.55;26.75_78.40;26.75_78.55;26.95_78.45;26.80_78.40;26.95_78.40;26.95_78.50;26.80_78.35;26.90_78.45;26.85_78.60;26.75_78.60;27.00_78.45;26.80_78.50;26.80_78.45;26.90_78.50;26.85_78.50;26.90_78.55;26.85_78.45;26.75_78.35;27.00_78.50;26.80_78.55;26.95_78.35,26,26.9661288,78.6180028,69.41352426654203,HIGH,38.3,487,5.68,60.03,30
27.95_78.70,27.95_78.70;27.95_78.75;27.90_78.85;27.90_78.80;27.95_78.65;27.95_78.80;27.95_78.85;28.00_78.65;28.00_78.80;28.00_78.70;28.00_78.75;27.95_78.90;27.85_78.85;27.90_78.75;27.85_78.80;27.85_78.75;27.80_78.85;28.05_78.70;27.90_78.70;28.05_78.65;28.05_78.85;27.85_78.70;27.80_78.65;28.05_78.75;27.85_78.65;27.90_78.65,26,27.9719947107438,78.72624859504133,69.3972368965223,HIGH,44.9,841,4.49,42.32,30
24.75_82.20,24.75_82.20;24.65_82.25;24.85_82.15;24.75_82.15;24.70_82.25;24.80_82.15;24.75_82.25;24.65_82.20;24.70_82.20;24.80_82.40;24.70_82.15;24.60_82.40;24.80_82.35;24.60_82.20;24.75_82.35;24.80_82.25;24.60_82.25;24.70_82.30;24.60_82.30;24.65_82.30;24.65_82.40;24.70_82.35;24.60_82.35;24.65_82.35;24.75_82.40;24.80_82.20;24.80_82.30;24.60_82.15;24.70_82.40;24.75_82.30,30,24.77383664383561,82.21267417808218,69.38409221152105,HIGH,37.7,1010,7.03,114.66,30
25.25_81.25,25.25_81.25;25.35_81.30;25.20_81.25;25.35_81.25;25.35_81.20;25.30_81.25;25.25_81.10;25.25_81.20;25.30_81.20;25.20_81.30;25.30_81.15;25.15_81.30;25.35_81.05;25.25_81.30;25.15_81.25;25.25_81.15;25.30_81.30;25.15_81.20;25.30_81.10;25.15_81.10;25.20_81.20;25.35_81.10;25.20_81.05;25.15_81.15;25.20_81.15;25.20_81.10;25.35_81.15;25.15_81.05,28,25.273673904761907,81.28320685714286,69.37155250298581,HIGH,47.6,1073,5.79,71.17,30
27.80_80.25,27.80_80.25;27.80_80.30;27.55_80.45;27.75_80.45;27.75_80.35;27.75_80.40;27.70_80.35;27.65_80.30;27.70_80.30;27.60_80.35;27.75_80.25;27.70_80.40;27.70_80.50;27.75_80.50;27.65_80.40;27.60_80.45;27.60_80.50;27.65_80.25;27.65_80.35;27.80_80.40;27.70_80.25;27.80_80.45;27.65_80.45;27.55_80.50;27.80_80.50;27.55_80.30;27.75_80.30;27.80_80.35;27.60_80.30;27.65_80.50;27.70_80.45;27.55_80.35;27.60_80.40;27.55_80.40,34,27.82643776119403,80.27958089552239,69.31758251520499,HIGH,63.2,1493,3.6,33.05,30
24.05_76.55,24.05_76.55;24.15_76.70;24.15_76.65;24.25_76.55;24.10_76.70;24.05_76.50;24.05_76.70;24.20_76.55;24.10_76.65;24.15_76.55;24.15_76.50;24.20_76.65;24.20_76.60;24.10_76.60;24.15_76.60;24.30_76.60;24.20_76.70;24.25_76.60;24.25_76.70;24.05_76.65;24.10_76.50;24.10_76.55;24.30_76.65;24.05_76.60;24.25_76.65;24.25_76.50,26,24.067975324675324,76.58925974025973,69.28771727700062,HIGH,37.6,411,7.46,56.45,30
27.25_82.10,27.25_82.10;27.20_82.05;27.20_82.10;27.25_81.90;27.05_82.00;27.10_82.00;27.05_81.90;27.10_82.10;27.25_82.00;27.00_81.95;27.05_82.05;27.15_81.95;27.10_82.05;27.00_82.05;27.05_82.10;27.20_81.95;27.25_82.05;27.20_81.90;27.15_82.00;27.15_82.05;27.25_81.95;27.20_82.00;27.15_82.10;27.10_81.95;27.15_81.90;27.05_81.95;27.10_81.90,27,27.26438186046512,82.12329069767442,69.2743463114913,HIGH,51.1,544,4.69,114.83,30
30.75_77.65,30.75_77.65;30.70_77.70;30.55_77.65;30.75_77.70;30.75_77.80;30.65_77.75;30.70_77.75;30.70_77.80;30.60_77.70;30.70_77.60;30.55_77.80;30.65_77.60;30.75_77.60;30.70_77.65;30.75_77.75;30.60_77.75;30.65_77.80;30.65_77.65;30.65_77.70;30.65_77.55;30.70_77.55;30.60_77.80;30.55_77.75;30.60_77.65;30.60_77.60;30.55_77.70;30.60_77.55;30.55_77.60;30.50_77.55;30.55_77.55;30.75_77.55,31,30.780832681159417,77.6823722463768,69.25321002755301,HIGH,53.5,1752,4.63,109.99,30
30.25_77.30,30.25_77.30;30.40_77.40;30.35_77.30;30.25_77.40;30.40_77.45;30.30_77.30;30.35_77.35;30.25_77.45;30.30_77.35;30.25_77.50;30.40_77.30;30.30_77.50;30.45_77.55;30.35_77.45;30.25_77.35;30.30_77.45;30.35_77.50;30.45_77.50;30.40_77.35;30.30_77.40;30.50_77.45;30.35_77.40;30.45_77.30;30.50_77.30;30.40_77.50;30.25_77.55;30.45_77.45;30.50_77.35;30.45_77.35;30.45_77.40;30.50_77.50;30.50_77.40,32,30.27271576388889,77.32395715277778,69.25131572124293,HIGH,54.1,2055,3.77,29.1,30
23.80_75.85,23.80_75.85;23.85_75.85;23.85_75.90;23.85_75.75;23.85_75.65;23.80_75.65;23.80_75.90;23.80_75.70;23.80_75.80;23.80_75.75;23.95_75.90;23.90_75.75;23.85_75.80;23.85_75.70;23.90_75.85;23.95_75.75;24.00_75.65;24.00_75.90;23.90_75.70;24.00_75.85;24.00_75.80;24.00_75.70;23.95_75.80;23.90_75.80;23.95_75.70;23.90_75.90;23.95_75.65;24.00_75.75;23.95_75.85,29,23.82468232142857,75.88900598214286,69.22629439490002,HIGH,52.4,1182,6.2,72.47,30
26.80_81.90,26.80_81.90;26.85_81.90;26.95_81.95;26.90_81.95;26.90_82.10;26.90_82.05;26.80_81.95;26.90_82.00;26.80_82.05;27.00_82.10;26.80_82.00;26.85_82.05;27.00_82.00;26.95_82.05;26.95_82.00;26.90_81.90;26.85_82.00;26.85_81.95;27.00_81.90;26.75_82.10;26.95_81.90;26.85_82.10;26.95_82.10;26.75_82.00;26.75_81.90;26.80_82.10;26.75_82.05;26.75_81.95,28,26.829962162162165,81.92504797297298,69.19547082782428,HIGH,51.5,538,4.03,34.14,30
31.15_76.55,31.15_76.55;31.10_76.55;31.20_76.60;31.10_76.60;31.10_76.50;31.20_76.65;31.05_76.65;31.20_76.50;31.15_76.50;31.20_76.70;31.30_76.50;31.10_76.70;31.30_76.60;31.15_76.65;31.15_76.70;31.15_76.60;31.10_76.65;31.30_76.55;31.25_76.65;31.30_76.65;31.25_76.50;31.20_76.55;31.30_76.70;31.25_76.70;31.25_76.55;31.25_76.60,26,31.17348882352941,76.58091035294117,69.17460510269713,HIGH,50.6,1257,4.8,49.8,30
26.50_80.80,26.50_80.80;26.55_80.80;26.65_80.90;26.50_80.85;26.50_80.90;26.60_80.85;26.65_80.85;26.70_80.90;26.65_80.80;26.70_80.80;26.60_80.95;26.55_80.85;26.65_80.95;26.65_81.00;26.50_81.05;26.70_80.85;26.70_80.95;26.55_80.90;26.60_80.90;26.60_80.80;26.60_81.00;26.55_80.95;26.50_80.95;26.55_81.00;26.50_81.00;26.70_81.00,26,26.54063333333333,80.82732098765432,69.14440243303065,HIGH,52.1,645,4.44,47.76,30
26.55_84.10,26.55_84.10;26.50_84.05;26.50_84.10;26.65_84.05;26.60_84.05;26.60_84.10;26.70_84.05;26.65_84.10;26.55_84.05;26.55_84.15;26.55_84.20;26.55_84.25;26.65_84.20;26.55_84.30;26.60_84.20;26.70_84.25;26.50_84.20;26.70_84.15;26.50_84.25;26.70_84.10;26.50_84.30;26.50_84.15;26.65_84.15;26.60_84.25;26.60_84.30;26.60_84.15;26.70_84.20;26.65_84.25,28,26.56669931818182,84.12018477272727,69.12576483684506,HIGH,49.5,828,4.68,113.55,30
24.05_75.30,24.05_75.30;24.30_75.15;24.10_75.35;24.15_75.20;24.10_75.30;24.10_75.20;24.10_75.25;24.05_75.35;24.05_75.20;24.05_75.15;24.15_75.25;24.15_75.30;24.15_75.35;24.25_75.15;24.25_75.20;24.05_75.25;24.15_75.15;24.20_75.20;24.20_75.25;24.10_75.15;24.25_75.25;24.20_75.35;24.25_75.30;24.20_75.15;24.20_75.30,25,24.06490627218935,75.34356757396449,69.10286679173339,HIGH,34.8,384,5.71,28.71,30
29.75_81.30,29.75_81.30;29.75_81.25;29.70_81.15;29.75_81.15;29.75_81.10;29.85_81.25;29.90_81.15;29.85_81.20;29.75_81.20;29.85_81.15;29.85_81.30;29.80_81.30;29.80_81.25;29.80_81.20;29.95_81.30;29.90_81.05;29.95_81.20;29.85_81.10;29.80_81.15;29.95_81.25;29.90_81.30,21,29.76230103448276,81.30730551724139,69.0751832996748,HIGH,31.3,509,12.44,75.36,30
26.15_80.05,26.15_80.05;26.15_80.00;26.05_80.00;26.15_80.10;26.10_80.20;26.05_80.15;26.10_80.00;26.10_80.10;26.15_80.20;26.10_80.15;25.95_80.10;26.00_80.00;26.00_80.20;26.00_80.10;26.10_80.05;25.95_80.15;26.05_80.20;26.05_80.10;26.00_80.15;25.95_80.00;26.15_80.15;26.00_80.05;26.15_80.25;25.95_80.05;25.95_80.20;26.05_80.05,26,26.17620774647888,80.06779345070423,69.0178048110675,HIGH,49.2,711,5.6,47.37,30
24.20_84.10,24.20_84.10;24.20_84.30;24.25_84.30;24.25_84.05;24.25_84.15;24.20_84.20;24.25_84.25;24.25_84.20;24.20_84.25;24.20_84.15;24.15_84.25;24.25_84.10;24.20_84.05;24.10_84.25;24.15_84.05;24.10_84.05;24.10_84.20;24.05_84.05;24.15_84.30;24.05_84.25;24.15_84.20;24.10_84.15;24.15_84.10;24.15_84.15;24.05_84.10,25,24.23730649350649,84.12691909090908,69.00143111454726,HIGH,49.6,1104,6.27,77.77,30
28.40_84.40,28.40_84.40;28.40_84.35;28.35_84.35;28.45_84.40;28.40_84.45;28.35_84.50;28.45_84.35;28.40_84.50;28.50_84.35;28.55_84.35;28.50_84.40;28.40_84.30;28.45_84.30;28.50_84.45;28.45_84.50;28.55_84.40;28.45_84.45;28.40_84.55;28.60_84.35,19,28.42819674074074,84.42111681481481,68.95003469929522,HIGH,44.6,1090,13.74,237.16,30
23.95_76.80,23.95_76.80;23.95_77.00;23.80_76.85;23.80_76.90;23.95_76.85;24.00_76.85;23.95_76.95;24.00_76.90;23.85_76.75;23.85_76.80;23.95_76.90;24.00_76.95;23.80_76.75;23.90_76.85;23.90_76.80;23.90_76.90;23.85_77.00;23.75_76.95;23.80_76.80;23.85_76.90;24.00_76.80;23.85_76.85;23.80_76.95;23.90_76.75;23.95_76.75;23.85_76.95;23.90_76.95;24.00_76.75,28,23.968904444444444,76.82922888888889,68.94965768417393,HIGH,49.5,908,6.23,46.42,30
26.95_84.95,26.95_84.95;26.95_84.90;27.00_84.90;26.85_84.85;26.95_84.85;26.90_84.85;26.90_84.90;26.75_84.85;26.80_84.85;26.85_84.90;26.85_84.95;26.75_84.90;26.80_84.90;26.80_84.95;26.75_84.95;26.90_84.95,16,26.981885319148937,84.96819765957447,68.91951440611916,HIGH,46.4,248,3.15,39.83,30
28.40_84.75,28.40_84.75;28.40_84.80;28.45_84.80;28.45_84.75;28.40_84.70;28.60_84.80;28.35_84.70;28.50_84.80;28.55_84.80;28.35_84.65,10,28.44220803921569,84.77361392156863,68.9064476875463,HIGH,40.5,289,9.08,100.19,30
26.50_79.75,26.50_79.75;26.65_79.75;26.70_79.85;26.65_79.85;26.65_79.80;26.70_79.95;26.70_79.75;26.70_79.80;26.55_79.90;26.65_79.95;26.65_79.90;26.70_79.90;26.60_79.95;26.60_79.85;26.55_79.95;26.60_79.90;26.55_79.75;26.60_79.75;26.55_79.85;26.50_79.80;26.50_79.95;26.60_79.80;26.50_79.85;26.50_79.90;26.55_79.80,25,26.525143217391303,79.77063139130435,68.90577912664342,HIGH,59.6,1123,3.84,35.46,30
27.70_81.45,27.70_81.45;27.65_81.45;27.75_81.50;27.70_81.40;27.65_81.40;27.70_81.55;27.70_81.50;27.80_81.50;27.80_81.55;27.75_81.45;27.70_81.35;27.75_81.40;27.60_81.40;27.75_81.55;27.80_81.45;27.60_81.50;27.55_81.35;27.55_81.50;27.80_81.35;27.65_81.50;27.65_81.35;27.75_81.35;27.55_81.40;27.60_81.35;27.65_81.55;27.60_81.55;27.60_81.45;27.55_81.45,28,27.72039953846154,81.47056061538461,68.89221931152412,HIGH,56.6,981,4.24,44.25,30
27.30_78.75,27.30_78.75;27.30_78.70;27.45_78.75;27.40_78.80;27.45_78.80;27.50_78.75;27.40_78.85;27.50_78.80;27.55_78.65;27.50_78.70;27.40_78.70;27.35_78.85;27.30_78.80;27.35_78.80;27.55_78.70;27.45_78.85;27.40_78.90;27.35_78.75;27.30_78.65;27.40_78.65;27.35_78.70;27.45_78.65;27.45_78.70;27.35_78.65;27.40_78.75;27.50_78.85;27.30_78.85,27,27.316845051546395,78.77240690721649,68.87666797066399,HIGH,37.7,460,4.24,31.55,30
25.45_82.60,25.45_82.60;25.55_82.45;25.60_82.45;25.55_82.40;25.50_82.50;25.45_82.55;25.40_82.60;25.55_82.55;25.65_82.50;25.40_82.65;25.45_82.65;25.40_82.55;25.50_82.60;25.50_82.45;25.60_82.50;25.50_82.40;25.60_82.55;25.60_82.65;25.60_82.60;25.45_82.45;25.65_82.65;25.40_82.50;25.45_82.40;25.55_82.65;25.50_82.55;25.45_82.50;25.50_82.65;25.55_82.60;25.65_82.55;25.55_82.50,30,25.4806585,82.637293,68.85795411974006,HIGH,44.5,353,3.42,16.48,30
26.60_81.45,26.60_81.45;26.60_81.50;26.50_81.50;26.55_81.45;26.70_81.60;26.50_81.40;26.55_81.35;26.50_81.55;26.55_81.50;26.60_81.55;26.55_81.40;26.60_81.40;26.70_81.55;26.50_81.45;26.65_81.50;26.60_81.35;26.55_81.55;26.60_81.60;26.65_81.55;26.65_81.60;26.65_81.35;26.65_81.45;26.50_81.35;26.70_81.40;26.70_81.45;26.70_81.50;26.70_81.35;26.65_81.40,28,26.6235504477612,81.47652402985074,68.85222621829269,HIGH,58.0,1189,4.54,69.3,30
25.05_82.85,25.05_82.85;24.90_82.70;24.85_82.75;25.05_82.90;24.85_82.80;24.90_82.90;25.05_82.95;24.95_82.85;24.85_82.90;24.90_82.85;25.10_82.90;24.95_82.90;24.85_82.85;24.90_82.75;25.10_82.85;24.95_82.70;24.90_82.95;24.85_82.70;24.95_82.95;24.95_82.75;24.95_82.80;25.05_82.75;25.10_82.70;25.10_82.75;25.00_82.80;25.10_82.80;25.05_82.70;25.00_82.70;24.90_82.80;25.00_82.75,30,25.06536973404255,82.87912792553192,68.84655980913975,HIGH,38.6,816,7.55,119.4,30
24.90_75.00,24.90_75.00;24.85_74.90;24.90_75.10;24.85_74.95;24.90_74.85;24.85_75.05;24.85_75.10;24.85_74.85;24.90_74.90;24.90_75.05;24.90_74.95;24.95_75.00;25.10_75.05;25.10_74.90;25.05_75.00;25.00_74.95;25.00_75.10;25.05_75.05;24.95_74.90;25.00_74.90;25.05_74.85;25.00_75.05,22,24.91571942857143,75.0233082857143,68.84584791104606,HIGH,38.3,644,7.99,61.55,30
28.05_80.55,28.05_80.55;28.05_80.75;28.05_80.60;28.05_80.65;28.00_80.65;28.00_80.60;28.05_80.70;28.00_80.55;28.00_80.70;27.85_80.60;28.00_80.75;27.90_80.65;27.95_80.55;27.85_80.55;27.90_80.55;27.90_80.70;27.90_80.60;27.95_80.60;27.95_80.65;27.90_80.75;27.85_80.65;27.85_80.70;27.95_80.70;27.95_80.75;27.85_80.75,25,28.078769540229885,80.57439367816092,68.79718080861174,HIGH,63.9,1363,3.42,27.5,30
24.45_82.00,24.45_82.00;24.50_81.90;24.45_82.10;24.45_82.05;24.35_82.05;24.55_82.05;24.35_81.90;24.40_82.00;24.55_81.90;24.40_82.10;24.45_81.90;24.45_81.95;24.55_81.95;24.50_82.10;24.40_81.90;24.55_82.10;24.35_82.00;24.40_82.05;24.30_82.05;24.55_82.00;24.35_81.95;24.30_82.00;24.50_82.05;24.40_81.95;24.50_82.00;24.30_81.90;24.35_82.10;24.30_82.10;24.50_81.95,29,24.4694819,82.0195205,68.7916948984377,HIGH,38.7,481,6.19,59.41,30
25.05_79.60,25.05_79.60;25.05_79.55;25.00_79.45;25.05_79.50;24.90_79.45;24.85_79.60;25.10_79.60;24.85_79.65;24.90_79.50;25.10_79.65;25.05_79.65;25.00_79.50;25.00_79.55;24.90_79.70;25.00_79.60;24.85_79.50;24.90_79.65;25.10_79.70;25.05_79.70;25.05_79.45;25.00_79.70;25.10_79.45;24.90_79.60;25.10_79.50;24.95_79.60;24.85_79.45;25.10_79.55;24.95_79.50;24.85_79.55;24.95_79.65;24.90_79.55;24.95_79.55;25.00_79.65;24.95_79.45,34,25.07852380952381,79.6213105952381,68.78537315605381,HIGH,57.3,1023,6.6,50.01,30
27.15_79.80,27.15_79.80;27.25_79.85;27.20_79.95;27.15_79.90;27.10_79.90;27.20_79.85;27.15_79.85;27.05_79.95;27.15_79.95;27.15_79.75;27.20_79.75;27.25_79.95;27.20_79.80;27.25_79.90;27.25_79.80;27.20_79.90;27.25_79.75;27.10_79.95;27.05_79.75;27.10_79.75;27.00_79.95;27.00_79.75;27.10_79.85;27.00_79.80;27.05_79.80;27.15_79.70;27.05_79.85;27.10_79.80,28,27.176586382978723,79.82015808510639,68.78231408759832,HIGH,41.7,512,4.5,76.44,30
26.00_84.35,26.00_84.35;25.95_84.45;26.00_84.45;25.95_84.55;25.95_84.50;25.95_84.35;26.05_84.35;26.10_84.40;25.95_84.40;26.05_84.45;26.00_84.40;26.10_84.55;26.00_84.50;26.10_84.35;26.05_84.50;26.10_84.45;26.05_84.30;26.20_84.35;26.00_84.55;26.05_84.55;26.15_84.35;26.15_84.40;26.15_84.45;26.10_84.50;26.20_84.55;26.05_84.40;26.15_84.50;26.15_84.55,28,26.01891085106383,84.36945127659575,68.76320794811019,HIGH,49.4,838,4.87,64.36,30
30.50_78.00,30.50_78.00;30.40_78.00;30.45_77.95;30.50_77.90;30.35_77.85;30.50_77.95;30.30_78.05;30.40_77.95;30.45_77.90;30.40_77.85;30.30_77.85;30.50_78.05;30.50_77.85;30.40_78.05;30.35_77.95;30.35_77.90;30.45_77.85;30.35_78.05;30.40_77.90;30.30_77.90;30.45_78.00;30.35_78.00;30.30_78.00;30.25_77.95;30.25_78.05;30.25_78.00;30.45_78.05;30.30_77.95,28,30.53146285714286,78.02712873015872,68.76055714258005,HIGH,49.8,1277,3.36,48.39,30
29.45_80.55,29.45_80.55;29.60_80.55;29.50_80.60;29.70_80.60;29.60_80.60;29.50_80.55;29.50_80.75;29.45_80.65;29.65_80.55;29.70_80.55;29.50_80.70;29.60_80.65;29.65_80.65;29.65_80.60;29.70_80.65;29.50_80.65;29.45_80.60;29.70_80.70;29.60_80.70;29.65_80.70;29.65_80.75;29.45_80.70;29.55_80.70;29.70_80.75;29.55_80.55;29.55_80.60;29.60_80.75;29.45_80.75;29.55_80.75;29.55_80.65,30,29.47215635036496,80.57758437956204,68.73883076211843,HIGH,55.4,1935,3.99,74.99,30
25.65_77.25,25.65_77.25;25.70_77.15;25.70_77.10;25.75_77.10;25.75_77.15;25.90_77.15;25.70_77.20;25.65_77.20;25.80_77.15;25.90_77.10;25.75_77.20;25.80_77.05;25.70_77.25;25.75_77.05;25.65_77.15;25.85_77.15;25.80_77.20;25.80_77.10;25.90_77.20;25.85_77.10;25.90_77.05;25.80_77.00;25.85_77.25;25.85_77.05;25.75_77.00;25.85_77.00;25.70_77.05;25.80_77.25;25.85_77.20,29,25.67587420689655,77.27488806896552,68.53370322313296,HIGH,49.5,2198,7.85,112.0,30
28.85_79.05,28.85_79.05;28.85_79.15;28.70_79.15;28.90_78.95;28.85_79.10;28.75_79.15;28.80_79.15;28.75_79.10;28.65_79.15;28.85_78.95;28.80_79.05;28.80_79.10;28.80_78.95;28.75_79.05;28.75_79.00;28.70_79.00;28.65_79.05;28.70_79.05;28.85_79.00;28.65_79.10;28.70_79.10;28.80_79.00;28.75_78.95;28.70_78.90;28.65_78.90;28.85_78.90;28.65_79.00;28.65_78.95;28.70_78.95;28.80_78.90,30,28.876445882352943,79.07289044117647,68.46794221217793,HIGH,53.8,869,3.87,53.01,30
26.95_80.20,26.95_80.20;27.00_80.20;26.75_80.05;26.95_80.25;26.90_80.10;26.90_80.25;26.95_80.15;26.80_80.10;26.80_80.05;26.85_80.20;26.95_80.10;26.90_80.20;26.80_80.20;27.00_80.10;27.00_80.05;26.90_80.15;26.75_80.00;26.75_80.10;26.80_80.00;26.85_80.05;26.95_80.05;26.80_80.15;27.00_80.00;26.85_80.10;26.90_80.00;26.75_80.20;26.85_80.15;26.95_80.00;26.75_80.15;26.85_80.00;26.90_80.05,31,26.978825217391304,80.22173586956522,68.455077947728,HIGH,45.7,834,4.28,44.35,30
29.85_78.05,29.85_78.05;29.85_78.00;29.80_78.00;29.85_77.95;29.75_78.05;29.90_77.85;29.75_77.90;29.80_78.05;29.95_78.05;29.75_78.00;29.80_77.90;29.85_77.90;29.90_78.00;29.80_77.85;29.95_77.95;29.95_77.90;29.75_77.85;29.90_78.05;29.85_77.85;29.75_77.95;29.80_77.95;29.90_77.90;29.95_78.00;29.95_77.85;29.90_77.95,25,29.871461603773582,78.0714774528302,68.38839332634291,HIGH,63.7,1485,3.43,26.86,30
28.55_79.15,28.55_79.15;28.50_79.10;28.50_79.15;28.60_79.15;28.45_79.00;28.50_79.05;28.50_78.95;28.45_79.05;28.50_78.90;28.60_79.05;28.60_79.10;28.55_79.10;28.45_79.10;28.55_79.00;28.45_78.95;28.60_78.90;28.45_79.15;28.40_79.10;28.50_79.00;28.40_79.15;28.55_78.95;28.60_78.95;28.35_78.95;28.40_78.90;28.40_78.95;28.55_79.05;28.45_78.90;28.60_79.00;28.35_79.05;28.35_79.10;28.40_79.05;28.40_79.00,32,28.577245862068963,79.16696540229886,68.3705303799103,HIGH,46.0,629,3.21,44.9,30
25.40_83.25,25.40_83.25;25.40_83.40;25.45_83.40;25.60_83.30;25.40_83.30;25.65_83.30;25.45_83.35;25.40_83.45;25.60_83.25;25.40_83.35;25.60_83.35;25.65_83.25;25.45_83.30;25.55_83.40;25.60_83.40;25.65_83.35;25.60_83.45;25.50_83.35;25.55_83.25;25.55_83.45;25.50_83.45;25.50_83.30;25.55_83.30;25.50_83.25;25.45_83.25;25.50_83.40;25.60_83.50;25.55_83.35;25.45_83.50;25.45_83.45,30,25.416519557522125,83.27003628318585,68.36081428455978,HIGH,40.2,649,3.91,31.25,30
28.20_77.70,28.20_77.70;28.10_77.80;28.30_77.70;28.10_77.60;28.10_77.75;28.10_77.55;28.10_77.65;28.15_77.70;28.15_77.75;28.20_77.55;28.20_77.75;28.30_77.75;28.30_77.80;28.15_77.65;28.25_77.55;28.25_77.75;28.10_77.70;28.15_77.55;28.25_77.80;28.15_77.60;28.35_77.75;28.30_77.65;28.25_77.60;28.30_77.55;28.20_77.80;28.20_77.60;28.30_77.60;28.25_77.70;28.15_77.80;28.25_77.65;28.35_77.60;28.35_77.80;28.20_77.65,33,28.223645098039214,77.72643980392156,68.35286374481083,HIGH,62.4,1412,4.06,29.6,30
24.65_74.50,24.65_74.50;24.60_74.50;24.80_74.55;24.70_74.50;24.65_74.55;24.75_74.55;24.80_74.50;24.70_74.55;24.75_74.50;24.60_74.55,10,24.661861428571427,74.53286476190476,68.34213802312563,HIGH,49.9,282,9.35,134.6,30
29.15_78.65,29.15_78.65;29.15_78.85;28.90_78.80;29.10_78.65;28.95_78.80;29.15_78.80;29.00_78.70;28.95_78.65;29.10_78.70;28.90_78.70;29.00_78.85;29.05_78.70;29.00_78.65;28.95_78.70;29.15_78.75;29.00_78.80;28.90_78.65;28.90_78.85;29.15_78.70;29.05_78.65;29.05_78.75;29.05_78.80;29.10_78.80;29.10_78.85;28.95_78.75;29.05_78.85;29.00_78.75;28.95_78.85;29.10_78.75,29,29.1844225,78.66526675925925,68.32745907431526,HIGH,58.6,916,2.99,23.26,30
26.45_81.10,26.45_81.10;26.30_81.20;26.40_81.25;26.25_81.25;26.35_81.20;26.35_81.10;26.40_81.10;26.35_81.15;26.40_81.15;26.40_81.20;26.45_81.30;26.40_81.30;26.25_81.20;26.30_81.25;26.45_81.25;26.30_81.05;26.30_81.15;26.35_81.25;26.20_81.10;26.20_81.25;26.30_81.10;26.25_81.05;26.45_81.20;26.20_81.15;26.45_81.15;26.20_81.20;26.35_81.30;26.30_81.30;26.25_81.15;26.25_81.10;26.25_81.30,31,26.47008807692308,81.11862692307692,68.29689337500861,HIGH,61.3,1467,3.97,34.09,30
25.35_82.00,25.35_82.00;25.30_81.90;25.20_81.90;25.30_82.00;25.20_82.05;25.25_81.95;25.35_81.95;25.25_82.10;25.30_82.05;25.15_81.90;25.15_82.00;25.35_81.90;25.15_82.05;25.30_81.95;25.20_81.95;25.25_82.00;25.25_82.05;25.35_82.05;25.30_82.10;25.20_82.00;25.20_82.10;25.15_81.95;25.25_81.90;25.15_82.10;25.35_82.10;25.20_82.15,26,25.354479365079367,82.01797492063491,68.24609525876247,HIGH,49.2,469,4.97,99.31,30
24.85_79.35,24.85_79.35;24.85_79.30;24.90_79.40;25.05_79.35;24.95_79.35;25.00_79.30;25.00_79.40;24.95_79.40;24.95_79.30;24.90_79.35;24.90_79.30;25.00_79.20;25.00_79.35;24.85_79.40;25.10_79.40;25.05_79.30;24.85_79.20;24.85_79.25;25.05_79.20;25.10_79.35;25.05_79.40;25.00_79.25;25.10_79.30;25.05_79.25;24.90_79.25;25.10_79.25;24.95_79.20;24.95_79.25;25.10_79.20;24.90_79.20,30,24.88158759124088,79.37907124087592,68.23611498587503,HIGH,50.6,1229,8.22,46.45,30
24.75_82.95,24.75_82.95;24.70_83.00;24.65_83.10;24.70_82.95;24.60_83.10;24.70_83.05;24.65_83.15;24.80_83.20;24.80_83.15;24.75_83.20;24.75_83.00;24.65_83.20;24.60_83.15;24.65_83.05;24.70_83.10;24.65_83.00;24.70_83.20;24.80_83.10;24.65_82.95;24.60_83.05;24.75_83.05;24.60_83.20;24.75_83.10;24.80_83.05;24.70_83.15;24.75_83.15;24.60_83.00;24.80_83.00,28,24.762275454545453,82.97926272727273,68.23485278479014,HIGH,52.2,883,5.56,56.56,30
24.75_84.75,24.75_84.75;24.80_84.75;24.70_84.75;24.70_84.70;24.60_84.65;24.75_84.80;24.80_84.70;24.75_84.70;24.80_84.65;24.75_84.85;24.80_84.80;24.60_84.85;24.65_84.60;24.70_84.60;24.65_84.85;24.70_84.80;24.60_84.80;24.60_84.60;24.65_84.75;24.65_84.80;24.80_84.60;24.85_84.60;24.60_84.70;24.60_84.75;24.70_84.65;24.75_84.60;24.75_84.65;24.65_84.70,28,24.780887659574468,84.7733644680851,68.21971138785351,HIGH,40.4,463,3.57,56.55,30
26.05_77.30,26.05_77.30;26.00_77.30;26.10_77.35;26.15_77.30;26.10_77.30;26.15_77.50;26.05_77.35;26.15_77.45;26.10_77.40;26.05_77.40;25.95_77.30;25.95_77.50;26.00_77.35;26.05_77.50;26.15_77.40;25.95_77.55;26.10_77.45;26.05_77.45;25.95_77.45;25.95_77.40;26.00_77.40,21,26.055431529411763,77.32911811764706,68.19112806572119,HIGH,26.3,209,7.87,159.84,30
26.70_81.30,26.70_81.30;26.70_81.10;26.65_81.20;26.70_81.05;26.60_81.10;26.55_81.10;26.65_81.05;26.60_81.20;26.55_81.30;26.55_81.15;26.60_81.25;26.50_81.15;26.50_81.25;26.55_81.05;26.60_81.30;26.70_81.20;26.65_81.10;26.50_81.30;26.60_81.15;26.70_81.15;26.50_81.20;26.50_81.10;26.55_81.25;26.65_81.15;26.60_81.05;26.65_81.25;26.55_81.20;26.70_81.25;26.65_81.30,29,26.73061733333333,81.31997933333334,68.16443502779872,HIGH,57.8,906,3.59,32.1,30
23.70_74.50,23.70_74.50;23.75_74.55;23.70_74.55;23.75_74.50;23.65_74.50;23.60_74.50;23.65_74.55;23.50_74.50;23.60_74.55,9,23.71477789473684,74.52990921052633,68.14723202692096,HIGH,44.6,313,6.9,22.35,30
24.30_81.85,24.30_81.85;24.25_81.85;24.05_81.65;24.05_81.75;24.05_81.80;24.30_81.65;24.05_81.60;24.20_81.80;24.05_81.70;24.15_81.65;24.20_81.75;24.10_81.75;24.15_81.80;24.25_81.75;24.15_81.85;24.10_81.80;24.20_81.85;24.25_81.80;24.20_81.60;24.15_81.70;24.25_81.65;24.05_81.85;24.10_81.65;24.25_81.70;24.15_81.75;24.20_81.70,26,24.317899333333333,81.87010438095238,68.14334722384949,HIGH,45.0,705,6.1,59.85,30
24.05_75.00,24.05_75.00;24.25_74.95;24.20_74.95;24.25_75.05;24.05_74.95;24.15_75.00;24.10_75.00;24.25_74.85;24.05_75.05;24.10_75.05;24.15_75.05;24.10_74.85;24.25_74.90;24.20_74.90;24.05_74.90;24.20_75.05;24.30_75.05;24.05_75.10;24.20_75.10;24.15_75.10;24.15_74.95;24.20_75.00;24.25_75.10;24.10_74.95;24.15_74.90;24.10_75.10;24.20_74.85;24.25_75.00;24.15_74.85,29,24.068875846153848,75.01542292307693,68.12651800974774,HIGH,49.1,574,6.51,47.73,30
26.40_80.20,26.40_80.20;26.20_80.00;26.30_80.10;26.25_80.00;26.30_80.00;26.45_80.20;26.45_80.10;26.40_80.15;26.25_80.10;26.30_80.15;26.35_80.15;26.30_80.20;26.45_80.05;26.25_80.05;26.45_80.15;26.35_80.05;26.30_80.05;26.35_80.10;26.20_80.05;26.35_80.20;26.40_80.10;26.25_80.20;26.40_80.05;26.20_80.15;26.35_80.00;26.20_80.25;26.40_80.00;26.30_80.25;26.20_80.20;26.20_80.10;26.45_80.00;26.25_80.15,32,26.44394587628866,80.23130206185567,68.12360064275784,HIGH,58.5,1254,4.43,61.85,30
25.65_79.90,25.65_79.90;25.70_79.95;25.65_79.95;25.70_79.90;25.70_79.85;25.65_79.85;25.80_79.95;25.90_79.80;25.65_79.75;25.90_79.90;25.75_79.75;25.75_79.90;25.90_79.75;25.70_79.75;25.80_79.85;25.75_79.95;25.75_79.80;25.85_79.95;25.80_79.70;25.70_79.80;25.80_79.90;25.90_79.85;25.85_79.75;25.75_79.85;25.85_79.80;25.85_79.90;25.90_79.95;25.80_79.75;25.85_79.85;25.80_79.80,30,25.687729638554217,79.91611204819277,68.06748188683102,HIGH,42.5,768,6.19,27.9,30
25.60_82.30,25.60_82.30;25.60_82.25;25.55_82.30;25.65_82.30;25.55_82.20;25.45_82.30;25.45_82.25;25.60_82.15;25.65_82.35;25.60_82.20;25.60_82.35;25.50_82.15;25.50_82.35;25.60_82.40;25.40_82.25;25.40_82.30;25.55_82.35;25.50_82.20;25.50_82.30;25.65_82.20;25.55_82.25;25.40_82.15;25.45_82.35;25.45_82.20;25.40_82.35;25.40_82.40;25.45_82.15;25.40_82.20;25.50_82.25;25.55_82.15,30,25.621785142857146,82.32636723809524,68.0609476283989,HIGH,51.4,567,3.16,23.1,30
24.50_83.85,24.50_83.85;24.50_83.90;24.55_83.90;24.55_83.95;24.40_84.00;24.40_83.90;24.40_83.95;24.35_83.85;24.35_83.90;24.55_83.80;24.45_83.85;24.35_84.00;24.35_83.95;24.50_83.80;24.30_83.90;24.55_83.85;24.40_83.85;24.50_84.00;24.50_83.95;24.30_83.85;24.45_83.80;24.35_83.80;24.45_83.95;24.55_84.00;24.45_83.90;24.45_84.00,26,24.52944738738739,83.88109108108108,68.05772912430339,HIGH,46.8,1270,5.85,127.57,30
29.40_75.60,29.40_75.60;29.40_75.45;29.35_75.60;29.40_75.50;29.40_75.40;29.40_75.55;29.35_75.55;29.25_75.50;29.30_75.55;29.30_75.60;29.30_75.65;29.35_75.40;29.20_75.50;29.20_75.60;29.25_75.45;29.25_75.40;29.35_75.50;29.30_75.40;29.30_75.50;29.20_75.40;29.20_75.45;29.20_75.55;29.25_75.55;29.35_75.45;29.25_75.60;29.30_75.45,26,29.423585084745763,75.63220101694915,68.02620627474948,HIGH,49.4,566,4.27,29.43,30
26.15_83.20,26.15_83.20;26.15_83.15;25.95_83.20;25.95_83.15;26.15_82.95;26.15_83.00;26.00_83.10;25.95_83.05;25.95_83.10;25.95_83.00;26.05_83.05;26.10_83.00;26.05_83.00;26.05_83.20;26.00_83.20;26.10_83.05;26.05_83.15;26.15_83.05;26.00_83.00;26.05_83.10;26.10_83.15;26.00_83.05;26.15_83.10;26.10_83.20;26.00_83.15;26.10_83.10,26,26.177576352941173,83.22326588235295,68.02158144129753,HIGH,50.4,611,3.8,48.78,30
27.00_79.20,27.00_79.20;27.10_79.20;27.05_79.20;27.05_79.25;27.05_79.30;27.15_79.30;27.10_79.25;27.15_79.20;27.20_79.25;27.05_79.35;27.20_79.35;27.10_79.30;27.15_79.25;27.10_79.35;27.20_79.45;27.25_79.35;27.20_79.20;27.25_79.40;27.15_79.40;27.20_79.30;27.20_79.40;27.15_79.35;27.05_79.40;27.05_79.45;27.10_79.40,25,27.03266,79.22620342857142,67.99484166433383,HIGH,40.9,506,3.56,33.2,30
27.70_81.10,27.70_81.10;27.55_81.30;27.60_81.15;27.55_81.15;27.55_81.10;27.80_81.25;27.55_81.20;27.65_81.20;27.75_81.15;27.70_81.15;27.80_81.10;27.80_81.30;27.75_81.30;27.65_81.25;27.60_81.30;27.70_81.25;27.70_81.20;27.65_81.15;27.60_81.20;27.75_81.25;27.80_81.15;27.60_81.10;27.65_81.10;27.70_81.30;27.65_81.30;27.80_81.20;27.60_81.25;27.75_81.10;27.75_81.20;27.55_81.25,30,27.7308915,81.12022675,67.94542333149548,HIGH,57.5,1000,4.4,42.87,30
26.75_79.95,26.75_79.95;26.80_79.90;26.75_79.80;26.75_79.75;26.75_79.85;26.80_79.95;26.80_79.80;26.75_79.90;26.80_79.85;26.90_79.95;26.85_79.85;26.80_79.75;26.85_79.90;26.95_79.85;26.85_79.75;26.90_79.85;26.95_79.95;26.85_79.80;27.00_79.85;26.95_79.90;26.90_79.90;26.90_79.75;26.90_79.80;26.85_79.95;26.95_79.75;27.00_79.90;26.95_79.80,27,26.772351782178216,79.96644118811881,67.89906233386664,HIGH,36.5,399,3.64,36.38,30
28.05_77.20,28.05_77.20;28.00_77.25;28.05_77.25;27.95_77.25;28.00_77.05;28.00_77.15;28.00_77.10;27.90_77.25;27.95_77.20;28.05_77.05;27.90_77.15;28.05_77.15;27.85_77.10;27.90_77.20;28.05_77.10;27.95_77.05;27.95_77.10;27.85_77.15;27.90_77.10;27.80_77.10;28.00_77.20;27.85_77.25;28.00_77.00;27.80_77.15;27.85_77.05,25,28.077559375,77.23286375,67.89189074937052,HIGH,38.7,400,4.68,46.05,30
25.40_80.45,25.40_80.45;25.50_80.45;25.50_80.30;25.40_80.50;25.45_80.45;25.45_80.50;25.50_80.50;25.40_80.30;25.45_80.40;25.55_80.50;25.55_80.40;25.55_80.30;25.60_80.50;25.65_80.30;25.60_80.35;25.65_80.40;25.50_80.40;25.60_80.40;25.40_80.40;25.60_80.30;25.55_80.35;25.55_80.45;25.65_80.50;25.50_80.35;25.45_80.35;25.60_80.45;25.45_80.30,27,25.416675492957747,80.47881676056339,67.79444977252935,HIGH,45.4,631,5.92,50.45,30
26.70_80.25,26.70_80.25;26.65_80.50;26.65_80.45;26.70_80.30;26.65_80.25;26.55_80.25;26.55_80.50;26.70_80.45;26.60_80.30;26.50_80.50;26.60_80.50;26.55_80.35;26.70_80.50;26.60_80.25;26.50_80.30;26.50_80.45;26.50_80.40;26.55_80.45;26.60_80.45;26.60_80.40;26.50_80.35;26.70_80.40;26.65_80.35;26.70_80.35;26.55_80.40;26.60_80.35;26.65_80.40;26.55_80.30;26.65_80.30,29,26.7238284,80.2846926,67.78636078338403,HIGH,48.6,721,4.65,74.92,30
25.30_77.35,25.30_77.35;25.35_77.45;25.35_77.30;25.25_77.50;25.25_77.40;25.15_77.50;25.35_77.35;25.35_77.40;25.15_77.30;25.15_77.40;25.20_77.35;25.10_77.35;25.25_77.35;25.20_77.45;25.35_77.50;25.20_77.40;25.25_77.45;25.30_77.45;25.25_77.30;25.15_77.35;25.15_77.45;25.20_77.30;25.20_77.50;25.30_77.40;25.30_77.50;25.40_77.45;25.30_77.30,27,25.3325404477612,77.3750632835821,67.77258118936814,HIGH,44.7,640,6.36,48.82,30
28.25_78.40,28.25_78.40;28.15_78.40;28.10_78.45;28.20_78.35;28.30_78.50;28.15_78.35;28.10_78.50;28.25_78.50;28.35_78.55;28.25_78.55;28.20_78.40;28.15_78.50;28.10_78.40;28.10_78.60;28.30_78.45;28.35_78.40;28.10_78.55;28.20_78.50;28.30_78.40;28.30_78.55;28.25_78.45;28.15_78.45;28.10_78.35;28.20_78.55;28.20_78.45;28.15_78.60;28.25_78.60;28.35_78.50,28,28.28766438202248,78.42885595505618,67.7680717246008,HIGH,38.2,386,3.42,40.81,30
29.50_77.40,29.50_77.40;29.60_77.50;29.45_77.30;29.70_77.50;29.55_77.35;29.55_77.45;29.65_77.50;29.50_77.45;29.50_77.35;29.50_77.30;29.60_77.40;29.45_77.45;29.60_77.45;29.60_77.30;29.55_77.30;29.45_77.35;29.55_77.50;29.45_77.40;29.65_77.45;29.65_77.40;29.70_77.30;29.60_77.35;29.50_77.50;29.45_77.50;29.70_77.35;29.70_77.45;29.70_77.40;29.55_77.40;29.65_77.35;29.65_77.30,30,29.526054782608693,77.42623173913043,67.76566841270312,HIGH,64.6,1974,3.35,19.94,30
24.75_82.85,24.75_82.85;24.80_82.70;24.70_82.90;24.75_82.90;24.70_82.85;24.60_82.95;24.60_82.90;24.60_82.70;24.80_82.95;24.80_82.90;24.70_82.70;24.75_82.75;24.70_82.75;24.80_82.75;24.70_82.80;24.80_82.85;24.65_82.75;24.60_82.85;24.75_82.70;24.65_82.90;24.80_82.80;24.65_82.80;24.65_82.70;24.65_82.85;24.60_82.75;24.60_82.80;24.75_82.80,27,24.76695714285714,82.87054214285715,67.7278033280693,HIGH,35.3,421,5.17,88.5,30
25.30_79.50,25.30_79.50;25.35_79.50;25.30_79.65;25.20_79.50;25.15_79.60;25.30_79.55;25.30_79.70;25.20_79.45;25.15_79.45;25.35_79.70;25.15_79.55;25.35_79.60;25.25_79.45;25.35_79.55;25.15_79.65;25.15_79.50;25.35_79.65;25.30_79.60;25.20_79.65;25.25_79.60;25.20_79.70;25.20_79.55;25.20_79.60;25.25_79.50;25.30_79.45;25.25_79.65;25.35_79.45;25.25_79.55,28,25.335387669902914,79.53078368932039,67.71564233377046,HIGH,48.5,824,7.52,84.69,30
27.60_80.85,27.60_80.85;27.70_80.80;27.70_80.85;27.60_80.80;27.75_80.80;27.75_80.85;27.60_80.90;27.65_80.90;27.80_81.00;27.55_80.95;27.80_81.05;27.75_81.05;27.75_80.95;27.75_81.00;27.80_80.80;27.60_80.95;27.55_81.05;27.55_80.85;27.70_81.05;27.65_80.80;27.55_80.80;27.75_80.90;27.55_80.90;27.65_80.85;27.65_80.95;27.55_81.00;27.80_80.85;27.70_80.95;27.65_81.05;27.60_81.00;27.80_80.95;27.70_81.00;27.70_80.90;27.65_81.00;27.60_81.05;27.80_80.90,36,27.62754657894737,80.86666789473684,67.70269125723345,HIGH,59.7,1108,3.52,39.53,30
28.80_75.60,28.80_75.60;28.65_75.55;28.85_75.40;28.65_75.50;28.80_75.65;28.75_75.45;28.80_75.50;28.80_75.55;28.85_75.55;28.70_75.55;28.70_75.60,11,28.846875333333333,75.639862,67.68270043205483,HIGH,16.4,45,2.79,6.06,30
23.80_76.30,23.80_76.30;23.85_76.20;23.80_76.25;23.80_76.20;23.90_76.25;24.00_76.25;24.00_76.35;23.80_76.35;23.90_76.20;23.95_76.25;24.00_76.20;23.85_76.30;23.85_76.25;23.90_76.40;24.00_76.30;23.95_76.30;23.80_76.40;23.85_76.45;23.90_76.30;23.85_76.35;23.95_76.20;23.95_76.45;23.85_76.40;23.90_76.35;23.95_76.40;23.80_76.45;23.75_76.30;24.00_76.40;23.95_76.35;24.00_76.45;23.90_76.45,31,23.81497696629213,76.32363022471911,67.66545783174533,HIGH,42.5,666,7.09,83.6,30
26.70_81.80,26.70_81.80;26.60_81.70;26.65_81.65;26.55_81.60;26.60_81.65;26.50_81.65;26.55_81.65;26.55_81.70;26.50_81.70;26.50_81.60;26.65_81.75;26.50_81.80;26.60_81.75;26.70_81.85;26.55_81.75;26.70_81.75;26.60_81.80;26.50_81.75;26.65_81.70;26.45_81.60;26.70_81.65;26.60_81.85;26.50_81.85;26.70_81.70;26.65_81.80;26.55_81.85;26.55_81.80;26.65_81.85,28,26.73440559139785,81.81462462365592,67.66360923920115,HIGH,54.4,803,4.38,60.21,30
28.35_77.95,28.35_77.95;28.20_77.90;28.30_78.00;28.30_77.95;28.10_78.00;28.15_78.00;28.30_78.05;28.35_78.00;28.25_77.90;28.30_77.90;28.15_77.90;28.15_77.95;28.10_78.05;28.35_78.05;28.10_77.90;28.25_77.95;28.30_77.85;28.25_78.05;28.10_77.95;28.35_77.90;28.20_77.95;28.20_78.05;28.20_78.00;28.25_78.00;28.10_77.85;28.35_77.85;28.15_77.85;28.25_77.85;28.15_78.05;28.20_77.85,30,28.370738095238096,77.97761682539682,67.60539088756336,HIGH,59.1,939,3.48,22.26,30
28.85_78.10,28.85_78.10;28.80_78.10;28.70_78.15;28.85_78.35;28.75_78.35;28.80_78.30;28.80_78.15;28.70_78.10;28.80_78.35;28.75_78.10;28.85_78.30;28.65_78.15;28.70_78.20;28.75_78.20;28.90_78.15;28.85_78.15;28.70_78.35;28.65_78.35;28.65_78.20;28.65_78.10;28.75_78.25;28.85_78.25;28.65_78.25;28.65_78.30;28.70_78.25;28.85_78.20;28.80_78.20;28.75_78.30;28.70_78.30;28.75_78.15;28.90_78.20;28.80_78.25,32,28.873195789473687,78.11513197368421,67.60204406686128,HIGH,43.3,488,3.42,38.17,30
25.20_82.45,25.20_82.45;25.15_82.40;25.15_82.45;25.25_82.55;25.25_82.65;25.30_82.65;25.35_82.50;25.15_82.65;25.25_82.60;25.35_82.65;25.20_82.55;25.35_82.45;25.20_82.65;25.35_82.60;25.30_82.55;25.25_82.50;25.30_82.60;25.30_82.45;25.35_82.55;25.20_82.60;25.15_82.55;25.30_82.50;25.15_82.50;25.25_82.45,24,25.20725282828283,82.48640909090909,67.58480953808679,HIGH,39.5,403,3.44,39.33,30
28.00_79.65,28.00_79.65;27.95_79.60;27.95_79.50;28.00_79.70;27.85_79.65;28.05_79.70;28.05_79.55;28.00_79.55;27.95_79.65;28.05_79.65;27.90_79.70;27.95_79.70;28.05_79.60;28.05_79.45;27.85_79.50;27.85_79.60;27.90_79.55;28.05_79.50;27.90_79.60;27.90_79.65;27.95_79.45;27.85_79.55;28.00_79.50;27.95_79.55;28.00_79.45;28.00_79.60;27.90_79.45;27.85_79.45;27.90_79.50,29,28.03157779661017,79.68096305084745,67.5582925629664,HIGH,59.3,1116,4.73,46.41,30
26.75_80.70,26.75_80.70;26.75_80.75;26.80_80.60;26.85_80.55;26.80_80.65;27.00_80.60;26.85_80.60;26.95_80.60;26.80_80.75;26.75_80.65;27.00_80.55;26.80_80.70;26.80_80.55;26.85_80.65;26.90_80.60;26.75_80.60;26.90_80.70;26.75_80.55;26.85_80.75;26.90_80.55;26.95_80.70;26.90_80.65;27.00_80.75;26.90_80.75,24,26.770840574712643,80.7307816091954,67.54861440790262,HIGH,32.3,361,4.55,29.53,30
24.20_83.50,24.20_83.50;24.05_83.75;24.05_83.55;24.30_83.55;24.05_83.60;24.05_83.65;24.05_83.50;24.10_83.55;24.15_83.50;24.05_83.70;24.20_83.70;24.15_83.55;24.25_83.70;24.15_83.75;24.20_83.55;24.10_83.50;24.15_83.70;24.20_83.75;24.10_83.75;24.25_83.75;24.10_83.70;24.10_83.60;24.25_83.60;24.15_83.60;24.25_83.65;24.20_83.65;24.20_83.60;24.25_83.55;24.30_83.70,29,24.22227448275862,83.5236956551724,67.52937973008504,HIGH,44.0,1441,7.58,124.48,30
25.60_81.45,25.60_81.45;25.45_81.35;25.40_81.35;25.45_81.50;25.55_81.40;25.55_81.55;25.50_81.35;25.40_81.50;25.60_81.35;25.65_81.55;25.50_81.45;25.55_81.35;25.60_81.55;25.65_81.40;25.60_81.40;25.60_81.50;25.45_81.55;25.50_81.40;25.45_81.45;25.65_81.45;25.45_81.40;25.65_81.50;25.55_81.50;25.50_81.50;25.40_81.45;25.50_81.55;25.65_81.60;25.55_81.45;25.40_81.55;25.40_81.40,30,25.63131087719298,81.46951719298247,67.51781416881785,HIGH,46.5,523,4.43,53.8,30
25.80_82.25,25.80_82.25;25.90_82.20;25.80_82.20;25.70_82.30;25.80_82.15;25.65_82.25;25.90_82.25;25.75_82.30;25.70_82.25;25.75_82.25;25.90_82.15;25.75_82.15;25.75_82.40;25.70_82.20;25.85_82.20;25.85_82.15;25.85_82.25;25.70_82.40;25.70_82.35;25.80_82.35;25.80_82.30;25.85_82.40;25.75_82.20;25.70_82.15;25.85_82.30;25.90_82.30;25.80_82.40;25.75_82.35;25.85_82.35;25.65_82.15;25.90_82.40;25.90_82.35,32,25.813202,82.27685571428572,67.51696323172153,HIGH,50.6,719,3.85,35.31,30
24.05_76.90,24.05_76.90;24.20_76.95;24.15_77.00;24.25_76.90;24.30_76.80;24.20_77.00;24.30_76.90;24.20_76.90;24.30_76.85;24.05_76.85;24.25_76.95;24.25_76.85;24.10_76.85;24.05_76.80;24.20_76.75;24.15_76.95;24.10_76.80;24.15_76.90;24.25_76.80;24.10_76.90;24.30_76.95;24.15_76.75;24.15_76.80;24.10_76.75;24.10_76.95;24.20_76.85;24.05_76.95;24.05_76.75;24.20_76.80;24.25_76.75;24.15_76.85,31,24.07040119565217,76.92322847826087,67.5135376262472,HIGH,43.3,636,5.46,81.56,30
25.35_78.80,25.35_78.80;25.35_78.65;25.35_78.85;25.30_78.85;25.35_78.75;25.30_78.65;25.20_78.65;25.25_78.85;25.15_78.85;25.15_78.75;25.15_78.70;25.20_78.80;25.20_78.75;25.15_78.80;25.25_78.70;25.30_78.70;25.35_78.70;25.25_78.75,18,25.38281472222222,78.82385333333333,67.50252782409981,HIGH,18.8,165,6.67,122.32,30
24.40_84.05,24.40_84.05;24.30_84.20;24.50_84.15;24.30_84.05;24.40_84.10;24.35_84.05;24.50_84.20;24.30_84.10;24.30_84.15;24.45_84.15;24.35_84.15;24.45_84.10;24.45_84.20;24.40_84.15;24.35_84.10;24.45_84.25;24.40_84.25;24.40_84.20;24.55_84.25;24.55_84.05;24.55_84.10;24.50_84.25;24.50_84.05;24.45_84.05;24.50_84.10;24.35_84.20;24.35_84.30;24.55_84.15;24.35_84.25;24.55_84.30;24.55_84.20,31,24.410946428571428,84.07518761904761,67.47447728047585,HIGH,40.8,953,5.73,65.64,30
26.75_79.55,26.75_79.55;26.75_79.70;26.80_79.55;26.80_79.70;26.75_79.60;26.85_79.55;26.80_79.45;26.90_79.50;26.85_79.60;26.95_79.45;26.75_79.65;26.85_79.65;26.80_79.60;26.75_79.45;27.00_79.65;26.90_79.65;26.80_79.65;26.90_79.55;26.95_79.50;26.90_79.60;26.85_79.50;27.00_79.45;26.80_79.50;26.95_79.60;26.75_79.50;26.95_79.55;26.90_79.45;26.85_79.70;26.85_79.45;26.90_79.70;27.00_79.55;26.95_79.70;27.00_79.50;27.00_79.60;26.95_79.65,35,26.77684915254237,79.57657999999999,67.47359101541866,HIGH,44.8,837,3.1,25.55,30
29.40_74.80,29.40_74.80;29.40_74.75;29.35_74.75;29.40_74.70;29.40_74.65;29.35_74.70;29.35_74.60;29.40_74.60;29.35_74.65;29.30_74.60;29.30_74.80;29.35_74.80;29.25_74.60;29.15_74.70;29.30_74.85;29.25_74.65;29.20_74.80;29.25_74.80;29.20_74.65;29.30_74.65,20,29.42901419753086,74.82200592592592,67.42958669165196,HIGH,37.3,474,5.55,33.02,30
29.25_81.15,29.25_81.15;29.20_81.10;29.30_81.20;29.20_81.20;29.25_81.20;29.20_81.15;29.20_81.25;29.30_81.15;29.25_81.30;29.30_81.10;29.35_81.25;29.30_81.25;29.25_81.10;29.25_81.25;29.40_81.20;29.20_81.30;29.40_81.30;29.35_81.30;29.30_81.30;29.35_81.20;29.40_81.25;29.40_81.10;29.40_81.15;29.35_81.15,24,29.277288554216863,81.18094313253012,67.3715396208903,HIGH,47.9,1275,4.76,71.63,30
25.30_79.80,25.30_79.80;25.15_79.85;25.15_79.80;25.35_79.75;25.35_79.80;25.15_79.70;25.25_79.75;25.30_79.75;25.20_79.80;25.20_79.85;25.20_79.75;25.25_79.70;25.15_79.75;25.35_79.85;25.35_79.95;25.25_79.80;25.30_79.90;25.30_79.95;25.25_79.95;25.15_79.95;25.30_79.85;25.35_79.90;25.25_79.85;25.15_79.90;25.25_79.90;25.20_79.90,26,25.31878393442623,79.8134681967213,67.36340598678059,HIGH,38.8,371,7.28,89.04,30
26.00_80.30,26.00_80.30;25.95_80.50;26.10_80.45;26.15_80.35;25.95_80.45;26.15_80.40;26.00_80.35;26.00_80.50;26.15_80.50;25.95_80.30;26.00_80.25;26.05_80.45;25.95_80.35;26.10_80.30;26.15_80.45;26.05_80.25;26.10_80.40;26.00_80.45;25.95_80.40;26.10_80.50;26.20_80.50;26.10_80.25;26.10_80.35;26.00_80.40;25.95_80.25;26.15_80.30;26.05_80.50;26.05_80.30;26.20_80.45;26.05_80.35;26.05_80.40,31,26.01872,80.32545153846155,67.32734057493718,HIGH,50.0,489,3.65,20.82,30
26.90_81.05,26.90_81.05;27.00_81.05;26.80_80.90;26.85_80.95;26.80_81.00;26.75_80.95;26.85_81.05;26.75_80.80;27.00_81.00;26.80_81.05;26.75_80.85;26.75_81.00;26.95_81.05;26.75_81.05;26.90_80.95;26.90_80.85;26.80_80.80;26.85_80.90;26.80_80.85;27.00_80.90;26.75_80.90;26.80_80.95;26.90_80.90;26.85_80.85;26.85_81.00;26.90_80.80;26.95_80.95;27.00_80.95;26.95_80.80;26.90_81.00;26.95_81.00;26.95_80.90;26.85_80.80;26.95_80.85,34,26.91914881355932,81.06114966101694,67.32648960241094,HIGH,43.4,450,3.96,63.02,30
29.40_78.60,29.40_78.60;29.40_78.50;29.35_78.60;29.30_78.60;29.25_78.60;29.30_78.55;29.20_78.50;29.25_78.50;29.25_78.55;29.40_78.45;29.40_78.55;29.20_78.45;29.30_78.50;29.35_78.40;29.25_78.45;29.35_78.55;29.20_78.60;29.20_78.55;29.35_78.45;29.25_78.40;29.30_78.45;29.20_78.40;29.30_78.40;29.35_78.50;29.40_78.40,25,29.42033085714285,78.63374728571429,67.30522147219031,HIGH,55.3,670,3.1,25.1,30
28.85_78.75,28.85_78.75;28.65_78.85;28.70_78.70;28.65_78.65;28.65_78.80;28.90_78.75;28.75_78.75;28.70_78.75;28.85_78.65;28.85_78.85;28.80_78.75;28.70_78.65;28.65_78.70;28.65_78.75;28.75_78.65;28.85_78.70;28.75_78.80;28.80_78.80;28.85_78.80;28.80_78.85;28.75_78.70;28.80_78.70;28.80_78.65;28.70_78.80;28.70_78.85;28.75_78.90;28.75_78.85,27,28.87437447368421,78.78017842105264,67.28229017387665,HIGH,51.2,542,2.56,12.61,30
24.40_74.95,24.40_74.95;24.30_75.10;24.35_74.90;24.40_75.00;24.55_74.90;24.30_74.95;24.45_74.85;24.30_75.00;24.35_74.95;24.35_74.85;24.40_74.90;24.45_74.90;24.30_74.90;24.35_75.05;24.40_75.05;24.50_74.85;24.35_75.10;24.35_75.00;24.45_74.95;24.30_74.85;24.45_75.00;24.55_75.10;24.55_75.05;24.55_74.85;24.40_74.85;24.50_74.90;24.50_75.05;24.40_75.10;24.45_75.10;24.50_75.00;24.55_75.00;24.50_74.95;24.45_75.05,33,24.41742593023256,74.98088802325582,67.22991577936718,HIGH,49.0,693,8.45,66.58,30
24.15_75.80,24.15_75.80;24.10_75.70;24.05_75.70;24.05_75.80;24.15_75.85;24.10_75.80;24.30_75.65;24.15_75.70;24.05_75.65;24.25_75.85;24.20_75.85;24.20_75.75;24.15_75.75;24.10_75.65;24.15_75.90;24.05_75.90;24.30_75.85;24.10_75.85;24.10_75.75;24.10_75.90;24.05_75.75;24.25_75.70;24.25_75.65;24.30_75.75;24.20_75.80;24.25_75.75;24.25_75.80;24.05_75.85;24.20_75.90;24.20_75.70;24.25_75.90,31,24.17116018181818,75.82492272727272,67.21461738860437,HIGH,42.1,525,7.02,60.96,30
26.60_82.35,26.60_82.35;26.65_82.35;26.50_82.35;26.55_82.40;26.65_82.40;26.60_82.25;26.60_82.30;26.65_82.25;26.50_82.25;26.55_82.15;26.55_82.35;26.50_82.30;26.70_82.30;26.70_82.25;26.55_82.25;26.65_82.30;26.50_82.40;26.60_82.40;26.50_82.15;26.50_82.20;26.65_82.15;26.70_82.15;26.70_82.20;26.65_82.20;26.55_82.30;26.60_82.15;26.70_82.40;26.70_82.35;26.60_82.20;26.55_82.20,30,26.621365609756097,82.37539378048781,67.21410279619607,HIGH,58.5,962,4.39,43.96,30
25.00_75.40,25.00_75.40;24.90_75.40;25.00_75.45;24.90_75.50;24.85_75.40;24.90_75.45;24.85_75.65;24.95_75.45;24.95_75.40;24.85_75.60;25.05_75.50;24.85_75.45;25.00_75.50;24.85_75.50;24.95_75.50;25.00_75.55;25.05_75.60;25.05_75.45;25.10_75.65;25.10_75.40;24.90_75.60;24.90_75.65;24.90_75.55;24.95_75.60;25.10_75.55;25.05_75.40;25.05_75.55;24.95_75.55,28,25.015331379310343,75.42648747126437,67.1916515097987,HIGH,41.2,1030,9.64,149.33,30
26.45_77.95,26.45_77.95;26.35_78.05;26.40_77.85;26.40_77.95;26.40_78.05;26.45_77.90;26.25_78.05;26.45_77.85;26.20_78.00;26.25_78.00;26.45_78.05;26.45_78.00;26.35_77.85;26.40_78.00;26.30_77.90;26.25_77.95;26.40_77.90;26.30_78.05;26.30_77.95;26.30_77.85;26.35_78.00;26.25_77.90;26.35_77.90,23,26.457602653061222,77.97049469387755,67.18481553169778,HIGH,34.3,245,6.4,59.23,30
24.55_75.20,24.55_75.20;24.50_75.20;24.55_75.25;24.50_75.35;24.55_75.15;24.30_75.20;24.55_75.30;24.35_75.15;24.55_75.35;24.40_75.15;24.50_75.25;24.35_75.25;24.45_75.35;24.50_75.15;24.45_75.20;24.50_75.30;24.40_75.30;24.45_75.15;24.35_75.20;24.40_75.20;24.40_75.25;24.45_75.25;24.30_75.25;24.50_75.10;24.45_75.30;24.40_75.35;24.30_75.30,27,24.57575241758241,75.21901,67.15806567758953,HIGH,43.9,841,7.77,59.05,30
26.30_82.05,26.30_82.05;26.45_82.05;26.20_81.95;26.20_82.10;26.40_81.95;26.25_81.90;26.35_81.90;26.20_81.90;26.25_82.10;26.45_81.90;26.35_82.10;26.45_82.10;26.35_81.95;26.25_82.05;26.30_81.90;26.25_82.00;26.20_82.00;26.30_82.10;26.40_82.05;26.45_82.00;26.30_81.95;26.45_81.95;26.40_81.90;26.35_82.05;26.40_82.10;26.30_82.00;26.25_81.95;26.40_82.00;26.35_82.00,29,26.32383655737705,82.07961688524591,67.14161008445069,HIGH,49.4,565,4.15,48.84,30
26.85_81.85,26.85_81.85;26.80_81.85;27.00_81.70;26.90_81.70;26.95_81.80;26.90_81.80;26.95_81.65;26.90_81.65;26.95_81.70;26.90_81.75;26.85_81.80;26.75_81.70;26.95_81.85;26.95_81.75;26.75_81.65;27.00_81.80;26.75_81.85;26.75_81.75;26.85_81.75;26.80_81.65;26.90_81.85;26.75_81.80;26.80_81.75;26.85_81.65;26.90_81.60;26.80_81.80;26.85_81.70;26.80_81.70,28,26.87631575,81.86930975,67.11851191993354,HIGH,49.0,544,4.02,51.58,30
24.85_78.65,24.85_78.65;25.05_78.70;24.85_78.70;24.90_78.80;25.10_78.70;24.85_78.75;24.90_78.75;24.90_78.85;25.00_78.75;24.95_78.70;25.10_78.75;24.90_78.70;25.05_78.75;24.85_78.80;25.00_78.80;24.95_78.85;24.95_78.80;24.95_78.75;25.10_78.80;24.90_78.65;25.00_78.65;25.05_78.80;25.05_78.85;24.95_78.65;25.00_78.85;25.00_78.90;25.05_78.65;25.00_78.70;25.10_78.65,29,24.879210526315788,78.67375649122808,67.11353029848247,HIGH,42.2,475,7.3,78.07,30
28.25_78.10,28.25_78.10;28.35_78.25;28.30_78.30;28.35_78.15;28.35_78.30;28.30_78.25;28.30_78.15;28.30_78.20;28.25_78.35;28.25_78.15;28.35_78.10;28.20_78.10;28.25_78.25;28.15_78.15;28.25_78.30;28.30_78.35;28.35_78.35;28.30_78.10;28.35_78.20;28.10_78.10;28.15_78.10;28.25_78.20;28.10_78.30;28.10_78.20;28.15_78.30;28.20_78.15;28.20_78.25;28.15_78.20;28.20_78.20;28.20_78.30;28.15_78.25,31,28.27736868421053,78.1243507894737,67.10970798034823,HIGH,47.1,572,3.25,27.53,30
28.05_83.25,28.05_83.25;27.90_83.40;27.90_83.45;28.00_83.25;27.90_83.30;27.90_83.25;27.85_83.45;27.85_83.40;28.00_83.35;28.00_83.45;27.90_83.35;28.00_83.40;27.85_83.30;28.05_83.35;27.95_83.35;27.95_83.45;28.05_83.40;27.85_83.35;27.85_83.25;28.05_83.30;28.05_83.45;27.95_83.40;27.95_83.25;27.95_83.30;28.00_83.30,25,28.08122108033241,83.27590861495844,67.10554012285189,HIGH,48.9,2356,4.5,178.71,30
25.35_82.20,25.35_82.20;25.15_82.20;25.25_82.15;25.20_82.40;25.30_82.15;25.35_82.30;25.30_82.20;25.25_82.20;25.25_82.40;25.25_82.25;25.30_82.25;25.30_82.30;25.35_82.25;25.15_82.15;25.20_82.30;25.15_82.30;25.20_82.20;25.25_82.30;25.35_82.35;25.20_82.25;25.35_82.15;25.25_82.35;25.20_82.35;25.35_82.40;25.15_82.35,25,25.364615217391307,82.23690282608696,67.1052181347054,HIGH,31.6,234,3.34,40.76,30
27.80_80.60,27.80_80.60;27.65_80.60;27.80_80.65;27.70_80.55;27.75_80.65;27.70_80.60;27.60_80.70;27.65_80.75;27.65_80.55;27.75_80.70;27.75_80.60;27.80_80.70;27.60_80.75;27.65_80.70;27.60_80.60;27.60_80.55;27.60_80.65;27.80_80.75;27.70_80.75;27.55_80.75;27.65_80.65;27.75_80.75;27.75_80.55;27.70_80.65;27.55_80.55;27.70_80.70;27.80_80.55;27.55_80.65;27.55_80.70,29,27.82313153846154,80.62457423076923,67.09431884065933,HIGH,61.8,1142,3.5,20.57,30
25.80_81.30,25.80_81.30;25.75_81.25;25.90_81.10;25.75_81.20;25.75_81.30;25.80_81.25;25.80_81.20;25.70_81.20;25.65_81.10;25.70_81.25;25.75_81.15;25.70_81.30;25.80_81.15;25.90_81.15;25.70_81.10;25.85_81.20;25.70_81.15;25.85_81.05;25.90_81.20;25.85_81.25;25.85_81.30;25.85_81.10;25.85_81.15;25.80_81.10;25.75_81.10;25.90_81.30;25.90_81.25,27,25.83148743589744,81.31768307692307,67.09178334286992,HIGH,56.2,692,3.96,47.16,30
28.40_78.15,28.40_78.15;28.55_78.20;28.40_78.25;28.45_78.25;28.50_78.20;28.40_78.10;28.40_78.20;28.55_78.25;28.45_78.15;28.60_78.20;28.45_78.20;28.55_78.15;28.50_78.25;28.55_78.30;28.60_78.15;28.40_78.30;28.60_78.30;28.60_78.25;28.45_78.30;28.60_78.10;28.50_78.30;28.50_78.15;28.45_78.35;28.50_78.10;28.45_78.10;28.55_78.10;28.60_78.35,27,28.4250725,78.1739590909091,67.05316721380153,HIGH,49.6,588,3.34,26.86,30
28.55_79.40,28.55_79.40;28.40_79.40;28.55_79.20;28.45_79.30;28.60_79.35;28.55_79.30;28.55_79.35;28.50_79.30;28.60_79.20;28.50_79.35;28.50_79.20;28.60_79.40;28.45_79.20;28.40_79.20;28.60_79.30;28.40_79.25;28.45_79.25;28.55_79.25;28.35_79.25;28.45_79.40;28.50_79.40;28.45_79.35;28.60_79.25;28.40_79.30;28.40_79.35;28.35_79.40;28.50_79.25;28.35_79.20,28,28.581075102040817,79.41809500000001,67.05260235139411,HIGH,52.4,666,3.08,15.26,30
25.95_81.20,25.95_81.20;25.95_81.10;26.15_81.25;26.00_81.20;26.15_81.30;26.10_81.30;26.15_81.15;25.95_81.15;26.00_81.10;26.05_81.15;26.10_81.10;26.10_81.20;26.00_81.30;26.10_81.25;26.15_81.10;26.00_81.15;26.10_81.15;25.95_81.30;26.15_81.20;26.05_81.30;26.00_81.25;26.05_81.25;26.05_81.20;26.20_81.30;26.05_81.10;25.95_81.25,26,25.96407478260869,81.22172869565217,67.03164912547018,HIGH,53.2,592,3.88,46.73,30
28.20_79.20,28.20_79.20;28.15_79.40;28.30_79.40;28.20_79.25;28.25_79.20;28.35_79.30;28.30_79.35;28.35_79.35;28.30_79.30;28.30_79.20;28.30_79.25;28.25_79.30;28.25_79.25;28.25_79.35;28.25_79.40;28.15_79.25;28.10_79.40;28.10_79.20;28.10_79.35;28.15_79.30;28.20_79.40;28.15_79.35;28.20_79.30;28.15_79.20;28.20_79.35;28.10_79.25;28.10_79.30,27,28.22687,79.24266528571428,66.9866861242936,HIGH,35.4,300,3.57,27.6,30
25.35_80.45,25.35_80.45;25.35_80.50;25.20_80.50;25.35_80.40;25.30_80.40;25.30_80.45;25.20_80.45;25.30_80.50;25.35_80.35;25.35_80.30;25.25_80.30;25.30_80.30;25.25_80.50;25.25_80.35;25.20_80.40;25.15_80.45;25.15_80.40;25.25_80.45;25.25_80.40;25.35_80.25;25.15_80.50;25.10_80.35;25.10_80.50;25.20_80.35;25.15_80.35;25.10_80.40;25.10_80.45;25.15_80.30;25.30_80.35;25.25_80.25,30,25.381927101449275,80.47706275362319,66.95448279784253,HIGH,33.6,346,4.59,23.18,30
27.45_77.50,27.45_77.50;27.50_77.50;27.35_77.35;27.45_77.45;27.50_77.45;27.40_77.40;27.45_77.55;27.50_77.40;27.40_77.35;27.40_77.50;27.45_77.40;27.55_77.35;27.45_77.35;27.50_77.35;27.30_77.45;27.40_77.45;27.35_77.40;27.35_77.45;27.30_77.30;27.35_77.30;27.40_77.30,21,27.47515083333333,77.52001291666666,66.91681967492168,HIGH,37.2,316,4.58,43.19,30
24.75_81.35,24.75_81.35;24.70_81.45;24.70_81.35;24.75_81.45;24.65_81.55;24.65_81.45;24.80_81.35;24.65_81.35;24.75_81.40;24.70_81.40;24.75_81.50;24.80_81.40;24.80_81.50;24.60_81.40;24.65_81.40;24.70_81.55;24.60_81.35;24.60_81.45;24.75_81.55;24.70_81.50;24.80_81.45;24.65_81.50;24.80_81.60;24.60_81.50;24.80_81.55;24.60_81.55,26,24.76733810810811,81.37383810810812,66.89673386795387,HIGH,52.9,698,5.48,35.36,30
24.85_84.80,24.85_84.80;25.05_84.65;24.85_84.75;24.95_84.75;24.90_84.80;24.95_84.80;25.05_84.70;25.10_84.60;24.90_84.75;25.10_84.85;25.00_84.80;24.90_84.65;25.10_84.65;25.00_84.70;24.85_84.70;25.05_84.80;25.00_84.75;25.00_84.65;24.95_84.65;25.00_84.60;25.10_84.75;24.95_84.60;24.95_84.70;24.90_84.70;25.05_84.60;25.10_84.70;24.90_84.60;24.85_84.65;25.05_84.75,29,24.88904612903226,84.81881096774194,66.8130483214589,HIGH,39.2,373,13.24,581.16,30
23.50_76.60,23.50_76.60,1,23.51237861111111,76.62757527777778,66.79871297458743,HIGH,66.8,36,5.7,39.94,30
30.60_78.70,30.60_78.70;30.75_78.65;30.55_78.65;30.55_78.80;30.55_78.75;30.65_78.65;30.60_78.80;30.60_78.65;30.65_78.80;30.55_78.70;30.60_78.85;30.75_78.75;30.65_78.85;30.60_78.75;30.75_78.80;30.70_78.65;30.75_78.70;30.55_78.90;30.65_78.70;30.60_78.90;30.70_78.85;30.70_78.70;30.65_78.90,23,30.62591830769231,78.72840076923077,66.79161992815284,HIGH,39.8,605,8.18,138.38,30
24.95_78.55,24.95_78.55;24.85_78.50;24.95_78.60;25.10_78.40;25.00_78.60;24.85_78.45;25.00_78.45;25.00_78.55;24.85_78.55;24.85_78.60;25.10_78.45;25.00_78.50;24.90_78.55;24.95_78.40;24.90_78.35;24.90_78.40;24.95_78.50;24.95_78.45;24.90_78.60;24.90_78.45;25.05_78.50;25.05_78.60;25.05_78.45;24.90_78.50;25.00_78.40;25.05_78.55,26,24.971363617021275,78.57832340425531,66.79115067311793,HIGH,28.5,192,4.77,56.4,30
29.75_81.40,29.75_81.40;29.75_81.35;29.90_81.55;29.80_81.55;29.90_81.35;29.95_81.35;29.95_81.40;29.80_81.45;29.90_81.40;29.90_81.60;29.70_81.55;29.75_81.50;29.80_81.50,13,29.77814564102564,81.4132082051282,66.74330613130466,HIGH,24.1,145,13.69,307.73,30
23.80_81.85,23.80_81.85;23.85_81.85;23.90_81.75;23.85_81.75;23.90_81.80;24.00_81.75;23.80_81.75;23.85_81.60;23.85_81.80;23.80_81.70;24.00_81.70;23.90_81.60;23.80_81.80;23.90_81.65;24.00_81.80;23.90_81.85;23.75_81.75;23.85_81.65;23.95_81.60;23.95_81.70;23.90_81.70;23.95_81.65;23.80_81.65;23.80_81.60;24.00_81.85;23.95_81.75;24.00_81.65;23.85_81.70;23.95_81.85;23.95_81.80,30,23.82889263157895,81.87050653250775,66.70812737889345,HIGH,53.2,2664,4.94,58.73,30
24.10_75.40,24.10_75.40;24.15_75.45;24.05_75.40;24.10_75.50;24.05_75.55;24.20_75.60;24.10_75.45;24.05_75.50;24.20_75.65;24.30_75.60;24.05_75.45;24.15_75.60;24.25_75.50;24.20_75.45;24.10_75.55;24.15_75.55;24.20_75.55;24.15_75.65;24.25_75.55;24.20_75.40;24.05_75.60;24.15_75.40;24.30_75.50;24.10_75.60;24.20_75.50;24.25_75.60;24.15_75.50;24.25_75.40,28,24.132363157894737,75.41973013157894,66.69797732828255,HIGH,42.2,419,6.73,38.99,30
27.10_81.45,27.10_81.45;27.20_81.40;27.05_81.50;27.05_81.55;27.10_81.35;27.20_81.55;27.15_81.55;27.20_81.50;27.25_81.50;27.25_81.35;27.15_81.40;27.00_81.50;27.10_81.50;27.10_81.40;27.15_81.35;27.20_81.45;27.05_81.40;27.20_81.35;27.10_81.55;27.25_81.40;27.05_81.35;27.15_81.45;27.25_81.55;27.15_81.50;27.25_81.45;27.05_81.45;27.10_81.60,27,27.12451727272727,81.46511745454546,66.6722665114139,HIGH,54.2,719,3.92,35.77,30
27.10_81.25,27.10_81.25;27.10_81.30;27.10_81.20;27.20_81.15;27.25_81.15;27.15_81.25;27.20_81.20;27.25_81.10;27.25_81.20;27.05_81.30;27.15_81.20;27.00_81.30;27.15_81.15;27.20_81.25;27.20_81.30;27.05_81.25;27.15_81.10;27.10_81.10;27.25_81.30;27.05_81.15;27.25_81.25;27.25_81.05;27.00_81.25;27.15_81.30;27.10_81.15;27.20_81.10;27.05_81.10;27.05_81.20;27.05_81.05;27.10_81.05,30,27.119161666666667,81.27232430555556,66.64618283629909,HIGH,46.2,608,3.66,26.39,30
26.75_81.25,26.75_81.25;26.85_81.30;26.90_81.20;26.75_81.30;26.85_81.25;26.75_81.10;26.80_81.25;26.95_81.10;26.85_81.20;26.80_81.30;26.95_81.30;26.90_81.30;27.00_81.15;26.85_81.10;26.95_81.20;27.00_81.20;26.80_81.15;26.90_81.25;26.90_81.10;26.95_81.15;26.80_81.20;26.95_81.25;26.75_81.15;26.90_81.15;26.85_81.15;26.75_81.20;26.80_81.10;27.00_81.10,28,26.78153,81.27932444444444,66.6403731806457,HIGH,47.3,401,3.36,12.06,30
25.10_82.65,25.10_82.65;24.90_82.65;24.95_82.45;24.95_82.65;24.85_82.65;25.05_82.45;25.10_82.45;25.10_82.50;24.90_82.45;24.85_82.60;25.00_82.55;25.00_82.60;24.85_82.55;24.95_82.60;25.05_82.50;25.05_82.65;24.85_82.50;24.95_82.55;25.05_82.55;25.10_82.55;25.00_82.45;25.00_82.65;24.90_82.50;25.05_82.60;24.90_82.55;24.90_82.60,26,25.12294530612245,82.6771124489796,66.61536765151587,HIGH,33.3,394,6.83,150.5,30
28.00_76.40,28.00_76.40;27.95_76.35;27.85_76.35;27.95_76.20;27.90_76.45;27.90_76.30;27.90_76.35;28.00_76.45;28.05_76.40;27.95_76.40;28.00_76.20;28.00_76.35;27.90_76.40;27.95_76.45;28.00_76.25;27.85_76.45;27.85_76.25;27.95_76.25;28.00_76.30;27.85_76.30;27.80_76.35;28.05_76.45;27.90_76.25;28.05_76.35;27.90_76.20;28.05_76.30;27.85_76.40;27.95_76.30;28.05_76.25,29,28.01141351351352,76.43768864864865,66.5901084856574,HIGH,30.3,246,3.5,35.29,30
26.10_81.50,26.10_81.50;26.15_81.55;26.10_81.45;25.95_81.45;25.95_81.40;25.95_81.35;25.95_81.50;26.10_81.35;26.15_81.50;26.00_81.55;26.00_81.60;26.05_81.55;26.05_81.45;26.05_81.40;26.00_81.50;26.10_81.55;26.05_81.50;26.00_81.40;26.00_81.35;26.15_81.35;26.15_81.40;26.15_81.45;26.05_81.35;26.00_81.45;26.10_81.40;25.95_81.55;26.05_81.60,27,26.127426862745097,81.52585058823529,66.58625689583504,HIGH,59.7,841,4.15,39.21,30
27.30_81.90,27.30_81.90;27.35_81.90;27.40_81.95;27.40_81.90;27.30_81.95;27.45_81.90;27.50_82.00;27.40_82.05;27.30_82.00;27.40_82.00;27.30_82.05;27.35_82.00;27.50_81.90;27.35_81.95;27.45_82.00;27.45_82.05;27.45_81.95;27.45_82.10;27.40_82.10;27.50_81.95;27.30_82.10;27.35_82.05;27.50_82.10;27.35_82.10;27.50_82.05,25,27.328217619047617,81.91957095238095,66.5070551184243,HIGH,51.4,500,3.43,20.52,30
30.05_77.65,30.05_77.65;30.00_77.55;30.00_77.60;30.05_77.55;30.15_77.80;30.00_77.80;30.10_77.55;30.00_77.75;30.05_77.60;30.05_77.70;30.20_77.70;30.20_77.65;30.10_77.80;30.15_77.75;30.00_77.65;30.10_77.65;30.05_77.75;30.00_77.70;30.20_77.75;30.05_77.80;30.10_77.60;30.10_77.75;30.20_77.55;30.15_77.70;30.15_77.65;30.20_77.80;30.20_77.60;30.10_77.70,28,30.071126071428573,77.66878339285714,66.5053635434625,HIGH,46.1,459,3.35,23.42,30
29.35_75.15,29.35_75.15;29.40_75.15;29.35_75.25;29.40_75.25;29.35_75.30;29.40_75.35;29.20_75.35;29.30_75.20;29.35_75.20;29.40_75.20;29.25_75.25;29.30_75.25;29.35_75.35;29.30_75.30;29.25_75.20;29.25_75.10;29.40_75.30;29.25_75.30;29.25_75.35;29.20_75.30;29.20_75.10;29.30_75.15;29.20_75.20;29.30_75.35;29.20_75.15;29.25_75.15,26,29.38106016129032,75.17248032258064,66.45297664962358,HIGH,46.6,537,4.55,30.69,30
26.85_78.65,26.85_78.65;26.90_78.80;26.85_78.80;26.90_78.70;26.80_78.90;26.90_78.65;27.00_78.65;26.90_78.75;26.75_78.70;26.85_78.75;26.75_78.80;26.75_78.90;26.95_78.75;26.95_78.65;26.95_78.70;26.75_78.75;26.85_78.85;26.75_78.65;27.00_78.75;26.85_78.90;26.80_78.85;26.80_78.80;27.00_78.85;26.75_78.85;27.00_78.70;26.80_78.70;26.95_78.85;26.95_78.80;26.90_78.85;26.85_78.70,30,26.876804307692307,78.66720307692307,66.44007212978659,HIGH,40.2,544,4.83,88.77,30
27.65_78.25,27.65_78.25;27.80_78.15;27.55_78.30;27.80_78.20;27.80_78.25;27.70_78.30;27.65_78.35;27.75_78.35;27.75_78.15;27.70_78.25;27.80_78.10;27.60_78.30;27.75_78.25;27.70_78.20;27.70_78.35;27.55_78.10;27.55_78.35;27.80_78.30;27.60_78.20;27.60_78.35;27.55_78.20;27.60_78.15;27.75_78.20;27.60_78.25;27.55_78.25;27.65_78.15;27.75_78.30;27.75_78.10;27.80_78.35;27.70_78.15;27.60_78.10;27.65_78.20;27.65_78.30;27.55_78.15;27.70_78.10,35,27.668966346153844,78.27385211538461,66.43521435678338,HIGH,43.6,509,3.77,29.65,30
30.55_79.50,30.55_79.50;30.55_79.45;30.75_79.45;30.55_79.55;30.60_79.50;30.60_79.55;30.65_79.55;30.65_79.45;30.60_79.60;30.70_79.50;30.65_79.60,11,30.57009717948718,79.52875025641025,66.39683682254059,HIGH,32.5,369,7.04,55.46,30
23.95_76.70,23.95_76.70;23.85_76.55;23.90_76.70;23.80_76.70;23.80_76.50;23.90_76.60;23.90_76.65;23.95_76.65;23.90_76.50;23.80_76.55;23.80_76.60;24.00_76.60;23.85_76.70;24.00_76.55;24.00_76.70;23.95_76.50;23.85_76.60;23.85_76.65;23.85_76.50;24.00_76.65;23.75_76.50;23.95_76.55;23.80_76.65;24.00_76.50;23.90_76.55;23.95_76.60,26,23.97062545454545,76.72233181818181,66.29989711051466,HIGH,33.1,338,7.37,31.18,30
25.65_81.05,25.65_81.05;25.50_81.05;25.60_81.05;25.55_80.80;25.65_80.80;25.50_81.00;25.60_81.00;25.50_80.95;25.65_80.95;25.45_81.00;25.45_81.05;25.50_80.80;25.50_80.90;25.50_80.85;25.40_80.95;25.65_81.00;25.60_80.80;25.60_80.90;25.55_81.05;25.45_80.90;25.40_81.00;25.40_80.85;25.55_80.85;25.55_81.00;25.40_80.90;25.45_80.95;25.60_80.85;25.45_80.85;25.65_80.90;25.40_81.05;25.55_80.90;25.40_80.80;25.55_80.95;25.65_80.85;25.45_80.80,35,25.67125741935484,81.07165112903225,66.29938923283042,HIGH,43.9,676,4.09,46.78,30
26.05_84.90,26.05_84.90;26.15_84.90;26.05_84.95;26.00_84.95;26.20_84.90;26.10_84.90;25.95_84.95;26.10_84.95;26.00_84.90;26.05_84.85;26.00_84.85;26.10_84.85;25.95_84.90;26.15_84.85;26.15_84.95,15,26.079686419753088,84.93913024691358,66.1921793823833,HIGH,43.3,518,5.57,59.4,30
26.60_79.00,26.60_79.00;26.60_79.15;26.70_78.95;26.60_78.90;26.60_79.05;26.65_79.15;26.65_79.10;26.70_79.05;26.65_78.95;26.70_79.10;26.70_79.00;26.50_79.10;26.70_78.90;26.55_79.10;26.45_79.00;26.50_78.95;26.50_79.15;26.55_79.05;26.65_79.00;26.50_78.90;26.55_78.95;26.50_79.00;26.65_79.05;26.70_79.15;26.50_79.05;26.55_79.00;26.60_79.10;26.45_78.90;26.55_78.90;26.65_78.90;26.60_78.95;26.55_79.15,32,26.63074613636364,79.01996818181819,66.18013447515095,HIGH,46.8,796,5.47,57.82,30
28.95_75.55,28.95_75.55;29.15_75.65;29.15_75.55;29.10_75.60;29.15_75.60;29.05_75.65;29.10_75.65;28.90_75.60;29.15_75.50;29.05_75.40;29.05_75.60;29.10_75.55;28.95_75.60;29.15_75.40;29.05_75.55;28.95_75.40;29.00_75.40;28.90_75.55;29.00_75.60;29.10_75.50;29.15_75.45;29.10_75.40;29.10_75.45;29.05_75.45;29.00_75.50;29.05_75.50,26,28.95685189189189,75.56142864864864,66.16334997247021,HIGH,33.8,355,4.38,28.91,30
24.45_82.95,24.45_82.95;24.50_82.80;24.45_82.70;24.55_82.90;24.40_82.90;24.50_82.75;24.35_82.95;24.50_82.70;24.45_82.75;24.40_82.70;24.35_82.80;24.50_82.95;24.50_82.85;24.45_82.85;24.45_82.80;24.40_82.85;24.35_82.75;24.55_82.80;24.35_82.90;24.45_82.90;24.40_82.80;24.55_82.75;24.50_82.90;24.35_82.85;24.35_82.70;24.40_82.75;24.55_82.70;24.55_82.85;24.55_82.95,29,24.47069015384616,82.96177953846154,66.14548293005397,HIGH,43.8,789,7.7,105.25,30
27.00_81.60,27.00_81.60;26.95_81.45;26.85_81.35;26.95_81.60;27.00_81.55;26.90_81.40;26.85_81.55;26.95_81.50;26.80_81.45;26.75_81.60;26.85_81.45;26.75_81.50;26.95_81.55;27.00_81.35;26.90_81.45;26.85_81.60;26.75_81.40;26.80_81.40;26.90_81.50;26.80_81.55;26.95_81.40;27.00_81.40;26.85_81.50;27.00_81.45;26.75_81.45;26.80_81.60;26.75_81.35;26.80_81.50;26.80_81.35;26.90_81.55;26.75_81.55;26.85_81.40;26.90_81.35,33,27.02129186440678,81.61969033898306,66.12503673388824,HIGH,44.3,455,3.43,23.89,30
24.60_75.45,24.60_75.45;24.60_75.40;24.80_75.45;24.80_75.50;24.80_75.40;24.75_75.45;24.75_75.40;24.70_75.55;24.60_75.50;24.70_75.50;24.65_75.45;24.70_75.40;24.65_75.50;24.65_75.65;24.70_75.45;24.65_75.40;24.70_75.60;24.80_75.55;24.65_75.60;24.65_75.55,20,24.622838620689656,75.47050999999999,66.10240076116065,HIGH,36.8,558,10.61,202.67,30
24.85_84.95,24.85_84.95;25.00_84.95;25.00_84.90;25.05_84.95;25.05_84.90;24.95_84.95;25.00_84.85;24.90_84.95;24.95_84.85;24.90_84.85;24.85_84.90;25.10_84.95;24.90_84.90;24.85_84.85;24.95_84.90;25.10_84.90;25.05_84.85,17,24.87121214285714,84.97263571428572,66.04364336682383,HIGH,51.0,344,3.23,20.88,30
28.05_77.90,28.05_77.90;27.90_77.95;28.05_78.05;28.05_77.95;27.95_77.95;28.00_78.00;28.05_77.85;28.00_77.95;28.05_78.00;28.00_78.05;27.90_77.85;27.95_77.85;27.90_78.05;28.00_77.90;27.95_77.90;27.95_78.05;27.85_77.85;27.95_78.00;27.90_77.90;28.00_77.85;27.85_77.95;27.85_77.90;27.90_78.00;27.85_78.05;27.85_78.00,25,28.06622113636364,77.93455681818182,65.82242382411049,HIGH,46.5,591,3.08,18.28,30
30.70_77.20,30.70_77.20;30.60_77.20;30.75_77.15;30.65_77.05;30.75_77.05;30.60_77.05;30.75_77.20;30.60_77.10;30.55_77.10;30.60_77.15;30.55_77.15;30.65_77.20;30.55_77.05;30.65_77.10;30.55_77.25;30.75_77.10;30.65_77.25;30.65_77.15;30.60_77.25;30.75_77.25;30.70_77.25;30.55_77.20;30.70_77.10;30.70_77.05;30.70_77.15;30.75_77.00,26,30.72377573770492,77.21837213114755,65.81688676136278,HIGH,55.3,1676,5.25,155.95,30
24.05_83.85,24.05_83.85;24.05_83.90;24.20_84.00;24.05_83.80;24.20_83.95;24.25_84.00;24.30_84.00;24.25_83.95;24.15_84.00;24.15_83.90;24.20_83.90;24.15_83.95;24.25_83.90;24.15_83.85;24.15_83.80;24.20_83.85;24.30_83.95;24.30_83.80;24.10_83.90;24.10_83.95;24.10_84.00;24.20_83.80;24.10_83.85;24.05_83.95;24.05_84.00;24.25_83.80,26,24.075064893617025,83.87500127659574,65.76336430130898,HIGH,42.9,800,6.67,123.14,30
27.45_80.55,27.45_80.55;27.50_80.60;27.50_80.55;27.45_80.60;27.45_80.70;27.35_80.70;27.45_80.65;27.30_80.70;27.35_80.75;27.30_80.55;27.30_80.75;27.40_80.70;27.35_80.60;27.50_80.70;27.40_80.65;27.55_80.60;27.40_80.75;27.45_80.75;27.40_80.60;27.30_80.65;27.35_80.55;27.40_80.55;27.30_80.60;27.50_80.65;27.35_80.65;27.50_80.75,26,27.4710017948718,80.57729333333333,65.69405826109045,HIGH,57.8,584,3.55,18.79,30
24.90_78.10,24.90_78.10;24.95_78.20;24.85_78.35;24.95_78.10;24.90_78.20;24.95_78.30;24.90_78.15;24.85_78.20;24.85_78.10;24.85_78.15;25.00_78.20;24.95_78.15;24.85_78.25;25.00_78.10;25.00_78.30;24.95_78.25;24.90_78.30;25.10_78.25;25.00_78.15;24.90_78.25;25.00_78.25;25.05_78.15;25.10_78.20;25.05_78.25;25.10_78.10;25.00_78.35;25.05_78.20;25.05_78.10;24.95_78.35;25.10_78.15;25.05_78.30;25.10_78.35,32,24.922313454545453,78.12401218181819,65.69216697532755,HIGH,38.3,616,6.18,40.55,30
28.60_78.85,28.60_78.85;28.60_78.70;28.55_78.85;28.60_78.80;28.45_78.65;28.55_78.70;28.50_78.70;28.55_78.65;28.60_78.65;28.50_78.75;28.55_78.90;28.55_78.80;28.55_78.75;28.45_78.70;28.60_78.75;28.50_78.80;28.35_78.70;28.45_78.75;28.40_78.65;28.40_78.70;28.45_78.80;28.40_78.80;28.50_78.65;28.40_78.75;28.50_78.85;28.40_78.85;28.45_78.85;28.35_78.85;28.35_78.90,29,28.623421153846152,78.86945999999999,65.58011762775641,HIGH,51.5,682,2.92,14.25,30
29.40_74.50,29.40_74.50;29.35_74.50;29.20_74.50;29.35_74.55;29.30_74.50;29.25_74.55;29.30_74.55;29.25_74.50;29.40_74.55;29.20_74.55,10,29.42388729166667,74.52220395833334,65.45915174640326,HIGH,47.4,205,5.13,37.43,30
24.45_82.45,24.45_82.45;24.45_82.50;24.55_82.60;24.45_82.55;24.35_82.55;24.30_82.50;24.50_82.65;24.55_82.45;24.50_82.55;24.45_82.65;24.55_82.50;24.55_82.55;24.50_82.50;24.35_82.50;24.40_82.45;24.50_82.60;24.40_82.60;24.50_82.45;24.40_82.55;24.40_82.65;24.45_82.60;24.40_82.50;24.55_82.65,23,24.471801063829787,82.47962468085106,65.45828764171084,HIGH,41.4,464,7.75,93.37,30
26.45_84.60,26.45_84.60;26.30_84.75;26.25_84.80;26.35_84.75;26.40_84.65;26.40_84.80;26.40_84.60;26.45_84.65;26.45_84.75;26.35_84.70;26.25_84.85;26.25_84.65;26.20_84.80;26.30_84.80;26.40_84.75;26.30_84.65;26.45_84.70;26.45_84.80;26.35_84.80;26.40_84.70;26.25_84.60;26.20_84.75;26.30_84.70;26.25_84.75;26.20_84.60;26.35_84.60;26.35_84.65;26.20_84.70;26.25_84.70;26.30_84.60,30,26.46424730569948,84.61459295336788,65.44784685363263,HIGH,45.2,886,4.76,111.97,30
25.00_79.15,25.00_79.15;24.95_79.15;25.10_79.00;24.90_79.00;25.10_78.95;24.85_79.00;24.95_79.05;24.85_79.15;25.05_79.00;25.05_79.15;24.95_79.00;25.10_79.10;24.90_79.05;24.85_78.90;24.85_79.05;25.05_79.05;25.10_79.05;25.00_79.10;24.95_78.95;24.90_78.90;24.90_79.15;24.85_79.10;24.95_79.10;25.10_79.15;25.05_79.10;24.95_78.90;24.90_78.95;25.00_78.95;24.90_79.10;25.00_79.05;25.05_78.95;25.00_79.00;25.10_78.90;24.85_78.95;25.05_78.90,35,25.02568342105263,79.1808994736842,65.43999587113984,HIGH,46.3,674,7.45,55.64,30
25.40_80.65,25.40_80.65;25.60_80.75;25.65_80.65;25.55_80.55;25.50_80.60;25.65_80.75;25.45_80.70;25.50_80.55;25.45_80.65;25.55_80.75;25.55_80.70;25.60_80.55;25.45_80.55;25.40_80.60;25.60_80.70;25.40_80.70;25.50_80.75;25.50_80.70;25.50_80.65;25.45_80.60;25.65_80.70;25.55_80.60;25.40_80.75;25.45_80.75;25.55_80.65;25.65_80.55;25.60_80.65;25.60_80.60;25.40_80.55,29,25.42487895833333,80.67576729166667,65.38315847095946,HIGH,42.5,572,3.71,36.51,30
28.50_77.25,28.50_77.25;28.60_77.10;28.60_77.25;28.45_77.15;28.50_77.15;28.55_77.25;28.45_77.10;28.50_77.05;28.45_77.25;28.60_77.00;28.55_77.05;28.40_77.15;28.45_77.20;28.45_77.05;28.40_77.05;28.60_77.15;28.40_77.20;28.45_77.00;28.50_77.20;28.55_77.20;28.40_77.10;28.55_77.15;28.40_77.25;28.35_77.15;28.60_77.20;28.60_77.05;28.50_77.10;28.55_77.10;28.35_77.10;28.35_77.05,30,28.52133151515152,77.2718809090909,65.37596970494008,HIGH,35.4,314,3.73,38.76,30
26.75_82.25,26.75_82.25;26.80_82.30;26.90_82.35;26.75_82.40;26.95_82.20;26.75_82.30;26.80_82.25;26.75_82.35;26.75_82.20;27.00_82.15;26.80_82.40;26.80_82.20;27.00_82.20;26.85_82.35;26.85_82.30;26.90_82.30;26.95_82.15;26.80_82.35;26.90_82.15;26.85_82.40;26.85_82.25;27.00_82.35;27.00_82.30;26.90_82.25;26.95_82.30;26.95_82.25;26.90_82.20;26.85_82.20;26.85_82.15;26.95_82.35;26.80_82.15;26.75_82.15,32,26.770445272727272,82.26692454545454,65.35788383993861,HIGH,47.9,573,4.64,49.26,30
25.30_74.50,25.30_74.50;25.30_74.55;25.25_74.50;25.20_74.50;25.35_74.55;25.35_74.50;25.25_74.55;25.15_74.50,8,25.31634434782609,74.51543673913044,65.35003214956305,HIGH,44.4,111,8.58,69.19,30
24.65_82.55,24.65_82.55;24.75_82.55;24.80_82.55;24.70_82.55;24.65_82.60;24.60_82.55;24.80_82.65;24.70_82.50;24.60_82.65;24.80_82.60;24.65_82.50;24.80_82.45;24.65_82.65;24.75_82.45;24.75_82.50;24.75_82.65;24.80_82.50;24.70_82.65;24.60_82.50;24.60_82.60;24.70_82.60;24.65_82.45;24.85_82.40;24.60_82.45;24.75_82.60;24.70_82.45,26,24.68006373913044,82.57898834782608,65.334761329126,HIGH,42.5,1038,9.7,169.43,30
26.85_84.75,26.85_84.75;26.95_84.70;26.95_84.65;26.95_84.75;26.85_84.60;26.90_84.65;26.90_84.70;26.75_84.65;26.90_84.75;27.00_84.60;26.90_84.80;26.85_84.80;26.80_84.65;26.85_84.65;26.80_84.75;26.80_84.80;26.80_84.70;26.95_84.60;27.00_84.65;26.75_84.70;26.90_84.60;26.85_84.70;26.75_84.60;26.80_84.60;26.95_84.80;26.75_84.80,26,26.87612777777778,84.77404944444444,65.3266476319018,HIGH,48.1,418,3.67,92.73,30
27.55_78.60,27.55_78.60;27.30_78.50;27.50_78.40;27.40_78.45;27.45_78.50;27.45_78.40;27.50_78.60;27.35_78.50;27.55_78.45;27.45_78.45;27.40_78.55;27.50_78.50;27.35_78.55;27.40_78.60;27.50_78.45;27.40_78.50;27.45_78.55;27.50_78.55;27.30_78.55;27.40_78.40;27.30_78.60;27.45_78.60;27.55_78.50;27.35_78.60;27.35_78.45;27.30_78.40;27.30_78.35,27,27.559896888888886,78.60814777777777,65.31435011817943,HIGH,35.7,348,3.81,32.35,30
24.50_76.95,24.50_76.95;24.45_76.85;24.50_76.85;24.55_76.90;24.55_76.80;24.55_76.85;24.35_76.95;24.55_76.75;24.40_76.85;24.40_76.95;24.45_76.95;24.50_76.90;24.55_76.95;24.40_76.90;24.35_76.75;24.40_76.75;24.35_76.90;24.45_76.90;24.35_76.80;24.50_76.80;24.35_77.00;24.50_76.75;24.30_76.75;24.45_76.80;24.40_76.80;24.35_76.85,26,24.51842346938776,76.97715102040816,65.28121332168189,HIGH,41.9,670,7.67,83.61,30
28.10_79.10,28.10_79.10;28.15_79.10;28.25_79.10;28.15_79.05;28.20_79.10;28.10_79.00;28.30_79.00;28.20_79.15;28.25_79.05;28.35_79.15;28.25_78.90;28.25_79.15;28.15_79.15;28.20_78.90;28.30_79.15;28.35_79.00;28.30_78.90;28.15_78.95;28.30_78.95;28.10_79.15;28.15_78.90;28.25_79.00;28.30_79.05;28.20_79.05;28.10_78.95;28.25_78.95;28.15_79.00,27,28.127623846153845,79.11936743589743,65.26411322829284,HIGH,33.4,213,3.19,20.17,30
27.85_78.15,27.85_78.15;27.85_78.20;27.95_78.10;27.90_78.15;27.95_78.30;28.05_78.10;28.00_78.10;27.95_78.15;27.90_78.10;28.05_78.15;28.00_78.15;27.90_78.20;27.90_78.25;27.95_78.25;28.00_78.35;27.90_78.35;28.00_78.30;27.85_78.35;28.00_78.20;27.85_78.10;28.05_78.30;27.90_78.30;27.85_78.30;27.85_78.25;28.05_78.35;28.05_78.25;28.00_78.25;27.95_78.20,28,27.86895875,78.18104083333334,65.25061914592473,HIGH,33.1,310,3.15,87.67,30
26.75_75.35,26.75_75.35;26.85_75.30;26.75_75.15;26.75_75.30;26.90_75.35;26.85_75.35;26.95_75.35;26.95_75.25;26.90_75.20;26.80_75.15;26.85_75.20;26.75_75.25;26.95_75.20;26.80_75.20,14,26.775528666666663,75.36272066666668,65.24715631898003,HIGH,13.9,38,3.62,11.96,30
29.15_78.60,29.15_78.60;29.00_78.60;29.05_78.60;28.95_78.50;29.10_78.45;29.15_78.55;28.95_78.60;29.00_78.45;29.00_78.40;29.00_78.55;29.05_78.55;29.05_78.50;29.05_78.35;29.10_78.60;28.90_78.50;28.95_78.55;29.00_78.50;28.90_78.60;29.05_78.40;28.90_78.55;28.95_78.45;28.90_78.40;29.05_78.45;29.15_78.50;29.10_78.50;29.15_78.45;29.10_78.55;29.15_78.40;28.90_78.45;28.95_78.40;29.10_78.40,31,29.17368956521739,78.63126586956523,65.16536056867263,HIGH,55.3,668,2.75,14.36,30
26.50_78.70,26.50_78.70;26.70_78.80;26.55_78.65;26.50_78.80;26.55_78.70;26.70_78.85;26.65_78.85;26.55_78.80;26.70_78.65;26.50_78.65;26.70_78.75;26.65_78.70;26.60_78.65;26.70_78.70;26.60_78.80;26.60_78.75;26.50_78.75;26.65_78.75;26.60_78.70;26.55_78.85;26.50_78.85;26.65_78.80;26.60_78.85,23,26.5337375,78.71524038461538,65.16426114277697,HIGH,41.0,381,6.61,52.94,30
26.45_84.55,26.45_84.55;26.40_84.55;26.20_84.45;26.45_84.40;26.40_84.30;26.20_84.40;26.25_84.45;26.35_84.55;26.25_84.35;26.30_84.40;26.35_84.35;26.25_84.40;26.45_84.45;26.30_84.50;26.35_84.45;26.35_84.40;26.40_84.50;26.30_84.55;26.40_84.45;26.30_84.35;26.20_84.50;26.45_84.35;26.35_84.50;26.25_84.50;26.30_84.45;26.45_84.30;26.25_84.55;26.40_84.35;26.40_84.40,29,26.47542603773585,84.57631679245283,65.13730889529843,HIGH,39.3,575,3.72,59.22,30
24.75_84.95,24.75_84.95;24.70_84.85;24.80_84.90;24.70_84.95;24.80_84.85;24.70_84.90;24.80_84.95;24.75_84.90;24.65_84.95;24.65_84.90;24.60_84.95,11,24.77139951219512,84.98643341463415,65.12496980434581,HIGH,45.2,161,3.21,18.92,30
30.65_77.30,30.65_77.30;30.60_77.30;30.65_77.40;30.75_77.45;30.55_77.30;30.75_77.30;30.75_77.35;30.60_77.35;30.70_77.30;30.65_77.50;30.70_77.40;30.60_77.45;30.70_77.45;30.65_77.45;30.65_77.35;30.70_77.35;30.60_77.40;30.70_77.50;30.80_77.50;30.75_77.40;30.75_77.50;30.55_77.35;30.60_77.50;30.55_77.40;30.55_77.45;30.55_77.50;30.80_77.45,27,30.68519007575758,77.33158257575757,64.99462943378359,HIGH,44.1,1228,5.54,66.91,30
25.60_80.00,25.60_80.00;25.55_80.15;25.55_80.25;25.60_80.25;25.60_80.05;25.45_80.20;25.65_80.15;25.55_80.00;25.55_80.20;25.45_80.25;25.55_80.10;25.50_80.20;25.50_80.15;25.50_80.05;25.50_80.10;25.60_80.10;25.55_80.05;25.60_80.15;25.40_80.20;25.45_80.10;25.60_80.20;25.45_80.00;25.45_80.05;25.40_80.10;25.40_80.05;25.45_80.15;25.40_80.15,27,25.6329715625,80.020489375,64.99137644494785,HIGH,37.3,304,5.94,35.5,30
25.90_81.55,25.90_81.55;25.75_81.45;25.85_81.35;25.90_81.50;25.85_81.50;25.90_81.35;25.85_81.55;25.75_81.35;25.80_81.50;25.75_81.55;25.90_81.45;25.80_81.45;25.75_81.50;25.90_81.40;25.80_81.40;25.85_81.45;25.70_81.35;25.70_81.55;25.80_81.55;25.85_81.40;25.80_81.35;25.70_81.50;25.65_81.35;25.70_81.45;25.75_81.40,25,25.926225102040814,81.57769142857143,64.97452231539171,HIGH,52.9,492,3.4,34.75,30
27.75_77.25,27.75_77.25;27.70_77.25;27.80_77.25;27.60_77.20;27.60_77.15;27.70_77.10;27.80_77.20;27.65_77.20;27.55_77.05;27.75_77.10;27.70_77.15;27.65_77.25;27.55_77.20;27.65_77.15;27.60_77.25;27.75_77.05;27.65_77.00;27.60_77.10;27.70_77.20,19,27.78694957446809,77.28321191489361,64.96606064167699,HIGH,22.2,139,5.35,26.6,30
26.80_75.55,26.80_75.55;26.95_75.55;26.80_75.60;26.75_75.40;26.80_75.40;26.90_75.60;26.85_75.65;26.85_75.60;26.80_75.45;26.90_75.45;26.95_75.60;26.80_75.50;26.95_75.45;26.90_75.55;26.90_75.50;26.75_75.50;26.95_75.50;26.95_75.40;26.75_75.55,19,26.80895741935484,75.56628709677419,64.93562182979382,HIGH,25.4,116,3.47,46.42,30
28.25_78.80,28.25_78.80;28.25_78.75;28.25_78.70;28.30_78.80;28.30_78.75;28.35_78.65;28.25_78.85;28.20_78.85;28.35_78.80;28.35_78.75;28.25_78.65;28.20_78.80;28.20_78.75;28.30_78.70;28.20_78.70;28.10_78.85;28.15_78.75;28.15_78.80;28.15_78.65,19,28.275496666666665,78.821660625,64.92922355567103,HIGH,39.2,224,3.46,25.59,30
25.80_74.75,25.80_74.75;25.85_74.65;25.85_74.60;25.80_74.65;25.70_74.80;25.70_74.75;25.65_74.65;25.85_74.75;25.85_74.70;25.90_74.80;25.90_74.65;25.75_74.80;25.65_74.70;25.90_74.60;25.80_74.60;25.80_74.70;25.75_74.75;25.80_74.80;25.80_74.85;25.70_74.60;25.75_74.70;25.70_74.70;25.75_74.65,23,25.8400924489796,74.75867530612246,64.86470691044703,HIGH,22.4,135,5.08,89.42,30
24.00_75.30,24.00_75.30;23.80_75.25;23.95_75.30;23.85_75.15;23.80_75.20;23.90_75.15;23.80_75.35;23.85_75.20;23.80_75.30;23.90_75.30;23.85_75.30;23.95_75.35;23.90_75.20;23.90_75.35;24.00_75.35;23.95_75.20;23.75_75.20;23.80_75.15;23.90_75.25;23.85_75.35;23.85_75.25;24.00_75.20;24.00_75.15;23.95_75.15;23.95_75.25,25,24.03634534883721,75.3444288372093,64.77749879846789,HIGH,42.4,325,6.62,131.3,30
26.95_75.75,26.95_75.75;26.95_75.70;26.75_75.75;26.75_75.80;26.75_75.70;26.75_75.90;26.85_75.80;26.90_75.75;26.80_75.70;26.95_75.85;26.80_75.85;26.90_75.80;27.00_75.70;26.90_75.90;26.85_75.75;26.80_75.75;27.00_75.65;26.95_75.90;26.75_75.85;26.90_75.85;26.95_75.65;26.80_75.90;26.85_75.85;26.85_75.90;26.80_75.65;26.85_75.70;26.80_75.80;26.90_75.70;27.00_75.85,29,26.96587351351351,75.76823513513514,64.69300736355072,HIGH,29.5,221,2.74,16.2,30
23.80_84.10,23.80_84.10;23.85_84.10;23.85_84.05;23.80_84.30;23.95_84.15;23.85_84.15;23.95_84.05;23.80_84.20;23.90_84.05;23.80_84.15;23.90_84.20;23.85_84.20;23.90_84.15;23.85_84.25;23.95_84.10;23.95_84.25;23.80_84.05;23.90_84.10;23.80_84.25;24.00_84.25;23.90_84.25;24.00_84.10;24.00_84.20;23.95_84.20;24.00_84.15;24.00_84.05,26,23.826751895424835,84.1248377124183,64.63817210498124,HIGH,46.6,896,5.97,51.39,30
27.10_78.30,27.10_78.30;27.05_78.30;27.05_78.35;27.10_78.20;27.20_78.20;27.15_78.35;27.10_78.35;27.10_78.25;27.10_78.15;27.05_78.20;27.15_78.30;27.05_78.10;27.20_78.30;27.05_78.25;27.20_78.25;27.15_78.25;27.20_78.15,17,27.12192105263158,78.33093578947368,64.63341449285689,HIGH,26.8,120,3.3,30.89,30
27.50_79.50,27.50_79.50;27.35_79.70;27.35_79.60;27.30_79.65;27.30_79.70;27.50_79.55;27.50_79.70;27.40_79.60;27.45_79.50;27.40_79.55;27.45_79.45;27.30_79.45;27.35_79.65;27.30_79.60;27.50_79.65;27.45_79.60;27.40_79.65;27.45_79.55;27.35_79.45;27.40_79.45;27.30_79.50;27.50_79.60;27.50_79.45;27.40_79.50;27.35_79.50;27.45_79.65;27.25_79.60;27.30_79.55,28,27.52574875,79.5240065625,64.59526849433561,HIGH,43.1,547,4.33,62.33,30
28.75_78.40,28.75_78.40;28.80_78.55;28.75_78.45;28.85_78.60;28.70_78.60;28.70_78.45;28.80_78.60;28.85_78.55;28.65_78.50;28.65_78.60;28.80_78.40;28.80_78.45;28.65_78.45;28.75_78.55;28.70_78.55;28.75_78.50;28.70_78.50;28.75_78.60;28.65_78.40;28.85_78.40;28.85_78.50;28.65_78.55;28.70_78.40;28.80_78.50;28.85_78.45,25,28.7752825,78.42894874999999,64.58524234228001,HIGH,55.0,549,3.04,38.47,30
26.80_80.30,26.80_80.30;27.00_80.25;26.80_80.25;26.95_80.30;26.95_80.35;26.75_80.40;26.85_80.35;26.90_80.35;26.80_80.40;26.90_80.50;26.85_80.30;26.80_80.35;26.75_80.25;26.90_80.40;26.75_80.30;26.75_80.45;27.00_80.45;26.75_80.35;26.90_80.30;26.85_80.50;26.85_80.25;26.85_80.45;27.00_80.30;26.95_80.45;26.85_80.40;26.80_80.45;26.95_80.40;26.80_80.50;27.00_80.50;26.95_80.50,30,26.819486,80.320989,64.56839796653666,HIGH,41.3,360,3.99,64.36,30
25.15_82.90,25.15_82.90;25.35_82.70;25.20_82.70;25.20_82.90;25.30_82.70;25.25_82.70;25.35_82.75;25.25_82.90;25.20_82.75;25.30_82.75;25.30_82.90;25.15_82.70;25.35_82.80;25.20_82.85;25.35_82.85;25.15_82.85;25.25_82.75;25.30_82.80;25.25_82.80;25.15_82.75;25.25_82.85;25.15_82.80;25.20_82.80;25.15_82.95;25.35_82.90,25,25.176145,82.90924970588236,64.55269319744664,HIGH,25.9,159,2.98,23.86,30
27.95_75.55,27.95_75.55;28.00_75.55;27.85_75.65;28.05_75.50;27.85_75.55;28.05_75.55;27.90_75.45;27.85_75.40;28.05_75.45;27.90_75.60;27.95_75.40;28.05_75.60;27.95_75.60;27.85_75.60;28.00_75.65;27.95_75.45;27.95_75.50;28.00_75.40;27.90_75.40;27.90_75.50;28.00_75.60,21,27.979154871794872,75.57282974358975,64.5409215557926,HIGH,18.5,169,4.97,39.68,30
25.60_79.95,25.60_79.95;25.65_79.80;25.60_79.90;25.55_79.75;25.50_79.75;25.40_79.85;25.60_79.85;25.45_79.95;25.40_79.90;25.45_79.80;25.60_79.80;25.45_79.75;25.40_79.80;25.50_79.95;25.45_79.90;25.60_79.75;25.50_79.85;25.50_79.80;25.50_79.90;25.55_79.85;25.55_79.95;25.55_79.90;25.40_79.75;25.45_79.85;25.55_79.80;25.40_79.95,26,25.63642235294117,79.98215705882353,64.52462216754776,HIGH,35.8,367,7.72,39.69,30
28.30_76.60,28.30_76.60;28.30_76.65;28.10_76.60;28.25_76.65;28.30_76.50;28.30_76.70;28.15_76.65;28.30_76.55;28.15_76.70;28.20_76.70;28.25_76.70;28.10_76.65;28.35_76.55;28.25_76.45;28.10_76.55;28.20_76.60;28.15_76.60;28.25_76.60;28.10_76.70;28.20_76.50;28.25_76.55;28.20_76.55;28.15_76.50;28.20_76.65;28.10_76.50;28.15_76.55,26,28.338039,76.6214615,64.506722876567,HIGH,32.0,277,4.21,91.87,30
27.45_80.90,27.45_80.90;27.35_80.85;27.40_81.00;27.50_80.90;27.50_81.00;27.35_80.95;27.35_81.00;27.30_80.95;27.40_81.05;27.45_80.85;27.35_81.05;27.45_80.95;27.30_81.05;27.30_80.90;27.50_81.05;27.50_80.85;27.50_80.95;27.45_81.05;27.40_80.95;27.30_80.80;27.45_80.80;27.50_80.80;27.40_80.85;27.30_80.85;27.40_80.80;27.40_80.90;27.35_80.80;27.45_81.00;27.35_80.90;27.30_81.00,30,27.478186666666662,80.92432814814816,64.49474330091296,HIGH,56.3,579,3.45,30.27,30
27.25_78.85,27.25_78.85;27.25_78.90;27.20_78.65;27.20_78.85;27.25_78.75;27.05_78.65;27.25_78.80;27.20_78.70;27.20_78.80;27.10_78.85;27.20_78.75;27.25_78.65;27.15_78.75;27.15_78.85;27.10_78.80;27.05_78.70;27.10_78.65;27.15_78.80;27.15_78.70;27.25_78.70;27.05_78.85;27.15_78.65;27.00_78.80;27.05_78.80;27.10_78.70;27.10_78.75,26,27.265348787878786,78.88440909090909,64.2569498134056,HIGH,38.5,333,3.35,20.7,30
24.80_84.45,24.80_84.45;24.60_84.55;24.80_84.35;24.75_84.35;24.80_84.40;24.75_84.55;24.70_84.55;24.65_84.30;24.60_84.50;24.70_84.40;24.65_84.35;24.70_84.35;24.70_84.45;24.65_84.55;24.60_84.35;24.60_84.40;24.70_84.50;24.80_84.55;24.75_84.50;24.75_84.45;24.60_84.45;24.75_84.40;24.65_84.50;24.80_84.50,24,24.8293353125,84.466480625,64.21461307437073,HIGH,34.2,211,3.58,21.05,30
28.15_84.00,28.15_84.00;28.10_83.80;28.25_83.95;28.15_83.80;28.10_84.00;28.10_83.85;28.10_83.95;28.10_83.90;28.15_83.85;28.15_83.90;28.25_83.80;28.25_83.90;28.20_83.85;28.15_83.95;28.20_84.00;28.25_83.85;28.25_84.00;28.20_83.80;28.30_83.90;28.20_83.90;28.30_83.95;28.30_83.85;28.30_83.80;28.30_84.00;28.35_83.85;28.35_83.95;28.20_83.95;28.35_83.80,28,28.172181578947367,84.01442236842105,64.19646006224131,HIGH,50.7,1730,2.63,64.15,30
25.65_83.20,25.65_83.20;25.65_83.05;25.55_82.95;25.40_83.20;25.60_83.05;25.55_83.00;25.60_82.95;25.65_83.15;25.50_83.05;25.45_83.15;25.60_83.20;25.60_83.00;25.45_83.10;25.50_83.00;25.55_83.20;25.65_83.00;25.40_83.15;25.50_82.95;25.55_83.15;25.50_83.10;25.50_83.20;25.45_83.05;25.40_83.10;25.60_83.10;25.40_83.05;25.45_83.20;25.40_82.95;25.50_83.15;25.55_83.05;25.60_83.15;25.55_83.10;25.40_83.00;25.45_82.95;25.45_83.00,34,25.666766388888888,83.23119111111112,64.1463800679129,HIGH,40.3,417,4.06,35.98,30
27.35_79.00,27.35_79.00;27.30_78.90;27.35_79.05;27.30_79.05;27.35_78.95;27.35_78.90;27.45_79.05;27.30_79.15;27.30_79.10;27.30_79.00;27.40_78.95;27.35_79.10;27.30_78.95;27.50_78.95;27.55_79.10;27.40_79.15;27.50_79.10;27.45_79.15;27.40_79.00;27.45_79.10;27.40_79.05;27.45_79.00;27.50_79.00,23,27.37547972972973,79.02251918918918,64.11999581748275,HIGH,28.3,168,3.77,32.28,30
25.35_80.65,25.35_80.65;25.25_80.55;25.20_80.60;25.35_80.60;25.25_80.60;25.20_80.55;25.15_80.70;25.15_80.65;25.35_80.70;25.30_80.60;25.35_80.55;25.30_80.65;25.30_80.75;25.15_80.75;25.35_80.75;25.30_80.55;25.20_80.75;25.30_80.70;25.15_80.60;25.20_80.70;25.25_80.70;25.15_80.55;25.25_80.65;25.25_80.75,24,25.37069054054054,80.67999216216216,64.08231892237305,HIGH,39.0,342,3.66,61.82,30
24.45_75.85,24.45_75.85;24.35_75.90;24.45_75.75;24.35_75.85;24.40_75.90;24.55_75.85;24.35_75.75;24.30_75.70;24.55_75.75;24.50_75.70;24.50_75.80;24.35_75.70;24.35_75.80;24.50_75.85;24.40_75.80;24.45_75.70;24.50_75.75;24.40_75.70;24.35_75.65;24.30_75.90;24.30_75.80;24.50_75.65;24.55_75.70;24.50_75.90;24.40_75.85;24.55_75.80;24.45_75.90;24.45_75.80;24.40_75.75,29,24.477342307692307,75.879065,63.89513070124416,HIGH,42.3,389,7.86,96.05,30
27.20_80.55,27.20_80.55;27.05_80.70;27.25_80.55;27.15_80.55;27.10_80.60;27.15_80.60;27.10_80.55;27.25_80.60;27.10_80.65;27.20_80.65;27.20_80.60;27.05_80.65;27.25_80.75;27.25_80.65;27.20_80.75;27.20_80.70;27.25_80.70;27.15_80.65;27.05_80.60;27.15_80.75;27.15_80.70;27.05_80.55;27.05_80.75;27.10_80.70;27.10_80.50;27.10_80.75,26,27.22788354838709,80.57555451612903,63.87713374432904,HIGH,40.6,339,3.9,46.32,30
27.55_78.55,27.55_78.55;27.65_78.45;27.60_78.40;27.65_78.40;27.55_78.40;27.75_78.40;27.75_78.55;27.60_78.60;27.60_78.45;27.65_78.60;27.65_78.55;27.70_78.45;27.60_78.50;27.80_78.40;27.65_78.50;27.75_78.45;27.75_78.50;27.60_78.55;27.75_78.60;27.70_78.40;27.80_78.60,21,27.570826578947365,78.58663105263157,63.8765425919059,HIGH,26.3,122,3.0,12.94,30
27.25_81.85,27.25_81.85;27.00_81.85;27.10_81.65;27.15_81.65;27.20_81.60;27.00_81.75;27.15_81.60;27.00_81.65;27.05_81.65;27.25_81.80;27.05_81.75;27.10_81.75;27.15_81.70;27.25_81.60;27.20_81.70;27.05_81.70;27.15_81.75;27.05_81.60;27.25_81.65;27.25_81.75;27.05_81.80;27.05_81.85;27.25_81.70;27.15_81.80;27.10_81.70;27.20_81.75;27.20_81.65;27.10_81.85;27.20_81.85;27.15_81.85;27.10_81.80;27.20_81.80,32,27.279834411764707,81.87717411764706,63.6377711153725,HIGH,45.0,497,3.8,36.54,30
25.50_82.75,25.50_82.75;25.50_82.85;25.55_82.70;25.65_82.80;25.45_82.70;25.60_82.90;25.50_82.90;25.55_82.80;25.55_82.85;25.55_82.75;25.50_82.80;25.50_82.70;25.40_82.85;25.60_82.80;25.45_82.75;25.60_82.70;25.60_82.85;25.55_82.90;25.40_82.75;25.40_82.80;25.60_82.75;25.45_82.90;25.40_82.70;25.40_82.90;25.45_82.85;25.45_82.80,26,25.528256896551724,82.77515793103449,63.63424497245151,HIGH,37.5,263,4.04,64.02,30
28.20_83.70,28.20_83.70;28.25_83.70;28.15_83.75;28.10_83.75;28.20_83.60;28.30_83.55;28.25_83.50;28.25_83.60;28.15_83.55;28.20_83.55;28.25_83.55;28.10_83.70;28.20_83.65;28.10_83.65;28.10_83.55;28.15_83.65;28.10_83.60;28.25_83.75;28.15_83.70;28.30_83.75;28.35_83.50;28.35_83.55;28.20_83.75;28.25_83.65;28.15_83.60;28.30_83.60;28.30_83.70;28.30_83.65;28.30_83.50;28.10_83.50;28.20_83.50;28.15_83.50;28.35_83.65;28.35_83.60,34,28.23703385714286,83.72191914285715,63.61184777965896,HIGH,50.9,2611,3.65,87.37,30
26.15_84.70,26.15_84.70;26.05_84.75;26.10_84.80;26.00_84.75;25.95_84.60;26.10_84.60;26.00_84.80;25.95_84.65;26.05_84.65;26.05_84.70;26.10_84.65;26.05_84.60;26.15_84.65;26.00_84.70;26.20_84.65;25.95_84.75;26.00_84.65;26.15_84.75;26.00_84.60;26.05_84.80;26.10_84.75;25.95_84.80;26.15_84.80;25.95_84.85;26.15_84.60;25.95_84.70;26.10_84.70,27,26.17496677419355,84.73677161290323,63.34722677429804,HIGH,46.0,581,4.33,46.3,30
24.25_84.85,24.25_84.85;24.30_84.85;24.05_84.90;24.20_84.90;24.10_84.95;24.05_84.95;24.25_84.90;24.05_84.85;24.15_84.90;24.15_84.95;24.20_84.95,11,24.27908735449736,84.87245978835979,63.3207731658696,HIGH,47.9,494,3.47,22.87,30
27.00_75.75,27.00_75.75;27.00_75.80;27.10_75.70;27.10_75.85;27.10_75.80;27.20_75.80;27.25_75.75;27.15_75.85;27.15_75.90;27.20_75.75;27.05_75.75;27.00_75.90;27.05_75.80;27.25_75.80;27.25_75.85;27.05_75.85;27.25_75.70;27.15_75.80;27.20_75.85;27.05_75.90,20,27.038729375,75.78367015625,63.2914577688771,HIGH,15.4,167,3.08,19.34,30
26.65_82.00,26.65_82.00;26.70_82.10;26.50_82.05;26.70_82.05;26.60_82.00;26.50_82.00;26.50_81.95;26.65_82.10;26.70_82.00;26.50_81.90;26.55_82.00;26.50_82.10;26.55_81.90;26.65_81.95;26.55_82.05;26.70_81.90;26.65_81.90;26.55_82.10;26.70_81.95;26.65_82.05;26.60_82.10;26.60_82.05;26.60_81.90;26.55_81.95,24,26.67029769230769,82.03363230769232,63.28528334182419,HIGH,43.0,243,3.96,23.88,30
27.15_80.85,27.15_80.85;27.15_80.95;27.10_80.95;27.00_80.85;27.20_80.95;27.15_80.90;27.10_80.90;27.15_81.00;27.25_81.00;27.20_80.85;27.20_80.90;27.25_80.80;27.10_80.85;27.05_80.95;27.25_80.95;27.25_80.90;27.10_80.80;27.25_80.85;27.20_81.05;27.05_80.85;27.05_80.90;27.15_81.05;27.05_81.00;27.10_81.00;27.15_80.80;27.20_81.00;27.20_80.80;27.00_80.80;27.05_80.80,29,27.18011111111112,80.88625555555556,63.11782849853949,HIGH,42.7,327,3.83,21.37,30
26.55_84.75,26.55_84.75;26.70_84.65;26.60_84.60;26.50_84.60;26.60_84.75;26.70_84.60;26.55_84.70;26.60_84.65;26.70_84.75;26.65_84.60;26.65_84.75;26.65_84.70;26.65_84.80;26.50_84.70;26.50_84.80;26.65_84.65;26.50_84.75;26.60_84.80;26.55_84.60;26.70_84.70;26.60_84.70;26.65_84.85;26.60_84.85;26.55_84.65;26.70_84.80;26.50_84.65;26.55_84.80;26.75_84.75,28,26.583571153846155,84.76956115384615,63.05600367555407,HIGH,42.3,367,3.03,9.5,30
26.00_77.80,26.00_77.80;25.95_77.75;26.10_77.60;26.00_77.55;25.95_77.65;25.95_77.80;26.05_77.65;26.15_77.55;25.95_77.60;26.00_77.60;26.05_77.80;26.15_77.60;26.00_77.65;26.00_77.75;25.95_77.70;26.05_77.55;26.10_77.75;26.05_77.75;26.10_77.70;26.10_77.55;26.05_77.70;26.05_77.60,22,26.022977372262773,77.82781540145986,63.03973001251054,HIGH,27.7,302,6.83,120.53,30
27.70_78.75,27.70_78.75;27.75_78.85;27.80_78.75;27.65_78.75;27.60_78.90;27.80_78.80;27.55_78.75;27.60_78.65;27.80_78.70;27.65_78.85;27.70_78.90;27.65_78.80;27.60_78.85;27.70_78.80;27.70_78.70;27.60_78.70;27.75_78.80;27.70_78.85;27.70_78.65;27.60_78.80,20,27.7256276,78.779902,62.81727320119475,HIGH,24.9,117,4.47,44.88,30
25.85_80.50,25.85_80.50;25.90_80.35;25.70_80.45;25.90_80.50;25.80_80.50;25.65_80.45;25.65_80.35;25.85_80.45;25.70_80.50;25.80_80.45;25.80_80.40;25.75_80.30;25.85_80.30;25.80_80.30;25.80_80.35;25.65_80.25;25.90_80.45;25.70_80.40;25.85_80.35;25.75_80.45;25.70_80.25;25.70_80.30;25.70_80.35;25.75_80.25;25.90_80.30;25.90_80.40;25.75_80.50;25.75_80.35;25.75_80.40,29,25.87006304347826,80.53137608695651,62.68503596297161,HIGH,34.9,313,4.96,29.69,30
24.10_76.00,24.10_76.00;24.05_76.10;24.15_76.10;24.15_76.15;24.15_75.95;24.05_76.00;24.05_76.15;24.05_76.05;24.05_76.20;24.10_76.15;24.20_76.00;24.10_75.95;24.20_75.95;24.20_76.15;24.20_76.05;24.05_75.95;24.25_76.15;24.25_75.95;24.30_76.05;24.15_76.05;24.20_76.10;24.25_76.05;24.10_76.10;24.15_76.00;24.25_76.10;24.10_76.05;24.25_76.00;24.30_76.10,28,24.133504375,76.03474875,62.666076976535166,HIGH,41.1,350,7.2,37.44,30
26.00_76.35,26.00_76.35;26.15_76.25;26.05_76.45;26.05_76.35;26.15_76.20;26.10_76.25;26.05_76.25;26.15_76.30;26.20_76.25;26.10_76.45;26.05_76.30;25.95_76.20;25.95_76.30;26.15_76.45;26.00_76.30;26.15_76.35;26.05_76.40,17,26.041173333333333,76.37652416666667,62.46649578289647,HIGH,19.1,74,3.13,10.82,30
24.35_84.95,24.35_84.95;24.35_84.90;24.40_84.95;24.30_84.90;24.45_84.95;24.35_84.85;24.30_84.95;24.40_84.90;24.50_84.95;24.45_84.85;24.45_84.90;24.55_84.95,12,24.3804023178808,84.97501483443709,62.42441112111586,HIGH,33.5,578,3.62,25.62,30
27.70_75.70,27.70_75.70;27.65_75.70;27.80_75.85;27.80_75.90;27.60_75.70;27.75_75.80;27.70_75.75;27.60_75.75;27.65_75.75;27.60_75.80;27.75_75.85;27.55_75.85;27.75_75.90;27.80_75.80;27.75_75.65;27.55_75.70;27.60_75.85;27.80_75.65;27.75_75.75;27.55_75.75;27.65_75.80;27.75_75.70;27.65_75.90;27.60_75.90;27.70_75.80;27.80_75.75;27.65_75.85;27.55_75.90,28,27.741645,75.73041888888889,62.13679561491291,HIGH,25.7,197,6.12,59.18,30
25.15_74.60,25.15_74.60;25.35_74.65;25.10_74.60;25.20_74.60;25.25_74.60;25.30_74.60;25.30_74.65;25.15_74.70;25.15_74.65;25.20_74.75;25.30_74.80;25.20_74.65;25.35_74.80;25.35_74.60;25.25_74.80;25.35_74.70;25.20_74.70;25.35_74.75;25.30_74.75;25.15_74.75;25.15_74.55;25.20_74.85;25.25_74.75;25.25_74.70;25.25_74.65;25.30_74.70;25.20_74.80;25.15_74.80,28,25.16968125,74.613181875,62.10052973223138,HIGH,32.9,214,6.35,30.92,30
25.15_77.85,25.15_77.85;25.25_77.85;25.20_77.85;25.35_77.85;25.30_77.90;25.15_77.90;25.25_77.90;25.20_77.90;25.30_77.85;25.35_77.90;25.30_77.95;25.25_78.00;25.15_78.00;25.25_78.05;25.15_78.05;25.20_78.05;25.35_77.95;25.35_78.00;25.20_78.00;25.30_78.05;25.35_78.05;25.15_78.10;25.15_77.95;25.30_78.00;25.25_77.95,25,25.178647894736844,77.87599815789474,61.899782724007984,HIGH,30.6,697,7.51,63.01,30
27.25_79.70,27.25_79.70;27.25_79.65;27.25_79.45;27.20_79.70;27.20_79.55;27.00_79.70;27.05_79.50;27.10_79.70;27.25_79.50;27.20_79.65;27.20_79.50;27.10_79.60;27.05_79.60;27.10_79.45;27.15_79.45;27.10_79.55;27.15_79.50;27.05_79.55;27.20_79.60;27.25_79.55;27.10_79.50;27.15_79.60;27.15_79.55,23,27.273192666666667,79.722462,61.76350092793119,HIGH,23.4,154,3.45,48.75,30
29.35_82.20,29.35_82.20;29.40_82.20;29.40_82.15;29.30_82.40;29.25_82.35;29.25_82.25;29.20_82.35;29.20_82.15;29.40_82.25;29.25_82.15;29.40_82.35;29.30_82.35;29.35_82.35;29.20_82.40;29.35_82.25;29.20_82.30;29.35_82.30;29.25_82.40;29.35_82.15;29.40_82.30;29.25_82.30;29.30_82.25;29.20_82.20;29.30_82.20;29.30_82.15;29.20_82.25;29.35_82.40;29.40_82.40;29.25_82.20;29.30_82.30,30,29.38809088607595,82.21996936708861,61.69810562553556,HIGH,40.7,777,7.8,106.7,30
24.15_82.05,24.15_82.05;24.20_81.90;24.25_81.90;24.20_82.00;24.15_82.00;24.15_81.95;24.25_81.95;24.20_82.05;24.05_82.00;24.15_81.90;24.20_81.95;24.20_82.10;24.10_82.05;24.25_82.10;24.10_82.00;24.05_82.05;24.05_81.95;24.05_81.90;24.05_82.10;24.15_82.10;24.25_82.05;24.10_81.95;24.30_81.95;24.10_81.90,24,24.171513174603174,82.06724412698414,61.697909461063794,HIGH,36.1,652,5.32,133.73,30
27.90_75.95,27.90_75.95;28.05_76.00;27.95_76.05;28.00_75.95;27.95_76.00;27.90_76.10;27.85_76.10;28.00_76.10;28.05_76.05;27.85_75.95;27.85_76.05;27.95_76.15;27.95_76.10;27.85_76.20;28.05_75.95;28.05_76.10;27.90_76.00;28.00_76.05;27.95_75.95;28.00_76.00;28.00_76.15;27.85_76.15;27.85_76.00;27.90_76.05,24,27.91932125,75.976118125,61.460560960358414,HIGH,28.1,150,6.01,57.15,30
23.50_83.00,23.50_83.00,1,23.51323720930233,83.02637170542636,61.35193215334963,HIGH,61.4,129,4.54,17.76,30
24.50_84.35,24.50_84.35;24.50_84.40;24.45_84.35;24.45_84.40;24.55_84.40;24.55_84.50;24.45_84.50;24.45_84.30;24.50_84.50;24.50_84.55;24.55_84.45;24.55_84.55;24.45_84.45;24.50_84.45;24.50_84.30;24.45_84.55;24.40_84.40;24.35_84.40;24.30_84.30;24.35_84.45;24.40_84.55;24.35_84.50;24.55_84.35;24.35_84.35;24.40_84.30;24.35_84.55;24.40_84.50;24.40_84.45;24.40_84.35,29,24.515017460317463,84.37521674603174,61.216148366372806,HIGH,44.3,1519,4.34,54.86,30
24.35_82.30,24.35_82.30;24.30_82.35;24.45_82.15;24.45_82.30;24.55_82.30;24.55_82.40;24.45_82.40;24.35_82.25;24.35_82.35;24.45_82.35;24.55_82.20;24.50_82.30;24.45_82.25;24.40_82.35;24.55_82.25;24.50_82.35;24.40_82.25;24.50_82.15;24.50_82.25;24.45_82.20;24.55_82.35;24.40_82.20;24.35_82.40;24.35_82.20;24.55_82.15;24.40_82.15;24.35_82.15;24.40_82.40;24.40_82.30;24.50_82.40;24.30_82.30;24.50_82.20,32,24.377146,82.3184634117647,60.8124821734266,HIGH,39.6,797,7.1,102.18,30
25.35_75.15,25.35_75.15;25.20_75.30;25.25_75.30;25.15_75.30;25.15_75.25;25.20_75.35;25.15_75.35;25.20_75.10;25.25_75.20;25.15_75.20;25.30_75.35;25.25_75.25;25.30_75.15;25.35_75.20;25.15_75.15;25.30_75.30;25.20_75.25;25.25_75.15;25.35_75.25;25.10_75.25;25.35_75.10,21,25.37586125,75.17277375,60.67646167053597,HIGH,23.0,81,5.99,27.77,30
31.10_78.40,31.10_78.40;31.15_78.40;31.05_78.40;31.10_78.45;31.05_78.45;31.30_78.35;31.20_78.40;31.15_78.45,8,31.11964657657657,78.4197418018018,60.6618883340611,HIGH,33.9,178,11.42,49.34,30
24.55_75.40,24.55_75.40;24.50_75.40;24.55_75.45;24.55_75.65;24.55_75.50;24.45_75.45;24.35_75.55;24.50_75.50;24.30_75.45;24.40_75.65;24.40_75.60;24.45_75.40;24.45_75.60;24.40_75.55;24.55_75.60;24.35_75.50;24.45_75.50;24.50_75.45;24.35_75.60;24.30_75.55;24.45_75.65;24.35_75.45;24.40_75.45;24.40_75.40,24,24.56847137254902,75.41845058823529,60.1535992877609,HIGH,29.8,301,9.2,64.68,30
28.45_83.75,28.45_83.75;28.35_84.00;28.40_83.95;28.40_83.90;28.40_84.00;28.40_83.85;28.35_83.90;28.50_83.90;28.45_83.85;28.40_83.80;28.45_83.80;28.50_83.85;28.60_84.00;28.55_83.90,14,28.461873037974684,83.78449670886076,59.79959306542391,HIGH,34.7,370,6.4,104.86,30
27.40_76.00,27.40_76.00;27.50_75.95;27.45_76.00;27.45_75.95;27.40_75.95;27.40_76.05;27.45_76.10;27.35_76.05;27.55_76.05;27.30_76.10;27.35_76.00;27.50_76.05;27.30_76.15;27.30_75.95;27.50_76.10;27.35_76.10;27.45_76.05;27.40_76.15;27.40_76.10;27.35_75.95;27.30_76.05;27.45_76.15,22,27.43328,76.02105,59.66924941088268,HIGH,30.9,175,5.73,67.0,30
25.50_82.00,25.50_82.00;25.65_82.10;25.65_82.05;25.45_82.00;25.40_82.05;25.50_82.10;25.50_82.05;25.55_82.10;25.40_81.95;25.60_82.05;25.55_81.95;25.60_82.10;25.50_81.95;25.40_82.00;25.55_82.05;25.60_82.00;25.60_81.95;25.45_81.95;25.45_82.10;25.65_82.00;25.60_81.90;25.65_81.90;25.55_82.00;25.55_81.90;25.45_82.05;25.40_82.10;25.40_81.90,27,25.53755153846154,82.04203615384615,59.60111344729748,HIGH,36.9,280,2.94,15.47,30
23.50_83.45,23.50_83.45,1,23.511105571428573,83.47473,59.06198358715523,HIGH,59.1,70,2.1,6.33,30
23.50_83.85,23.50_83.85,1,23.51283350877193,83.8726552631579,58.82932437619301,HIGH,58.8,57,2.79,9.92,30
24.80_75.65,24.80_75.65;24.60_75.80;24.70_75.75;24.70_75.70;24.60_75.65;24.70_75.65;24.65_75.80;24.60_75.70;24.65_75.75;24.65_75.70;24.80_75.75;24.75_75.80;24.70_75.80;24.60_75.75;24.75_75.75;24.75_75.70;24.65_75.90;24.60_75.85;24.65_75.85;24.75_75.90;24.80_75.80;24.80_75.85;24.85_75.80,23,24.835710416666668,75.67866500000001,58.77809962726271,HIGH,24.8,266,9.02,81.13,30
26.20_84.95,26.20_84.95;26.20_84.85;26.35_84.95;26.45_84.90;26.45_84.95;26.25_84.95;26.40_84.85;26.40_84.95;26.30_84.90;26.35_84.90;26.40_84.90;26.35_84.85;26.45_84.85;26.30_84.85;26.30_84.95;26.25_84.90,16,26.23071738095238,84.98447880952381,58.212418455178415,HIGH,42.4,268,3.45,37.85,30
26.95_77.70,26.95_77.70;26.75_77.65;26.95_77.75;27.00_77.75;26.75_77.60;26.90_77.65;26.80_77.60;26.80_77.70;26.95_77.65;26.85_77.60;26.85_77.65;27.00_77.60;26.80_77.65;26.90_77.60;26.95_77.60;26.80_77.75;26.85_77.75;26.75_77.55;26.85_77.55;27.00_77.80;26.95_77.80;26.90_77.80,22,26.96958274509804,77.73791156862745,58.11302514311202,HIGH,18.5,126,4.56,29.85,30
28.55_78.60,28.55_78.60;28.60_78.55;28.55_78.55;28.60_78.60;28.50_78.60;28.60_78.40;28.60_78.45;28.60_78.50;28.55_78.45;28.50_78.55;28.40_78.60;28.40_78.45;28.55_78.50;28.45_78.55;28.45_78.60;28.55_78.40;28.55_78.35;28.40_78.50;28.40_78.55;28.50_78.50;28.50_78.40;28.35_78.45;28.50_78.45;28.45_78.40,24,28.56963225,78.62238875,58.09687700815808,HIGH,33.5,319,2.74,12.32,30
27.00_78.40,27.00_78.40;27.05_78.40;27.05_78.60;27.15_78.55;27.25_78.55;27.15_78.60;27.10_78.55;27.10_78.60;27.25_78.60;27.20_78.55;27.25_78.45;27.15_78.40;27.05_78.45;27.10_78.45;27.25_78.50;27.00_78.60;27.15_78.50;27.20_78.35;27.20_78.50;27.00_78.55;27.20_78.45;27.10_78.50;27.25_78.40;27.05_78.55;27.10_78.40;27.20_78.60;27.25_78.35,27,27.028277962962964,78.43086425925925,57.994297778030536,HIGH,26.0,238,2.77,22.74,30
27.20_78.05,27.20_78.05;27.20_77.90;27.15_77.95;27.15_78.00;27.15_77.90;27.10_78.00;27.20_77.95;27.25_77.85;27.00_77.95;27.25_77.95;27.05_78.05;27.15_78.05;27.20_78.00;27.05_77.95;27.25_78.00;27.10_78.05;27.20_77.85;27.25_77.90;27.10_77.95;27.20_78.10;27.05_78.00;27.00_77.85;27.15_77.85,23,27.208421162790696,78.09591441860465,57.78747926244608,HIGH,23.8,120,2.75,16.04,30
29.75_82.15,29.75_82.15;29.80_82.15;29.80_82.20;29.80_82.30;29.75_82.30;29.85_82.15;29.85_82.25;29.75_82.25;29.75_82.20;29.85_82.20;29.80_82.35;29.95_82.35;29.90_82.25;29.70_82.30;29.70_82.25;29.90_82.30;29.90_82.35,17,29.75832282608696,82.17304826086956,57.57666703879604,HIGH,35.5,239,12.02,270.92,30
25.60_77.30,25.60_77.30;25.40_77.30;25.45_77.30;25.50_77.30;25.65_77.30;25.40_77.35;25.45_77.50;25.55_77.50;25.60_77.45;25.50_77.40;25.40_77.50;25.50_77.35;25.45_77.35;25.40_77.40;25.60_77.40;25.65_77.45;25.55_77.30;25.55_77.45;25.60_77.50;25.45_77.40;25.60_77.35;25.55_77.40;25.65_77.35;25.55_77.35,24,25.64206,77.32092170731708,57.560823958740194,HIGH,25.8,245,7.39,32.59,30
28.95_82.95,28.95_82.95;28.95_83.05;28.90_83.05;28.90_83.00;29.00_83.00;28.95_83.00;29.00_83.05,7,28.966972500000004,82.973947,57.341763035312766,HIGH,26.2,86,8.44,57.25,30
23.50_74.70,23.50_74.70,1,23.51045,74.7278062962963,56.96670664457272,HIGH,57.0,27,4.16,15.78,30
25.10_74.55,25.10_74.55;25.00_74.55;25.10_74.50;24.90_74.55;25.05_74.55;25.00_74.50;24.85_74.50;25.05_74.50;24.95_74.55;24.90_74.50;24.85_74.55;24.95_74.50,12,25.12550076923077,74.58484923076922,56.82692082991484,HIGH,38.3,101,7.5,131.85,30
28.05_76.55,28.05_76.55;27.95_76.50;27.95_76.60;28.00_76.60;27.95_76.55;27.95_76.65;28.00_76.50;28.05_76.60;28.05_76.50;28.05_76.70;27.90_76.70;27.85_76.70;28.00_76.70;28.00_76.65;27.80_76.65;27.95_76.70;27.90_76.55;27.85_76.50;28.05_76.65;27.90_76.50;28.00_76.55;27.90_76.60;27.90_76.65,23,28.088980666666668,76.58201366666667,56.78045766545933,HIGH,17.8,114,4.68,28.06,30
27.05_77.65,27.05_77.65;27.00_77.55;27.25_77.65;27.10_77.70;27.25_77.80;27.00_77.70;27.05_77.70;27.10_77.65;27.05_77.75;27.25_77.70;27.20_77.70;27.10_77.60;27.10_77.75;27.10_77.55;27.15_77.70;27.20_77.80;27.15_77.75;27.25_77.60;27.15_77.60;27.20_77.65;27.20_77.75;27.15_77.55;27.25_77.75,23,27.07182894736842,77.68258421052631,56.648937325313135,HIGH,22.5,121,4.33,23.04,30
28.10_82.65,28.10_82.65;28.15_82.65;28.15_82.60;28.20_82.50;28.20_82.55;28.30_82.45;28.25_82.55;28.10_82.60;28.20_82.45;28.20_82.65;28.30_82.50;28.25_82.60;28.25_82.50;28.20_82.60;28.15_82.55;28.25_82.45;28.35_82.50;28.25_82.40;28.30_82.65;28.15_82.45;28.25_82.65;28.10_82.55;28.30_82.55;28.15_82.50;28.10_82.50;28.35_82.45,26,28.12537061904762,82.67831838095238,56.61520218679685,HIGH,33.2,1199,7.17,186.75,30
26.55_84.90,26.55_84.90;26.55_84.95;26.65_84.95;26.50_84.90;26.55_84.85;26.50_84.85;26.50_84.95;26.70_84.95;26.70_84.90;26.60_84.95;26.60_84.90;26.65_84.90;26.70_84.85,13,26.58360413793104,84.9339248275862,56.41533320501118,HIGH,45.2,215,3.53,15.91,30
26.80_78.20,26.80_78.20;26.75_78.15;26.85_78.30;26.80_78.15;26.90_78.30;26.85_78.35;26.80_78.25;26.75_78.25;26.80_78.30;26.75_78.10;26.80_78.10;26.85_78.25;26.95_78.30;26.85_78.15;26.75_78.30;26.85_78.10;26.85_78.20,17,26.83475555555556,78.2325762962963,56.19207911044007,HIGH,24.5,143,7.59,36.44,30
25.60_74.85,25.60_74.85;25.65_74.85;25.60_74.95;25.45_75.10;25.65_74.90;25.40_74.90;25.45_74.85;25.40_75.00;25.50_74.90;25.50_75.05;25.50_74.85;25.45_74.95;25.45_75.05;25.40_75.10;25.60_75.00;25.65_75.00;25.60_74.90;25.50_74.95;25.60_75.05;25.50_75.00;25.40_74.95;25.40_75.05;25.60_75.10;25.55_75.00;25.55_75.10;25.55_75.05;25.45_74.90,27,25.641315,74.87432650000001,55.75178407900857,HIGH,24.3,141,6.24,75.47,30
24.45_76.60,24.45_76.60;24.50_76.50;24.55_76.50;24.30_76.70;24.30_76.55;24.30_76.50;24.50_76.55;24.35_76.50;24.40_76.65;24.35_76.65;24.55_76.65;24.50_76.65;24.45_76.55;24.55_76.60;24.50_76.60;24.35_76.60;24.45_76.65;24.40_76.55;24.45_76.45;24.35_76.55;24.40_76.50;24.45_76.50;24.55_76.70;24.55_76.55;24.35_76.70;24.50_76.70;24.45_76.70;24.30_76.45;24.35_76.45;24.40_76.60,30,24.472329411764708,76.62082588235295,55.745895481760925,HIGH,29.6,278,8.48,63.28,30
28.85_75.85,28.85_75.85;28.80_75.85;28.80_75.90;28.90_75.75;28.75_75.75;28.75_75.80;28.85_75.65;28.85_75.75;28.85_75.90;28.75_75.70;28.80_75.70;28.90_75.80;28.85_75.80;28.70_75.70;28.75_75.65;28.65_75.70;28.80_75.80;28.65_75.75;28.70_75.80;28.70_75.90;28.75_75.85;28.65_75.85;28.80_75.75;28.75_75.90;28.65_75.90;28.85_75.70,26,28.85400304347826,75.88256173913044,55.53027660334941,HIGH,21.6,127,4.04,25.16,30
29.40_81.95,29.40_81.95;29.40_81.90;29.35_81.90;29.25_82.10;29.35_81.95;29.20_82.00;29.40_82.10;29.35_82.05;29.30_81.95;29.20_82.10;29.25_82.05;29.20_82.05;29.25_82.00;29.40_82.00;29.40_82.05;29.25_81.95;29.20_81.95;29.30_82.10;29.35_82.00;29.35_82.10;29.25_81.90;29.30_82.05;29.30_81.90;29.45_81.95,24,29.42535833333333,81.96334555555556,55.49161072518849,HIGH,30.9,262,5.04,60.92,30
26.85_77.20,26.85_77.20;26.85_77.05;26.90_77.05;26.85_77.15;26.80_77.20;26.85_77.25;26.85_77.10;26.95_77.10;26.75_77.10;26.90_77.10;26.80_77.25;26.90_77.15;26.95_77.15;26.95_77.05;26.80_77.15;26.95_77.20;26.80_77.10;26.80_77.05;26.90_77.20,19,26.861065294117648,77.23497,55.10278970546715,HIGH,14.6,71,5.84,25.61,30
23.50_76.35,23.50_76.35,1,23.51204285714286,76.36874142857143,54.66278141071214,HIGH,54.7,14,3.94,10.61,30
28.15_76.05,28.15_76.05;28.15_76.10;28.10_76.00;28.25_76.15;28.30_76.00;28.10_76.10;28.25_76.10;28.25_76.05;28.10_76.05;28.10_75.95;28.20_76.05;28.35_76.00;28.35_76.10;28.15_76.15;28.20_76.00;28.15_76.20;28.10_76.20;28.30_76.10,18,28.155215625,76.07130125,54.56513787589614,HIGH,19.4,82,4.09,25.56,30
26.50_77.80,26.50_77.80;26.50_77.75;26.55_77.80;26.50_77.70;26.65_77.60;26.65_77.55;26.50_77.60;26.60_77.70;26.55_77.70;26.60_77.60;26.60_77.80;26.55_77.75;26.70_77.65;26.65_77.70;26.55_77.65;26.60_77.55;26.65_77.75;26.55_77.60;26.70_77.55,19,26.518895384615384,77.83209692307693,54.42168503205709,HIGH,17.3,67,4.37,16.38,30
27.05_76.90,27.05_76.90;27.05_77.00;27.00_76.75;27.05_76.85;27.20_76.80;27.00_76.80;27.10_77.00;27.15_76.80;27.05_76.80;27.25_76.75;27.05_76.75;27.05_76.95,12,27.071759230769228,76.91756384615384,54.320635003645634,HIGH,20.3,57,6.47,29.0,30
25.70_75.45,25.70_75.45;25.75_75.40;25.65_75.55;25.75_75.50;25.75_75.55;25.85_75.45;25.65_75.40;25.90_75.45;25.80_75.65;25.80_75.40;25.85_75.55;25.70_75.40;25.80_75.55;25.90_75.60;25.90_75.55;25.75_75.65;25.85_75.65;25.80_75.45;25.65_75.45;25.85_75.50;25.70_75.50;25.90_75.50;25.80_75.60;25.70_75.55;25.85_75.40;25.75_75.45;25.85_75.60;25.70_75.60,28,25.724996666666662,75.48101199999999,54.3117287228684,HIGH,26.3,125,5.57,26.52,30
27.80_76.20,27.80_76.20;27.75_76.20;27.70_76.35;27.70_76.40;27.60_76.25;27.65_76.25;27.55_76.25;27.75_76.25;27.80_76.25;27.55_76.20;27.70_76.30;27.55_76.30;27.80_76.45;27.60_76.20;27.65_76.35;27.75_76.30;27.75_76.40;27.65_76.20;27.80_76.40;27.60_76.45;27.80_76.30;27.75_76.45;27.55_76.40;27.70_76.25;27.60_76.30;27.65_76.40,26,27.82496181818182,76.23588272727272,54.24854542336055,HIGH,24.7,147,5.18,26.1,30
27.35_79.30,27.35_79.30;27.45_79.40;27.55_79.25;27.50_79.30;27.50_79.40;27.40_79.30;27.45_79.35;27.40_79.25;27.45_79.30;27.35_79.25;27.30_79.30;27.30_79.40;27.50_79.25;27.35_79.20;27.30_79.20;27.40_79.35;27.50_79.35;27.40_79.40;27.35_79.35;27.45_79.20;27.30_79.35;27.30_79.25;27.40_79.20,23,27.3848525,79.316556875,54.20966372596963,HIGH,28.9,135,3.21,12.77,30
28.10_75.90,28.10_75.90;28.10_75.85;28.15_75.90;28.20_75.65;28.20_75.80;28.30_75.90;28.35_75.85;28.30_75.85;28.10_75.80;28.20_75.90;28.10_75.75;28.25_75.90;28.35_75.90;28.15_75.75;28.15_75.70;28.25_75.70;28.15_75.80;28.30_75.70;28.15_75.85;28.20_75.85;28.25_75.75;28.25_75.85,22,28.137721666666668,75.91387250000001,53.41506446770537,HIGH,21.0,63,3.76,15.73,30
28.55_84.30,28.55_84.30;28.50_84.30;28.55_84.25;28.40_84.05;28.45_84.05;28.50_84.25;28.35_84.05;28.40_84.15;28.45_84.25;28.40_84.20;28.60_84.10;28.40_84.25,12,28.560785096153843,84.31227067307692,53.1902936724136,HIGH,30.8,377,10.41,165.04,30
26.55_74.95,26.55_74.95;26.60_74.85;26.50_74.85;26.55_74.85;26.60_74.95;26.55_75.05;26.50_75.05;26.65_75.10;26.60_75.10;26.55_75.00;26.50_74.95;26.65_74.95;26.50_75.10;26.55_74.90;26.65_75.00;26.70_75.10;26.60_75.00;26.65_74.90;26.70_75.05;26.65_74.85;26.70_74.95;26.60_74.90;26.45_75.00;26.60_75.05;26.45_74.90;26.45_74.85;26.65_75.05;26.50_75.00,28,26.57613555555556,74.98081666666667,52.8099442467144,HIGH,20.8,111,4.57,26.02,30
27.15_75.50,27.15_75.50;27.15_75.60;27.15_75.45;27.25_75.60;27.00_75.40;27.25_75.65;27.20_75.50;27.20_75.45;27.25_75.55;27.05_75.60;27.00_75.60;27.00_75.45;27.10_75.55,13,27.177524736842106,75.53030210526316,52.562695472783695,HIGH,25.9,108,4.53,70.01,30
27.85_75.90,27.85_75.90;27.90_75.70;27.90_75.75;28.05_75.75;27.90_75.90;27.90_75.65;28.00_75.75;27.95_75.75;27.95_75.65;27.90_75.80;28.05_75.70;27.90_75.85;28.00_75.80;27.85_75.85;27.95_75.85;27.85_75.75;28.05_75.85;28.05_75.80;27.85_75.70;28.05_75.90;28.00_75.70;27.95_75.70;28.00_75.85;27.80_75.70;27.95_75.90;27.85_75.80,26,27.88141,75.92571000000001,52.41608149190759,HIGH,25.1,157,4.06,57.38,30
30.05_81.30,30.05_81.30;30.25_81.10;30.00_81.30,3,30.092232000000003,81.341418,52.34911428390276,HIGH,20.2,13,9.1,39.69,30
25.25_74.85,25.25_74.85;25.30_74.95;25.25_75.00;25.30_75.00;25.20_75.05;25.30_75.05;25.25_74.90;25.30_74.85;25.15_75.10;25.30_75.10;25.20_75.00;25.25_74.95;25.15_75.05;25.20_74.95;25.35_74.90;25.35_74.95;25.20_74.90;25.35_75.00;25.15_74.90;25.35_75.05;25.35_74.85;25.15_74.85;25.15_74.95,23,25.275051428571427,74.86910428571427,52.09839190415868,HIGH,21.5,76,5.58,22.68,30
28.65_83.00,28.65_83.00;28.65_83.05;28.85_82.95;28.65_82.95;28.65_83.15;28.70_83.05;28.85_83.05;28.80_83.00;28.85_83.00;28.90_83.20;28.70_83.00,11,28.675011346153845,83.01282480769231,51.9446192819413,HIGH,26.1,119,6.85,41.01,30
29.60_82.40,29.60_82.40;29.60_82.65;29.65_82.55;29.55_82.65;29.60_82.45;29.55_82.45;29.65_82.65;29.60_82.50,8,29.632717777777778,82.43519259259259,51.183962935800665,HIGH,22.1,91,12.0,132.26,30
25.60_74.55,25.60_74.55;25.50_74.65;25.65_74.60;25.40_74.60;25.65_74.80;25.55_74.85;25.55_74.80;25.40_74.75;25.45_74.75;25.45_74.60;25.55_74.60;25.40_74.65;25.40_74.80;25.40_74.85;25.50_74.80;25.55_74.65;25.55_74.70;25.40_74.70;25.60_74.60;25.45_74.80;25.60_74.80;25.60_74.65;25.65_74.55;25.60_74.70;25.45_74.65;25.50_74.70;25.45_74.70;25.60_74.75;25.55_74.75,29,25.61384,74.596548,50.84375106585446,HIGH,22.1,96,4.98,20.26,30
29.25_82.45,29.25_82.45;29.30_82.45;29.35_82.45;29.30_82.65;29.25_82.65;29.35_82.50;29.20_82.45;29.15_82.65;29.30_82.70;29.30_82.60;29.40_82.45;29.45_82.45;29.45_82.50;29.20_82.65;29.35_82.55;29.30_82.50;29.20_82.60,17,29.275919428571427,82.46672171428571,50.56623906207269,HIGH,19.9,171,10.66,70.22,30
27.95_75.20,27.95_75.20;28.05_75.35;27.85_75.20;27.90_75.25;28.00_75.20;27.85_75.25;27.90_75.15;27.95_75.15;27.85_75.35;27.95_75.30,10,27.97479333333333,75.22811833333333,50.54472168721799,HIGH,19.4,27,3.38,14.38,30
26.85_76.75,26.85_76.75;26.90_76.80;26.90_76.85;26.80_76.75;27.00_76.90;26.80_77.00;26.95_76.75;26.90_76.75;27.00_76.95;26.80_76.85;26.80_76.90;27.00_76.85;26.95_77.00;26.75_76.80;26.80_76.95;26.90_76.95;26.90_76.90;26.85_76.80;26.85_76.85;26.80_76.80,20,26.869995000000003,76.77189318181819,50.47593692491622,HIGH,15.1,69,3.31,24.64,30
31.35_77.85,31.35_77.85;31.35_78.00;31.45_77.85;31.35_78.05;31.45_78.05;31.45_78.00;31.35_77.90;31.35_77.95;31.40_77.85;31.45_77.95;31.40_77.90;31.40_78.00,12,31.3615248,77.8625384,50.34356830649188,HIGH,32.5,135,8.01,25.65,30
24.05_76.30,24.05_76.30;24.10_76.45;24.10_76.25;24.05_76.25;24.10_76.20;24.05_76.35;24.05_76.40;24.10_76.30;24.20_76.20;24.30_76.30;24.15_76.45;24.15_76.40;24.20_76.45;24.15_76.25;24.10_76.35;24.15_76.35;24.25_76.35;24.20_76.25;24.20_76.35;24.05_76.45;24.30_76.25;24.10_76.40;24.20_76.30;24.25_76.30;24.30_76.40;24.25_76.20,26,24.07588071428572,76.32587071428573,50.09484165954381,HIGH,22.4,139,6.59,29.62,30
26.80_76.70,26.80_76.70;26.95_76.70;26.95_76.55;27.00_76.70;26.90_76.50;26.75_76.70;26.95_76.50;26.75_76.60;26.95_76.65;26.80_76.65;26.75_76.65;27.00_76.50;26.75_76.50;26.85_76.50;26.85_76.60;26.85_76.70,16,26.823935416666668,76.73783833333333,49.96764041902421,MODERATE,19.2,92,4.85,32.84,30
25.50_74.55,25.50_74.55;25.45_74.50;25.60_74.50;25.55_74.55;25.40_74.50;25.45_74.55;25.40_74.55;25.50_74.50;25.55_74.50,9,25.510055185185184,74.58578851851851,49.429836462811664,MODERATE,29.6,66,6.59,35.95,30
30.70_79.80,30.70_79.80;30.60_79.80;30.60_79.85;30.55_79.85;30.55_79.75;30.55_79.80;30.65_79.80;30.65_79.85;30.60_79.75;30.75_79.80;30.65_79.90;30.55_79.70;30.75_79.85,13,30.72459368421053,79.82533000000001,48.77786070591083,MODERATE,22.7,127,11.66,125.84,30
26.70_75.95,26.70_75.95;26.50_76.10;26.60_76.15;26.65_76.15;26.50_76.05;26.65_76.05;26.55_76.15;26.55_76.00;26.45_76.15;26.65_75.95;26.70_76.00;26.55_75.95;26.45_76.10;26.50_76.15;26.65_76.00;26.70_76.15;26.45_75.95;26.70_76.05;26.60_75.95,19,26.7314544,75.9811084,48.64990108557326,MODERATE,20.3,97,4.05,19.43,30
26.25_74.70,26.25_74.70;26.40_74.60;26.45_74.65;26.45_74.75;26.40_74.80;26.40_74.65;26.30_74.70;26.30_74.75;26.45_74.60;26.40_74.75;26.35_74.70;26.40_74.70;26.30_74.60;26.25_74.75;26.20_74.75;26.45_74.70;26.25_74.60;26.20_74.80;26.35_74.85;26.35_74.65;26.30_74.80;26.35_74.60;26.35_74.80;26.20_74.65;26.20_74.85,25,26.278829166666668,74.72643,48.53073425572896,MODERATE,16.9,77,4.29,87.32,30
27.60_75.10,27.60_75.10;27.60_75.00;27.65_75.00;27.80_74.85;27.65_75.10;27.70_75.05;27.60_74.95;27.65_75.05;27.75_75.00;27.65_74.90;27.75_74.95;27.80_75.00,12,27.614875,75.11204857142857,48.52775803113804,MODERATE,4.7,26,2.47,5.8,30
27.30_75.85,27.30_75.85;27.35_75.90;27.50_75.85;27.30_75.80;27.50_75.90;27.30_75.90;27.40_75.90;27.55_75.80;27.50_75.80;27.40_75.80;27.35_75.85;27.45_75.90;27.45_75.85;27.45_75.70;27.35_75.80;27.30_75.65;27.35_75.75;27.50_75.70;27.30_75.75,19,27.3363745,75.86433650000001,48.16296065454957,MODERATE,25.0,141,4.64,52.04,30
27.20_77.50,27.20_77.50;27.15_77.45;27.05_77.55;27.05_77.35;27.15_77.40;27.25_77.40;27.05_77.30;27.00_77.50;27.20_77.45;27.00_77.30;27.20_77.40;27.10_77.40;27.20_77.30;27.15_77.50;27.25_77.50;27.25_77.30;27.10_77.45;27.05_77.45;27.20_77.35;27.10_77.30;27.10_77.35;27.25_77.35;27.00_77.45;27.25_77.45;27.15_77.35,25,27.226462666666663,77.52562200000001,48.09290800676077,MODERATE,14.0,71,4.55,19.64,30
25.35_80.15,25.35_80.15;25.35_80.05;25.20_80.20;25.25_80.00;25.30_80.00;25.35_80.10;25.30_80.05;25.30_80.10;25.20_80.15;25.35_80.00;25.15_80.10;25.25_80.05;25.40_80.00;25.35_80.20;25.15_80.05;25.25_80.20;25.10_80.10;25.15_80.00;25.20_80.00;25.30_80.20;25.15_80.20;25.30_80.25;25.20_80.25,23,25.383314375,80.17425125,47.952365923144015,MODERATE,17.4,105,5.54,48.03,30
31.45_78.15,31.45_78.15;31.45_78.10;31.35_78.20;31.40_78.25;31.40_78.30;31.35_78.10;31.40_78.15;31.45_78.20;31.40_78.35;31.35_78.30;31.45_78.25;31.40_78.10,12,31.481069,78.17512,47.76656806201996,MODERATE,21.8,86,11.18,60.4,30
29.15_75.35,29.15_75.35;29.10_75.30;29.10_75.35;28.90_75.15;28.95_75.20;29.15_75.15;29.15_75.20;29.05_75.30;29.10_75.20;29.00_75.30;29.00_75.15;29.15_75.30;28.95_75.25;29.05_75.20;29.05_75.10;29.00_75.25;28.95_75.15,17,29.17603181818182,75.37893818181819,47.54487057301572,MODERATE,19.9,52,4.79,49.79,30
26.50_76.75,26.50_76.75;26.60_76.95;26.50_76.85;26.60_76.80;26.55_76.90;26.60_76.90;26.55_76.75;26.55_76.95;26.65_76.75;26.60_76.85;26.50_76.90;26.50_76.95;26.75_76.75;26.70_76.90;26.55_76.85;26.60_76.75;26.65_76.95;26.65_76.85;26.50_76.80;26.65_76.80;26.70_76.75;26.75_76.85,22,26.526235714285715,76.77125857142858,47.39211203176751,MODERATE,13.1,79,6.35,86.66,30
28.60_76.15,28.60_76.15;28.55_76.15;28.55_76.10;28.50_76.05;28.45_76.00;28.55_76.00;28.45_76.05;28.50_76.15;28.50_76.20;28.60_76.10;28.40_75.95;28.40_76.10;28.40_76.15;28.40_76.05;28.50_76.00;28.50_75.95;28.60_76.05;28.60_76.00;28.50_76.10;28.45_76.15;28.55_76.05,21,28.616659285714288,76.19107999999999,47.32549885942652,MODERATE,18.6,68,4.73,12.6,30
25.65_75.05,25.65_75.05;25.75_74.85;25.85_74.90;25.90_75.00;25.80_75.00;25.80_74.95;25.85_74.95;25.65_75.10;25.85_75.10;25.80_75.05;25.70_74.95;25.70_75.00;25.90_74.85;25.90_74.95;25.75_75.05;25.85_75.05;25.80_75.10;25.70_74.85;25.75_74.95;25.90_75.10;25.90_74.90;25.70_75.05;25.85_75.00;25.75_74.90,24,25.68665625,75.0758675,47.23673070657323,MODERATE,22.5,79,5.22,24.3,30
28.05_76.75,28.05_76.75;28.00_76.85;28.05_76.80;27.85_76.85;27.95_76.90;28.05_77.00;28.05_76.90;27.85_76.80;28.05_76.95;27.95_76.80;28.00_76.75;28.00_76.90;27.95_76.85;28.05_76.85;27.85_76.95;28.00_76.95;27.90_76.85;27.90_76.90;27.90_76.75;28.00_76.80;27.85_76.90;27.95_76.75;27.80_76.95;27.90_76.95;27.95_76.95,25,28.077675,76.77321400000001,47.07105038801357,MODERATE,17.6,88,4.43,25.48,30
30.05_82.00,30.05_82.00;30.00_81.95;30.00_81.90;30.10_81.95;30.15_82.05;30.10_81.90;30.00_82.10;30.10_82.00;30.15_81.95;30.05_81.95;30.05_82.05;30.10_82.05,12,30.071193333333333,82.02883333333334,47.03225498539202,MODERATE,16.7,50,10.8,120.56,30
26.55_76.70,26.55_76.70;26.50_76.70;26.55_76.50;26.60_76.50;26.60_76.55;26.55_76.65;26.60_76.65;26.55_76.60;26.70_76.70;26.65_76.60;26.60_76.60;26.70_76.60;26.60_76.45;26.75_76.45;26.50_76.55;26.50_76.60;26.50_76.65;26.60_76.70;26.65_76.70;26.70_76.50,20,26.57601363636364,76.72048727272728,46.93423740863691,MODERATE,19.8,81,5.8,23.75,30
27.45_78.35,27.45_78.35;27.50_78.35;27.35_78.35;27.50_78.30;27.50_78.15;27.40_78.35;27.50_78.20;27.35_78.25;27.50_78.25;27.40_78.25;27.50_78.10;27.35_78.15;27.30_78.15;27.45_78.30;27.45_78.25;27.45_78.10;27.40_78.20;27.40_78.30;27.35_78.20,19,27.468166363636364,78.37510545454546,46.82785045482526,MODERATE,20.9,74,2.92,16.41,30
27.10_74.85,27.10_74.85;27.05_74.90;27.05_74.85;27.20_74.95;27.10_74.95;27.15_75.00;27.20_75.05;27.05_74.95,8,27.124953636363635,74.86707909090909,46.78790139798448,MODERATE,13.2,24,5.06,21.43,30
26.15_75.20,26.15_75.20;26.15_75.25;25.95_75.20;25.95_75.15;26.05_75.25;26.20_75.20;26.05_75.20;26.10_75.20;26.00_75.25;26.00_75.20;26.20_75.30;26.15_75.15;26.00_75.15;26.10_75.15;25.95_75.35;26.15_75.35;26.05_75.35;26.20_75.15;26.15_75.30;26.05_75.15;26.05_75.10;26.00_75.30;25.95_75.10;26.10_75.30;26.05_75.30;25.90_75.35;25.95_75.25;25.95_75.30;26.10_75.10,29,26.165804,75.218523,46.25689752415226,MODERATE,18.1,88,8.0,32.01,30
26.90_77.30,26.90_77.30;26.90_77.35;26.95_77.30;26.95_77.35;26.85_77.35;26.75_77.40;26.95_77.25;26.95_77.45;26.85_77.40;26.90_77.45;26.95_77.50;27.00_77.40;27.00_77.35;26.85_77.50;26.80_77.55,15,26.927245714285714,77.31336142857143,45.31186807444577,MODERATE,10.4,34,3.62,14.68,30
25.95_75.50,25.95_75.50;26.10_75.50;26.15_75.40;26.10_75.40;26.10_75.60;26.15_75.60;25.95_75.55;26.05_75.45;26.05_75.60;25.95_75.45;26.00_75.45;26.10_75.45;25.95_75.40;26.15_75.50;25.95_75.60;26.15_75.55;26.05_75.40;26.20_75.65;26.00_75.55;26.05_75.50;26.00_75.60;26.10_75.55;26.05_75.55;26.00_75.40,24,25.97995875,75.51740125,44.92836890499645,MODERATE,12.1,50,4.69,18.17,30
26.05_75.00,26.05_75.00;26.05_74.85;26.00_75.05;25.95_75.05;26.10_74.85;26.15_75.00;26.15_74.85;26.05_74.90;26.15_75.10;26.20_75.00;26.10_74.90;25.95_74.90;25.95_74.95;26.05_74.95;25.95_75.00;26.20_75.10;26.10_74.95;26.20_75.05;26.05_75.05;25.95_74.85;26.10_75.00;26.15_74.90;26.00_74.95,23,26.07343,75.01807833333334,44.82863643321847,MODERATE,19.7,62,5.41,22.32,30
24.35_76.00,24.35_76.00;24.30_75.95;24.50_76.15;24.30_76.15;24.35_76.15;24.45_75.95;24.35_75.95;24.40_76.00;24.45_76.10;24.40_76.10;24.40_75.95;24.55_76.05;24.35_76.10;24.55_76.00;24.55_76.15;24.30_76.00;24.55_76.10;24.50_76.05;24.35_76.20;24.50_76.00;24.40_76.15;24.35_76.05;24.45_76.15;24.45_76.00;24.50_75.95,25,24.36113142857143,76.01818142857142,44.81142337754844,MODERATE,25.2,89,8.8,44.58,30
27.75_77.00,27.75_77.00;27.75_76.90;27.65_76.80;27.70_77.00;27.75_76.85;27.80_76.80;27.80_76.85;27.60_77.00;27.55_76.75;27.80_76.90;27.55_76.95;27.65_76.95;27.55_77.00;27.70_76.90;27.70_76.80;27.80_77.00;27.70_76.85;27.60_76.95;27.60_76.75,19,27.78447625,77.02457,44.695099488254215,MODERATE,14.0,82,4.85,40.55,30
28.15_76.30,28.15_76.30;28.30_76.40;28.25_76.35;28.10_76.40;28.15_76.35;28.25_76.40;28.35_76.35;28.35_76.20;28.15_76.40;28.20_76.40;28.10_76.30;28.30_76.35;28.35_76.40;28.20_76.25;28.35_76.45;28.30_76.20;28.25_76.20;28.10_76.35;28.20_76.30;28.25_76.25;28.30_76.45;28.15_76.45;28.20_76.45;28.10_76.25;28.30_76.25;28.10_76.45;28.30_76.30;28.20_76.35;28.25_76.30,29,28.178466666666665,76.32504333333334,44.55690859658201,MODERATE,20.0,101,4.09,18.57,30
25.85_77.45,25.85_77.45;25.85_77.40;25.90_77.50;25.80_77.30;25.75_77.45;25.80_77.40;25.70_77.30;25.70_77.35;25.80_77.50;25.70_77.55;25.90_77.40;25.90_77.35;25.80_77.45;25.85_77.30;25.90_77.30;25.75_77.30;25.70_77.50;25.80_77.35;25.85_77.35;25.75_77.35;25.85_77.50;25.75_77.50,22,25.870541428571432,77.47280571428571,44.526460610918015,MODERATE,21.7,118,7.08,28.81,30
25.65_75.30,25.65_75.30;25.55_75.15;25.60_75.35;25.40_75.15;25.40_75.20;25.65_75.15;25.45_75.20;25.50_75.25;25.65_75.35;25.55_75.25;25.45_75.30;25.45_75.35;25.50_75.15;25.60_75.20;25.40_75.25;25.50_75.20;25.60_75.30;25.50_75.30;25.65_75.25;25.60_75.15;25.60_75.25;25.55_75.20;25.45_75.25;25.45_75.15;25.50_75.35,25,25.6636075,75.3246425,44.24969308499532,MODERATE,24.9,85,6.18,70.44,30
27.55_76.60,27.55_76.60;27.70_76.55;27.65_76.55;27.80_76.55;27.70_76.65;27.70_76.60;27.75_76.55;27.80_76.70;27.75_76.50;27.75_76.65;27.60_76.50;27.70_76.45;27.70_76.50;27.60_76.70;27.60_76.60,15,27.578482800000003,76.6174188,43.92878583207453,MODERATE,14.0,79,5.46,38.72,30
26.20_75.45,26.20_75.45;26.25_75.50;26.40_75.50;26.35_75.55;26.40_75.65;26.20_75.40;26.25_75.45;26.20_75.55;26.40_75.45;26.25_75.40;26.35_75.50;26.45_75.50;26.30_75.40;26.25_75.55;26.25_75.60;26.40_75.40;26.45_75.45;26.35_75.45;26.30_75.60;26.35_75.65;26.30_75.50,21,26.2380625,75.459445,43.57471404893329,MODERATE,12.3,47,5.02,33.45,30
28.40_82.45,28.40_82.45;28.60_82.65;28.60_82.55;28.60_82.50;28.60_82.60;28.60_82.45;28.40_82.50;28.55_82.65;28.50_82.65;28.55_82.40;28.45_82.50;28.45_82.45;28.35_82.60;28.45_82.60;28.55_82.60,15,28.427597407407408,82.46447222222223,43.45447293839618,MODERATE,23.4,240,4.67,65.17,30
25.90_74.50,25.90_74.50;25.75_74.55;25.75_74.50;25.70_74.55;25.85_74.55;25.85_74.50;25.90_74.55;25.80_74.50,8,25.926205,74.5314225,43.44817887957248,MODERATE,9.4,13,3.93,9.06,30
30.60_79.20,30.60_79.20;30.55_79.40;30.75_79.40;30.55_79.25,4,30.6178209375,79.214250625,43.19358642221868,MODERATE,28.9,59,7.01,27.39,30
27.05_77.20,27.05_77.20;27.10_77.05;27.10_77.10;27.20_77.00;27.20_77.25;27.25_77.20;27.20_77.20;27.05_77.05;27.15_77.20;27.15_77.25;27.25_77.05;27.20_77.15;27.05_77.10;27.10_77.15;27.00_77.20;27.20_77.10;27.15_77.15;27.10_77.20;27.25_77.10;27.05_77.25;27.15_77.05,21,27.0672825,77.21566,43.15672734008107,MODERATE,14.6,64,4.17,20.97,30
25.70_75.35,25.70_75.35;25.85_75.20;25.90_75.15;25.90_75.20;25.80_75.15;25.70_75.20;25.90_75.25;25.85_75.15;25.75_75.35;25.70_75.25;25.75_75.25;25.80_75.35;25.70_75.15;25.65_75.20;25.85_75.30;25.75_75.30;25.80_75.25;25.75_75.20;25.80_75.30,19,25.7291425,75.37813249999999,42.940639041448144,MODERATE,20.0,52,5.0,18.51,30
26.25_76.50,26.25_76.50;26.20_76.45;26.25_76.60;26.25_76.70;26.25_76.65;26.30_76.60;26.20_76.60;26.35_76.55;26.20_76.55;26.35_76.65;26.25_76.45;26.45_76.60;26.35_76.50;26.40_76.55;26.40_76.50;26.30_76.55;26.25_76.55;26.20_76.65;26.30_76.65,19,26.27921,76.51812,42.91692726821724,MODERATE,14.2,55,5.17,22.13,30
26.85_76.30,26.85_76.30;26.85_76.35;26.85_76.25;26.90_76.40;26.80_76.40;26.90_76.45;26.95_76.40;26.75_76.25;26.85_76.40;26.80_76.25;26.90_76.25;26.80_76.35;26.90_76.30,13,26.88172,76.32102571428571,42.64685779789552,MODERATE,15.9,37,4.08,16.29,30
30.05_81.35,30.05_81.35;30.10_81.45;30.10_81.40;30.05_81.55;30.15_81.50;30.10_81.55;30.10_81.35;30.15_81.45;30.10_81.50;30.00_81.50;30.05_81.60;30.05_81.45;30.20_81.55;30.05_81.50,14,30.08618857142857,81.37291047619048,42.431634457254496,MODERATE,20.3,96,14.01,144.36,30
30.00_81.85,30.00_81.85;30.00_81.65;30.00_81.75;30.10_81.65;30.00_81.70;30.05_81.70;30.00_81.60;30.10_81.70;30.05_81.75;30.00_81.80;30.20_81.65;30.05_81.65,12,30.004595909090902,81.8782031818182,42.3728294098957,MODERATE,15.5,141,10.61,75.85,30
27.20_76.00,27.20_76.00;27.25_75.95;27.20_75.95;27.05_76.00;27.15_76.00;27.20_76.10;27.15_75.95;27.25_75.90;27.05_76.05;27.20_76.05;27.25_76.05;27.10_75.95;27.25_76.10;27.25_76.00;27.10_76.00;27.20_75.90;27.05_76.10;27.15_76.05;27.15_76.10,19,27.224336666666662,76.02453666666666,41.08972704988509,MODERATE,21.9,118,5.35,30.49,30
27.60_75.50,27.60_75.50;27.75_75.60;27.60_75.40;27.65_75.50;27.70_75.65;27.70_75.40;27.65_75.45;27.60_75.60;27.60_75.65;27.80_75.55;27.80_75.45;27.55_75.60;27.65_75.65;27.55_75.55;27.55_75.45;27.70_75.60;27.65_75.40;27.80_75.40;27.55_75.40;27.65_75.55;27.70_75.45;27.75_75.55;27.80_75.50;27.75_75.45;27.75_75.50;27.70_75.55,26,27.629075625,75.51840875,41.01724808963828,MODERATE,17.2,96,4.34,18.0,30
30.50_79.70,30.50_79.70,1,30.51270294117647,79.73424352941177,40.5152184061172,MODERATE,40.5,17,2.6,5.0,30
27.50_76.20,27.50_76.20;27.30_76.20;27.55_76.35;27.40_76.20;27.50_76.25;27.45_76.20;27.35_76.20;27.50_76.35;27.55_76.45;27.35_76.30;27.45_76.25;27.45_76.30;27.30_76.45;27.50_76.40,14,27.508149375,76.2402875,40.3329600049309,MODERATE,18.2,57,5.04,20.58,30
27.50_76.75,27.50_76.75;27.40_76.80;27.35_76.80;27.40_76.95;27.50_76.85;27.45_76.95;27.30_76.80,7,27.522011666666668,76.75698416666667,40.17823724090538,MODERATE,5.7,18,3.31,16.41,30
26.25_77.25,26.25_77.25;26.20_77.25;26.30_77.15;26.20_77.15;26.20_77.20;26.20_77.10;26.40_77.25;26.40_77.15;26.45_77.20;26.40_77.20;26.45_77.25;26.30_77.05;26.40_77.05;26.35_77.25;26.35_77.20;26.35_77.15;26.35_77.10;26.45_77.00,18,26.25683153846154,77.28066769230769,39.735876785159405,MODERATE,21.2,117,7.14,73.33,30
27.80_77.85,27.80_77.85;27.65_77.95;27.65_77.85;27.80_78.05;27.70_77.85;27.55_77.80;27.75_77.90;27.80_77.95;27.80_77.90;27.75_77.85;27.75_77.95;27.75_78.05;27.70_78.05;27.65_78.05;27.60_77.80;27.65_78.00;27.60_78.00;27.55_78.05;27.55_77.90;27.60_77.90;27.75_78.00;27.60_78.05;27.65_77.90;27.55_77.85;27.70_77.95;27.60_77.85;27.80_78.00;27.70_77.90,28,27.829407,77.868871,39.67307635461167,MODERATE,17.4,81,3.34,19.74,30
26.55_76.45,26.55_76.45;26.70_76.35;26.60_76.30;26.65_76.25;26.45_76.30;26.70_76.20;26.60_76.25;26.55_76.35;26.50_76.45;26.65_76.35;26.70_76.40;26.50_76.40;26.70_76.45;26.60_76.40,14,26.566898,76.470724,39.58881530910616,MODERATE,14.5,41,5.28,21.6,30
26.35_76.35,26.35_76.35;26.20_76.35;26.30_76.45;26.20_76.40;26.40_76.35;26.30_76.20;26.35_76.40;26.20_76.30;26.25_76.35;26.40_76.25;26.45_76.25;26.35_76.45;26.40_76.30;26.40_76.45;26.35_76.25;26.45_76.20;26.40_76.40;26.45_76.35;26.45_76.45,19,26.37337857142857,76.38017285714285,39.15048650421842,MODERATE,16.4,53,10.83,403.03,30
27.45_77.80,27.45_77.80;27.45_77.85;27.50_77.85;27.45_77.90;27.55_78.00;27.30_78.00;27.40_77.90;27.40_77.85;27.40_77.95,9,27.48271909090909,77.83954454545454,38.894434799378274,MODERATE,13.5,31,1.81,8.38,30
27.10_75.25,27.10_75.25;27.10_75.30;27.15_75.35;27.10_75.20;27.25_75.15;27.10_75.15;27.00_75.25;27.15_75.25;27.05_75.30;27.05_75.20,10,27.129628000000004,75.284774,38.37058021426034,MODERATE,10.2,24,6.16,28.75,30
26.00_75.70,26.00_75.70;26.15_75.75;25.95_75.90;26.15_75.80;26.00_75.75;26.10_75.75;26.00_75.85;26.05_75.70;26.20_75.90;26.15_75.90;26.05_75.85;26.15_75.85;26.05_75.75;25.95_75.80;26.05_75.80;26.05_75.65,16,26.02792,75.7254242857143,38.09631999776924,MODERATE,18.9,47,6.72,43.4,30
26.95_75.95,26.95_75.95;26.85_75.95;26.80_76.10;26.80_75.95;26.80_76.15;26.90_76.20;26.85_76.10;27.00_76.10;26.90_76.00;26.85_76.05,10,26.97037571428572,75.95848428571428,37.88689489697147,MODERATE,8.0,26,3.69,24.08,30
26.40_75.30,26.40_75.30;26.35_75.35;26.25_75.30;26.30_75.25;26.25_75.20;26.25_75.35;26.30_75.10;26.40_75.25;26.35_75.15;26.20_75.25;26.25_75.25;26.40_75.15;26.40_75.35;26.30_75.30;26.45_75.25;26.35_75.25;26.30_75.35;26.30_75.20;26.25_75.15;26.40_75.20;26.45_75.10;26.35_75.20;26.35_75.30,23,26.41691142857143,75.31779714285715,37.8818218528302,MODERATE,12.8,60,4.72,25.04,30
26.50_74.80,26.50_74.80;26.60_74.80;26.55_74.80;26.50_74.70;26.55_74.65;26.50_74.65;26.65_74.70;26.55_74.60;26.55_74.75;26.65_74.75;26.70_74.70;26.50_74.60;26.65_74.65;26.60_74.65;26.50_74.75;26.70_74.60;26.60_74.60;26.70_74.80,18,26.531661666666665,74.81734333333334,37.835347248058895,MODERATE,16.1,47,2.97,13.55,30
28.60_75.90,28.60_75.90;28.45_75.70;28.40_75.75;28.55_75.65;28.45_75.90;28.40_75.85;28.50_75.90;28.55_75.70;28.50_75.85;28.55_75.90;28.55_75.80;28.40_75.90;28.45_75.75;28.60_75.75;28.50_75.75;28.35_75.70;28.45_75.85;28.50_75.70;28.45_75.80,19,28.62229333333333,75.92161333333333,37.72820188413361,MODERATE,5.8,34,3.04,7.88,30
26.55_77.85,26.55_77.85;26.50_78.05;26.65_78.00;26.50_77.85;26.65_77.95;26.50_78.00;26.70_78.05;26.65_77.90;26.70_78.00;26.60_77.95;26.60_77.90;26.60_78.05;26.60_78.00;26.70_77.85;26.55_77.95;26.50_77.90;26.70_77.80;26.55_78.00;26.65_77.85;26.55_77.90,20,26.57285,77.86951666666667,37.63030952708979,MODERATE,14.6,59,4.08,24.56,30
26.05_74.60,26.05_74.60;26.15_74.80;25.95_74.65;26.10_74.80;25.95_74.75;26.10_74.65;26.20_74.70;26.20_74.60;26.15_74.75;26.05_74.80;26.00_74.75;26.00_74.80;26.00_74.85;26.15_74.70;26.10_74.60;26.05_74.55;26.10_74.75;26.05_74.70;25.95_74.80;26.00_74.65;26.10_74.70;25.95_74.60;26.00_74.70,23,26.057648333333333,74.61587,37.13426324691567,MODERATE,14.3,47,4.48,20.48,30
26.90_77.85,26.90_77.85;26.95_77.85;26.75_78.05;26.80_77.85;26.95_78.05;27.00_78.05;26.95_77.90;26.90_77.95;26.85_78.05;26.80_78.05,10,26.932426,77.876762,37.12407109106728,MODERATE,9.0,22,3.38,14.06,30
26.05_76.15,26.05_76.15;26.00_76.15;26.10_76.15;26.10_76.20;26.15_76.05;26.15_76.10;26.05_76.10;26.00_76.00;26.05_75.95;25.95_76.10;26.20_76.00;26.10_76.00;25.95_76.15;26.00_76.10;26.10_76.10;26.05_76.00;26.05_76.05,17,26.05841,76.16263666666667,37.01982834952954,MODERATE,10.4,41,4.62,11.46,30
28.10_75.55,28.10_75.55;28.15_75.50;28.10_75.50;28.20_75.45;28.20_75.50;28.15_75.40;28.15_75.65;28.10_75.40;28.30_75.60;28.10_75.65;28.30_75.50;28.30_75.45;28.30_75.65;28.25_75.40;28.25_75.60;28.10_75.45;28.25_75.45;28.25_75.50;28.20_75.60;28.20_75.55;28.15_75.60,21,28.12497666666667,75.553505,36.988864223670255,MODERATE,19.3,78,4.55,17.5,30
26.45_74.55,26.45_74.55;26.50_74.50;26.55_74.50;26.60_74.50;26.65_74.55;26.50_74.55;26.55_74.55,7,26.49349,74.57615,36.82862621340601,MODERATE,15.1,20,4.21,15.98,30
29.05_83.80,29.05_83.80;29.00_83.80,2,29.065828,83.83884,36.77646158227575,MODERATE,19.9,9,35.58,71.78,30
25.85_75.70,25.85_75.70;25.90_75.80;25.90_75.75;25.80_75.75;25.90_75.70;25.70_75.70;25.70_75.85;25.65_75.70;25.75_75.80;25.85_75.75;25.70_75.80;25.80_75.80;25.90_75.65;25.75_75.90;25.75_75.85;25.80_75.90;25.70_75.75;25.75_75.70;25.70_75.65;25.85_75.80;25.85_75.85,21,25.8736,75.711626,36.76243759976484,MODERATE,14.2,55,5.56,18.78,30
29.05_74.50,29.05_74.50;29.15_74.55;29.15_74.50;28.90_74.50;28.95_74.55;29.05_74.55;29.10_74.55;29.00_74.50;28.90_74.55;28.95_74.50,10,29.085665,74.525455,36.6259168839555,MODERATE,11.5,19,3.39,13.95,30
26.70_75.20,26.70_75.20;26.55_75.20;26.55_75.25;26.60_75.20;26.65_75.15;26.70_75.30;26.65_75.20;26.60_75.25;26.65_75.35;26.50_75.30;26.70_75.25;26.50_75.25;26.50_75.20;26.70_75.15;26.60_75.15;26.55_75.15;26.50_75.15;26.60_75.35,18,26.7142675,75.2127975,36.57447666561664,MODERATE,16.5,50,5.35,29.05,30
28.30_75.35,28.30_75.35;28.15_75.35;28.10_75.35;28.20_75.30;28.30_75.15;28.30_75.30;28.30_75.10;28.10_75.25;28.35_75.20;28.25_75.25,10,28.305588,75.37122,36.49846327365262,MODERATE,15.8,24,4.68,14.36,30
26.60_75.60,26.60_75.60;26.55_75.40;26.70_75.45;26.50_75.40;26.60_75.40;26.65_75.40;26.55_75.55;26.50_75.45;26.70_75.65;26.50_75.60;26.65_75.65;26.55_75.50;26.65_75.55;26.60_75.50;26.70_75.40;26.55_75.60;26.50_75.50;26.75_75.45;26.65_75.60;26.65_75.45;26.50_75.55;26.70_75.55,22,26.62933,75.6146025,36.42971997967446,MODERATE,14.5,57,4.6,21.34,30
27.50_75.65,27.50_75.65;27.30_75.45;27.45_75.55;27.40_75.55;27.35_75.45;27.45_75.60;27.35_75.65;27.50_75.55;27.35_75.40;27.35_75.55;27.30_75.60;27.30_75.55;27.35_75.50;27.55_75.50;27.30_75.50;27.40_75.60,16,27.5295625,75.6701625,36.26657578996185,MODERATE,16.3,40,2.35,11.87,30
27.30_77.25,27.30_77.25;27.40_77.10;27.50_77.00;27.40_77.05;27.50_77.25;27.40_77.00;27.45_77.00;27.50_77.10;27.30_77.10;27.45_77.05,10,27.3271225,77.28249,36.09492645046588,MODERATE,9.0,21,7.16,38.49,30
26.40_75.75,26.40_75.75;26.20_75.85;26.35_75.90;26.45_75.90;26.20_75.70;26.45_75.75;26.30_75.90;26.30_75.70;26.35_75.75;26.30_75.65;26.40_75.80;26.45_75.70;26.40_75.90,13,26.402955,75.77847,36.08943148354599,MODERATE,15.5,31,6.71,25.18,30
30.30_80.05,30.30_80.05;30.25_80.20;30.45_80.15;30.25_80.15;30.30_80.10;30.30_80.15;30.35_80.10,7,30.34235,80.0776075,35.88968805369404,MODERATE,19.1,49,10.89,87.24,30
28.35_75.55,28.35_75.55;28.45_75.50;28.55_75.50;28.60_75.40;28.45_75.45;28.40_75.40;28.35_75.60;28.50_75.60;28.45_75.55;28.35_75.50;28.55_75.60,11,28.380945,75.57342,35.83389188423799,MODERATE,21.9,31,3.37,14.58,30
27.80_75.25,27.80_75.25;27.55_75.15;27.65_75.20;27.65_75.25;27.75_75.30;27.60_75.15;27.65_75.15;27.70_75.20;27.80_75.15;27.70_75.15;27.70_75.25;27.55_75.20;27.75_75.35;27.65_75.35;27.60_75.35;27.70_75.10,16,27.826633333333334,75.27318000000001,35.737339803760364,MODERATE,8.6,24,3.1,5.88,30
26.30_76.80,26.30_76.80;26.35_76.80;26.35_76.75;26.40_76.80;26.25_76.95;26.25_77.00;26.40_76.95;26.30_76.95;26.45_76.85;26.30_77.00;26.25_76.85;26.30_76.90;26.25_76.75;26.35_76.85;26.40_76.90;26.40_76.85;26.30_76.85;26.40_76.75,18,26.32197333333333,76.83452,35.432452877344666,MODERATE,9.1,34,4.45,17.93,30
26.80_74.85,26.80_74.85;26.90_74.95;27.00_75.00;27.00_74.90;26.90_74.85;26.75_75.05;26.85_74.95;26.75_75.00;26.85_74.90;26.75_74.85;26.75_74.95;26.90_75.10;26.75_75.10;27.00_75.05;26.95_74.95;26.90_75.00;26.80_75.10;26.90_74.90;26.80_74.95;26.75_74.90;27.00_74.85;26.95_74.85;26.85_74.85;26.85_75.10,24,26.81641666666667,74.87651000000001,35.3055426004156,MODERATE,17.2,81,6.3,92.87,30
31.10_78.70,31.10_78.70;31.10_78.75;31.10_78.80;31.20_78.65,4,31.113427142857145,78.73827714285714,35.10033868215213,MODERATE,15.7,25,13.07,138.07,30
29.65_82.70,29.65_82.70;29.60_82.70;29.65_82.75;29.55_82.90,4,29.674807647058824,82.7218805882353,34.64965067724105,MODERATE,19.9,26,11.34,90.54,30
25.70_76.10,25.70_76.10;25.70_76.05;25.80_76.10;25.85_76.05;25.90_76.00;25.90_75.95;25.70_76.00;25.70_75.90;25.80_76.15;25.65_76.05;25.85_76.10;25.75_76.05;25.75_76.15;25.70_75.95;25.85_76.00;25.80_76.00,16,25.70924333333333,76.1131261904762,34.18710801936069,MODERATE,17.8,74,7.32,99.29,30
28.70_83.95,28.70_83.95;28.85_84.00;28.80_83.85,3,28.72962076923077,83.96616153846153,32.90599629070902,MODERATE,11.7,17,16.76,40.99,30
28.65_83.40,28.65_83.40;28.65_83.35;28.65_83.25;28.85_83.35;28.65_83.30;28.85_83.40;28.80_83.30,7,28.67156272727273,83.41682818181818,32.043730507175106,MODERATE,10.7,21,9.29,46.49,30
27.05_76.45,27.05_76.45;27.10_76.20;27.25_76.45;27.05_76.40;27.25_76.20;27.10_76.25;27.25_76.30;27.15_76.40;27.05_76.30;27.10_76.35;27.15_76.45;27.05_76.20;27.00_76.45;27.00_76.30;27.05_76.25,15,27.073844444444447,76.4536711111111,31.018794269419114,MODERATE,13.8,59,4.36,13.54,30
29.90_82.45,29.90_82.45;29.90_82.40;29.80_82.50;29.85_82.50,4,29.933171111111115,82.45912222222222,30.962755664396443,MODERATE,16.4,21,31.82,96.23,30
27.50_75.15,27.50_75.15;27.50_75.35;27.40_75.30;27.35_75.35;27.50_75.20;27.40_75.25;27.30_75.30;27.30_75.35;27.35_75.30;27.30_75.25;27.40_75.35;27.45_75.20;27.45_75.35,13,27.5096725,75.17462375,30.874837679202653,MODERATE,9.0,37,4.08,24.56,30
28.95_74.70,28.95_74.70;28.95_74.65;29.15_74.75;29.00_74.70,4,28.97040285714285,74.70609,30.78697347885756,MODERATE,20.3,15,5.04,13.98,30
28.00_74.95,28.00_74.95;27.85_75.05;28.00_74.90;28.00_74.85;28.00_75.10;27.85_75.00;27.85_74.95;27.95_75.00,8,28.012818,74.972676,30.60568284374451,MODERATE,7.6,15,3.93,11.83,30
31.35_78.35,31.35_78.35;31.45_78.50;31.35_78.40,3,31.3552228125,78.3902471875,30.17237391898296,MODERATE,10.1,34,9.72,209.48,30
28.70_84.20,28.70_84.20;28.75_84.15;28.65_84.05;28.70_84.15,4,28.733494,84.20352399999999,30.032549554465355,MODERATE,18.9,15,9.3,34.48,30
28.60_75.25,28.60_75.25;28.40_75.30;28.55_75.30;28.50_75.35;28.40_75.20;28.40_75.10;28.40_75.35;28.50_75.25;28.40_75.25;28.55_75.25;28.45_75.35;28.45_75.30;28.60_75.20;28.50_75.30;28.40_75.15,15,28.6223875,75.26491,29.980180834931176,MODERATE,6.5,25,2.6,6.56,30
29.05_74.95,29.05_74.95;28.95_75.10;29.00_75.05;29.15_75.10;29.15_74.95;29.10_74.85;29.05_74.90;29.15_74.90;29.00_75.10;28.95_74.90;29.00_74.90,11,29.07148,74.95517600000001,29.746896317328183,MODERATE,10.7,22,2.85,12.14,30
26.35_74.95,26.35_74.95;26.25_75.10;26.30_74.90;26.45_75.05;26.25_74.90;26.35_74.90;26.35_75.00;26.40_75.00;26.25_74.85;26.45_74.95;26.40_75.05;26.40_74.95;26.20_74.95;26.40_74.85;26.40_75.10,15,26.378266000000004,74.994204,29.7234894483068,MODERATE,10.2,28,3.53,8.3,30
26.45_75.80,26.45_75.80;26.55_75.65;26.60_75.65;26.55_75.70;26.70_75.85;26.55_75.75;26.55_75.80;26.65_75.70;26.60_75.70;26.50_75.80;26.65_75.90;26.45_75.85;26.70_75.90;26.65_75.75;26.60_75.90;26.70_75.80,16,26.4939925,75.8259625,29.419797506771054,MODERATE,9.1,27,3.93,19.09,30
27.35_74.70,27.35_74.70;27.25_74.70;27.40_74.60;27.45_74.85;27.30_74.80;27.30_74.75;27.35_74.80;27.55_74.60;27.30_74.65;27.30_74.70,10,27.37275,74.73206,29.188250576891782,MODERATE,9.9,18,1.82,5.51,30
28.95_84.05,28.95_84.05,1,28.977375,84.076585,29.07583353236864,MODERATE,29.1,4,6.35,10.21,30
30.05_83.40,30.05_83.40,1,30.08635,83.41496000000001,29.014648881500683,MODERATE,29.0,4,8.76,13.26,30
26.20_74.55,26.20_74.55;26.30_74.50;26.45_74.50;26.40_74.55;26.35_74.55;26.25_74.50;26.30_74.55,7,26.219375,74.571005,28.910447149652946,MODERATE,18.8,19,3.78,9.19,30
26.30_76.15,26.30_76.15;26.40_76.10;26.35_76.15;26.35_76.00;26.25_75.95;26.25_76.05;26.30_75.95;26.30_76.05;26.25_76.00;26.20_76.05;26.40_76.15;26.35_76.10;26.35_76.20;26.30_76.10;26.25_76.15;26.35_76.05;26.35_75.95,17,26.316783333333333,76.17172666666667,28.82012803352241,MODERATE,11.3,30,3.28,18.56,30
25.95_74.50,25.95_74.50;26.00_74.55;26.00_74.50;26.10_74.55,4,25.95273,74.54451,28.717040676624816,MODERATE,26.0,9,2.54,13.6,30
28.20_74.50,28.20_74.50;28.35_74.50,2,28.21202,74.50486666666666,28.57005912106603,MODERATE,24.6,5,2.57,4.72,30
26.80_74.80,26.80_74.80;26.85_74.65;26.75_74.80;26.80_74.65;27.00_74.70;26.85_74.75;26.85_74.70;27.00_74.65;26.90_74.75;26.85_74.60;26.90_74.80;26.75_74.75;26.75_74.65;26.90_74.70;27.00_74.60,15,26.81731333333333,74.81912666666666,28.56991136925196,MODERATE,7.7,23,3.7,15.71,30
28.80_75.30,28.80_75.30;28.75_75.30;28.85_75.25;28.65_75.30;28.85_75.30,5,28.839595,75.318455,27.699933173220657,MODERATE,5.5,6,2.47,5.68,30
26.70_77.10,26.70_77.10;26.55_77.15;26.50_77.20;26.45_77.10;26.55_77.05;26.55_77.25;26.60_77.20;26.50_77.05;26.55_77.20;26.65_77.00;26.50_77.15;26.70_77.20;26.65_77.10;26.70_77.05;26.50_77.25;26.60_77.25;26.45_77.15;26.55_77.10;26.65_77.25,19,26.7056,77.12107499999999,27.6452900882444,MODERATE,6.8,31,6.85,22.62,30
31.45_80.40,31.45_80.40,1,31.485395,80.42687000000001,27.59713053539288,MODERATE,27.6,2,3.25,5.01,30
30.95_80.30,30.95_80.30,1,30.974765,80.34777,27.56200006092307,MODERATE,27.6,2,4.03,5.98,30
28.65_74.90,28.65_74.90;28.70_75.10;28.65_75.00;28.85_74.95;28.80_74.90;28.70_75.00;28.85_75.00;28.80_75.05;28.75_74.85;28.70_74.85;28.90_74.95;28.75_74.90;28.75_75.00,13,28.66917,74.918285,27.53940321412884,MODERATE,5.5,19,3.51,9.27,30
27.10_76.50,27.10_76.50;27.00_76.55;27.15_76.60;27.10_76.45;27.20_76.65;27.10_76.55;27.10_76.65;27.25_76.60;27.00_76.65,9,27.10686,76.515395,27.408989409579743,MODERATE,8.7,16,2.5,7.28,30
31.00_83.95,31.00_83.95,1,31.03991,83.988035,27.35967529762128,MODERATE,27.4,2,5.98,6.98,30
28.75_83.70,28.75_83.70;28.70_83.60,2,28.76576,83.72173000000001,27.345384105502276,MODERATE,23.9,4,4.93,7.49,30
27.25_74.60,27.25_74.60;27.05_74.65;27.25_74.85;27.10_74.70;27.15_74.80,5,27.266795,74.61604,27.28774059593751,MODERATE,5.7,7,2.92,5.81,30
29.25_82.90,29.25_82.90;29.25_82.75;29.25_82.85;29.20_82.75;29.20_82.80,5,29.27066615384616,82.90722615384615,26.04451901133549,MODERATE,5.2,17,9.35,33.01,30
30.15_80.85,30.15_80.85;30.10_80.85;30.10_80.80;30.20_80.95,4,30.176093,80.880815,24.54268533836228,LOW,6.7,15,7.03,28.44,30
31.00_78.95,31.00_78.95,1,31.006006666666668,78.97704666666667,22.955273110223583,LOW,23.0,6,8.06,10.97,30
31.00_81.25,31.00_81.25;30.95_81.25,2,31.0017825,81.2532775,22.66083161587478,LOW,15.9,7,1.82,2.7,30
28.50_74.50,28.50_74.50;28.45_74.50,2,28.5067825,74.54807,22.63921388942423,LOW,11.3,5,2.34,3.97,30
27.75_74.65,27.75_74.65;27.60_74.80;27.75_74.70;27.75_74.80;27.60_74.75;27.65_74.70,6,27.76145,74.68316666666666,21.908727641559057,LOW,8.8,14,4.64,10.48,30
30.25_80.25,30.25_80.25;30.40_80.40,2,30.29215666666667,80.27036666666667,21.25909352665592,LOW,11.2,5,9.45,14.53,30
28.25_75.00,28.25_75.00;28.30_74.90;28.30_74.95;28.20_74.95;28.10_75.00;28.15_74.95;28.25_75.10;28.25_74.95;28.35_75.00;28.30_75.05;28.25_74.90,11,28.26591,75.03064,21.159328949356446,LOW,5.0,20,2.93,5.06,30
28.00_74.75,28.00_74.75;28.00_74.70;27.90_74.70;28.10_74.60,4,28.034703333333336,74.75126666666667,21.136179316902645,LOW,5.3,6,3.56,5.39,30
28.80_74.65,28.80_74.65;28.85_74.85;28.85_74.80;28.90_74.60,4,28.807755,74.68002,20.81956916206697,LOW,10.3,6,3.86,12.78,30
27.40_74.55,27.40_74.55;27.50_74.55;27.35_74.50,3,27.41298,74.562545,20.343542425395608,LOW,6.8,4,2.68,3.06,30
26.80_74.55,26.80_74.55,1,26.84489,74.58462499999999,20.276356026914176,LOW,20.3,2,3.87,4.04,30
30.00_82.15,30.00_82.15,1,30.006445,82.16774000000001,20.26355208676128,LOW,20.3,2,6.96,7.13,30
28.90_83.75,28.90_83.75,1,28.9311325,83.77516666666666,18.670884701584807,LOW,18.7,12,18.6,30.61,30
26.50_77.55,26.50_77.55;26.55_77.30;26.70_77.45;26.50_77.30;26.60_77.45;26.65_77.35;26.70_77.50,7,26.50969,77.56596714285715,17.061051335793728,LOW,3.9,16,3.24,13.79,30
30.70_81.50,30.70_81.50,1,30.7350375,81.52481,9.96599104428222,LOW,10.0,4,13.08,18.66,30
31.45_79.70,31.45_79.70;31.45_79.75,2,31.48575333333333,79.73957666666666,9.029806645182116,LOW,4.5,4,8.02,16.76,30
30.20_84.80,30.20_84.80,1,30.21208,84.81053666666666,2.101677655865763,LOW,2.1,3,10.49,13.21,30
28.35_74.95,28.35_74.95;28.60_75.00;28.40_75.05;28.55_75.10,4,28.38465,74.97443,2.092937458928482,LOW,0.5,6,3.12,7.93,30
27.30_75.05,27.30_75.05;27.40_75.00;27.50_75.05;27.55_75.00;27.35_74.90;27.40_75.05;27.50_75.00,7,27.32433,75.08812,1.592940974785192,LOW,0.2,8,2.52,5.63,30
28.20_74.75,28.20_74.75;28.20_74.60;28.25_74.60;28.15_74.60;28.35_74.85;28.15_74.55;28.25_74.65,7,28.215275,74.76424499999999,1.465848254116007,LOW,0.2,8,3.96,16.84,30
28.00_74.50,28.00_74.50,1,28.011725,74.509895,1.3011272157022251,LOW,1.3,2,0.88,1.1,30
29.25_83.00,29.25_83.00;29.20_83.00,2,29.257925,83.004985,1.2362893863338968,LOW,0.6,3,9.36,10.51,30
27.65_74.50,27.65_74.50;27.75_74.50,2,27.67021,74.54666499999999,1.1500509798169876,LOW,0.6,3,3.22,4.43,30
28.60_74.80,28.60_74.80;28.60_74.60;28.60_74.70;28.50_74.80;28.60_74.75,5,28.62035,74.814655,1.1384396151465368,LOW,0.2,6,4.28,7.27,30
31.25_84.00,31.25_84.00,1,31.27182,84.04861,0.2102547432114664,LOW,0.2,1,40.49,40.49,30
28.85_74.50,28.85_74.50;28.75_74.50;28.80_74.55,3,28.89243,74.5126,0.0,LOW,0.0,3,5.66,9.3,30
31.15_78.90,31.15_78.90;31.10_78.95,2,31.18965,78.92085,0.0,LOW,0.0,2,3.85,5.06,30
31.25_84.05,31.25_84.05,1,31.27822,84.05537,0.0,LOW,0.0,1,11.25,11.25,30
29.05_83.30,29.05_83.30,1,29.06224,83.32629,0.0,LOW,0.0,1,21.49,21.49,30
23.50_84.90,23.50_84.90,1,23.50052,84.9269,0.0,LOW,0.0,1,3.42,3.42,30
30.05_83.70,30.05_83.70,1,30.06048,83.74965,0.0,LOW,0.0,1,3.41,3.41,30
27.15_74.50,27.15_74.50;27.25_74.50,2,27.19836,74.52948,0.0,LOW,0.0,2,2.0,2.03,30
30.65_81.80,30.65_81.80,1,30.66009,81.82302,0.0,LOW,0.0,1,4.16,4.16,30
30.35_81.10,30.35_81.10;30.40_81.10,2,30.39394,81.14194,0.0,LOW,0.0,2,3.69,4.73,30
30.85_81.40,30.85_81.40,1,30.85218,81.4476,0.0,LOW,0.0,1,7.01,7.01,30
31.40_79.65,31.40_79.65,1,31.42954,79.67217,0.0,LOW,0.0,1,0.22,0.22,30
