grid_id,grid_ids_merged,n_grids_merged,fire_type,site_name,verification_reason,latitude,longitude,total_detections,avg_frp,max_frp,landcover_class,risk_score,risk_level,region_radius_km
25.10_83.80,25.10_83.80;25.00_83.85;25.05_83.85;25.05_83.90;25.00_83.90;25.10_83.75;25.15_83.90;25.10_83.85;25.10_83.90;25.15_83.75;25.15_83.85;25.15_83.80;25.20_83.85;25.20_83.65;25.05_83.80;25.20_83.75;25.10_83.70;25.20_83.90;25.20_83.70;24.95_83.75;24.95_83.70;25.05_83.70;24.95_83.90;25.20_83.60;25.05_83.75;25.15_83.65;24.95_83.65;25.00_83.75;25.15_83.60;25.00_83.65;24.85_83.80;24.90_83.80;24.95_83.85;24.90_83.90;24.95_83.80;24.90_83.85;24.85_83.70;24.85_83.85;24.85_83.75;24.85_83.90;24.95_83.60,41,AGRICULTURAL_BURNING,,On cropland — consistent with crop-residue burning.,25.125272734436564,83.82632143420015,26013,6.9555003940110325,213.96,CROPLAND,91.9257850927326,CRITICAL,40
27.10_82.85,27.10_82.85;27.25_82.65;27.30_82.60;27.30_82.75;27.25_82.70;27.05_82.85;27.30_82.65;27.20_82.75;27.10_82.80;27.25_82.75;27.15_82.60;27.05_82.70;27.30_82.70;27.10_82.70;27.10_82.75;27.35_82.65;27.35_82.75;27.15_82.75;27.35_82.60;27.05_82.80;27.20_82.55;27.30_82.50;27.00_82.85;27.20_82.70;27.35_82.70;27.25_82.60;27.15_82.85;27.20_82.80;27.20_82.50;27.25_82.80;27.15_82.50;27.30_82.55;27.35_82.55;27.35_82.85;27.35_82.50;27.20_82.85;27.20_82.65;27.25_82.55;27.10_82.55;27.30_82.85;27.25_82.85;27.05_82.55,42,AGRICULTURAL_BURNING,,On cropland — consistent with crop-residue burning.,27.12559372118551,82.87633243688255,24246,5.143622392974753,256.57,CROPLAND,93.0414429256036,CRITICAL,40
25.55_76.70,25.55_76.70;25.50_76.70;25.55_76.55;25.45_76.55;25.50_76.55;25.45_76.60;25.40_76.60;25.55_76.65;25.50_76.65;25.50_76.60;25.40_76.65;25.45_76.70;25.55_76.60;25.45_76.65;25.30_76.40;25.45_76.40;25.30_76.45;25.40_76.50;25.45_76.50;25.40_76.40;25.55_76.50;25.35_76.45;25.35_76.40;25.35_76.65;25.45_76.45;25.40_76.45;25.50_76.50;25.25_76.40;25.20_76.40;25.30_76.50;25.50_76.45;25.25_76.45;25.55_76.75;25.25_76.60;25.35_76.50;25.40_76.55;25.35_76.55;25.20_76.45;25.40_76.70;25.55_76.40;25.50_76.40;25.25_76.50;25.55_76.45;25.25_76.65;25.30_76.60;25.30_76.55;25.20_76.60;25.30_76.65,48,AGRICULTURAL_BURNING,,On cropland — consistent with crop-residue burning.,25.57281838538206,76.72313401328904,21290,11.200651162790695,175.91,CROPLAND,87.12428933694432,CRITICAL,40
25.80_76.65,25.80_76.65;25.75_76.65;25.65_76.55;25.75_76.60;25.70_76.60;25.70_76.55;25.60_76.55;25.80_76.60;25.70_76.65;25.75_76.55;25.85_76.65;25.65_76.50;25.65_76.60;25.75_76.70;25.60_76.60;25.60_76.65;25.70_76.70;25.60_76.70;25.60_76.50;25.70_76.50;25.80_76.55;25.80_76.70;25.85_76.60;25.85_76.70;25.85_76.50;25.75_76.50;25.90_76.55;25.85_76.55;25.90_76.60;25.70_76.40;25.65_76.45;25.90_76.65;25.65_76.70;25.90_76.70;25.60_76.40;25.75_76.45;25.65_76.40;25.85_76.45;25.60_76.45;25.80_76.45;25.80_76.40,41,AGRICULTURAL_BURNING,,On cropland — consistent with crop-residue burning.,25.82425293463143,76.67428560500696,21097,8.643567454798331,115.81,CROPLAND,80.9600901461546,CRITICAL,40
25.05_83.95,25.05_83.95;25.10_84.00;25.10_83.95;25.00_83.95;25.15_84.05;25.15_84.10;25.20_84.00;25.15_83.95;25.05_84.00;25.10_84.05;25.20_84.10;25.15_84.20;25.10_84.10;25.20_84.15;25.00_84.00;25.15_84.15;25.00_84.10;25.20_84.20;24.95_84.10;25.05_84.10;24.95_83.95;25.00_84.15;25.10_84.15;25.05_84.05;25.00_84.05;24.95_84.05;24.95_84.00;24.90_84.25;25.10_84.25;25.00_84.25;25.15_84.30;24.90_83.95;25.00_84.20;24.90_84.20;25.15_84.25;25.05_84.20;24.85_84.20;24.85_84.10;24.85_84.25;24.85_83.95;24.95_84.20;25.10_84.20,42,AGRICULTURAL_BURNING,,On cropland — consistent with crop-residue burning.,25.076477210200927,83.97386591190109,20897,7.261066460587326,248.7,CROPLAND,95.09786240280538,CRITICAL,40
25.90_78.10,25.90_78.10;25.90_78.05;25.90_78.15;25.85_78.05;25.80_78.00;25.85_78.00;25.85_78.10;25.85_78.15;25.70_78.05;25.80_78.05;25.70_78.10;25.75_78.05;25.70_78.00;25.80_78.15;25.90_78.00;25.75_78.10;25.65_78.15;25.80_77.95;25.75_78.00;25.70_77.95;25.65_78.10;25.60_78.10;25.75_77.95;25.60_78.05;25.85_77.95;25.65_78.05;25.65_78.00;25.60_78.15;25.65_77.95;25.60_77.95;25.70_77.90;25.60_77.85;25.65_77.90;25.85_77.85,34,AGRICULTURAL_BURNING,,On cropland — consistent with crop-residue burning.,25.925533328369323,78.12515206254653,20603,6.355986597170514,180.91,CROPLAND,90.28423144815744,CRITICAL,40
23.55_77.70,23.55_77.70;23.65_77.70;23.55_77.65;23.70_77.80;23.65_77.75;23.50_77.65;23.60_77.60;23.50_77.70;23.55_77.60;23.70_77.70;23.65_77.45;23.65_77.65;23.75_77.80;23.60_77.65;23.70_77.65;23.55_77.55;23.60_77.75;23.50_77.60;23.70_77.50;23.70_77.60;23.75_77.70;23.65_77.80;23.65_77.55;23.60_77.70;23.75_77.75;23.60_77.80;23.65_77.60;23.60_77.50;23.75_77.65;23.55_77.75;23.55_77.80;23.70_77.55;23.75_77.60;23.50_77.75;23.50_77.55;23.75_77.55;23.60_77.55;23.60_77.45;23.50_77.50;23.55_77.45;23.75_77.50,41,AGRICULTURAL_BURNING,,On cropland — consistent with crop-residue burning.,23.57667819847328,77.72460902290076,18683,8.577801526717558,270.8,CROPLAND,90.46304486346938,CRITICAL,40
28.10_81.95,28.10_81.95;28.10_81.90;28.15_81.90;28.20_81.80;28.15_81.85;28.20_81.85;28.15_81.95;28.20_81.90;28.20_82.05;28.20_82.00;28.10_82.05;28.10_82.00;28.25_81.85;28.30_81.80;28.25_81.80;28.30_81.85;28.10_81.85;28.15_81.80;28.25_82.00;28.20_81.95;28.25_81.90;28.15_82.05;28.30_81.90;28.25_81.95;28.10_81.80;28.35_81.80;28.40_81.85;28.20_82.10;28.35_81.85;28.40_82.05;28.35_82.05;28.40_81.90;28.45_81.85;28.15_82.10;28.25_82.10;28.30_81.95;28.10_82.10;28.25_82.05;28.35_81.90;28.25_82.15;28.40_82.00;28.40_81.80;28.40_82.10;28.35_82.00;28.30_82.00;28.30_82.05,46,FOREST_FIRE,,On Tree Cover — consistent with a forest/wildland fire.,28.12474267605634,81.97458989165764,18024,3.350899241603467,265.52,TREE_COVER,85.43086290609327,CRITICAL,40
25.85_78.60,25.85_78.60;25.90_78.65;25.90_78.70;25.90_78.75;25.85_78.65;25.60_78.60;25.85_78.70;25.80_78.60;25.90_78.55;25.80_78.55;25.60_78.65;25.85_78.55;25.80_78.85;25.90_78.60;25.65_78.60;25.70_78.80;25.65_78.55;25.65_78.65;25.60_78.70;25.60_78.55;25.90_78.80;25.70_78.85;25.65_78.70;25.60_78.80;25.60_78.75;25.75_78.85;25.60_78.85;25.70_78.65;25.75_78.55;25.75_78.80;25.80_78.80;25.80_78.75;25.65_78.80;25.85_78.85;25.70_78.60;25.75_78.60;25.75_78.70;25.80_78.70;25.80_78.65;25.85_78.80;25.75_78.75;25.90_78.85;25.75_78.65,43,AGRICULTURAL_BURNING,,On cropland — consistent with crop-residue burning.,25.874237768924303,78.62433001992032,16862,6.871892430278884,155.94,CROPLAND,80.84361272628969,CRITICAL,40
27.50_84.40,27.50_84.40;27.50_84.35;27.45_84.40;27.45_84.50;27.50_84.50;27.45_84.45;27.40_84.60;27.40_84.50;27.50_84.45;27.50_84.65;27.45_84.55;27.40_84.55;27.45_84.60;27.40_84.65;27.50_84.60;27.50_84.55;27.45_84.65;27.70_84.30;27.55_84.40;27.40_84.45;27.45_84.35;27.55_84.45;27.60_84.65;27.70_84.35;27.70_84.65;27.70_84.55;27.65_84.65;27.70_84.60;27.45_84.30;27.40_84.30;27.40_84.35;27.70_84.50,32,FOREST_FIRE,,On Tree Cover — consistent with a forest/wildland fire.,27.52299932051282,84.42379314102566,15642,6.9995128205128205,250.28,TREE_COVER,94.94518233672008,CRITICAL,40
25.20_83.80,25.20_83.80;25.30_83.80;25.25_83.85;25.25_83.70;25.25_83.80;25.25_83.90;25.35_83.90;25.30_83.90;25.30_83.85;25.30_83.70;25.25_83.75;25.30_83.75;25.30_83.60;25.35_83.85;25.45_83.90;25.35_83.80;25.40_83.85;25.40_83.90;25.25_83.60;25.45_83.60;25.40_83.75;25.45_83.65;25.45_83.80;25.40_83.70;25.30_83.65;25.35_83.60;25.25_83.65;25.35_83.75;25.45_83.75;25.35_83.65;25.50_83.90;25.45_83.70;25.50_83.60;25.40_83.65;25.35_83.70;25.40_83.80;25.50_83.65;25.55_83.90;25.50_83.85;25.55_83.85;25.55_83.65;25.55_83.60;25.50_83.70;25.55_83.70;25.55_83.80;25.50_83.80;25.55_83.75,47,AGRICULTURAL_BURNING,,On cropland — consistent with crop-residue burning.,25.226521511387165,83.82779884057972,15008,6.064948240165632,205.37,CROPLAND,87.72436406875991,CRITICAL,40
28.00_82.15,28.00_82.15;27.75_82.35;27.80_82.25;27.95_82.25;27.85_82.15;27.90_82.15;27.75_82.30;27.90_82.40;27.85_82.20;27.90_82.45;27.80_82.30;27.95_82.20;27.95_82.30;27.85_82.25;27.75_82.40;27.95_82.40;28.00_82.20;27.90_82.35;27.80_82.20;27.75_82.45;27.95_82.35;27.90_82.30;27.80_82.35;27.90_82.20;27.80_82.15;27.95_82.15;27.80_82.40;27.75_82.50;28.05_82.15;27.75_82.25;27.85_82.30;27.90_82.25;27.80_82.45;28.00_82.25;27.75_82.20;28.00_82.30;27.85_82.35;27.80_82.50,38,FOREST_FIRE,,On Tree Cover — consistent with a forest/wildland fire.,28.02575615654205,82.17468035046728,14993,2.905502336448598,110.34,TREE_COVER,91.08384738978108,HIGH,40
25.20_83.95,25.20_83.95;25.30_84.15;25.25_84.00;25.30_84.05;25.25_84.05;25.30_84.10;25.35_83.95;25.25_84.15;25.50_84.30;25.25_83.95;25.40_83.95;25.45_84.05;25.30_84.00;25.25_84.10;25.45_83.95;25.30_83.95;25.40_84.05;25.40_84.15;25.25_84.20;25.45_84.25;25.45_84.00;25.35_84.15;25.35_84.10;25.50_84.05;25.40_84.10;25.30_84.25;25.50_83.95;25.30_84.30;25.45_84.10;25.35_84.25;25.35_84.20;25.20_84.25;25.50_84.10;25.25_84.25;25.50_84.20;25.45_84.15;25.40_84.25;25.55_84.20;25.55_84.10;25.55_84.00;25.55_84.15,41,AGRICULTURAL_BURNING,Raja-Bhoj Mango Garden,On cropland — consistent with crop-residue burning.,25.22663824093817,83.97571995735608,14936,6.185437100213219,186.5,CROPLAND,89.5814914375691,CRITICAL,40
28.50_81.40,28.50_81.40;28.45_81.35;28.70_81.30;28.55_81.30;28.55_81.25;28.70_81.35;28.50_81.35;28.60_81.30;28.55_81.35;28.65_81.30;28.45_81.40;28.55_81.40;28.80_81.10;28.65_81.20;28.60_81.25;28.50_81.25;28.65_81.35;28.45_81.20;28.70_81.10;28.80_81.25;28.60_81.35;28.65_81.15;28.80_81.35;28.65_81.25;28.50_81.30;28.70_81.20;28.75_81.35;28.75_81.25;28.70_81.15;28.70_81.40;28.80_81.20;28.80_81.30;28.75_81.10;28.75_81.15;28.75_81.40;28.75_81.30;28.60_81.40;28.45_81.25;28.75_81.20;28.65_81.10;28.45_81.30;28.60_81.15;28.80_81.40,43,FOREST_FIRE,,On Tree Cover — consistent with a forest/wildland fire.,28.52949496229261,81.42677808446454,14836,3.1369834087481148,144.62,TREE_COVER,82.22000382301184,HIGH,40
28.30_81.60,28.30_81.60;28.35_81.50;28.35_81.45;28.30_81.55;28.40_81.60;28.25_81.75;28.35_81.55;28.35_81.65;28.30_81.65;28.35_81.60;28.25_81.70;28.30_81.50;28.35_81.70;28.40_81.45;28.40_81.55;28.40_81.65;28.20_81.75;28.40_81.50;28.35_81.75;28.30_81.75;28.30_81.70;28.40_81.70;28.25_81.55;28.20_81.70;28.25_81.65;28.30_81.45;28.25_81.60;28.25_81.45;28.10_81.70;28.15_81.70;28.10_81.75;28.20_81.65;28.15_81.50,33,FOREST_FIRE,,On Tree Cover — consistent with a forest/wildland fire.,28.324315488069413,81.62391598698481,14274,3.114229934924078,78.58,TREE_COVER,80.448075298681,HIGH,40
28.95_81.05,28.95_81.05;28.90_81.05;28.90_81.00;28.80_81.05;28.95_81.00;28.85_80.90;28.85_81.05;28.95_80.70;28.90_80.70;29.05_80.75;29.10_81.05;28.95_80.75;28.95_80.80;28.95_80.95;29.05_81.05;28.85_80.95;29.00_80.80;28.95_80.90;28.85_81.00;28.85_80.70;29.05_80.70;28.80_80.70;28.90_80.75;29.00_81.05;28.90_80.95;29.10_80.75;29.00_80.70;28.85_80.75;28.90_80.85;29.00_80.85;28.85_80.85;29.15_81.05;29.05_80.80;28.90_80.90;29.10_81.00;29.00_80.95;28.85_80.80;29.15_81.00;28.95_80.85;29.00_81.00;29.15_80.80;29.15_80.85;29.05_81.00;29.10_80.80;29.15_80.90;29.05_80.85;29.05_80.95;29.00_80.90;29.10_80.85;29.05_80.90;29.15_80.95;29.10_80.95;29.10_80.90;29.15_80.75,54,FOREST_FIRE,,On Tree Cover — consistent with a forest/wildland fire.,28.9700246,81.0607043,14247,2.8604475043029263,97.32,TREE_COVER,77.70354667054531,HIGH,40
29.75_75.90,29.75_75.90;29.80_76.00;29.80_75.70;29.85_76.00;29.85_75.90;29.75_75.95;29.75_76.00;29.85_75.95;29.75_75.85;29.85_75.80;29.85_75.75;29.80_75.75;29.75_75.70;29.70_76.00;29.70_75.95;29.65_76.00;29.65_75.95;29.75_75.80;29.75_75.75;29.60_75.85;29.70_75.75;29.70_75.90;29.70_75.70;29.60_75.90;29.55_75.90;29.55_75.85;29.60_75.95;29.55_76.00;29.55_75.95;29.60_76.00,30,AGRICULTURAL_BURNING,Bakhora Kalan,On cropland — consistent with crop-residue burning.,29.77437025893958,75.92555531442663,13961,8.599827373612824,121.92,CROPLAND,80.30298967259043,CRITICAL,40
29.80_75.65,29.80_75.65;29.80_75.60;29.75_75.35;29.75_75.60;29.75_75.65;29.80_75.55;29.70_75.35;29.75_75.55;29.75_75.30;29.65_75.30;29.80_75.40;29.75_75.40;29.80_75.45;29.75_75.50;29.85_75.65;29.80_75.50;29.85_75.40;29.80_75.35;29.70_75.45;29.70_75.40;29.70_75.60;29.75_75.45;29.70_75.65;29.65_75.50;29.85_75.45;29.60_75.45;29.55_75.50;29.55_75.30;29.60_75.30;29.65_75.35;29.55_75.55;29.80_75.30;29.55_75.40;29.65_75.45;29.55_75.35;29.65_75.40;29.60_75.35;29.60_75.40,38,AGRICULTURAL_BURNING,Saspali,On cropland — consistent with crop-residue burning.,29.82576615068493,75.67493356164384,13839,6.7559726027397256,91.98,CROPLAND,78.45344741539714,CRITICAL,40
25.85_78.20,25.85_78.20;25.90_78.20;25.90_78.25;25.85_78.25;25.90_78.30;25.60_78.25;25.80_78.25;25.90_78.35;25.85_78.50;25.90_78.40;25.80_78.50;25.85_78.30;25.90_78.50;25.75_78.50;25.80_78.20;25.70_78.50;25.75_78.45;25.65_78.25;25.70_78.35;25.75_78.40;25.70_78.45;25.60_78.30;25.65_78.20;25.70_78.20;25.85_78.45;25.70_78.30;25.70_78.40;25.80_78.30;25.60_78.50;25.90_78.45;25.75_78.35;25.55_78.20;25.75_78.20;25.75_78.30;25.65_78.35,35,AGRICULTURAL_BURNING,,On cropland — consistent with crop-residue burning.,25.87486810892587,78.22811459152798,13832,9.424780635400907,265.43,CROPLAND,97.87857195896936,CRITICAL,40
27.10_82.90,27.10_82.90;27.05_82.90;27.35_83.05;27.00_83.05;27.05_83.05;27.20_82.90;27.05_82.95;27.05_83.00;27.10_82.95;27.25_82.90;27.30_83.10;27.25_82.95;27.10_83.10;27.30_82.95;27.15_83.00;27.20_82.95;27.30_82.90;27.35_82.95;27.10_83.05;27.35_82.90;27.35_83.00;27.20_83.05;27.00_82.90;27.15_83.05;27.25_83.15;27.30_83.05;27.20_83.10;27.20_83.15;27.10_83.00;27.25_83.00;27.15_83.10;27.25_83.10;27.10_83.15;27.30_83.15;27.05_83.10;27.15_82.95;27.05_83.20;27.20_83.00;27.15_83.15;27.05_83.15,40,AGRICULTURAL_BURNING,Brick Factory,On cropland — consistent with crop-residue burning.,27.12204002673797,82.92278394385026,13524,5.61590909090909,217.01,CROPLAND,88.11334542610189,CRITICAL,40
29.10_80.60,29.10_80.60;29.05_80.60;29.15_80.35;29.00_80.40;29.00_80.35;28.95_80.65;28.90_80.55;29.10_80.35;29.05_80.45;29.10_80.50;29.00_80.65;29.05_80.50;29.10_80.40;29.10_80.65;28.95_80.40;29.00_80.45;29.05_80.55;29.00_80.60;29.15_80.45;28.90_80.60;29.15_80.50;28.95_80.55;29.10_80.55;28.95_80.45;28.90_80.65;29.00_80.50;28.85_80.60;29.15_80.40;28.80_80.65;29.05_80.40;29.15_80.55;29.05_80.65;28.95_80.60;28.85_80.65;28.90_80.45;29.15_80.65;28.95_80.35;29.15_80.60;29.15_80.70;28.85_80.50;28.90_80.35,41,FOREST_FIRE,,On Tree Cover — consistent with a forest/wildland fire.,29.1212387,80.6152772,13083,3.850114942528736,140.29,TREE_COVER,83.89659770307958,HIGH,40
27.90_82.50,27.90_82.50;27.75_82.85;27.90_82.65;27.90_82.60;27.90_82.55;27.75_82.65;27.80_82.85;27.75_82.70;27.75_82.55;27.80_82.80;27.85_82.70;27.85_82.85;27.90_82.85;27.95_82.55;27.75_82.80;27.85_82.75;27.85_82.80;28.00_82.65;27.90_82.80;27.85_82.65;28.00_82.75;27.75_82.60;28.05_82.65;27.90_82.70;27.85_82.60;28.00_82.80;27.90_82.75;28.05_82.85;28.00_82.70;28.00_82.60;27.85_82.50;28.05_82.60;28.05_82.70;27.95_82.60;28.10_82.80;28.00_82.55;28.10_82.85;28.05_82.75;27.95_82.80;27.95_82.85;27.95_82.70;28.05_82.55;27.95_82.75,43,FOREST_FIRE,हत्चेरी उद्योग,On Tree Cover — consistent with a forest/wildland fire.,27.927822636986303,82.52346530821917,12987,3.220291095890411,139.29,TREE_COVER,77.84255813920517,CRITICAL,40
28.05_82.00,28.05_82.00;28.05_81.95;28.05_82.05;28.05_82.10;28.00_82.10;27.95_82.05;27.90_81.90;28.05_81.90;27.90_82.05;27.95_82.00;27.90_82.00;27.95_81.95;27.95_81.85;27.95_81.80;28.00_81.80;27.90_82.10;28.00_81.95;28.00_82.00;27.95_82.10;27.85_82.10;28.00_82.05;27.95_81.90;27.90_81.85;27.90_81.95;27.85_82.05;27.85_82.00;27.85_81.95;27.75_81.90;28.00_81.85;27.80_82.10;28.05_81.85;27.85_81.90;27.85_81.80;27.80_82.00;27.75_81.95,35,FOREST_FIRE,,On Tree Cover — consistent with a forest/wildland fire.,28.077296996303144,82.02510268946395,12764,3.792578558225508,129.68,TREE_COVER,85.07797602038968,HIGH,40
24.95_76.20,24.95_76.20;25.10_76.30;25.10_76.10;25.00_76.30;25.05_76.10;25.15_76.05;25.00_76.35;25.00_76.05;25.05_76.15;24.90_76.15;25.05_76.30;24.85_76.15;25.00_76.20;25.00_76.15;25.00_76.10;25.20_76.35;25.15_76.10;24.85_76.25;24.90_76.10;25.05_76.25;24.95_76.35;25.20_76.10;24.90_76.20;25.15_76.35;25.10_76.25;24.90_76.35;25.05_76.20;25.10_76.35;25.05_76.05;24.90_76.30;24.85_76.30;25.20_76.15;24.95_76.10;25.15_76.20;25.20_76.25;25.10_76.20;24.85_76.35;24.95_76.05;24.95_76.25;24.95_76.30;24.90_76.05;24.95_76.00,42,AGRICULTURAL_BURNING,,On cropland — consistent with crop-residue burning.,24.975622788161992,76.22174255451714,12577,7.925218068535825,147.75,CROPLAND,81.81430860186082,CRITICAL,40
28.50_81.45,28.50_81.45;28.45_81.50;28.80_81.50;28.45_81.55;28.50_81.65;28.45_81.45;28.60_81.50;28.45_81.65;28.70_81.70;28.65_81.45;28.50_81.60;28.50_81.55;28.55_81.45;28.65_81.75;28.45_81.60;28.50_81.50;28.60_81.45;28.70_81.50;28.70_81.75;28.75_81.45;28.45_81.70;28.70_81.45;28.50_81.70;28.65_81.50;28.75_81.65;28.65_81.70;28.80_81.75;28.65_81.60;28.75_81.70;28.60_81.55;28.80_81.45;28.70_81.60;28.70_81.55;28.60_81.75;28.80_81.70;28.75_81.60;28.50_81.75;28.80_81.55;28.60_81.65;28.65_81.55,40,FOREST_FIRE,rice field,On Tree Cover — consistent with a forest/wildland fire.,28.52193294452348,81.47392422475106,12406,2.648790896159317,135.79,TREE_COVER,81.35583648758988,HIGH,40
27.25_84.90,27.25_84.90;27.30_84.80;27.25_84.85;27.35_84.70;27.25_84.75;27.25_84.80;27.30_84.85;27.30_84.90;27.35_84.75;27.20_84.85;27.30_84.75;27.20_84.90;27.35_84.80;27.35_84.85;27.30_84.70;27.25_84.70;27.20_84.80;27.20_84.75;27.35_84.90;27.20_84.70;27.15_84.85;27.15_84.90;27.35_84.95,23,FOREST_FIRE,,On Tree Cover — consistent with a forest/wildland fire.,27.275007080820263,84.92601445114596,12293,6.996670687575392,87.63,TREE_COVER,84.34975341113336,CRITICAL,40
23.60_77.95,23.60_77.95;23.65_77.95;23.50_77.90;23.60_77.90;23.65_78.00;23.50_77.95;23.60_78.00;23.55_77.95;23.55_77.90;23.60_77.85;23.75_77.85;23.50_77.85;23.60_78.05;23.60_78.15;23.65_77.85;23.60_78.10;23.70_77.85;23.55_78.05;23.50_78.05;23.55_78.15;23.50_78.00;23.70_77.95;23.70_77.90;23.55_77.85;23.65_77.90;23.50_78.15;23.65_78.05;23.70_78.00;23.75_78.05;23.70_78.05;23.75_78.10;23.75_78.00;23.75_78.15;23.75_77.90;23.75_77.95;23.70_78.10;23.70_78.15,37,AGRICULTURAL_BURNING,,On cropland — consistent with crop-residue burning.,23.62305971563981,77.9716641864139,11726,8.666034755134282,126.62,CROPLAND,83.5251448695545,CRITICAL,40
26.00_78.70,26.00_78.70;26.05_78.75;26.05_78.70;25.95_78.65;26.00_78.65;26.00_78.75;25.95_78.60;25.95_78.70;26.05_78.80;25.95_78.80;25.95_78.75;26.00_78.80;26.05_78.65;25.95_78.55;26.10_78.80;25.95_78.85;26.10_78.85;26.00_78.60;26.05_78.85;26.10_78.70;26.15_78.85;26.20_78.85;25.95_78.90;26.00_78.85;26.20_78.70;26.25_78.85;26.20_78.55;26.25_78.70;26.20_78.60;26.25_78.60;26.05_78.55;26.20_78.65;26.25_78.75;26.25_78.65;26.25_78.80;26.20_78.80;26.25_78.55;26.20_78.75;26.15_78.80;26.15_78.75;26.15_78.65;26.15_78.55,42,AGRICULTURAL_BURNING,,On cropland — consistent with crop-residue burning.,26.02641087401575,78.72524345669291,11079,7.381086614173228,141.49,CROPLAND,83.74896349428957,CRITICAL,40
29.10_81.15,29.10_81.15;29.00_81.10;29.00_81.15;28.95_81.10;28.95_81.40;29.05_81.25;28.90_81.10;28.85_81.15;28.85_81.10;29.05_81.20;29.05_81.15;29.10_81.10;28.95_81.15;29.00_81.35;28.85_81.20;28.85_81.25;29.10_81.20;29.15_81.20;29.00_81.20;28.90_81.15;28.85_81.35;28.90_81.25;28.90_81.30;29.15_81.15;28.95_81.35;28.90_81.20;28.90_81.35;29.00_81.25;28.85_81.40;29.15_81.25;29.05_81.40;29.00_81.30;29.10_81.25;28.95_81.20;29.10_81.30;29.05_81.30;29.10_81.35;29.15_81.35;29.10_81.40;29.15_81.40,40,FOREST_FIRE,,On Tree Cover — consistent with a forest/wildland fire.,29.12478052816901,81.17594260563381,10903,2.996549295774648,82.55,TREE_COVER,76.85852741483687,CRITICAL,40
29.75_79.00,29.75_79.00;29.75_79.05;29.75_79.10;29.85_78.90;29.65_79.20;29.75_79.25;29.80_78.90;29.75_79.20;29.55_79.20;29.75_78.95;29.55_79.25;29.75_79.15;29.70_79.25;29.55_79.10;29.60_79.05;29.55_79.15;29.70_79.20;29.80_79.00;29.65_79.25;29.60_79.25;29.70_79.15;29.80_79.15;29.85_79.05;29.70_79.00;29.70_78.95;29.85_79.25;29.65_79.05;29.85_79.10;29.80_79.20;29.55_79.05;29.60_79.20;29.65_79.00;29.60_79.10;29.85_79.15;29.90_79.25;29.80_79.25;29.80_79.10;29.70_79.10;29.65_79.10;29.60_79.00;29.65_78.95;29.60_79.15;29.55_79.00;29.60_78.90;29.60_78.95,45,FOREST_FIRE,,On Tree Cover — consistent with a forest/wildland fire.,29.77411214797136,79.02421219570407,10840,4.184415274463007,75.73,TREE_COVER,82.55581593233833,CRITICAL,40
27.50_84.30,27.50_84.30;27.50_84.20;27.45_83.95;27.40_84.15;27.50_84.25;27.35_84.05;27.40_84.00;27.40_84.20;27.40_84.25;27.50_83.95;27.40_83.95;27.40_84.05;27.50_84.15;27.40_84.10;27.70_84.10;27.50_84.05;27.50_84.10;27.45_84.10;27.70_84.15;27.45_84.00;27.45_84.15;27.45_84.05;27.60_84.00;27.65_83.95;27.70_83.95;27.45_84.20;27.65_84.00;27.50_84.00;27.60_84.15;27.55_84.10;27.55_84.25;27.55_83.95;27.65_84.15;27.55_84.00;27.45_84.25;27.60_84.10;27.55_84.05,37,FOREST_FIRE,,On Tree Cover — consistent with a forest/wildland fire.,27.520416828571427,84.32366587142857,10691,6.000357142857143,94.78,TREE_COVER,78.72155228335309,CRITICAL,40
23.90_77.70,23.90_77.70;23.95_77.80;23.85_77.70;23.85_77.75;23.80_77.80;23.90_77.75;24.00_77.75;23.90_77.65;23.85_77.50;24.00_77.80;23.85_77.65;23.80_77.50;23.80_77.65;24.10_77.55;23.95_77.70;24.10_77.50;23.90_77.50;23.85_77.55;24.10_77.70;23.95_77.55;23.90_77.80;24.05_77.70;23.80_77.70;24.00_77.70;24.00_77.60;23.85_77.60;24.05_77.75;23.80_77.75;23.90_77.55;24.10_77.75;23.80_77.60;23.80_77.55;24.10_77.65;24.00_77.55;24.10_77.80;24.05_77.80;24.05_77.50;24.05_77.60;24.00_77.50;24.10_77.60;24.05_77.65;24.00_77.65,42,AGRICULTURAL_BURNING,,On cropland — consistent with crop-residue burning.,23.928008609625667,77.72345204991088,10526,6.830124777183601,260.44,CROPLAND,86.51395969684046,CRITICAL,40
26.40_83.50,26.40_83.50;26.60_83.30;26.55_83.35;26.30_83.55;26.30_83.50;26.50_83.50;26.45_83.30;26.45_83.55;26.45_83.25;26.40_83.55;26.50_83.35;26.55_83.45;26.35_83.45;26.55_83.30;26.45_83.40;26.40_83.45;26.40_83.35;26.55_83.40;26.30_83.40;26.45_83.45;26.60_83.35;26.50_83.30;26.45_83.35;26.30_83.45;26.40_83.40;26.50_83.40;26.55_83.25;26.30_83.25;26.35_83.40;26.60_83.45;26.35_83.35;26.55_83.50;26.30_83.30;26.30_83.35;26.60_83.25;26.55_83.55;26.65_83.40;26.35_83.30;26.60_83.55;26.65_83.45,40,AGRICULTURAL_BURNING,,On cropland — consistent with crop-residue burning.,26.427920044313147,83.52841898079764,10384,8.544283604135893,215.35,CROPLAND,86.45894102257338,CRITICAL,40
28.85_80.15,28.85_80.15;28.85_80.20;28.90_80.15;28.85_80.25;28.80_80.25;29.00_80.25;29.00_80.20;29.10_80.00;29.00_80.30;28.85_80.10;29.15_80.30;29.15_80.25;29.05_80.15;29.15_80.20;29.10_80.05;29.05_80.25;29.10_80.20;29.05_80.20;29.15_80.10;29.10_80.25;28.85_80.30;28.95_80.30;29.05_80.00;29.10_80.30;29.10_80.10;29.10_80.15;29.05_80.30;29.15_80.15;29.15_80.05;29.00_80.00;29.00_80.15;28.95_80.00;28.90_80.10;29.00_80.05;29.05_80.05;28.80_80.00,36,FOREST_FIRE,power house,On Tree Cover — consistent with a forest/wildland fire.,28.87672494890511,80.17555096350365,10302,12.842744525547449,363.86,TREE_COVER,85.22478567323269,CRITICAL,40
28.45_81.90,28.45_81.90;28.45_81.95;28.65_81.95;28.50_82.05;28.55_81.90;28.60_81.95;28.55_82.10;28.60_82.05;28.45_82.00;28.60_82.00;28.60_81.90;28.60_81.85;28.65_82.00;28.45_82.05;28.50_81.95;28.50_81.90;28.50_82.10;28.55_81.85;28.45_82.10;28.50_81.85;28.75_82.10;28.65_81.85;28.70_82.05;28.50_81.80;28.55_81.80;28.75_81.95;28.80_82.15;28.65_82.05;28.75_82.05;28.70_81.80;28.80_82.10;28.75_81.90;28.75_82.00;28.80_81.80;28.65_82.10;28.80_81.90,36,FOREST_FIRE,,On Tree Cover — consistent with a forest/wildland fire.,28.47130080174928,81.92425135568513,10203,3.255539358600583,341.82,TREE_COVER,82.86171871406553,CRITICAL,40
29.30_79.70,29.30_79.70;29.20_79.75;29.20_79.95;29.20_79.80;29.30_79.75;29.20_79.85;29.20_79.90;29.35_79.70;29.25_79.90;29.30_79.65;29.30_79.85;29.30_79.80;29.25_79.80;29.50_79.70;29.35_79.75;29.25_79.85;29.25_79.70;29.30_79.90;29.20_79.70;29.25_79.95;29.35_79.90;29.35_79.85;29.25_79.65;29.50_79.95;29.30_79.95;29.20_79.65;29.45_79.70;29.40_79.90;29.40_79.75;29.40_79.70;29.35_79.95;29.50_79.85;29.50_79.90;29.45_79.65;29.40_79.80;29.45_79.90;29.40_79.95;29.45_79.80;29.45_79.95;29.15_79.65;29.40_79.85;29.45_79.85;29.45_79.75;29.40_79.65,44,FOREST_FIRE,,On Tree Cover — consistent with a forest/wildland fire.,29.325487557603687,79.7238360829493,10125,4.243548387096775,115.67,TREE_COVER,87.72298748121683,CRITICAL,40
25.10_76.95,25.10_76.95;25.15_77.00;25.10_77.00;25.05_76.95;25.05_77.00;25.15_76.90;25.10_76.85;25.10_77.05;25.05_76.90;25.10_76.90;24.85_76.95;25.00_76.95;24.90_77.00;24.90_77.05;25.05_76.75;24.85_77.05;24.95_77.00;25.05_77.05;25.00_77.05;25.00_76.90;24.85_76.85;24.85_76.90;24.85_77.00;24.90_76.90;24.95_76.80;25.05_76.85;24.90_76.80;25.00_76.75;25.05_76.80;24.95_76.90;25.00_76.85;25.00_76.80;24.95_76.75;24.85_76.80;24.85_76.75;25.10_76.75;25.15_76.80,37,AGRICULTURAL_BURNING,,On cropland — consistent with crop-residue burning.,25.122774363636363,76.97453242857142,9970,8.479272727272727,372.26,CROPLAND,99.0534199854496,CRITICAL,40
24.15_82.65,24.15_82.65;24.15_82.60,2,MINING,,On Bare Sparse land cover with 5496 historical detections — consistent with open-pit mining/processing activity.,24.1886109,82.6526468,9695,1.7207387190684134,35.75,BARE_SPARSE,85.14982014965408,CRITICAL,8
27.65_82.50,27.65_82.50;27.70_82.60;27.70_82.70;27.70_82.55;27.70_82.75;27.70_82.85;27.65_82.55;27.70_82.65;27.70_82.80;27.70_82.50;27.65_82.60;27.65_82.70;27.40_82.65;27.60_82.65;27.60_82.70;27.65_82.65;27.65_82.85;27.55_82.65;27.55_82.70;27.65_82.75;27.60_82.55;27.45_82.65;27.50_82.55,23,FOREST_FIRE,,On Tree Cover — consistent with a forest/wildland fire.,27.677111840168244,82.52338391167193,9643,3.944879074658256,60.97,TREE_COVER,78.37451112968469,HIGH,40
23.85_77.85,23.85_77.85;24.10_77.90;24.00_77.85;24.00_78.15;23.95_78.00;23.95_77.95;24.05_77.90;23.90_77.85;23.85_78.10;23.80_77.85;23.90_77.90;24.10_77.85;23.95_77.85;23.85_78.15;23.85_78.00;23.90_78.10;24.00_77.95;24.00_77.90;24.10_77.95;23.95_77.90;24.05_78.15;24.10_78.10;24.05_77.85;24.05_77.95;24.05_78.10;23.80_78.15;24.00_78.05;24.05_78.00;23.95_78.15;24.10_78.00;23.95_78.10;23.95_78.05;23.90_78.15;23.90_78.05;23.80_78.00;24.10_78.05;24.05_78.05;24.10_78.15;24.00_78.10;23.80_78.05;23.80_77.95,41,AGRICULTURAL_BURNING,,On cropland — consistent with crop-residue burning.,23.874623582766443,77.86880712018142,9638,9.232607709750567,166.97,CROPLAND,81.17300237365495,CRITICAL,40
23.55_82.45,23.55_82.45;23.50_82.20;23.60_82.45;23.50_82.45;23.70_82.15;23.60_82.40;23.65_82.20;23.50_82.25;23.55_82.40;23.70_82.20;23.75_82.20;23.75_82.35;23.75_82.45;23.55_82.25;23.50_82.40;23.60_82.35;23.60_82.15;23.60_82.25;23.65_82.15;23.75_82.25;23.75_82.40;23.65_82.25;23.60_82.20;23.60_82.30;23.65_82.30;23.70_82.35;23.55_82.15;23.75_82.30;23.50_82.30;23.55_82.50;23.65_82.45;23.55_82.30;23.70_82.40;23.70_82.30;23.55_82.35;23.70_82.45;23.70_82.25;23.50_82.35,38,FOREST_FIRE,,On Tree Cover — consistent with a forest/wildland fire.,23.57630780241936,82.47105701612904,9149,4.995241935483871,87.19,TREE_COVER,75.04878820931312,HIGH,40
29.70_79.55,29.70_79.55;29.80_79.50;29.55_79.55;29.60_79.50;29.85_79.45;29.80_79.55;29.80_79.40;29.85_79.40;29.75_79.50;29.70_79.60;29.55_79.30;29.70_79.35;29.65_79.45;29.60_79.30;29.75_79.45;29.75_79.30;29.80_79.60;29.70_79.50;29.65_79.30;29.75_79.55;29.80_79.45;29.70_79.40;29.60_79.45;29.80_79.30;29.85_79.50;29.55_79.50;29.70_79.45;29.55_79.45;29.60_79.35;29.55_79.40;29.75_79.40;29.60_79.40;29.85_79.30;29.85_79.55;29.60_79.60;29.85_79.60,36,FOREST_FIRE,,On Tree Cover — consistent with a forest/wildland fire.,29.72459563991324,79.57735010845987,9082,4.314533622559653,159.65,TREE_COVER,89.19577220201268,CRITICAL,40
27.20_83.30,27.20_83.30;27.05_83.55;27.25_83.25;27.25_83.35;27.00_83.45;27.05_83.50;27.20_83.35;27.15_83.50;27.20_83.50;27.15_83.55;27.20_83.55;27.05_83.45;27.10_83.40;27.10_83.55;27.30_83.45;27.10_83.50;27.15_83.40;27.20_83.45;27.35_83.25;27.05_83.40;27.35_83.30;27.05_83.25,22,AGRICULTURAL_BURNING,,On cropland — consistent with crop-residue burning.,27.2278768914956,83.32690202346042,8913,5.843005865102639,202.4,CROPLAND,89.48890737881194,CRITICAL,40
23.60_84.20,23.60_84.20;23.60_84.00;23.55_84.15;23.60_84.05;23.60_84.10;23.50_84.25;23.70_84.15;23.55_84.05;23.55_84.00;23.50_84.10;23.55_84.25;23.50_84.15;23.60_84.25;23.70_84.25;23.70_84.05;23.60_84.15;23.65_84.15;23.65_84.20;23.50_84.30;23.65_84.00;23.70_84.20;23.65_84.10;23.75_84.15;23.70_84.00;23.55_84.30;23.75_84.20;23.65_83.95;23.65_84.05;23.50_84.05;23.60_83.95;23.75_84.05;23.75_83.95;23.70_84.10;23.55_83.95;23.70_83.95;23.75_84.10;23.65_84.25,37,FOREST_FIRE,,On Tree Cover — consistent with a forest/wildland fire.,23.624129739292368,84.22781277467412,8831,4.933575418994414,92.9,TREE_COVER,80.40753995867122,HIGH,40
25.35_75.80,25.35_75.80;25.25_75.95;25.30_75.75;25.20_76.00;25.35_75.85;25.40_76.00;25.30_75.80;25.45_75.80;25.25_75.80;25.35_75.90;25.40_75.70;25.45_76.00;25.40_75.95;25.25_75.75;25.35_75.70;25.35_76.00;25.30_76.00;25.30_75.85;25.40_75.75;25.25_75.65;25.35_75.95;25.30_75.95;25.40_75.85;25.30_75.90;25.45_75.75;25.25_75.90;25.25_75.85;25.45_75.85;25.45_75.90;25.45_75.95;25.50_75.90;25.40_75.90;25.40_75.65;25.20_75.75;25.50_75.95;25.45_75.70;25.20_75.80;25.55_75.70;25.20_75.70;25.55_75.75;25.50_75.80,41,AGRICULTURAL_BURNING,,On cropland — consistent with crop-residue burning.,25.379593037542666,75.82090527303754,8815,7.083668941979521,107.55,CROPLAND,78.01238324466603,CRITICAL,40
29.40_76.55,29.40_76.55;29.40_76.50;29.45_76.55;29.20_76.60;29.45_76.50;29.45_76.60;29.50_76.45;29.40_76.70;29.50_76.50;29.45_76.45;29.20_76.55;29.25_76.55;29.50_76.70;29.25_76.60;29.30_76.65;29.35_76.55;29.35_76.40;29.35_76.70;29.20_76.40;29.20_76.65;29.30_76.50;29.20_76.45;29.45_76.65;29.45_76.40;29.25_76.65;29.20_76.70;29.30_76.45;29.40_76.40;29.35_76.65;29.40_76.45;29.35_76.50;29.50_76.65;29.25_76.50;29.50_76.55;29.30_76.70;29.45_76.70;29.20_76.50;29.40_76.60;29.35_76.45;29.35_76.60;29.25_76.45;29.30_76.55;29.50_76.60;29.50_76.40;29.25_76.40;29.30_76.60,46,AGRICULTURAL_BURNING,,On cropland — consistent with crop-residue burning.,29.42271137820513,76.57514365384615,8575,6.368717948717949,164.59,CROPLAND,83.45448701299578,HIGH,40
24.15_82.55,24.15_82.55;24.20_82.50,2,INDUSTRIAL,,On Bare Sparse land cover (ESA WorldCover 10m) with 7050 historical detections — consistent with a real industrial fire source.,24.171705290780142,82.56634681985815,8534,2.1192028368794324,61.19,BARE_SPARSE,92.43055752550444,CRITICAL,8
29.85_76.05,29.85_76.05;29.85_76.10;29.85_76.15;29.75_76.05;29.80_76.15;29.70_76.05;29.85_76.20;29.70_76.10;29.75_76.10;29.70_76.35;29.70_76.15;29.85_76.25;29.60_76.15;29.65_76.20;29.65_76.15;29.70_76.30;29.85_76.30;29.65_76.05;29.65_76.10;29.70_76.25;29.60_76.35;29.65_76.30;29.75_76.20;29.70_76.20;29.75_76.25;29.85_76.35;29.80_76.25;29.80_76.20;29.65_76.35;29.60_76.30;29.55_76.15;29.65_76.25;29.55_76.30;29.55_76.20;29.55_76.25;29.60_76.25;29.55_76.35;29.60_76.20,38,AGRICULTURAL_BURNING,,On cropland — consistent with crop-residue burning.,29.87466061561561,76.07511445945947,8425,6.866786786786786,126.25,CROPLAND,77.92697996819867,CRITICAL,40
27.75_83.10,27.75_83.10;27.90_82.90;27.85_82.90;27.75_83.00;27.75_83.15;27.75_82.90;27.75_83.05;27.80_82.90;27.85_82.95;27.75_83.20;27.90_82.95;27.80_83.05;27.80_83.10;27.85_83.00;28.00_82.90;27.80_83.00;27.80_82.95;27.80_83.15;28.05_83.15;27.85_83.10;27.80_83.20;28.05_82.90;27.95_83.00;28.00_83.15;27.95_82.95;28.00_83.00;27.90_83.00;27.85_83.15;27.85_83.05;28.00_83.20;28.10_83.05;27.90_83.20;28.05_82.95;27.95_83.15;28.05_83.00;28.00_82.95;28.05_83.20;28.00_83.05;28.05_83.10;27.90_83.15;27.85_83.20;27.95_83.10,42,FOREST_FIRE,,On Tree Cover — consistent with a forest/wildland fire.,27.77584608879493,83.12405739957717,8347,2.7276532769556026,57.4,TREE_COVER,78.72384494963977,HIGH,40
26.85_82.90,26.85_82.90;27.00_83.00;26.85_82.95;26.85_83.20;26.80_83.15;26.80_83.20;26.80_82.95;26.80_82.90;26.95_82.90;26.95_83.15;26.90_82.95;26.80_83.00;26.95_83.00;26.90_83.10;26.90_83.15;26.95_82.95;26.65_83.15;26.65_83.10;27.00_83.15;26.85_83.05;26.95_83.20;26.80_83.05;26.90_83.00;26.85_83.00;26.70_82.90;26.75_82.90;26.90_83.20;26.80_83.10;26.65_83.20;26.90_83.05;26.65_82.90;26.70_83.15;26.70_82.95;26.65_82.85;26.65_82.95,35,AGRICULTURAL_BURNING,,On cropland — consistent with crop-residue burning.,26.8761082,82.92505835294118,8110,4.157270588235294,243.2,CROPLAND,87.05622062944245,CRITICAL,40
29.10_76.50,29.10_76.50;28.95_76.40;28.95_76.45;29.00_76.40;29.15_76.55;28.90_76.40;29.10_76.45;28.95_76.65;29.05_76.60;29.15_76.50;29.00_76.45;29.05_76.45;29.00_76.50;29.05_76.55;29.05_76.40;29.15_76.40;29.05_76.50;29.05_76.70;28.90_76.50;29.00_76.70;29.15_76.45;28.85_76.40;29.00_76.55;28.95_76.50;29.10_76.55;28.95_76.70;29.00_76.60;28.95_76.60;28.85_76.70;29.05_76.65;29.15_76.60;28.90_76.45;29.10_76.60;29.00_76.65;29.15_76.70;28.80_76.40;28.95_76.55;29.10_76.70;28.90_76.70;28.90_76.60;29.10_76.40;28.90_76.55,42,AGRICULTURAL_BURNING,,On cropland — consistent with crop-residue burning.,29.12566257985258,76.52755530712531,7984,8.681941031941033,99.61,CROPLAND,76.22539232890949,HIGH,40
23.70_82.60,23.70_82.60;23.65_82.60;23.50_82.75;23.55_82.70;23.55_82.75;23.60_82.75;23.60_82.85;23.65_82.65;23.70_82.85;23.75_82.50;23.50_82.50;23.50_82.70;23.65_82.85;23.50_82.85;23.50_82.55;23.70_82.80;23.70_82.50;23.75_82.80;23.65_82.55;23.65_82.70;23.60_82.70;23.60_82.65;23.50_82.65;23.65_82.50;23.55_82.80;23.55_82.65;23.50_82.60;23.75_82.55;23.55_82.85;23.50_82.80;23.65_82.75;23.75_82.85;23.55_82.55;23.70_82.75;23.75_82.60;23.60_82.60;23.70_82.65,37,FOREST_FIRE,,On Tree Cover — consistent with a forest/wildland fire.,23.7246639941691,82.62609883381924,7839,2.9572303206997086,35.75,TREE_COVER,72.73310566757961,HIGH,40
24.30_77.90,24.30_77.90;24.30_77.95;24.35_77.95;24.25_78.00;24.35_78.10;24.25_77.90;24.30_78.00;24.25_77.95;24.25_78.05;24.35_78.00;24.35_77.90;24.30_77.85;24.15_77.90;24.20_78.00;24.35_78.05;24.20_77.85;24.20_77.95;24.20_78.05;24.15_78.10;24.25_77.85;24.20_77.90;24.45_78.10;24.15_78.05;24.15_77.95;24.15_77.85;24.15_78.15;24.40_78.05;24.35_77.85;24.40_78.00;24.45_78.00;24.45_77.85;24.45_78.05;24.45_77.90;24.45_77.95;24.40_77.85,35,AGRICULTURAL_BURNING,,On cropland — consistent with crop-residue burning.,24.32577234206472,77.92872012326656,7815,7.582234206471495,146.3,CROPLAND,83.85991478154945,CRITICAL,40
24.60_80.70,24.60_80.70;24.65_81.00;24.65_80.95;24.55_80.85;24.60_81.00;24.60_80.95;24.65_80.70;24.60_81.05;24.65_80.90;24.70_80.95;24.70_80.70;24.50_81.05;24.60_80.75;24.65_81.05;24.50_80.70;24.70_81.05;24.70_81.00;24.75_81.00;24.50_80.75;24.75_80.85;24.75_80.95;24.70_80.80;24.70_80.75;24.70_80.85;24.65_80.75;24.50_80.90;24.50_80.80;24.75_80.90;24.65_80.85;24.65_80.80;24.80_81.05;24.50_80.85;24.55_80.75;24.80_81.00;24.80_80.95;24.75_81.05;24.75_80.70;24.75_80.80;24.80_80.90,39,AGRICULTURAL_BURNING,,On cropland — consistent with crop-residue burning.,24.6219129982669,80.72383821490467,7677,7.770953206239168,251.92,CROPLAND,84.76237795618559,HIGH,40
25.10_83.40,25.10_83.40;25.20_83.55;25.10_83.30;25.10_83.35;25.15_83.45;25.15_83.35;25.20_83.45;25.15_83.50;25.15_83.30;25.10_83.55;25.10_83.45;25.05_83.40;25.10_83.25;25.05_83.55;25.10_83.50;25.15_83.55;25.05_83.30;24.90_83.30;25.05_83.35;25.15_83.25;25.05_83.50;25.20_83.50;25.05_83.25;25.00_83.50;24.90_83.35;25.05_83.45;25.00_83.30;25.00_83.25;25.00_83.35;25.00_83.40,30,AGRICULTURAL_BURNING,,On cropland — consistent with crop-residue burning.,25.12792154320988,83.42457948148147,7673,7.22437037037037,157.26,CROPLAND,84.19178194907202,CRITICAL,40
29.20_80.30,29.20_80.30;29.25_80.30;29.25_80.00;29.20_80.20;29.20_80.15;29.50_80.00;29.20_80.10;29.45_80.10;29.25_80.15;29.25_80.10;29.20_80.25;29.30_80.00;29.45_80.25;29.20_80.05;29.25_80.20;29.25_80.05;29.15_80.00;29.45_80.05;29.50_80.15;29.40_80.20;29.20_80.00;29.45_80.15;29.45_80.20;29.30_80.30;29.25_80.25;29.45_80.30;29.30_80.15;29.45_80.00;29.30_80.25;29.50_80.30;29.40_80.00;29.35_80.10;29.30_80.10;29.35_80.20;29.40_80.25;29.40_80.05;29.40_80.15;29.50_80.25;29.35_80.05;29.40_80.30;29.50_80.20;29.30_80.05;29.35_80.00,43,FOREST_FIRE,,On Tree Cover — consistent with a forest/wildland fire.,29.22435252983293,80.32254090692123,7589,2.889689737470167,83.34,TREE_COVER,76.98936883815543,CRITICAL,40
29.70_75.30,29.70_75.30;29.65_75.25;29.70_75.20;29.55_75.25;29.80_75.15;29.65_75.20;29.70_75.25;29.80_75.25;29.75_75.20;29.55_75.20;29.85_74.95;29.60_75.25;29.90_75.05;29.55_75.10;29.85_75.15;29.70_75.15;29.60_75.10;29.85_75.05;29.80_75.05;29.55_74.95;29.65_75.10;29.75_75.15;29.60_75.05;29.85_75.10;29.85_75.00;29.55_75.15;29.60_75.00;29.85_75.20;29.65_75.05;29.70_75.00;29.75_75.10;29.55_75.00;29.75_75.05;29.70_75.10;29.60_74.95;29.80_74.95;29.70_74.95;29.65_74.95;29.75_75.00;29.75_74.95;29.70_75.05;29.65_75.00,42,AGRICULTURAL_BURNING,Mirpur Kalan,On cropland — consistent with crop-residue burning.,29.7319705,75.3083557,7408,5.652847571189279,78.35,CROPLAND,77.07000832532601,HIGH,40
26.35_83.70,26.35_83.70;26.30_83.75;26.35_83.60;26.30_83.70;26.40_83.85;26.35_83.65;26.45_83.90;26.30_83.80;26.35_83.85;26.40_83.75;26.30_83.65;26.40_83.80;26.55_83.75;26.55_83.70;26.60_83.75;26.45_83.80;26.45_83.85;26.55_83.65;26.40_83.60;26.30_83.85;26.55_83.90;26.55_83.80;26.45_83.75;26.60_83.60;26.50_83.75;26.45_83.60;26.55_83.60;26.35_83.90;26.45_83.65;26.60_83.90;26.55_83.85;26.50_83.65;26.50_83.60;26.30_83.90,34,AGRICULTURAL_BURNING,,On cropland — consistent with crop-residue burning.,26.377843640553,83.72385548387096,7325,5.774562211981566,114.86,CROPLAND,80.17593065253544,HIGH,40
27.35_84.30,27.35_84.30;27.35_84.35;27.35_84.40;27.35_84.65;27.30_84.35;27.30_84.50;27.35_84.45;27.30_84.45;27.30_84.40;27.35_84.60;27.30_84.30;27.35_84.50;27.35_84.55;27.30_84.65;27.30_84.55;27.30_84.60;27.20_84.55;27.25_84.55;27.20_84.60;27.20_84.35;27.25_84.30;27.25_84.40;27.25_84.65;27.10_84.35,24,FOREST_FIRE,,On Tree Cover — consistent with a forest/wildland fire.,27.36822629842181,84.32436503586801,7256,3.209368723098996,68.23,TREE_COVER,76.96715544512055,HIGH,40
27.40_84.70,27.40_84.70;27.40_84.75;27.45_84.75;27.50_84.70;27.45_84.70;27.60_84.90;27.55_84.85;27.40_84.80;27.70_84.70;27.55_84.95;27.45_84.80;27.50_84.85;27.70_84.75;27.65_84.70;27.65_84.75;27.60_84.70;27.50_84.90;27.60_84.95;27.50_84.95;27.65_84.80;27.60_84.80;27.40_84.85;27.65_84.95;27.70_84.95;27.65_84.85;27.60_84.75;27.65_84.90;27.70_84.85;27.70_84.90,29,FOREST_FIRE,,On Tree Cover — consistent with a forest/wildland fire.,27.42060591922006,84.72486754874652,7218,3.67282729805014,86.01,TREE_COVER,84.22628300694404,CRITICAL,40
24.60_80.65,24.60_80.65;24.60_80.60;24.65_80.60;24.60_80.55;24.65_80.65;24.55_80.65;24.50_80.55;24.60_80.40;24.55_80.45;24.50_80.50;24.50_80.35;24.60_80.45;24.70_80.65;24.55_80.40;24.75_80.45;24.50_80.40;24.55_80.60;24.50_80.45;24.50_80.60;24.55_80.35;24.70_80.60;24.75_80.55;24.60_80.50;24.55_80.55;24.50_80.65;24.65_80.50;24.65_80.45;24.70_80.50;24.70_80.55;24.70_80.35;24.80_80.45;24.80_80.40;24.65_80.35,33,AGRICULTURAL_BURNING,,On cropland — consistent with crop-residue burning.,24.62147206015037,80.67639430075188,7207,9.322466165413534,171.87,CROPLAND,81.4393126015318,CRITICAL,40
25.35_76.35,25.35_76.35;25.40_76.35;25.20_76.05;25.45_76.10;25.45_76.35;25.25_76.05;25.30_76.35;25.45_76.05;25.50_76.10;25.25_76.30;25.40_76.05;25.30_76.30;25.50_76.15;25.35_76.25;25.25_76.10;25.40_76.25;25.25_76.15;25.25_76.20;25.55_76.20;25.30_76.25;25.50_76.20;25.50_76.30;25.50_76.05;25.30_76.10;25.30_76.15;25.35_76.10;25.25_76.35;25.40_76.30;25.30_76.20;25.40_76.15;25.40_76.10;25.55_76.30;25.25_76.25;25.45_76.30;25.50_76.35;25.45_76.20;25.50_76.00;25.55_76.35;25.20_76.20,39,AGRICULTURAL_BURNING,,On cropland — consistent with crop-residue burning.,25.37469446650124,76.37613399503722,7200,7.847543424317617,200.54,CROPLAND,80.19862275812905,HIGH,40
23.60_82.95,23.60_82.95;23.60_82.90;23.70_83.00;23.55_82.95;23.70_83.10;23.70_83.05;23.70_83.15;23.70_82.95;23.55_83.20;23.65_82.90;23.70_82.90;23.55_82.90;23.55_83.00;23.65_83.00;23.55_83.15;23.50_83.05;23.60_83.00;23.55_83.10;23.65_83.15;23.75_83.05;23.75_83.00;23.60_83.20;23.75_82.95;23.65_83.05;23.50_83.00;23.65_83.10;23.65_82.95;23.75_83.10;23.50_83.10;23.50_83.15;23.65_83.20;23.50_82.90,32,FOREST_FIRE,,On Tree Cover — consistent with a forest/wildland fire.,23.62208330526316,82.97353928421053,7143,3.776526315789473,40.46,TREE_COVER,74.48371365362452,HIGH,40
24.65_77.05,24.65_77.05;24.70_77.05;24.70_77.00;24.75_77.00;24.65_76.90;24.80_76.95;24.60_76.85;24.70_76.75;24.60_76.80;24.70_76.90;24.65_77.00;24.55_77.05;24.65_76.95;24.60_76.90;24.65_76.75;24.80_77.00;24.75_76.95;24.65_76.85;24.75_76.75;24.70_76.80;24.75_76.85;24.75_76.90;24.75_76.80;24.60_76.75;24.50_77.05;24.80_76.90;24.70_76.85;24.55_76.85;24.80_76.85;24.55_76.80;24.55_76.90;24.55_77.00;24.80_76.75;24.60_76.95;24.80_76.80;24.50_76.90;24.55_76.75;24.50_76.80;24.50_76.75,39,AGRICULTURAL_BURNING,,On cropland — consistent with crop-residue burning.,24.673914144981413,77.07460631970261,7091,4.470576208178438,202.74,CROPLAND,92.84716329442286,CRITICAL,40
27.65_83.60,27.65_83.60;27.45_83.90;27.50_83.85;27.50_83.90;27.55_83.90;27.60_83.85;27.55_83.80;27.65_83.90;27.60_83.75;27.60_83.70;27.65_83.65;27.70_83.80;27.65_83.75;27.60_83.65;27.50_83.80;27.65_83.70;27.55_83.75;27.60_83.80;27.70_83.85;27.70_83.70;27.70_83.65;27.40_83.65;27.70_83.60;27.70_83.90;27.70_83.75;27.40_83.90,26,FOREST_FIRE,Triveni power plant,On Tree Cover — consistent with a forest/wildland fire.,27.677839010791367,83.62528499999999,7068,3.006888489208633,108.71,TREE_COVER,79.02583198165385,CRITICAL,40
29.25_80.50,29.25_80.50;29.20_80.35;29.40_80.55;29.35_80.55;29.20_80.65;29.40_80.50;29.40_80.45;29.40_80.60;29.35_80.50;29.40_80.65;29.20_80.40;29.25_80.35;29.30_80.45;29.35_80.60;29.25_80.45;29.30_80.35;29.30_80.40;29.25_80.40;29.45_80.65;29.20_80.50;29.20_80.60;29.35_80.45;29.25_80.60;29.25_80.55;29.30_80.55;29.45_80.50;29.25_80.65;29.50_80.60;29.45_80.60;29.35_80.40;29.50_80.35;29.20_80.45;29.50_80.55;29.20_80.55;29.50_80.65;29.40_80.35;29.35_80.35;29.45_80.45;29.50_80.40;29.50_80.45;29.55_80.65;29.45_80.40,42,FOREST_FIRE,,On Tree Cover — consistent with a forest/wildland fire.,29.279221206434315,80.52237131367292,6658,3.438713136729222,53.82,TREE_COVER,74.29854188143875,HIGH,40
23.75_82.05,23.75_82.05;23.65_82.10;23.75_82.00;23.60_82.00;23.65_82.05;23.55_82.00;23.50_82.05;23.70_82.10;23.75_81.95;23.50_81.90;23.50_82.00;23.50_81.80;23.65_81.85;23.50_82.10;23.55_81.95;23.50_81.95;23.50_81.85;23.65_82.00;23.60_81.90;23.65_81.90;23.55_82.05;23.60_82.05;23.65_81.80;23.55_81.90;23.70_81.95;23.70_82.00;23.55_81.80;23.75_81.90;23.55_81.85;23.60_81.80;23.70_82.05,31,FOREST_FIRE,,On Tree Cover — consistent with a forest/wildland fire.,23.77607582781457,82.07665322295806,6650,3.0014348785871965,31.63,TREE_COVER,73.9359674283102,HIGH,40
29.75_79.65,29.75_79.65;29.70_79.70;29.80_79.65;29.70_79.75;29.65_79.70;29.85_79.75;29.75_79.70;29.60_79.95;29.55_79.75;29.85_79.70;29.70_79.65;29.55_79.80;29.65_79.90;29.80_79.95;29.65_79.75;29.65_79.85;29.85_79.80;29.65_79.95;29.65_79.80;29.55_79.95;29.85_79.90;29.60_79.80;29.75_79.90;29.70_79.80;29.60_79.65;29.75_79.95;29.80_79.90;29.65_79.65;29.80_79.70;29.70_79.90;29.75_79.85;29.60_79.70;29.55_79.90;29.75_79.80,34,FOREST_FIRE,,On Tree Cover — consistent with a forest/wildland fire.,29.773404401041663,79.67769244791667,6620,3.662135416666666,69.37,TREE_COVER,78.41917919399232,HIGH,40
29.65_76.70,29.65_76.70;29.65_76.65;29.60_76.55;29.60_76.70;29.65_76.60;29.55_76.70;29.55_76.65;29.60_76.65;29.70_76.60;29.70_76.65;29.55_76.60;29.55_76.50;29.75_76.65;29.80_76.60;29.55_76.45;29.60_76.60;29.85_76.50;29.70_76.70;29.75_76.60;29.55_76.55;29.65_76.55;29.60_76.45;29.85_76.65;29.60_76.40;29.80_76.55;29.80_76.65;29.70_76.40;29.80_76.50;29.80_76.70;29.85_76.70;29.85_76.40;29.55_76.40;29.70_76.55;29.70_76.50;29.75_76.70;29.65_76.40;29.75_76.50;29.65_76.50;29.85_76.45;29.75_76.55;29.70_76.45,41,AGRICULTURAL_BURNING,,On cropland — consistent with crop-residue burning.,29.676658316498315,76.72285488215489,6545,6.679191919191919,96.57,CROPLAND,75.86254745378731,HIGH,40
24.85_76.55,24.85_76.55;25.20_76.70;25.00_76.40;25.10_76.55;25.20_76.65;25.20_76.50;25.05_76.55;25.05_76.70;24.85_76.60;24.95_76.50;25.00_76.60;25.00_76.55;24.95_76.55;25.00_76.50;25.05_76.45;25.00_76.65;25.15_76.40;25.15_76.50;24.90_76.55;24.90_76.40;24.95_76.45;25.00_76.70;25.00_76.45;24.90_76.45;25.10_76.45;25.15_76.45;24.90_76.50;25.10_76.50;24.95_76.65;25.15_76.70;25.15_76.60;25.05_76.50;24.95_76.60;24.85_76.45;24.95_76.70;25.15_76.55;25.10_76.65;24.90_76.60;25.15_76.65;24.85_76.50;25.20_76.55;25.10_76.70;24.90_76.70;25.20_76.75;24.90_76.75,45,AGRICULTURAL_BURNING,,On cropland — consistent with crop-residue burning.,24.87423403076923,76.57959944615385,6516,5.096707692307692,137.16,CROPLAND,78.67024869570501,HIGH,40
23.60_78.20,23.60_78.20;23.60_78.35;23.50_78.25;23.60_78.25;23.55_78.35;23.50_78.20;23.55_78.25;23.65_78.35;23.65_78.25;23.70_78.25;23.65_78.30;23.65_78.50;23.65_78.20;23.50_78.35;23.60_78.40;23.65_78.40;23.75_78.50;23.55_78.40;23.70_78.50;23.70_78.35;23.70_78.40;23.60_78.50;23.75_78.20;23.70_78.20,24,AGRICULTURAL_BURNING,,On cropland — consistent with crop-residue burning.,23.62605935238096,78.22452468571429,6499,6.653047619047618,291.92,CROPLAND,94.10295908481008,CRITICAL,40
29.50_79.30,29.50_79.30;29.40_79.50;29.45_79.45;29.30_79.40;29.50_79.35;29.50_79.40;29.45_79.40;29.45_79.50;29.50_79.55;29.50_79.50;29.30_79.45;29.25_79.45;29.40_79.35;29.40_79.55;29.45_79.30;29.20_79.60;29.45_79.35;29.35_79.40;29.30_79.35;29.30_79.60;29.40_79.30;29.35_79.35;29.35_79.60;29.45_79.55;29.40_79.40;29.25_79.40;29.30_79.30;29.20_79.55;29.35_79.30;29.25_79.35;29.20_79.30;29.45_79.60;29.20_79.35;29.40_79.60,34,FOREST_FIRE,,On Tree Cover — consistent with a forest/wildland fire.,29.52562067669173,79.32508310776942,6119,2.230651629072681,78.79,TREE_COVER,76.78127389541459,HIGH,40
29.85_78.85,29.85_78.85;29.80_78.65;29.80_78.75;29.75_78.80;29.80_78.70;29.80_78.60;29.85_78.80;29.75_78.75;29.85_78.55;29.70_78.80;29.70_78.85;29.55_78.80;29.70_78.75;29.85_78.65;29.80_78.55;29.75_78.70;29.60_78.80;29.75_78.85;29.75_78.55;29.65_78.85;29.65_78.80;29.55_78.85;29.75_78.65;29.60_78.70;29.75_78.60;29.55_78.75;29.60_78.75;29.65_78.75;29.55_78.60;29.70_78.70;29.55_78.70;29.60_78.55;29.60_78.60;29.65_78.55;29.60_78.85;29.65_78.60;29.70_78.65;29.70_78.60;29.55_78.65;29.65_78.70;29.65_78.65,41,FOREST_FIRE,,On Tree Cover — consistent with a forest/wildland fire.,29.874662795918365,78.87779710204082,6080,3.4378367346938776,61.28,TREE_COVER,80.74285466057744,HIGH,40
28.70_76.50,28.70_76.50;28.65_76.55;28.65_76.50;28.70_76.55;28.80_76.65;28.75_76.65;28.60_76.50;28.70_76.60;28.60_76.45;28.80_76.70;28.80_76.60;28.80_76.55;28.60_76.55;28.70_76.65;28.65_76.45;28.65_76.60;28.80_76.45;28.75_76.50;28.75_76.45;28.55_76.45;28.80_76.50;28.45_76.55;28.60_76.40;28.55_76.70;28.65_76.65;28.65_76.70;28.50_76.60;28.50_76.45;28.45_76.60;28.50_76.65;28.50_76.70;28.65_76.40;28.45_76.45;28.55_76.60;28.60_76.60;28.45_76.50;28.50_76.50;28.55_76.40;28.60_76.65;28.50_76.55;28.45_76.65;28.55_76.55;28.55_76.50;28.45_76.40,44,AGRICULTURAL_BURNING,,On cropland — consistent with crop-residue burning.,28.722767325227966,76.52220738601824,6029,8.234802431610943,117.2,CROPLAND,75.94017062568426,CRITICAL,40
24.70_77.10,24.70_77.10;24.65_77.10;24.75_77.10;24.50_77.45;24.55_77.40;24.75_77.45;24.80_77.10;24.60_77.40;24.65_77.15;24.70_77.35;24.50_77.40;24.65_77.45;24.60_77.10;24.60_77.45;24.70_77.45;24.75_77.25;24.70_77.40;24.50_77.35;24.55_77.10;24.80_77.45;24.75_77.40;24.70_77.30;24.60_77.20;24.60_77.15;24.80_77.20;24.55_77.35;24.65_77.35;24.80_77.40;24.50_77.25;24.55_77.25;24.75_77.30;24.75_77.20;24.55_77.30;24.60_77.35;24.70_77.20;24.85_77.40;24.65_77.25;24.60_77.30;24.75_77.35;24.65_77.30,40,AGRICULTURAL_BURNING,,On cropland — consistent with crop-residue burning.,24.722060425,77.1277217,5949,4.6884,137.67,CROPLAND,82.87165798460494,HIGH,40
28.55_80.85,28.55_80.85;28.80_80.85;28.80_80.90;28.60_80.85;28.80_80.75;28.75_80.95;28.80_81.00;28.80_80.80;28.65_80.70;28.45_80.80;28.80_80.95;28.75_81.05;28.75_81.00;28.75_80.90;28.45_80.70;28.60_80.80;28.75_80.85;28.65_80.85;28.65_80.80;28.45_80.75;28.70_81.00;28.65_80.75;28.55_80.95;28.45_81.05;28.50_80.75;28.60_80.75;28.75_80.75;28.70_80.75;28.60_80.95;28.70_80.95;28.65_80.90;28.75_80.70;28.70_80.90,33,FOREST_FIRE,,On Tree Cover — consistent with a forest/wildland fire.,28.573185928753183,80.87336888040713,5911,6.348066157760814,219.3,TREE_COVER,79.75720592394019,HIGH,40
28.95_79.90,28.95_79.90;28.85_79.65;28.85_79.85;28.85_79.70;28.95_79.75;28.90_79.75;28.95_79.70;28.90_79.80;28.85_79.75;28.95_79.95;28.85_79.80;29.00_79.90;28.80_79.65;29.00_79.70;28.95_79.85;28.95_79.80;28.95_79.65,17,AGRICULTURAL_BURNING,,On cropland — consistent with crop-residue burning.,28.972304575645754,79.92491492619926,5883,7.199538745387454,133.68,CROPLAND,83.39309299485694,HIGH,40
29.70_76.80,29.70_76.80;29.60_76.75;29.75_77.00;29.70_76.85;29.65_76.80;29.70_76.75;29.55_76.75;29.60_76.85;29.65_76.75;29.55_76.80;29.80_76.85;29.55_76.85;29.55_77.05;29.60_77.00;29.60_76.80;29.65_76.85;29.80_76.75;29.55_76.95;29.65_77.05;29.60_77.05;29.80_76.80;29.55_76.90;29.75_77.05;29.85_76.80;29.55_77.00;29.75_76.85;29.60_76.90;29.85_76.85;29.80_77.00;29.75_76.80;29.80_77.05;29.75_76.75,32,AGRICULTURAL_BURNING,,On cropland — consistent with crop-residue burning.,29.72496719298245,76.82710866666666,5795,7.354947368421052,133.92,CROPLAND,76.93040525037553,HIGH,40
28.90_76.35,28.90_76.35;29.10_76.25;29.00_76.35;28.85_76.15;29.15_76.30;29.15_76.25;28.85_76.35;28.90_76.15;29.00_76.15;29.10_76.20;29.00_76.30;29.05_76.25;28.95_76.15;29.10_76.10;29.10_76.30;28.85_76.20;28.85_76.30;29.05_76.20;29.05_76.35;29.15_76.05;29.10_76.15;28.95_76.30;29.00_76.10;29.15_76.10;29.05_76.30;29.15_76.35;28.90_76.25;29.05_76.15;28.85_76.10;29.05_76.10;29.10_76.05;28.85_76.25;28.85_76.05;28.95_76.05;28.90_76.10;29.00_76.05;28.95_76.10;28.90_76.05;29.05_76.05;28.80_76.20,40,AGRICULTURAL_BURNING,,On cropland — consistent with crop-residue burning.,28.926360335051545,76.37661087628865,5789,6.603762886597939,167.22,CROPLAND,81.36579184569734,HIGH,40
29.50_79.25,29.50_79.25;29.50_79.10;29.40_79.15;29.25_79.05;29.50_79.15;29.25_78.95;29.50_79.00;29.45_79.25;29.35_79.15;29.40_79.10;29.50_79.05;29.35_79.20;29.50_79.20;29.30_79.10;29.40_79.25;29.45_79.20;29.35_79.00;29.40_79.20;29.25_79.10;29.35_79.05;29.30_79.00;29.45_79.05;29.35_78.90;29.45_79.15;29.40_79.05;29.35_78.95;29.25_79.25;29.25_79.20;29.25_79.15;29.45_79.10;29.30_79.25;29.40_78.90;29.40_79.00;29.40_78.95;29.45_78.90;29.30_78.90;29.45_79.00;29.45_78.95;29.50_78.90;29.50_78.95,40,FOREST_FIRE,,On Tree Cover — consistent with a forest/wildland fire.,29.52520552752293,79.27893614678898,5743,2.9838532110091744,184.89,TREE_COVER,78.56583563948634,CRITICAL,40
24.40_77.45,24.40_77.45;24.15_77.50;24.45_77.50;24.40_77.50;24.25_77.50;24.35_77.55;24.45_77.70;24.30_77.50;24.20_77.75;24.35_77.50;24.20_77.80;24.15_77.75;24.25_77.55;24.30_77.55;24.40_77.55;24.15_77.55;24.20_77.50;24.30_77.60;24.15_77.70;24.15_77.80;24.45_77.65;24.45_77.55;24.45_77.80;24.35_77.60;24.25_77.80;24.40_77.70;24.45_77.75;24.20_77.70;24.35_77.65;24.40_77.65;24.20_77.55;24.25_77.70;24.15_77.65;24.25_77.60;24.45_77.60;24.40_77.80;24.30_77.80;24.40_77.60;24.30_77.65;24.35_77.70;24.20_77.60;24.40_77.75;24.15_77.60;24.35_77.75;24.30_77.75;24.35_77.80,46,AGRICULTURAL_BURNING,,On cropland — consistent with crop-residue burning.,24.42584307881773,77.47944928571428,5517,6.297758620689655,148.47,CROPLAND,82.70985740889948,CRITICAL,40
26.95_83.55,26.95_83.55;26.90_83.55;26.90_83.50;26.95_83.50;27.00_83.40;26.85_83.50;26.90_83.45;26.80_83.25;26.85_83.55;26.85_83.30;26.85_83.25;26.65_83.25;26.85_83.45;26.90_83.25;26.90_83.35;26.90_83.40;26.80_83.45;26.95_83.25;26.75_83.45;26.90_83.30;26.95_83.30;26.70_83.30;27.00_83.25;26.80_83.40;26.85_83.35,25,AGRICULTURAL_BURNING,,On cropland — consistent with crop-residue burning.,26.977087512520868,83.57491749582638,5419,4.585191986644408,183.58,CROPLAND,84.37150534086531,CRITICAL,40
25.70_78.90,25.70_78.90;25.75_78.90;25.65_78.90;25.85_78.90;25.65_78.95;25.60_79.00;25.60_78.95;25.65_79.05;25.90_78.95;25.80_78.90;25.60_79.20;25.70_78.95;25.60_79.05;25.60_79.10;25.90_79.10;25.80_78.95;25.75_79.00;25.60_79.15;25.60_78.90;25.85_78.95;25.90_78.90;25.65_79.00;25.85_79.00;25.85_79.10;25.80_79.15;25.65_79.15;25.70_79.00;25.85_79.15;25.80_79.00;25.70_79.05;25.90_79.00;25.90_79.05;25.65_79.10;25.90_79.15;25.75_79.10;25.80_79.20;25.70_79.10;25.65_79.20;25.90_79.20;25.85_79.25;25.85_79.20;25.80_79.05;25.90_79.25;25.55_79.10;25.70_79.20,45,AGRICULTURAL_BURNING,,On cropland — consistent with crop-residue burning.,25.723726009975064,78.92431610972568,5242,7.551645885286783,100.35,CROPLAND,73.5649142406029,HIGH,40
23.65_84.95,23.65_84.95,1,INDUSTRIAL,,On Built Up land cover (ESA WorldCover 10m) with 5237 historical detections — consistent with a real industrial fire source.,23.6627185,84.9862338,5237,1.3455508879129272,27.47,BUILT_UP,87.24980111203567,CRITICAL,8
24.45_77.45,24.45_77.45;24.20_77.45;24.25_77.45;24.20_77.40;24.15_77.45;24.35_77.45;24.30_77.25;24.35_77.40;24.25_77.40;24.45_77.40;24.40_77.20;24.20_77.30;24.15_77.40;24.40_77.40;24.45_77.35;24.15_77.35;24.25_77.20;24.25_77.30;24.25_77.35;24.40_77.35;24.30_77.15;24.30_77.40;24.30_77.35;24.30_77.30;24.25_77.15;24.35_77.35;24.15_77.10;24.35_77.15;24.40_77.15;24.25_77.10;24.20_77.35;24.20_77.10;24.30_77.10;24.15_77.15,34,AGRICULTURAL_BURNING,,On cropland — consistent with crop-residue burning.,24.47170928721174,77.47340582809224,5207,7.301761006289309,259.61,CROPLAND,96.63005202170947,CRITICAL,40
26.60_79.45,26.60_79.45,1,INDUSTRIAL,,On Built Up land cover (ESA WorldCover 10m) with 5121 historical detections — consistent with a real industrial fire source.,26.6438071,79.4907785,5121,2.71207381370826,42.02,BUILT_UP,84.77048405464605,CRITICAL,8
27.35_84.25,27.35_84.25;27.35_84.20;27.30_84.05;27.35_84.00;27.30_84.10;27.30_84.25;27.30_84.15;27.35_83.95;27.35_84.15;27.35_84.10;27.25_84.15;27.20_84.00;27.30_84.00;27.25_84.20;27.10_84.10;27.05_84.15;27.15_84.10;27.00_84.25,18,FOREST_FIRE,,On Tree Cover — consistent with a forest/wildland fire.,27.373184418331373,84.2761864159812,5117,2.9873207990599298,88.11,TREE_COVER,77.15049933965125,HIGH,40
24.70_83.75,24.70_83.75;24.75_83.75;24.75_83.90;24.70_83.70;24.70_83.80;24.65_83.80;24.70_83.85;24.75_83.80;24.75_83.85;24.80_83.65;24.80_83.90;24.80_83.85;24.75_83.60;24.65_83.65;24.80_83.75;24.70_83.65;24.60_83.85;24.80_83.80;24.50_83.60;24.55_83.75;24.55_83.60;24.50_83.65;24.60_83.75;24.60_83.70,24,FOREST_FIRE,,On Tree Cover — consistent with a forest/wildland fire.,24.727316035634743,83.77589249443207,5080,6.152071269487751,60.05,TREE_COVER,75.49417588144777,CRITICAL,40
25.50_76.75,25.50_76.75;25.40_76.80;25.20_77.00;25.35_76.85;25.30_76.85;25.20_76.95;25.25_77.00;25.40_76.75;25.25_76.85;25.25_76.90;25.35_76.95;25.50_77.05;25.25_77.05;25.55_77.05;25.50_76.80;25.55_77.00;25.45_77.00;25.40_77.05;25.25_77.10;25.20_77.05;25.30_76.75;25.55_76.80;25.40_77.00;25.55_76.90,24,AGRICULTURAL_BURNING,,On cropland — consistent with crop-residue burning.,25.51989207232268,76.76241218358831,5070,9.181557719054242,108.15,CROPLAND,77.91449656731005,CRITICAL,40
29.80_80.30,29.80_80.30;29.85_80.10;29.75_80.00;29.85_80.15;29.85_80.05;29.80_80.00;29.65_80.05;29.70_80.15;29.85_80.20;29.85_80.25;29.75_80.30;29.65_80.10;29.70_80.10;29.70_80.00;29.60_80.10;29.75_80.15;29.65_80.20;29.70_80.25;29.70_80.05;29.60_80.05;29.75_80.25;29.70_80.20;29.80_80.10;29.80_80.25;29.60_80.15;29.65_80.30;29.75_80.10;29.60_80.30;29.80_80.20;29.80_80.15;29.70_80.30;29.60_80.20;29.75_80.20;29.55_80.20;29.85_80.00,35,FOREST_FIRE,,On Tree Cover — consistent with a forest/wildland fire.,29.826963117283952,80.32127641975309,5062,2.407654320987654,51.16,TREE_COVER,76.84689443473127,HIGH,40
26.45_78.25,26.45_78.25;26.45_78.30;26.45_78.40;26.50_78.40;26.40_78.30;26.40_78.35;26.50_78.25;26.30_78.30;26.40_78.25;26.50_78.35;26.50_78.30;26.45_78.35;26.45_78.20;26.35_78.30;26.45_78.45;26.40_78.20;26.30_78.35;26.50_78.45;26.35_78.35;26.55_78.45;26.50_78.50;26.45_78.50;26.55_78.40;26.50_78.20;26.55_78.50;26.40_78.40;26.35_78.45;26.35_78.40;26.35_78.50;26.40_78.50;26.30_78.40;26.40_78.45;26.65_78.35;26.30_78.50;26.30_78.45;26.60_78.50;26.60_78.40;26.55_78.35;26.35_78.20;26.60_78.30;26.55_78.20;26.65_78.30;26.55_78.30,43,AGRICULTURAL_BURNING,,On cropland — consistent with crop-residue burning.,26.473932534722223,78.27734409722223,5039,6.129114583333333,110.68,CROPLAND,78.23608284400993,CRITICAL,40
25.10_77.60,25.10_77.60;25.10_77.65;24.90_77.80;25.15_77.65;24.95_77.80;24.95_77.75;24.95_77.60;25.15_77.60;24.95_77.70;24.85_77.75;24.85_77.80;25.00_77.70;24.90_77.75;24.90_77.60;24.85_77.65;24.85_77.70;24.90_77.70;24.90_77.65;25.00_77.65;25.10_77.80;25.00_77.55;25.05_77.70;24.85_77.55;24.85_77.60;25.05_77.65;25.10_77.70;25.10_77.55;24.85_77.50;24.95_77.55;25.05_77.50;24.90_77.55;24.95_77.65;25.00_77.75;25.20_77.60;25.10_77.75;25.00_77.80;25.05_77.75;25.00_77.60;25.05_77.45;25.05_77.80;25.20_77.55;24.90_77.50;25.10_77.50;24.95_77.50;24.85_77.45;25.15_77.55;25.15_77.75;25.00_77.50;25.15_77.70,49,AGRICULTURAL_BURNING,,On cropland — consistent with crop-residue burning.,25.125522950819672,77.62828032786885,5000,4.016844262295082,101.55,CROPLAND,76.64261974743764,CRITICAL,40
29.20_76.15,29.20_76.15;29.50_76.05;29.20_76.10;29.45_76.10;29.25_76.20;29.35_76.35;29.45_76.05;29.20_76.35;29.20_76.20;29.50_76.10;29.25_76.15;29.40_76.35;29.50_76.20;29.25_76.25;29.20_76.25;29.45_76.35;29.50_76.35;29.30_76.35;29.35_76.30;29.45_76.25;29.45_76.30;29.40_76.05;29.50_76.25;29.40_76.30;29.20_76.05;29.50_76.30;29.45_76.15;29.45_76.20;29.25_76.10;29.40_76.10;29.25_76.35;29.50_76.15;29.40_76.25;29.30_76.10;29.40_76.20;29.40_76.15;29.25_76.30;29.25_76.05;29.35_76.15;29.30_76.15;29.35_76.10;29.35_76.20;29.30_76.05,43,AGRICULTURAL_BURNING,,On cropland — consistent with crop-residue burning.,29.22564400722021,76.17953823104693,4953,6.833176895306859,53.82,CROPLAND,72.90566712776635,HIGH,40
29.30_80.70,29.30_80.70;29.35_80.75;29.20_81.00;29.35_80.80;29.20_80.75;29.20_80.95;29.35_80.70;29.40_80.85;29.25_80.80;29.45_80.80;29.20_80.85;29.40_80.80;29.25_81.00;29.35_80.90;29.40_80.70;29.30_80.85;29.20_80.80;29.20_80.70;29.30_81.05;29.40_80.90;29.45_80.95;29.50_80.85;29.20_81.05;29.40_80.75;29.35_80.95;29.45_81.00;29.50_80.70;29.40_80.95;29.35_81.00;29.30_80.95;29.55_80.80;29.45_80.75;29.30_81.00;29.50_80.80;29.55_80.85;29.35_81.05;29.40_81.05;29.50_80.90;29.40_81.00;29.55_80.90,40,FOREST_FIRE,Kalanga Gad HEP,On Tree Cover — consistent with a forest/wildland fire.,29.32881776162791,80.72868406976744,4913,3.435406976744186,63.17,TREE_COVER,78.35071687081465,HIGH,40
28.15_80.00,28.15_80.00;28.15_80.15;28.30_80.20;28.20_80.30;28.30_80.15;28.35_80.10;28.10_80.00;28.20_80.15;28.25_80.15;28.35_80.15;28.10_80.25;28.15_80.05;28.10_80.15;28.25_80.05;28.30_80.00;28.35_80.20;28.10_80.10;28.35_80.00;28.15_80.10;28.30_80.25;28.25_80.10;28.30_80.05;28.30_80.10;28.25_80.20;28.25_80.00;28.20_80.10;28.10_80.05;28.40_80.15;28.10_80.20;28.40_80.05;28.20_80.05,31,AGRICULTURAL_BURNING,,On cropland — consistent with crop-residue burning.,28.17104243243244,80.02414127413128,4907,7.287142857142856,71.63,CROPLAND,74.08815517467306,HIGH,40
24.55_77.50,24.55_77.50;24.80_77.65;24.65_77.80;24.75_77.75;24.50_77.50;24.50_77.70;24.75_77.50;24.65_77.50;24.55_77.80;24.70_77.65;24.75_77.70;24.50_77.55;24.70_77.50;24.55_77.55;24.50_77.80;24.65_77.75;24.70_77.70;24.65_77.70;24.75_77.65;24.80_77.75;24.60_77.50;24.80_77.80;24.70_77.75;24.65_77.65;24.75_77.55;24.60_77.70;24.70_77.60;24.80_77.55;24.65_77.60;24.50_77.75;24.60_77.80;24.65_77.55;24.70_77.55;24.60_77.65;24.60_77.60;24.60_77.55;24.80_77.60;24.60_77.75,38,AGRICULTURAL_BURNING,,On cropland — consistent with crop-residue burning.,24.57491878260869,77.52310397101449,4891,5.784840579710145,144.93,CROPLAND,84.40743119582147,CRITICAL,40
23.55_77.35,23.55_77.35;23.70_77.20;23.70_77.45;23.50_77.45;23.50_77.15;23.75_77.20;23.65_77.40;23.75_77.40;23.50_77.10;23.50_77.40;23.55_77.40;23.55_77.15;23.75_77.35;23.70_77.30;23.65_77.20;23.50_77.20;23.50_77.25;23.75_77.30;23.75_77.45;23.70_77.25;23.55_77.10;23.60_77.20;23.55_77.25;23.60_77.40;23.55_77.30;23.65_77.15;23.65_77.25;23.65_77.10,28,AGRICULTURAL_BURNING,,On cropland — consistent with crop-residue burning.,23.576445506493503,77.36711451948052,4868,5.719168831168831,147.76,CROPLAND,84.76512587160688,HIGH,40
23.70_83.25,23.70_83.25;23.70_83.30;23.70_83.40;23.75_83.25;23.65_83.50;23.55_83.25;23.55_83.55;23.70_83.35;23.70_83.45;23.75_83.40;23.55_83.30;23.60_83.45;23.60_83.55;23.60_83.50;23.55_83.40;23.65_83.45;23.50_83.50;23.60_83.30;23.75_83.30;23.60_83.25;23.55_83.50;23.65_83.40;23.50_83.45;23.55_83.45;23.70_83.55;23.75_83.45;23.75_83.50;23.50_83.30;23.75_83.55;23.65_83.25,30,FOREST_FIRE,,On Tree Cover — consistent with a forest/wildland fire.,23.72823270022884,83.27573416475973,4857,5.421167048054921,37.78,TREE_COVER,71.12047826835773,HIGH,40
26.90_82.85,26.90_82.85;26.85_82.85;27.00_82.75;26.90_82.75;26.80_82.85;26.85_82.80;26.95_82.80;27.00_82.80;26.90_82.70;27.00_82.70;26.80_82.80;26.95_82.70;26.85_82.75;26.75_82.80;26.85_82.50;26.95_82.65;26.80_82.65;26.95_82.60;26.70_82.80;26.85_82.55;26.70_82.85;26.90_82.65;26.65_82.60;26.70_82.50;26.70_82.60;26.65_82.55;26.90_82.60;26.80_82.60;26.75_82.65;26.85_82.60;26.90_82.55;26.80_82.55,32,AGRICULTURAL_BURNING,,On cropland — consistent with crop-residue burning.,26.92472145124716,82.87832037414967,4846,5.085544217687074,165.22,CROPLAND,91.73715255587788,CRITICAL,40
29.15_79.85,29.15_79.85;29.10_79.85;29.10_79.80;29.15_79.80;29.10_79.95;29.15_79.95;29.10_79.75;29.15_79.90;29.10_79.90;29.15_79.70;29.00_79.80;29.15_79.75;29.05_79.95;29.00_79.75;29.00_79.95;29.05_79.90;29.05_79.70;29.05_79.80;29.00_79.85;29.05_79.65;29.05_79.85;29.05_79.75;29.10_79.70;29.10_79.65,24,FOREST_FIRE,,On Tree Cover — consistent with a forest/wildland fire.,29.17600103448276,79.87402721839081,4814,4.453632183908046,42.2,TREE_COVER,73.65143118684968,HIGH,40
27.95_80.00,27.95_80.00;28.00_80.00;27.85_80.00;27.85_80.05;27.90_80.05;27.95_80.30;28.05_80.20;28.00_80.30;27.90_80.25;27.95_80.25;28.05_80.15;27.95_80.05;28.05_80.25;28.00_80.05;27.90_80.10;27.80_80.05;28.05_80.00;27.85_80.10;28.00_80.10;27.90_80.20;28.00_80.20;27.80_80.00;27.95_80.10;27.90_80.30;28.00_80.15;27.85_80.25;27.90_80.15;27.95_80.15;27.75_80.05;27.80_80.30;28.05_80.10;27.80_80.25;27.75_80.00;27.85_80.20;27.75_80.30;28.05_80.05;27.85_80.15;27.80_80.10;27.75_80.25;27.80_80.20;27.75_80.10;27.80_80.15;27.75_80.20,43,AGRICULTURAL_BURNING,,On cropland — consistent with crop-residue burning.,27.97861293800539,80.02816776280324,4806,7.067978436657682,119.75,CROPLAND,80.96939365540484,HIGH,40
28.55_82.15,28.55_82.15;28.70_82.25;28.50_82.15;28.65_82.30;28.55_82.20;28.50_82.20;28.80_82.30;28.60_82.20;28.65_82.25;28.60_82.25;28.65_82.35;28.45_82.25;28.55_82.25;28.65_82.50;28.65_82.45;28.70_82.30;28.75_82.25;28.70_82.20;28.50_82.25;28.70_82.50;28.75_82.30;28.75_82.20;28.70_82.45;28.65_82.15;28.60_82.40;28.45_82.15;28.75_82.40;28.70_82.15;28.75_82.15;28.40_82.40;28.60_82.45;28.80_82.25;28.55_82.30;28.75_82.35;28.50_82.30;28.50_82.35;28.45_82.40;28.55_82.40;28.45_82.45;28.55_82.35,40,FOREST_FIRE,Samikshya Chaumin Factary,On Tree Cover — consistent with a forest/wildland fire.,28.57590887966805,82.17428815352696,4777,4.287717842323652,302.23,TREE_COVER,81.8717395335655,CRITICAL,40
23.50_80.00,23.50_80.00;23.60_80.00;23.50_80.10;23.60_80.05;23.65_80.05;23.65_80.10;23.50_80.15;23.50_80.25;23.50_80.20;23.70_80.05;23.60_80.30;23.55_80.15;23.75_80.00;23.65_80.00;23.70_80.10;23.65_80.15;23.55_80.25;23.55_80.20;23.70_80.15;23.65_80.20;23.75_80.25;23.70_80.00;23.75_80.30;23.70_80.25,24,AGRICULTURAL_BURNING,,On cropland — consistent with crop-residue burning.,23.521660599250936,80.02255651685394,4742,4.63561797752809,108.78,CROPLAND,77.09570984169045,HIGH,40
24.85_77.10,24.85_77.10;25.00_77.10;24.95_77.15;25.05_77.10;24.90_77.10;25.15_77.10;25.10_77.10;24.90_77.20;24.95_77.10;24.90_77.15;24.95_77.20;25.10_77.15;25.00_77.15;24.85_77.25;25.00_77.30;24.85_77.30;24.85_77.20;24.95_77.30;24.85_77.35;25.00_77.25;25.15_77.15;25.05_77.20;25.15_77.40;25.20_77.35;25.15_77.35;25.15_77.25;25.05_77.25;25.10_77.35;25.05_77.30;25.20_77.40;25.20_77.25;25.15_77.45;24.90_77.45,33,AGRICULTURAL_BURNING,,On cropland — consistent with crop-residue burning.,24.8769135504886,77.1242343159609,4718,5.814934853420195,179.33,CROPLAND,89.67137999331419,CRITICAL,40
24.10_82.60,24.10_82.60;24.10_82.65,2,INDUSTRIAL,Field WorkShop,On Bare Sparse land cover (ESA WorldCover 10m) with 3078 historical detections — consistent with a real industrial fire source.,24.1250466,82.6418377,4604,1.6875243664717348,14.55,BARE_SPARSE,78.4159972014031,CRITICAL,8
24.00_78.20,24.00_78.20;23.85_78.30;24.05_78.20;23.80_78.50;23.80_78.20;23.90_78.25;24.00_78.25;23.85_78.50;23.85_78.20;23.95_78.25;23.85_78.40;24.05_78.35;23.95_78.50;24.10_78.30;23.80_78.30;24.10_78.25;23.90_78.50;24.05_78.25;23.95_78.20;23.85_78.25;23.90_78.30;24.10_78.40;24.10_78.35;24.00_78.30;23.90_78.45;24.05_78.40;24.00_78.40;23.95_78.30;24.10_78.45;23.95_78.35;24.05_78.30;24.05_78.50;24.05_78.45;24.00_78.35;24.10_78.50,35,AGRICULTURAL_BURNING,,On cropland — consistent with crop-residue burning.,24.02601198863637,78.21722730113636,4583,8.471960227272728,107.81,CROPLAND,79.1249380847234,CRITICAL,40
25.40_84.35,25.40_84.35;25.40_84.30;25.45_84.30;25.35_84.30;25.25_84.35;25.40_84.45;25.45_84.55;25.25_84.40;25.55_84.30;25.50_84.55;25.20_84.40;25.50_84.35;25.35_84.50;25.30_84.45;25.40_84.55;25.55_84.35;25.45_84.45;25.45_84.50;25.25_84.45;25.25_84.50;25.30_84.50;25.20_84.50;25.40_84.40;25.50_84.40;25.45_84.40;25.50_84.50;25.25_84.30;25.40_84.65;25.30_84.35;25.55_84.40;25.45_84.65;25.50_84.45;25.30_84.60;25.30_84.65;25.50_84.60;25.25_84.55;25.35_84.65;25.25_84.60;25.35_84.55;25.55_84.60;25.45_84.60;25.40_84.60;25.35_84.60;25.30_84.55;25.20_84.60;25.50_84.65,46,AGRICULTURAL_BURNING,,On cropland — consistent with crop-residue burning.,25.430667452006983,84.37180863874345,4517,6.782984293193717,330.53,CROPLAND,91.69577190284976,CRITICAL,40
25.30_83.45,25.30_83.45;25.30_83.40;25.30_83.55;25.30_83.50;25.35_83.40;25.25_83.45;25.25_83.55;25.25_83.50;25.40_83.25;25.30_83.25;25.35_83.25;25.40_83.30;25.45_83.55;25.40_83.55;25.50_83.30;25.45_83.25,16,AGRICULTURAL_BURNING,,On cropland — consistent with crop-residue burning.,25.32644496341464,83.47177040243902,4462,7.2547804878048785,125.78,CROPLAND,82.04664377592881,CRITICAL,40
28.75_80.40,28.75_80.40;28.75_80.45;28.70_80.45;28.50_80.55;28.45_80.60;28.50_80.60;28.70_80.40;28.50_80.65;28.45_80.65;28.50_80.45;28.55_80.45;28.55_80.60;28.50_80.50;28.60_80.55;28.55_80.50;28.60_80.70;28.50_80.70;28.45_80.40;28.70_80.60;28.55_80.55;28.55_80.35;28.55_80.65;28.70_80.70,23,FOREST_FIRE,,On Tree Cover — consistent with a forest/wildland fire.,28.778272561247217,80.42945300668151,4461,5.5504454342984415,214.65,TREE_COVER,83.45831016844566,HIGH,40
23.60_84.45,23.60_84.45;23.60_84.40;23.70_84.35;23.50_84.45;23.70_84.30;23.55_84.35;23.60_84.65;23.65_84.35;23.55_84.40;23.50_84.50;23.55_84.60;23.60_84.50;23.60_84.55;23.55_84.65;23.55_84.50;23.55_84.55;23.60_84.35;23.50_84.35;23.75_84.35;23.50_84.55;23.65_84.40;23.50_84.40;23.65_84.30;23.75_84.30;23.70_84.40;23.75_84.55;23.65_84.45;23.75_84.60;23.75_84.45;23.70_84.55;23.65_84.50;23.65_84.55,32,FOREST_FIRE,,On Tree Cover — consistent with a forest/wildland fire.,23.624391419141915,84.46928287128712,4368,2.7896369636963696,38.32,TREE_COVER,73.02815331206963,HIGH,40
27.00_83.60,27.00_83.60;26.95_83.60;26.80_83.65;26.85_83.60;26.85_83.70;26.80_83.60;27.00_83.65;26.65_83.65;26.80_83.70;26.75_83.70;26.65_83.80;26.65_83.70;26.65_83.60;27.00_83.70;26.80_83.75;26.65_83.85;26.95_83.70;26.65_83.90;26.90_83.85;26.95_83.85;26.90_83.90;26.95_83.90;27.00_83.85,23,AGRICULTURAL_BURNING,,On cropland — consistent with crop-residue burning.,27.022951491712707,83.62549872928177,4363,4.666887661141804,126.14,CROPLAND,83.38435490947573,CRITICAL,40
29.95_75.75,29.95_75.75;29.95_75.85;29.90_75.95;29.90_75.90;29.90_75.75;29.95_75.90;29.90_75.80,7,AGRICULTURAL_BURNING,Sangat Pura,On cropland — consistent with crop-residue burning.,29.9608929,75.7758674,4345,6.8082096069869,102.75,CROPLAND,78.81511624669221,HIGH,40
23.80_81.95,23.80_81.95;23.80_82.10;23.80_81.85;23.85_81.85;23.85_81.90;23.80_82.05;23.85_81.80;23.85_82.05;23.80_82.00;23.80_81.80;23.80_81.90;24.00_81.80;23.85_82.10;23.90_82.00;23.85_81.95;23.90_81.80;23.90_81.85;23.95_82.00;23.90_81.90;23.90_82.05;23.90_82.10;23.95_82.05;24.10_82.05;24.00_81.90;23.95_81.85;23.95_81.95;23.95_82.10;24.05_81.90;24.05_82.05;24.00_82.10,30,FOREST_FIRE,,On Tree Cover — consistent with a forest/wildland fire.,23.82841280777538,81.97624041036717,4333,3.431900647948164,106.5,TREE_COVER,72.64767262704429,HIGH,40
28.80_80.15,28.80_80.15;28.75_80.15;28.60_80.25;28.65_80.20;28.60_80.05;28.45_80.05;28.45_80.10;28.55_80.00;28.60_80.00;28.65_80.05;28.55_80.10;28.50_80.00;28.70_80.15;28.50_80.15;28.75_80.10;28.50_80.05;28.60_80.10;28.60_80.20;28.55_80.15;28.50_80.10;28.45_80.20;28.45_80.15;28.55_80.30;28.75_80.25,24,AGRICULTURAL_BURNING,,On cropland — consistent with crop-residue burning.,28.82847187826088,80.17310353043477,4297,15.239408695652171,250.46,CROPLAND,80.22009391745597,CRITICAL,40
24.55_77.90,24.55_77.90;24.50_78.05;24.50_78.00;24.55_77.95;24.55_78.00;24.65_77.85;24.55_77.85;24.60_77.90;24.50_77.95;24.55_78.05;24.65_77.90;24.55_78.10;24.60_77.95;24.75_77.85;24.50_77.85;24.60_77.85;24.50_78.10;24.65_78.00;24.50_77.90;24.75_78.15;24.65_78.05;24.75_77.90;24.80_78.15;24.60_78.05;24.80_78.10;24.80_77.95;24.70_78.15,27,AGRICULTURAL_BURNING,,On cropland — consistent with crop-residue burning.,24.5789061209068,77.92431748110832,4238,5.199244332493702,167.09,CROPLAND,83.79834784069165,CRITICAL,40
28.80_80.20,28.80_80.20;28.80_80.10;28.70_80.20;28.65_80.00;28.70_80.00;28.45_80.30;28.65_80.15;28.70_80.05;28.45_80.25;28.45_80.00;28.55_80.05;28.65_80.10;28.70_80.10;28.50_80.25;28.75_80.00;28.50_80.20;28.50_80.30;28.55_80.20;28.55_80.25;28.60_80.15;28.75_80.05,21,FOREST_FIRE,Pilibhit WLS,On Tree Cover — consistent with a forest/wildland fire.,28.823566019230768,80.22783417307691,4218,14.117615384615384,206.54,TREE_COVER,82.52147547706788,CRITICAL,40
28.95_76.85,28.95_76.85;29.05_76.75;29.15_77.05;29.10_76.85;28.95_76.75;29.10_76.75;29.05_76.85;29.15_76.80;29.10_76.80;28.90_76.75;29.00_76.75;29.10_76.90;29.00_76.90;29.00_76.85;29.05_76.80;28.90_76.90;28.85_77.00;28.85_76.75;28.90_76.95;28.85_76.90;28.90_76.85;28.90_77.00;28.90_76.80;28.95_76.80;28.85_76.80;28.85_76.95;29.15_76.85;28.95_76.90;29.05_76.95;29.00_76.80,30,AGRICULTURAL_BURNING,,On cropland — consistent with crop-residue burning.,28.974644029850744,76.86890293532338,4170,6.66268656716418,137.92,CROPLAND,81.26024402462981,HIGH,40
28.40_81.35,28.40_81.35;28.40_81.40;28.35_81.40;28.35_81.35;28.30_81.10;28.30_81.35;28.40_81.20;28.20_81.20;28.15_81.20;28.20_81.15;28.35_81.25;28.40_81.25;28.25_81.15;28.35_81.30;28.15_81.25;28.10_81.25;28.20_81.25;28.10_81.15;28.30_81.30;28.35_81.20;28.30_81.15;28.30_81.25;28.25_81.30;28.25_81.35,24,FOREST_FIRE,,On Tree Cover — consistent with a forest/wildland fire.,28.42754168918919,81.37947888513513,4159,3.926993243243244,102.96,TREE_COVER,78.81241020449673,HIGH,40
25.95_78.30,25.95_78.30;25.95_78.25;25.95_78.20;25.95_78.35;26.00_78.35;26.20_78.30;26.20_78.35;25.95_78.40;26.00_78.45;25.95_78.45;26.25_78.30;26.25_78.25;26.00_78.50;26.20_78.40;26.15_78.20;26.05_78.45;26.20_78.45;26.15_78.35;26.05_78.50;26.15_78.40;26.05_78.25;26.25_78.40,22,AGRICULTURAL_BURNING,,On cropland — consistent with crop-residue burning.,25.973846190476188,78.32470210409745,4147,6.346190476190476,92.4,CROPLAND,80.2555586810605,CRITICAL,40
28.30_82.15,28.30_82.15;28.25_82.20;28.35_82.20;28.30_82.25;28.30_82.20;28.35_82.25;28.25_82.30;28.25_82.25;28.20_82.15;28.45_82.20;28.30_82.35;28.40_82.25;28.15_82.15;28.40_82.15;28.25_82.50;28.20_82.50;28.35_82.30;28.20_82.25;28.20_82.20;28.30_82.40;28.20_82.35;28.25_82.45;28.15_82.40;28.25_82.40;28.30_82.45;28.40_82.45;28.15_82.35;28.40_82.30;28.35_82.35;28.15_82.50;28.10_82.45;28.45_82.35;28.35_82.50;28.20_82.30;28.15_82.45,35,FOREST_FIRE,,On Tree Cover — consistent with a forest/wildland fire.,28.330128781818186,82.17608650909091,4144,4.680290909090909,161.33,TREE_COVER,91.44314822845422,CRITICAL,40
24.35_80.80,24.35_80.80;24.35_80.85;24.40_80.80;24.30_80.85;24.40_81.00;24.45_81.05;24.30_81.00;24.35_80.95;24.45_80.85;24.45_80.75;24.40_80.90;24.40_80.95;24.45_80.80;24.15_80.90;24.25_80.90;24.30_81.05;24.40_80.85;24.20_81.00;24.40_81.05;24.45_81.00;24.35_80.75;24.30_80.80;24.35_81.05;24.45_80.95;24.30_80.75;24.15_81.00;24.10_81.00;24.15_81.05,28,AGRICULTURAL_BURNING,,On cropland — consistent with crop-residue burning.,24.37955950617284,80.82370851851852,4134,8.363106995884774,88.09,CROPLAND,76.1867368670119,CRITICAL,40
28.40_80.35,28.40_80.35;28.20_80.50;28.35_80.45;28.35_80.40;28.20_80.45;28.30_80.40;28.25_80.45;28.15_80.50;28.20_80.35;28.35_80.55;28.35_80.60;28.40_80.50;28.40_80.45;28.30_80.35;28.25_80.40;28.40_80.65;28.15_80.35;28.40_80.40;28.25_80.50,19,FOREST_FIRE,,On Tree Cover — consistent with a forest/wildland fire.,28.422747558139537,80.37577983720931,4113,7.269465116279069,288.21,TREE_COVER,89.74343253382598,CRITICAL,40
26.35_83.10,26.35_83.10;26.35_83.20;26.45_83.20;26.60_83.05;26.55_83.05;26.35_83.15;26.60_83.15;26.60_83.10;26.55_83.00;26.45_83.15;26.65_83.05;26.55_82.90;26.50_83.10;26.60_82.95;26.45_83.10;26.60_83.00;26.55_83.15;26.60_83.20;26.50_82.95;26.50_83.20;26.65_83.00;26.50_82.90;26.35_82.90;26.45_82.95;26.40_83.00;26.45_83.00;26.60_82.90;26.40_82.90;26.55_82.95;26.55_83.20;26.35_83.00;26.45_83.05;26.30_83.20;26.40_82.95;26.50_83.00;26.40_83.15;26.45_82.90;26.35_83.05;26.30_82.90;26.35_82.95;26.30_83.00,41,AGRICULTURAL_BURNING,,On cropland — consistent with crop-residue burning.,26.387421544401544,83.12668961389961,4077,16.39980694980695,133.2,CROPLAND,81.38660369338174,HIGH,40
24.95_80.90,24.95_80.90;24.90_81.00;25.05_80.75;24.90_81.05;25.05_80.85;24.95_80.95;24.90_80.95;25.05_80.80;24.95_81.00;25.10_80.85;25.00_80.80;25.05_81.00;24.95_81.05;24.90_80.80;24.85_80.75;24.85_80.70;24.90_80.75;24.90_80.90;25.10_80.90;24.95_80.70;25.00_80.95;25.20_80.95;25.20_80.80;25.10_80.80;25.20_80.70,25,FOREST_FIRE,,On Tree Cover — consistent with a forest/wildland fire.,24.96675125,80.92608968023256,4012,8.73188953488372,161.31,TREE_COVER,80.60595860795739,HIGH,40
24.10_77.40,24.10_77.40;24.10_77.45;23.85_77.35;24.05_77.40;23.80_77.45;23.85_77.45;23.85_77.25;24.05_77.45;24.00_77.45;24.00_77.40;23.95_77.25;23.80_77.35;23.90_77.40;23.80_77.25;23.85_77.30;24.00_77.20;23.85_77.40;24.00_77.35;23.85_77.20;23.90_77.45;23.85_77.10;24.00_77.15;24.05_77.15;23.80_77.15;23.75_77.15;24.10_77.35;24.10_77.20;23.95_77.20;23.95_77.15;23.90_77.20;24.05_77.10;24.10_77.10;24.10_77.15,33,AGRICULTURAL_BURNING,,On cropland — consistent with crop-residue burning.,24.123677289972903,77.42988658536585,4009,6.522547425474255,243.56,CROPLAND,89.40441484769494,CRITICAL,40
26.00_79.10,26.00_79.10;26.20_78.95;25.95_79.00;26.25_79.25;26.15_79.05;26.10_79.20;25.95_78.95;26.05_78.95;25.95_79.10;26.15_78.90;26.00_79.00;26.20_79.15;26.00_79.05;26.20_79.20;26.15_79.20;26.20_78.90;26.00_78.95;26.05_79.05;26.15_79.15;26.15_78.95;26.10_79.10;26.05_79.10;26.20_79.10;26.10_78.95;25.95_79.05;26.25_79.20;26.25_78.90;26.25_79.15;26.05_79.25;26.05_79.20;26.10_79.25;26.00_78.90;26.15_79.10;26.10_79.05;26.20_79.25;25.95_79.15;26.20_79.05;26.05_79.15;26.00_79.15;26.25_78.95;26.00_79.20;26.25_79.00;26.00_79.25;26.25_79.05,44,AGRICULTURAL_BURNING,,On cropland — consistent with crop-residue burning.,26.028497208121827,79.12178030456853,4006,5.607817258883249,139.95,CROPLAND,74.95969715502783,HIGH,40
24.95_81.20,24.95_81.20;24.90_81.25;24.90_81.10;24.95_81.15;24.90_81.20;24.95_81.10;24.95_81.25;24.85_81.15;25.00_81.25;25.00_81.20;24.90_81.30;24.95_81.30;25.10_81.10;24.85_81.20;25.10_81.15;24.85_81.40;25.05_81.10;25.00_81.10;24.90_81.35;24.95_81.35,20,FOREST_FIRE,,On Tree Cover — consistent with a forest/wildland fire.,24.974322800608828,81.2251201217656,3975,5.45392694063927,171.47,TREE_COVER,76.71622392181078,CRITICAL,40
23.80_84.80,23.80_84.80,1,MINING,,On Built Up land cover with 3952 historical detections — consistent with open-pit mining/processing activity.,23.808390986842102,84.84501370951416,3952,1.5855187246963562,11.99,BUILT_UP,77.97875463352715,CRITICAL,8
27.75_83.75,27.75_83.75;27.90_83.80;27.90_83.85;27.90_83.75;27.80_83.75;27.75_83.70;27.80_83.85;27.95_83.90;27.95_83.85;28.00_83.70;27.90_83.90;28.05_83.70;27.95_83.80;27.95_83.60;27.85_83.70;27.80_83.90;27.75_83.60;28.05_83.65;27.80_83.80;27.85_83.95;27.85_83.75;28.00_83.65;28.00_83.80;28.00_83.60;28.00_83.90;27.85_83.90;27.95_83.75;27.95_83.65;27.85_83.65;27.90_83.60;27.75_83.65;27.75_83.85;27.95_83.70;27.80_83.65;27.85_83.60;27.75_83.90,36,FOREST_FIRE,Ek Brand,On Tree Cover — consistent with a forest/wildland fire.,27.78303145669291,83.77827527559054,3950,4.717795275590551,250.75,TREE_COVER,75.39244585717445,CRITICAL,40
26.25_83.75,26.25_83.75;26.25_83.80;26.20_83.80;26.20_83.85;25.95_83.90;26.15_83.90;26.25_83.85;26.20_83.90;26.10_83.90;26.05_83.90;26.05_83.85;26.00_83.80;26.25_83.60;26.05_83.80;26.15_83.75;25.95_83.80;26.15_83.80;26.15_83.70;26.10_83.75;26.10_83.60;25.95_83.85;26.00_83.60;26.25_83.90;26.10_83.65;25.95_83.70;26.05_83.75;26.10_83.80;26.20_83.70;26.15_83.65,29,AGRICULTURAL_BURNING,,On cropland — consistent with crop-residue burning.,26.277021441441445,83.77583734234234,3929,10.008648648648649,162.2,CROPLAND,79.46809991205176,CRITICAL,40
23.65_75.70,23.65_75.70;23.60_75.75;23.50_75.85;23.55_75.90;23.70_75.80;23.70_75.70;23.55_75.85;23.60_75.85;23.60_75.70;23.50_75.95;23.50_75.90;23.75_75.70;23.60_75.80;23.70_75.75;23.75_75.80;23.70_75.90;23.50_75.80;23.55_75.70;23.55_75.75;23.65_75.90;23.60_75.90;23.55_75.95;23.65_75.75;23.55_75.65;23.65_75.80;23.75_75.85;23.55_75.80;23.50_75.70;23.65_75.85;23.60_76.00;23.55_76.00;23.75_75.95;23.75_75.90;23.75_76.00,34,AGRICULTURAL_BURNING,Rojhani- Agar Malwa,On cropland — consistent with crop-residue burning.,23.676763834586467,75.72061165413534,3883,6.828233082706767,211.14,CROPLAND,77.18050206967513,CRITICAL,40
27.05_83.60,27.05_83.60;27.25_83.60;27.10_83.60;27.10_83.65;27.15_83.65;27.15_83.60;27.35_83.60;27.05_83.65;27.20_83.70;27.10_83.70;27.05_83.70;27.15_83.90;27.35_83.85;27.30_83.80;27.35_83.90;27.05_83.90;27.35_83.80;27.20_83.85;27.05_83.75;27.05_83.85;27.00_83.80;27.05_83.80;27.10_83.90;27.10_83.85;27.10_83.75;27.00_83.90;27.00_83.75,27,AGRICULTURAL_BURNING,,On cropland — consistent with crop-residue burning.,27.07586433106576,83.62318616780045,3878,4.946802721088435,111.77,CROPLAND,83.58062776416742,CRITICAL,40
24.65_74.60,24.65_74.60,1,INDUSTRIAL,Wonder Cement Power Station,On Built Up land cover (ESA WorldCover 10m) with 3846 historical detections — consistent with a real industrial fire source.,24.6569871,74.6336319,3846,1.795148205928237,6.75,BUILT_UP,75.96041805376404,CRITICAL,8
28.90_81.45,28.90_81.45;28.95_81.45;29.10_81.50;28.85_81.50;29.05_81.45;29.00_81.45;29.15_81.60;28.95_81.50;29.00_81.65;28.90_81.50;29.15_81.65;28.85_81.65;28.80_81.65;29.05_81.75;28.95_81.70;28.85_81.60;29.10_81.75;29.05_81.65;29.00_81.60;28.85_81.75;28.85_81.55;29.05_81.60;29.05_81.50;29.00_81.50;28.85_81.70;29.00_81.75;28.90_81.70;28.80_81.60;29.00_81.70;28.90_81.75;29.05_81.55;29.05_81.70;29.15_81.45;29.00_81.55;28.95_81.55;28.95_81.75;29.15_81.75,37,FOREST_FIRE,rice field,On Tree Cover — consistent with a forest/wildland fire.,28.9209471627907,81.472908,3808,3.536062015503876,68.15,TREE_COVER,74.92136838875393,HIGH,40
23.85_82.40,23.85_82.40;23.90_82.40;24.10_82.45;23.80_82.15;23.80_82.45;23.85_82.15;23.80_82.35;23.80_82.40;23.85_82.45;23.90_82.35;24.05_82.45;23.85_82.35;23.90_82.45;23.90_82.15;23.80_82.50;24.05_82.35;23.80_82.20;24.00_82.30;23.90_82.30;23.95_82.25;23.85_82.20;23.85_82.30;24.05_82.30;24.00_82.25;23.95_82.40;23.95_82.30;23.95_82.20;23.95_82.15;23.80_82.25;23.85_82.50,30,FOREST_FIRE,,On Tree Cover — consistent with a forest/wildland fire.,23.877069723756904,82.42516972375691,3804,2.9173756906077344,34.88,TREE_COVER,72.45405988138648,HIGH,40
24.90_80.40,24.90_80.40;24.90_80.45;24.85_80.40;24.85_80.35;24.90_80.55;24.85_80.45;24.95_80.60;25.00_80.55;25.00_80.50;24.90_80.50;24.90_80.35;24.95_80.50;24.95_80.40;24.95_80.55;25.15_80.70;25.10_80.65;25.00_80.65;25.15_80.55;25.10_80.45;25.10_80.55,20,FOREST_FIRE,,On Tree Cover — consistent with a forest/wildland fire.,24.923575144766147,80.42631601336302,3782,5.187973273942093,127.83,TREE_COVER,79.58951525296172,HIGH,40
24.05_82.95,24.05_82.95;23.85_82.90;24.00_82.95;23.85_83.00;24.00_83.05;24.10_82.95;23.85_83.05;23.90_83.15;23.95_82.90;24.10_83.10;24.10_83.05;23.95_83.15;24.05_83.00;24.00_83.10;24.10_83.15;23.95_83.10;23.85_82.95;23.95_83.05;23.90_83.20;23.80_83.15;23.90_83.00;23.95_83.20;23.80_83.00,23,FOREST_FIRE,,On Tree Cover — consistent with a forest/wildland fire.,24.07082069767442,82.97564003322259,3720,8.692292358803988,80.35,TREE_COVER,71.41793651236327,HIGH,40
23.55_79.90,23.55_79.90;23.50_79.90;23.50_79.85;23.50_79.65;23.55_79.85;23.75_79.95;23.70_79.90;23.60_79.85;23.70_79.95;23.75_79.90;23.65_79.65;23.65_79.70;23.70_79.65;23.70_79.70;23.75_79.65,15,AGRICULTURAL_BURNING,,On cropland — consistent with crop-residue burning.,23.571444633385337,79.92816684867394,3652,5.729157566302652,130.48,CROPLAND,82.36931975627628,CRITICAL,40
27.75_84.30,27.75_84.30;27.75_84.25;27.75_84.20;27.75_84.10;27.75_84.00;27.85_84.20;27.85_84.15;28.05_84.15;27.90_83.95;27.75_84.15;27.80_84.30;28.05_84.20;27.80_83.95;27.95_83.95;28.05_84.00;27.80_84.20;27.85_84.25;28.05_84.25;27.95_84.20;27.80_84.25;28.05_83.95;28.00_84.15;27.80_84.00;27.85_84.30;27.80_84.15;27.95_84.00;27.95_84.30;27.85_84.05;27.90_84.05;28.00_84.20;27.90_84.00;27.90_84.20;28.00_83.95;27.85_84.00;27.90_84.10;28.00_84.00,36,FOREST_FIRE,,On Tree Cover — consistent with a forest/wildland fire.,27.7754706870229,84.32153396946565,3627,2.2771374045801527,40.4,TREE_COVER,71.99438518975545,HIGH,40
23.55_75.60,23.55_75.60;23.60_75.60;23.50_75.60;23.70_75.60;23.65_75.65;23.55_75.55;23.55_75.35;23.50_75.40;23.60_75.55;23.75_75.55;23.70_75.65;23.75_75.60;23.75_75.65;23.50_75.35;23.70_75.55;23.50_75.65;23.65_75.35;23.60_75.35;23.75_75.45;23.60_75.45;23.55_75.45;23.60_75.50;23.55_75.40;23.65_75.55;23.55_75.30;23.50_75.50;23.50_75.45;23.70_75.50;23.75_75.50;23.70_75.45;23.50_75.30;23.65_75.45;23.75_75.35;23.65_75.40;23.70_75.40;23.75_75.40;23.60_75.30,37,AGRICULTURAL_BURNING,Goyalkhedi,On cropland — consistent with crop-residue burning.,23.580457524752475,75.62416805280529,3584,6.68095709570957,86.26,CROPLAND,76.4585386391437,CRITICAL,40
28.05_83.25,28.05_83.25;27.75_83.25;27.75_83.45;27.85_83.40;27.75_83.30;27.90_83.35;27.75_83.40;27.95_83.55;27.90_83.45;27.75_83.35;28.05_83.60;27.90_83.40;27.85_83.45;28.00_83.45;27.85_83.30;27.80_83.35;27.80_83.45;28.00_83.40;27.80_83.40;27.95_83.50;27.80_83.25;28.00_83.25;28.00_83.35;27.95_83.20;27.75_83.55;27.80_83.30;27.85_83.25;27.90_83.55;28.05_83.45;27.95_83.35;27.95_83.40;28.00_83.50;27.80_83.50;28.00_83.30;28.05_83.30,35,FOREST_FIRE,,On Tree Cover — consistent with a forest/wildland fire.,28.08122108033241,83.27590861495844,3565,4.618864265927978,178.71,TREE_COVER,67.10554012285189,HIGH,40
27.65_82.45,27.65_82.45;27.70_82.40;27.70_82.45;27.65_82.40;27.60_82.45;27.65_82.35;27.70_82.30;27.65_82.30;27.45_82.25;27.50_82.20;27.50_82.15;27.50_82.35;27.50_82.40,13,FOREST_FIRE,,On Tree Cover — consistent with a forest/wildland fire.,27.67787765957447,82.4776695494368,3513,3.931964956195244,45.95,TREE_COVER,77.47082094942459,CRITICAL,40
27.15_82.70,27.15_82.70;27.15_82.55;27.15_82.80;27.25_82.50;27.30_82.80;27.35_82.80,6,FOREST_FIRE,,On Tree Cover — consistent with a forest/wildland fire.,27.174925444839857,82.72607620403322,3468,5.629501779359431,220.71,TREE_COVER,87.30615293168425,CRITICAL,40
24.95_81.50,24.95_81.50;25.10_81.65;24.95_81.55;25.15_81.70;24.95_81.75;25.00_81.65;25.05_81.70;25.10_81.70;24.95_81.70;25.10_81.75;25.05_81.65;25.20_81.75;25.05_81.60;24.95_81.60;25.10_81.55;25.15_81.75;24.95_81.45;25.05_81.50;25.00_81.50;25.00_81.70;25.10_81.60;25.00_81.60;24.95_81.65;25.00_81.45;25.05_81.55;25.00_81.75;25.05_81.75;24.85_81.60;25.10_81.50;25.05_81.45;24.85_81.75,31,AGRICULTURAL_BURNING,,On cropland — consistent with crop-residue burning.,24.982093676975943,81.52710446735395,3464,6.72106529209622,69.35,CROPLAND,75.18671116912012,HIGH,40
24.45_79.20,24.45_79.20;24.40_79.05;24.45_79.00;24.40_79.00;24.35_78.90;24.45_79.05;24.45_78.90;24.35_79.00;24.35_79.05;24.35_78.95;24.30_78.95;24.45_79.15;24.40_78.95;24.40_79.25;24.40_78.90;24.30_78.90;24.25_79.15;24.30_79.00;24.40_79.10;24.35_79.15;24.25_79.05;24.45_79.10;24.35_79.10;24.30_79.05;24.15_78.90;24.20_79.20;24.15_79.15;24.15_79.05,28,AGRICULTURAL_BURNING,,On cropland — consistent with crop-residue burning.,24.47370553524804,79.23571942558746,3439,9.446971279373368,222.9,CROPLAND,80.4246666656388,CRITICAL,40
29.05_79.20,29.05_79.20;29.15_79.10;29.00_79.20;29.10_79.15;28.90_79.20;29.15_79.15;28.85_79.15;28.90_79.25;29.10_79.20;28.90_79.15;29.00_79.00;29.05_78.95;29.00_79.15;28.95_79.20;29.15_79.20;28.95_79.15;28.95_79.10;28.85_79.20;28.95_79.00;28.85_79.05;29.00_79.10;28.90_78.95;29.00_79.05;28.95_78.95;29.00_78.95;29.05_78.90;28.95_79.05;28.85_78.95;29.00_78.90;28.90_79.00;28.90_79.10;28.85_79.10;28.90_79.05;28.80_79.05;28.85_79.00;28.90_78.90;28.95_78.90,37,AGRICULTURAL_BURNING,,On cropland — consistent with crop-residue burning.,29.0647179,79.1966146,3361,6.773778801843318,113.0,CROPLAND,77.81579783672325,CRITICAL,40
23.75_83.85,23.75_83.85;23.70_83.90;23.65_83.85;23.75_83.90;23.50_83.65;23.70_83.85;23.55_83.85;23.60_83.85;23.60_83.90;23.75_83.80;23.50_83.60;23.50_83.90;23.65_83.80;23.60_83.60;23.65_83.65;23.75_83.65;23.55_83.80;23.50_83.75;23.50_83.85;23.60_83.65;23.70_83.80;23.55_83.65;23.65_83.60;23.65_83.70;23.65_83.75;23.70_83.65;23.60_83.75;23.70_83.60;23.50_83.80,29,FOREST_FIRE,,On Tree Cover — consistent with a forest/wildland fire.,23.770173671875,83.8787719140625,3312,4.0971875,35.18,TREE_COVER,73.22271793524017,HIGH,40
24.25_83.20,24.25_83.20;24.25_83.05;24.25_83.10;24.15_83.00;24.20_82.90;24.25_83.15;24.25_82.90;24.30_83.10;24.20_83.10;24.25_82.95;24.20_83.15;24.35_83.15;24.30_83.15;24.40_82.90;24.35_83.20;24.30_83.00;24.30_82.90;24.35_83.10;24.40_82.95;24.45_83.10;24.25_82.85;24.45_83.15;24.15_82.90;24.45_82.90;24.45_83.20;24.35_83.05,26,FOREST_FIRE,Obra powerhouse,On Tree Cover — consistent with a forest/wildland fire.,24.27108483108108,83.22399452702703,3307,4.712635135135136,105.25,TREE_COVER,71.8640209604739,HIGH,40
27.25_83.40,27.25_83.40;27.30_83.55;27.25_83.55;27.35_83.50;27.35_83.55;27.10_83.45;27.25_83.45;27.15_83.45;27.20_83.40;27.25_83.50;27.30_83.50;27.10_83.25,12,FOREST_FIRE,,On Tree Cover — consistent with a forest/wildland fire.,27.276977586206897,83.42059643002028,3290,7.23868154158215,280.17,TREE_COVER,90.56494357280864,CRITICAL,40
29.50_76.00,29.50_76.00;29.45_76.00;29.50_75.95;29.20_75.70;29.45_75.70;29.25_75.70;29.45_75.95;29.20_75.85;29.45_75.75;29.35_76.00;29.50_75.90;29.50_75.85;29.20_76.00;29.20_75.65;29.45_75.65;29.25_75.85;29.25_75.90;29.50_75.65;29.35_75.95;29.45_75.80;29.30_75.95;29.35_75.70;29.40_76.00;29.30_76.00;29.30_75.90;29.45_75.90;29.40_75.95;29.40_75.70;29.25_75.75;29.45_75.85;29.25_76.00;29.40_75.65;29.25_75.95;29.20_75.95;29.20_75.90;29.30_75.70;29.25_75.80;29.20_75.80;29.20_75.75;29.30_75.75;29.30_75.80;29.25_75.65,42,AGRICULTURAL_BURNING,,On cropland — consistent with crop-residue burning.,29.526885882352943,76.02901330316743,3262,5.574705882352941,68.7,CROPLAND,72.92294847270377,HIGH,40
27.70_83.35,27.70_83.35;27.70_83.40;27.70_83.45;27.70_83.30;27.70_83.25;27.70_83.50;27.65_83.55;27.45_83.25;27.70_83.55;27.70_83.20;27.60_83.50,11,FOREST_FIRE,Factory,On Tree Cover — consistent with a forest/wildland fire.,27.72120590361446,83.37513067125646,3190,2.625370051635112,47.95,TREE_COVER,76.59475469399953,CRITICAL,40
23.95_83.30,23.95_83.30;23.90_83.45;23.95_83.50;24.00_83.50;23.80_83.50;24.00_83.45;23.85_83.50;23.85_83.35;23.85_83.25;23.95_83.55;23.85_83.30;23.95_83.40;23.85_83.55;23.95_83.25;23.90_83.55;24.10_83.30;24.05_83.30;24.05_83.50;24.05_83.55;23.95_83.35;24.05_83.45;23.85_83.40;23.80_83.55;24.05_83.40;23.90_83.25;23.90_83.30;24.00_83.55;24.05_83.35;23.80_83.35;23.90_83.35;23.80_83.45;24.00_83.40,32,FOREST_FIRE,,On Tree Cover — consistent with a forest/wildland fire.,23.97506391304348,83.32219320158103,3168,5.415533596837945,93.37,TREE_COVER,71.53775836335147,HIGH,40
24.20_82.70,24.20_82.70,1,MINING,,On Bare Sparse land cover with 3142 historical detections — consistent with open-pit mining/processing activity.,24.1957925,82.7089404,3142,2.259328453214513,108.16,BARE_SPARSE,100.0,CRITICAL,8
28.05_84.70,28.05_84.70;27.80_84.70;27.90_84.90;27.85_84.95;27.75_84.95;27.80_84.75;28.05_84.85;27.80_84.95;27.75_84.85;27.95_84.85;28.05_84.75;27.75_84.75;27.80_84.80;28.00_84.75;27.95_84.70;27.95_84.95;27.75_84.90;27.75_84.80;27.85_84.75;27.95_84.75;27.95_84.80;28.05_84.80;28.05_84.95;27.85_84.70;28.00_84.95;27.90_84.70;27.90_84.75;28.00_84.70;28.05_84.90,29,FOREST_FIRE,Iron Hitting Place,On Tree Cover — consistent with a forest/wildland fire.,28.07304782978723,84.72122706382979,3131,3.125659574468085,59.65,TREE_COVER,71.12562724730813,HIGH,40
23.85_78.90,23.85_78.90;23.90_79.25;23.85_79.20;23.95_78.90;23.90_79.10;23.90_79.20;23.85_79.25;24.00_79.20;23.80_79.15;23.95_79.25;24.00_79.25;23.80_79.10;24.00_79.15;23.95_79.00;23.95_79.20;23.80_79.20;23.85_78.95;23.95_79.05;24.10_78.90;23.90_79.05;24.00_79.10;23.85_79.15;23.80_79.25;23.80_78.95;23.90_79.00;24.00_79.05;23.85_79.00;23.80_79.00;23.85_79.05;24.00_79.00;24.05_78.90,31,AGRICULTURAL_BURNING,,On cropland — consistent with crop-residue burning.,23.880064584615383,78.92417652307692,3107,7.772276923076922,103.67,CROPLAND,79.07607130135845,HIGH,40
29.95_75.20,29.95_75.20;29.95_75.25;29.95_75.15;29.95_75.10;29.95_74.95;29.95_75.05;29.90_75.15;29.90_75.10,8,AGRICULTURAL_BURNING,Ramtirath Jaga,On cropland — consistent with crop-residue burning.,29.975636635658912,75.22669082170542,3098,6.774992248062016,68.06,CROPLAND,76.36234787106903,CRITICAL,40
29.30_76.80,29.30_76.80;29.35_76.85;29.50_76.75;29.50_76.90;29.50_76.80;29.40_76.75;29.20_76.90;29.45_76.75;29.20_77.05;29.20_76.75;29.50_76.85;29.20_76.85;29.25_77.05;29.30_76.95;29.30_77.05;29.20_76.80;29.40_77.05;29.35_76.90,18,AGRICULTURAL_BURNING,,On cropland — consistent with crop-residue burning.,29.32978766037736,76.82497475471699,3088,5.351056603773585,71.37,CROPLAND,74.91354325086893,HIGH,40
27.75_84.35,27.75_84.35;27.75_84.50;28.05_84.65;27.85_84.55;28.05_84.35;27.85_84.40;27.80_84.35;28.00_84.40;27.80_84.50;27.85_84.45;28.05_84.60;27.85_84.35;27.75_84.55;27.90_84.60;27.75_84.65;27.80_84.40;27.80_84.65;27.80_84.55;28.00_84.30;27.95_84.35;27.80_84.45;27.95_84.45;27.75_84.60;28.00_84.50;28.05_84.50;28.00_84.45;28.00_84.60,27,FOREST_FIRE,,On Tree Cover — consistent with a forest/wildland fire.,27.77562520295203,84.37857767527676,3043,2.396014760147602,109.73,TREE_COVER,74.43206695101817,HIGH,40
24.20_84.50,24.20_84.50;24.20_84.60;24.20_84.55;24.20_84.45;24.15_84.40;24.15_84.50;24.25_84.55;24.25_84.60;24.15_84.45;24.25_84.35;24.30_84.40;24.20_84.40;24.15_84.55;24.45_84.40;24.45_84.35;24.10_84.45;24.45_84.50;24.25_84.65;24.20_84.65;24.35_84.40;24.15_84.35;24.10_84.60;24.30_84.30;24.35_84.45;24.15_84.60;24.30_84.55;24.30_84.60;24.15_84.65,28,FOREST_FIRE,,On Tree Cover — consistent with a forest/wildland fire.,24.22506956081081,84.5249195608108,3043,6.911418918918919,99.01,TREE_COVER,75.91435401184351,HIGH,40
29.85_80.35,29.85_80.35;29.75_80.35;29.60_80.40;29.70_80.35;29.75_80.50;29.80_80.35;29.85_80.40;29.70_80.40;29.60_80.65;29.80_80.50;29.55_80.35;29.60_80.55;29.65_80.40;29.65_80.45;29.80_80.40;29.65_80.65;29.55_80.45;29.60_80.50;29.65_80.60;29.85_80.45;29.70_80.70;29.60_80.45;29.55_80.40;29.65_80.55;29.70_80.45;29.85_80.60;29.65_80.50;29.85_80.50;29.55_80.55;29.70_80.55;29.75_80.65;29.55_80.60;29.85_80.65;29.55_80.70,34,FOREST_FIRE,Chameliya HEP,On Tree Cover — consistent with a forest/wildland fire.,29.872252876254183,80.3737725083612,2960,3.07989966555184,160.82,TREE_COVER,73.21116617976682,HIGH,40
29.70_78.45,29.70_78.45;29.70_78.35;29.80_78.45;29.75_78.35;29.85_78.50;29.85_78.40;29.80_78.35;29.75_78.50;29.70_78.30;29.85_78.45;29.70_78.40;29.85_78.35;29.85_78.20;29.55_78.50;29.65_78.30;29.60_78.50;29.70_78.50;29.80_78.30;29.75_78.25;29.70_78.25;29.75_78.30;29.65_78.20;29.65_78.50;29.85_78.25;29.85_78.30;29.80_78.25;29.70_78.20;29.80_78.20;29.55_78.35;29.75_78.20,30,FOREST_FIRE,Baharat Electronics Limited,On Tree Cover — consistent with a forest/wildland fire.,29.7377271,78.493352,2932,7.028254437869823,60.5,TREE_COVER,72.48013210992247,HIGH,40
23.75_80.95,23.75_80.95;23.70_80.90;23.55_80.90;23.65_80.90;23.50_80.75;23.50_80.90;23.65_80.85;23.75_81.00;23.50_81.00;23.70_80.95;23.65_80.80;23.65_80.95;23.60_80.90;23.65_80.75;23.55_80.95;23.60_80.70;23.60_80.95;23.60_80.75;23.55_80.85;23.55_81.00;23.75_81.05;23.55_80.75;23.75_80.75;23.50_81.05;23.75_80.80;23.55_81.05;23.60_81.00;23.65_81.00,28,FOREST_FIRE,,On Tree Cover — consistent with a forest/wildland fire.,23.772809283667623,80.97383022922637,2928,6.939426934097422,127.18,TREE_COVER,72.63881151132075,HIGH,40
23.55_79.10,23.55_79.10;23.65_79.05;23.60_78.95;23.60_79.00;23.50_79.05;23.60_79.15;23.65_79.00;23.55_78.95;23.60_79.10;23.70_78.95;23.55_78.90;23.55_79.05;23.65_79.20;23.70_79.25;23.50_79.20;23.65_79.15;23.70_79.05;23.50_79.10;23.70_79.20;23.55_79.00;23.75_79.15;23.75_79.10;23.70_79.15;23.70_79.10;23.75_79.20;23.75_79.05;23.65_79.10,27,AGRICULTURAL_BURNING,,On cropland — consistent with crop-residue burning.,23.58143802575108,79.11891957081545,2886,5.018154506437768,74.66,CROPLAND,75.51623757817478,HIGH,40
29.95_76.15,29.95_76.15;29.90_76.10;29.90_76.15;29.95_76.20;29.90_76.20;29.90_76.25;29.90_76.35;29.90_76.30;29.95_76.35,9,AGRICULTURAL_BURNING,,On cropland — consistent with crop-residue burning.,29.975910404530744,76.1762792880259,2851,8.218236245954692,121.41,CROPLAND,74.8769767013063,HIGH,40
25.15_75.95,25.15_75.95;25.20_75.95;25.05_76.00;25.10_75.95;25.00_76.00;25.15_75.90;25.10_76.00;25.05_75.95;25.10_75.90;24.90_75.90;25.00_75.95;24.85_75.90;24.85_75.95;24.90_75.75;24.95_75.85;24.90_75.70;24.85_75.70;24.95_75.75,18,AGRICULTURAL_BURNING,,On cropland — consistent with crop-residue burning.,25.172253523238385,75.97428385307346,2848,6.555487256371815,226.51,CROPLAND,80.1140813924182,CRITICAL,40
29.90_79.35,29.90_79.35;29.90_79.45;29.90_79.40;29.95_79.35;29.90_79.50;29.90_79.30;29.95_79.30;29.95_79.45;29.95_79.40;29.95_79.55;29.95_79.60;29.90_79.60,12,FOREST_FIRE,,On Tree Cover — consistent with a forest/wildland fire.,29.92170541666667,79.374216875,2821,3.343958333333333,120.29,TREE_COVER,82.95649953048502,CRITICAL,40
24.80_76.25,24.80_76.25;24.75_76.20;24.75_76.25;24.80_76.15;24.70_76.20;24.80_76.30;24.65_76.25;24.65_76.30;24.60_76.25;24.70_76.25;24.60_76.30;24.70_76.30;24.80_76.20;24.55_76.35;24.55_76.30;24.80_76.10;24.80_76.35;24.65_76.35;24.75_76.15;24.75_76.35;24.75_76.30;24.70_76.35;24.60_76.20;24.70_76.10;24.85_76.05;24.70_76.15,26,AGRICULTURAL_BURNING,,On cropland — consistent with crop-residue burning.,24.820995570652173,76.27632804347826,2789,8.342228260869565,145.63,CROPLAND,76.9744469729255,HIGH,40
23.60_80.45,23.60_80.45;23.55_80.45;23.60_80.40;23.55_80.40;23.65_80.55;23.55_80.35;23.50_80.45;23.60_80.50;23.55_80.60;23.65_80.50;23.75_80.55;23.55_80.65;23.50_80.65;23.50_80.50;23.50_80.40,15,FOREST_FIRE,,On Tree Cover — consistent with a forest/wildland fire.,23.62627495256167,80.47226299810247,2755,6.422941176470588,51.5,TREE_COVER,74.84395209891068,HIGH,40
25.55_78.65,25.55_78.65;25.55_78.60;25.55_78.70;25.55_78.75;25.50_78.60;25.55_78.85;25.55_78.55;25.45_78.60;25.50_78.80;25.45_78.80;25.35_78.65;25.40_78.80;25.35_78.80;25.40_78.75;25.45_78.85;25.35_78.85;25.30_78.85;25.30_78.55;25.30_78.70,19,AGRICULTURAL_BURNING,,On cropland — consistent with crop-residue burning.,25.57167480083857,78.67555876310273,2731,6.828364779874214,122.32,CROPLAND,78.72429609914957,CRITICAL,40
23.65_78.55,23.65_78.55;23.75_78.80;23.70_78.55;23.65_78.65;23.65_78.70;23.75_78.85;23.55_78.85;23.55_78.65;23.55_78.70;23.75_78.60;23.70_78.60;23.75_78.90;23.60_78.80;23.70_78.70;23.55_78.80;23.60_78.75;23.50_78.85;23.60_78.70;23.55_78.75;23.50_78.80;23.50_78.55;23.65_78.85;23.55_78.55;23.70_78.65;23.60_78.65;23.70_78.90;23.70_78.85;23.50_78.65;23.55_78.50;23.50_78.60;23.60_78.60;23.70_78.80,32,AGRICULTURAL_BURNING,,On cropland — consistent with crop-residue burning.,23.6802580794702,78.57673079470199,2708,7.688377483443708,113.34,CROPLAND,78.64359585355162,HIGH,40
23.55_81.60,23.55_81.60;23.65_81.75;23.65_81.70;23.60_81.65;23.55_81.55;23.60_81.70;23.50_81.45;23.60_81.75;23.55_81.65;23.50_81.50;23.70_81.55;23.50_81.60;23.60_81.60;23.65_81.65;23.50_81.55;23.55_81.70;23.55_81.75;23.70_81.45;23.75_81.65;23.50_81.65;23.70_81.60;23.60_81.55,22,FOREST_FIRE,,On Tree Cover — consistent with a forest/wildland fire.,23.57082539184953,81.6257531661442,2695,5.33257053291536,86.7,TREE_COVER,78.76761948919663,CRITICAL,40
24.60_78.35,24.60_78.35;24.65_78.50;24.55_78.35;24.65_78.35;24.65_78.45;24.55_78.30;24.50_78.30;24.75_78.50;24.75_78.40;24.60_78.50;24.70_78.50;24.75_78.45;24.65_78.30;24.80_78.25;24.50_78.35;24.70_78.30;24.70_78.35;24.60_78.45;24.85_78.30;24.55_78.20;24.50_78.40;24.60_78.30;24.80_78.45;24.50_78.50;24.55_78.40;24.80_78.50;24.75_78.20;24.75_78.35;24.80_78.30;24.80_78.40;24.55_78.50;24.80_78.35;24.65_78.40;24.75_78.30;24.50_78.45;24.55_78.45;24.85_78.40;24.75_78.25;24.70_78.20,39,AGRICULTURAL_BURNING,Amarpur,On cropland — consistent with crop-residue burning.,24.621820916666664,78.37135045833334,2674,7.747125,120.9,CROPLAND,75.69852837448849,HIGH,40
26.25_79.95,26.25_79.95;26.00_79.90;26.20_79.95;26.05_79.90;26.00_79.85;26.00_79.95;26.25_79.90;26.10_79.95;26.15_79.85;26.05_79.65;25.95_79.80;25.95_79.65;26.00_79.80;26.15_79.95;26.00_79.65;26.15_79.90;26.20_79.90;26.25_79.80;25.95_79.85;25.95_79.75;26.00_79.75;26.20_79.80;25.95_79.90;26.05_79.80;26.25_79.70;26.00_79.70;26.25_79.65;26.20_79.70;26.10_79.85;25.95_79.70;26.25_79.75;26.15_79.65;26.20_79.85;25.95_79.95;26.10_79.65;26.25_79.85;26.20_79.65;26.20_79.75;26.15_79.70,39,AGRICULTURAL_BURNING,,On cropland — consistent with crop-residue burning.,26.27952826732673,79.97134455445544,2673,4.906386138613861,71.74,CROPLAND,73.16312380833483,HIGH,40
28.65_79.65,28.65_79.65;28.75_79.90;28.75_79.70;28.75_79.75;28.80_79.70;28.80_79.80;28.70_79.70;28.70_79.65;28.75_79.65;28.55_79.90;28.80_79.75;28.75_79.80;28.65_79.75;28.65_79.70;28.50_79.90;28.50_79.75;28.45_79.90;28.50_79.65;28.55_79.65;28.45_79.65;28.55_79.70;28.60_79.65;28.50_79.85;28.50_79.80;28.65_79.80;28.60_79.85;28.45_79.85,27,AGRICULTURAL_BURNING,,On cropland — consistent with crop-residue burning.,28.6795679389313,79.67372900763358,2668,7.5658778625954195,103.52,CROPLAND,77.1886984688323,CRITICAL,40
29.50_74.60,29.50_74.60;29.45_74.90;29.40_74.90;29.50_74.80;29.50_74.65;29.50_74.90;29.45_74.80;29.50_74.75;29.45_74.85;29.50_74.70;29.50_74.85;29.40_74.85;29.40_74.80;29.40_74.70;29.35_74.75;29.35_74.90;29.35_74.70;29.35_74.85;29.25_74.60;29.15_74.70;29.20_74.65,21,AGRICULTURAL_BURNING,,On cropland — consistent with crop-residue burning.,29.52632954976304,74.61806976303318,2662,7.901540284360189,79.91,CROPLAND,74.18332018753063,HIGH,40
24.70_81.10,24.70_81.10;24.60_81.10;24.65_81.10;24.70_81.15;24.65_81.15;24.65_81.20;24.75_81.15;24.55_81.20;24.60_81.15;24.65_81.25;24.70_81.30;24.75_81.35;24.70_81.25;24.80_81.15;24.80_81.10;24.70_81.35;24.75_81.25;24.60_81.20;24.60_81.25;24.60_81.30;24.75_81.40;24.65_81.30;24.80_81.20;24.55_81.25;24.75_81.10;24.70_81.40;24.65_81.35;24.55_81.35;24.55_81.30;24.50_81.40;24.55_81.40;24.60_81.35;24.60_81.40;24.80_81.35;24.50_81.35,35,AGRICULTURAL_BURNING,,On cropland — consistent with crop-residue burning.,24.72590498360656,81.12270563934426,2659,9.890852459016394,133.04,CROPLAND,77.2272519224496,CRITICAL,40
28.15_82.85,28.15_82.85;28.10_83.10;28.15_83.20;28.15_82.90;28.10_82.95;28.30_83.15;28.15_83.00;28.20_83.15;28.10_83.20;28.20_82.90;28.15_83.10;28.10_82.90;28.25_83.20;28.20_83.10;28.35_83.05;28.15_83.15;28.30_82.95;28.25_82.95;28.40_82.90;28.20_83.05;28.40_83.20;28.25_82.90;28.30_83.20;28.30_83.00;28.35_83.00;28.25_83.10;28.35_82.90;28.40_83.05;28.40_83.00;28.45_83.00,30,FOREST_FIRE,,On Tree Cover — consistent with a forest/wildland fire.,28.17511594890511,82.88452375912408,2650,2.9556569343065693,149.23,TREE_COVER,75.471943351454,HIGH,40
28.35_80.35,28.35_80.35;28.30_80.65;28.15_80.45;28.30_80.50;28.25_80.65;28.30_80.45;28.15_80.40;28.20_80.40;28.15_80.60;28.20_80.55;28.35_80.65;28.10_80.55;28.15_80.55;28.20_80.70;28.40_80.60;28.10_80.40;28.15_80.65;28.10_80.65;28.10_80.60;28.10_80.35;28.25_80.55,21,AGRICULTURAL_BURNING,,On cropland — consistent with crop-residue burning.,28.37604107398568,80.37655572792363,2639,10.523221957040573,115.41,CROPLAND,76.08177821899996,CRITICAL,40
26.25_79.40,26.25_79.40;25.95_79.50;26.15_79.40;26.25_79.45;26.15_79.45;26.25_79.30;26.05_79.45;26.20_79.40;26.05_79.40;25.95_79.55;26.10_79.40;26.00_79.60;26.10_79.45;26.05_79.60;25.95_79.25;26.00_79.55;26.25_79.35;25.95_79.60;26.00_79.30;26.15_79.35;26.05_79.35;26.10_79.35;26.15_79.60;26.05_79.50;25.95_79.35;26.10_79.30;26.25_79.60;26.00_79.35;26.20_79.50;26.20_79.30;26.05_79.30;26.15_79.50;26.10_79.55;26.15_79.30;26.15_79.55;26.00_79.40;26.20_79.55,37,AGRICULTURAL_BURNING,Project Jalaun,On cropland — consistent with crop-residue burning.,26.273696763485475,79.42574817427385,2616,6.55688796680498,54.71,CROPLAND,71.02650062128134,HIGH,40
27.30_84.20,27.30_84.20;27.20_83.95;27.20_84.25;27.25_84.25;27.25_83.95;27.15_84.15;27.00_84.05;27.05_84.05;27.15_84.25;27.10_84.00;27.20_84.30;27.20_84.05;27.20_84.15;27.20_84.10;27.25_84.00;27.15_83.95;27.05_84.00;27.15_84.20;27.25_84.05;27.15_84.05;27.05_84.20;27.30_83.95;27.10_84.20;27.10_84.15;27.05_83.95;27.00_84.00;27.05_84.25;27.05_84.30,28,AGRICULTURAL_BURNING,,On cropland — consistent with crop-residue burning.,27.33021679347826,84.22639135869565,2594,6.169972826086957,86.83,CROPLAND,75.34769651628972,HIGH,40
23.90_83.65,23.90_83.65;23.90_83.70;23.90_83.60;23.85_83.80;23.85_83.70;24.05_83.70;24.00_83.70;23.90_83.75;23.80_83.60;24.00_83.75;23.95_83.70;24.05_83.60;24.00_83.85;23.90_83.85;23.95_83.60;23.95_83.65;23.80_83.90;23.80_83.80;23.80_83.85;24.00_83.80;23.90_83.90;23.95_83.85;23.95_83.75;23.95_83.90;23.85_83.60;24.10_83.75;23.80_83.70;23.80_83.75;24.10_83.60,29,FOREST_FIRE,,On Tree Cover — consistent with a forest/wildland fire.,23.924901350482315,83.67306250803858,2582,3.2436334405144693,92.93,TREE_COVER,71.30882165583532,HIGH,40
25.95_78.15,25.95_78.15;25.95_78.10;25.95_78.00;26.00_78.05;26.25_78.15;26.00_78.00;26.00_77.95;26.10_78.15;25.95_77.85;26.10_78.00;26.05_77.85;26.25_78.00;26.20_78.00;26.10_77.90,14,AGRICULTURAL_BURNING,,On cropland — consistent with crop-residue burning.,25.9713904912999,78.17409135107472,2559,6.498659160696008,101.99,CROPLAND,81.5689318800102,CRITICAL,40
27.40_82.70,27.40_82.70;27.40_82.80;27.40_82.75;27.40_82.85;27.40_82.60;27.45_82.80;27.50_82.60;27.50_82.65;27.60_82.60;27.45_82.60;27.55_82.60;27.55_82.55;27.55_82.50;27.40_82.50;27.45_82.55;27.40_82.55;27.50_82.70,17,AGRICULTURAL_BURNING,,On cropland — consistent with crop-residue burning.,27.41960068235294,82.72815369411765,2547,8.361058823529412,73.31,CROPLAND,74.7377182195187,HIGH,40
24.60_78.55,24.60_78.55;24.50_78.60;24.65_78.85;24.65_78.55;24.65_78.80;24.60_78.60;24.60_78.85;24.55_78.65;24.50_78.55;24.55_78.55;24.60_78.90;24.60_78.70;24.65_78.60;24.75_78.75;24.60_78.65;24.50_78.85;24.65_78.90;24.65_78.70;24.55_78.75;24.80_78.55;24.75_78.55;24.50_78.75;24.65_78.75;24.50_78.70;24.60_78.75;24.55_78.85;24.80_78.80;24.80_78.70;24.75_78.80;24.65_78.65;24.85_78.55;24.75_78.70;24.70_78.65;24.70_78.55;24.70_78.60;24.70_78.70;24.75_78.85;24.85_78.85,38,AGRICULTURAL_BURNING,,On cropland — consistent with crop-residue burning.,24.627015109170305,78.57733471615721,2543,10.65829694323144,111.6,CROPLAND,75.8107437502691,HIGH,40
29.15_77.10,29.15_77.10;29.00_77.10;28.90_77.15;29.10_77.10;29.15_77.35;29.05_77.40;29.05_77.20;29.05_77.30;28.85_77.35;29.15_77.30;29.05_77.15;29.00_77.40;28.90_77.40;28.90_77.35;29.15_77.15;28.95_77.25;29.10_77.30;29.15_77.40;28.90_77.30;29.15_77.45;29.10_77.15;29.00_77.35;29.10_77.40;28.95_77.40;28.85_77.30;28.85_77.45;28.95_77.30;28.95_77.35;29.15_77.25;28.90_77.25;29.00_77.25;28.90_77.45,32,AGRICULTURAL_BURNING,,On cropland — consistent with crop-residue burning.,29.1819891503268,77.1211716993464,2529,5.160457516339869,198.55,CROPLAND,81.96830125273404,HIGH,40
29.90_75.60,29.90_75.60;29.90_75.65;29.95_75.45;29.95_75.40,4,AGRICULTURAL_BURNING,,On cropland — consistent with crop-residue burning.,29.929210809160303,75.62513986259542,2523,7.014458015267176,94.77,CROPLAND,79.67423037039295,CRITICAL,40
24.05_81.45,24.05_81.45;23.80_81.45;24.00_81.60;23.80_81.75;23.85_81.75;24.00_81.55;24.00_81.75;23.95_81.45;23.80_81.55;23.80_81.50;24.00_81.50;23.95_81.55;23.85_81.60;23.75_81.75;23.90_81.75;24.05_81.70;24.05_81.50;23.80_81.60;24.00_81.70;23.80_81.70;24.05_81.75;23.90_81.60;23.85_81.55;23.90_81.70;24.05_81.65;23.90_81.65;23.95_81.75;23.95_81.65;24.00_81.65;23.80_81.65,30,FOREST_FIRE,,On Tree Cover — consistent with a forest/wildland fire.,24.07187172161172,81.47203904761905,2499,6.562271062271062,79.14,TREE_COVER,70.64444548015982,HIGH,40
24.75_74.60,24.75_74.60,1,INDUSTRIAL,TPP Aditya Cement Works UltraTech Cement Works,On Built Up land cover (ESA WorldCover 10m) with 2493 historical detections — consistent with a real industrial fire source.,24.7645347,74.6074893,2493,1.9412675491375853,22.09,BUILT_UP,80.83766732876023,CRITICAL,8
28.70_79.50,28.70_79.50;28.80_79.30;28.65_79.50;28.80_79.60;28.80_79.35;28.80_79.45;28.65_79.60;28.65_79.55;28.60_79.45;28.70_79.60;28.80_79.50;28.50_79.55;28.60_79.50;28.75_79.60;28.65_79.45;28.75_79.40;28.75_79.30;28.65_79.30;28.55_79.55;28.60_79.35;28.50_79.45;28.45_79.50;28.60_79.55;28.60_79.40;28.55_79.50;28.65_79.40;28.60_79.60;28.50_79.50;28.60_79.30;28.55_79.35;28.55_79.60;28.70_79.30;28.45_79.45;28.50_79.60;28.50_79.30;28.55_79.30;28.45_79.40;28.45_79.55;28.50_79.40;28.50_79.25,40,AGRICULTURAL_BURNING,,On cropland — consistent with crop-residue burning.,28.71866348958333,79.52372864583333,2430,7.743125,62.29,CROPLAND,72.13674563925221,HIGH,40
24.50_79.50,24.50_79.50;24.50_79.60;24.60_79.40;24.50_79.40;24.50_79.55;24.55_79.40;24.55_79.35;24.55_79.60;24.60_79.60;24.60_79.45;24.60_79.55;24.65_79.35,12,FOREST_FIRE,,On Tree Cover — consistent with a forest/wildland fire.,24.527047916666664,79.523215703125,2403,4.979166666666667,107.32,TREE_COVER,79.55951419235353,HIGH,40
23.95_78.60,23.95_78.60;23.95_78.65;23.80_78.85;23.90_78.85;23.90_78.60;23.90_78.65;24.00_78.75;23.80_78.55;23.95_78.85;23.90_78.80;24.00_78.60;24.05_78.85;23.90_78.55;23.80_78.80;24.05_78.70;24.10_78.85;23.80_78.90;23.95_78.55;23.95_78.70;23.90_78.70;24.00_78.85;24.00_78.80;24.05_78.80;23.75_78.65;23.90_78.75;24.10_78.60;23.85_78.60;23.85_78.75;24.10_78.55;24.10_78.65;23.80_78.75;23.75_78.75,32,AGRICULTURAL_BURNING,,On cropland — consistent with crop-residue burning.,23.96557205882353,78.62667382352942,2392,6.585,137.76,CROPLAND,76.06057687206001,HIGH,40
27.90_80.35,27.90_80.35;28.05_80.65;27.90_80.40;28.05_80.60;27.95_80.35;27.85_80.35;28.05_80.55;28.00_80.35;28.00_80.60;28.00_80.55;27.80_80.65;27.85_80.60;27.95_80.45;28.00_80.65;28.05_80.35;27.80_80.35;27.75_80.40;27.95_80.50;27.75_80.50;27.75_80.35;27.95_80.55;27.90_80.65;27.75_80.55;27.85_80.55;28.00_80.50;27.90_80.50;27.90_80.60;27.80_80.40;27.85_80.40;27.85_80.45;28.00_80.45;27.90_80.45;27.90_80.55;27.75_80.70;27.95_80.40;27.85_80.50;27.80_80.55;27.95_80.60;27.95_80.65;27.80_80.50,40,AGRICULTURAL_BURNING,,On cropland — consistent with crop-residue burning.,27.922099197080293,80.37758145985401,2358,4.196350364963504,34.0,CROPLAND,69.58980803079845,HIGH,40
28.10_83.25,28.10_83.25;28.40_83.35;28.10_83.40;28.40_83.40;28.30_83.55;28.10_83.35;28.25_83.50;28.35_83.40;28.10_83.45;28.20_83.35;28.15_83.25;28.35_83.45;28.15_83.55;28.10_83.30;28.40_83.55;28.20_83.40;28.25_83.55;28.15_83.35;28.45_83.55;28.45_83.25;28.25_83.30;28.25_83.40;28.20_83.45;28.25_83.25;28.10_83.50;28.35_83.35;28.25_83.45;28.20_83.50;28.40_83.25;28.40_83.30;28.25_83.35;28.20_83.25;28.15_83.45;28.20_83.30;28.15_83.50;28.15_83.40;28.30_83.25;28.30_83.35;28.30_83.30;28.30_83.45,40,FOREST_FIRE,,On Tree Cover — consistent with a forest/wildland fire.,28.116176242774568,83.2734885549133,2314,4.966040462427745,233.96,TREE_COVER,77.40620294214179,CRITICAL,40
24.80_76.50,24.80_76.50;24.80_76.60;24.75_76.50;24.75_76.65;24.75_76.60;24.80_76.55;24.60_76.40;24.70_76.70;24.65_76.70;24.75_76.55;24.65_76.65;24.80_76.40;24.80_76.45;24.55_76.45;24.60_76.65;24.60_76.70;24.55_76.40;24.50_76.45;24.80_76.70;24.65_76.60;24.70_76.50;24.80_76.65;24.65_76.45;24.60_76.50;24.50_76.50;24.75_76.45;24.85_76.70;24.70_76.40;24.50_76.55;24.60_76.60;24.55_76.65;24.60_76.55;24.55_76.60;24.50_76.65;24.50_76.40;24.50_76.60;24.75_76.40;24.55_76.55;24.50_76.35;24.70_76.45,40,AGRICULTURAL_BURNING,,On cropland — consistent with crop-residue burning.,24.82286871080139,76.52726986062719,2311,7.671811846689895,128.0,CROPLAND,71.73510761452054,HIGH,40
24.25_80.20,24.25_80.20;24.45_80.10;24.45_80.05;24.40_80.10;24.25_80.15;24.30_80.20;24.45_80.15;24.30_80.15;24.45_80.25;24.40_80.15;24.40_80.05;24.45_80.30;24.35_80.10;24.45_80.00;24.30_80.10;24.40_80.00;24.40_80.20;24.15_80.30;24.35_80.15;24.25_80.10;24.30_80.05;24.25_80.00;24.35_80.20;24.30_80.25;24.35_80.00;24.40_80.25;24.35_80.25;24.30_80.00;24.35_80.05;24.40_80.30;24.25_80.05;24.35_80.30,32,AGRICULTURAL_BURNING,,On cropland — consistent with crop-residue burning.,24.28301201183432,80.2221801183432,2299,6.224082840236686,147.49,CROPLAND,75.23237179336519,HIGH,40
27.65_76.10,27.65_76.10,1,INDUSTRIAL,,On Bare Sparse land cover (ESA WorldCover 10m) with 2295 historical detections — consistent with a real industrial fire source.,27.6667105,76.1297178,2295,1.46759477124183,6.38,BARE_SPARSE,75.94936698856334,CRITICAL,8
25.90_83.05,25.90_83.05;25.80_82.90;25.90_82.95;25.85_83.05;25.90_82.90;25.80_82.95;25.75_83.00;25.80_83.15;25.80_83.05;25.80_83.10;25.75_82.90;25.80_83.00;25.75_83.05;25.90_83.20;25.85_82.95;25.75_83.15;25.90_83.10;25.70_83.10;25.70_83.00;25.75_83.10;25.85_83.20;25.80_83.20;25.85_83.10;25.70_83.05;25.70_82.90;25.90_83.00;25.65_82.95;25.65_83.05;25.75_82.95;25.60_83.05;25.70_83.20;25.60_83.20;25.60_83.00;25.90_83.15;25.85_83.15;25.65_83.00;25.65_83.15;25.65_83.10;25.70_82.95;25.60_82.90;25.65_82.90;25.75_83.20;25.55_82.90;25.60_83.10;25.60_83.15,45,AGRICULTURAL_BURNING,,On cropland — consistent with crop-residue burning.,25.922945833333333,83.07700192708333,2287,8.138177083333334,71.95,CROPLAND,72.50710913749224,HIGH,40
29.40_81.40,29.40_81.40;29.45_81.10;29.50_81.15;29.45_81.15;29.20_81.15;29.30_81.10;29.20_81.20;29.50_81.10;29.30_81.15;29.25_81.15;29.30_81.40;29.45_81.05;29.30_81.20;29.20_81.40;29.20_81.10;29.25_81.25;29.20_81.30;29.25_81.10;29.45_81.35;29.35_81.30;29.40_81.20;29.50_81.30;29.30_81.35;29.25_81.30;29.50_81.25;29.45_81.25;29.30_81.30;29.35_81.25;29.25_81.40;29.20_81.35;29.45_81.30;29.50_81.20;29.40_81.25;29.40_81.30;29.40_81.10;29.40_81.15,36,FOREST_FIRE,,On Tree Cover — consistent with a forest/wildland fire.,29.427289200000004,81.42682923076923,2275,6.3508,146.94,TREE_COVER,83.05638016163361,CRITICAL,40
25.85_79.35,25.85_79.35;25.60_79.45;25.60_79.40;25.60_79.60;25.70_79.60;25.65_79.50;25.65_79.55;25.60_79.50;25.70_79.55;25.70_79.30;25.65_79.60;25.65_79.45;25.75_79.60;25.85_79.30;25.80_79.30;25.75_79.55;25.80_79.35;25.70_79.50;25.80_79.40;25.85_79.40;25.85_79.45;25.90_79.40;25.65_79.40;25.60_79.55;25.55_79.40;25.90_79.45;25.75_79.50;25.90_79.30;25.80_79.55;25.70_79.45;25.90_79.35;25.70_79.40;25.70_79.25;25.75_79.40;25.60_79.30;25.90_79.55;25.75_79.45,37,AGRICULTURAL_BURNING,,On cropland — consistent with crop-residue burning.,25.86195580645161,79.36989206451612,2273,7.383225806451613,101.8,CROPLAND,73.53502145375644,HIGH,40
28.35_80.70,28.35_80.70;28.30_81.00;28.25_80.90;28.30_80.95;28.25_80.75;28.40_80.95;28.30_80.70;28.25_81.00;28.25_80.95;28.25_80.85;28.10_80.70;28.30_80.75;28.25_80.70;28.25_80.80;28.20_80.90;28.10_80.90;28.15_80.80;28.20_81.00;28.10_80.95;28.10_80.85;28.20_81.05;28.15_80.85;28.15_81.05,23,AGRICULTURAL_BURNING,,On cropland — consistent with crop-residue burning.,28.37714635451505,80.72677150501673,2272,6.700267558528428,108.41,CROPLAND,78.40354706063935,HIGH,40
26.00_84.20,26.00_84.20;26.15_83.95;25.95_84.25;26.05_83.95;25.95_83.95;25.95_84.00;26.20_83.95;26.10_84.15;26.05_84.25;25.95_84.05;26.20_84.00;26.15_84.10;25.95_84.30;26.05_84.05;26.05_84.00;26.05_84.20;26.10_84.00;26.05_84.15;26.10_84.10;26.20_84.10;26.20_84.05;26.15_84.20;26.25_83.95;26.10_84.05;26.15_84.00;26.20_84.20;26.15_84.15;26.15_84.05;26.25_84.25;26.15_84.25;26.25_84.30;26.00_84.10;26.20_84.25;26.10_84.25,34,AGRICULTURAL_BURNING,,On cropland — consistent with crop-residue burning.,26.01843055555556,84.22711316666667,2257,7.299777777777778,341.88,CROPLAND,71.13868219602614,HIGH,40
29.90_79.00,29.90_79.00;29.90_78.95;29.95_79.00;29.90_78.90;29.95_78.95;29.90_79.05;29.90_79.15;29.90_79.20;29.95_79.25;29.95_79.05;29.95_79.10,11,FOREST_FIRE,,On Tree Cover — consistent with a forest/wildland fire.,29.9292187012987,79.02508111688311,2250,2.953012987012987,139.75,TREE_COVER,88.91221393829449,HIGH,40
25.85_83.95,25.85_83.95;25.90_84.00;25.80_83.95;25.90_83.95;25.65_84.05;25.90_84.30;25.90_84.25;25.65_83.95;25.90_84.10;25.65_84.25;25.65_84.20;25.55_84.05;25.90_84.05;25.60_83.95;25.85_84.00;25.85_84.05;25.75_83.95;25.80_84.05;25.90_84.15;25.85_84.10;25.90_84.20;25.65_84.00;25.60_84.25;25.60_84.30;25.70_84.05;25.65_84.15;25.70_84.00;25.65_84.30;25.65_84.10;25.75_84.25;25.80_84.15;25.80_84.10;25.85_84.20;25.85_84.15;25.75_84.10;25.75_84.05;25.75_84.20;25.85_84.30;25.60_84.15;25.75_84.30;25.75_84.15;25.80_84.25;25.80_84.20,43,AGRICULTURAL_BURNING,,On cropland — consistent with crop-residue burning.,25.87187478723404,83.9665639361702,2238,4.867553191489362,111.57,CROPLAND,76.2559273413081,CRITICAL,40
26.55_83.95,26.55_83.95;26.45_83.95;26.45_84.05;26.35_83.95;26.60_84.00;26.30_83.95;26.50_84.05;26.50_83.95;26.50_84.10;26.45_84.00;26.60_83.95;26.55_84.05;26.60_84.05;26.60_84.10;26.40_84.00;26.55_84.10;26.50_84.00;26.55_84.25;26.40_84.05;26.30_84.25;26.55_84.00;26.30_84.20;26.35_84.05;26.30_84.05;26.40_84.20;26.55_84.20;26.30_84.30;26.35_84.20;26.30_84.10;26.35_84.10;26.40_84.25;26.50_84.30;26.60_84.20;26.50_84.20;26.45_84.15;26.50_84.15;26.40_84.10;26.35_84.15,38,AGRICULTURAL_BURNING,,On cropland — consistent with crop-residue burning.,26.570013718592968,83.97118060301509,2199,4.010603015075377,113.55,CROPLAND,72.8061374740224,HIGH,40
25.70_80.90,25.70_80.90;25.70_80.85;25.75_80.85;25.75_80.90;25.75_80.80;25.60_80.75;25.70_80.95;25.70_80.80;25.90_80.90;25.85_80.80;25.70_81.00;25.75_80.95;25.90_80.70;25.65_80.95;25.85_80.90;25.75_80.75;25.85_80.85;25.80_81.00;25.80_80.70;25.85_80.75;25.80_80.85;25.65_80.80;25.65_80.75;25.60_80.80;25.70_81.05;25.90_80.75;25.75_81.00;25.70_80.75;25.80_80.90;25.90_80.95;25.90_81.05;25.85_81.00;25.85_80.70;25.90_81.00;25.60_80.70;25.80_81.05;25.80_80.95;25.75_81.05;25.60_80.85;25.65_81.00;25.70_80.70;25.60_80.90;25.85_80.95;25.65_80.90;25.65_80.85,45,AGRICULTURAL_BURNING,,On cropland — consistent with crop-residue burning.,25.73975910447761,80.92454630597014,2177,6.124328358208955,41.23,CROPLAND,72.14493804715165,HIGH,40
29.30_77.10,29.30_77.10;29.45_77.10;29.20_77.10;29.50_77.10;29.25_77.35;29.25_77.40;29.35_77.10;29.50_77.45;29.30_77.40;29.25_77.15;29.20_77.35;29.20_77.25;29.30_77.15;29.30_77.20;29.40_77.45;29.35_77.45;29.20_77.40;29.45_77.45;29.40_77.10;29.25_77.30;29.30_77.45;29.35_77.15,22,AGRICULTURAL_BURNING,,On cropland — consistent with crop-residue burning.,29.325917908163262,77.13110806122448,2173,6.002295918367347,89.54,CROPLAND,74.40595331892952,HIGH,40
23.90_79.35,23.90_79.35;23.95_79.30;23.90_79.30;24.10_79.45;24.10_79.50;24.00_79.35;23.85_79.35;24.05_79.35;24.00_79.30;24.10_79.40;23.80_79.35;24.00_79.45;23.80_79.55;23.85_79.50;23.90_79.60;23.90_79.40;24.05_79.30;23.95_79.60;24.10_79.55;23.90_79.55;24.05_79.45;23.95_79.45;23.80_79.30;24.10_79.35;23.95_79.55;24.05_79.40;24.00_79.40;23.90_79.45;23.90_79.50;24.00_79.50;23.85_79.30;23.95_79.50;24.05_79.50;24.00_79.60;24.05_79.60;24.10_79.60;24.05_79.55;24.00_79.55,38,AGRICULTURAL_BURNING,,On cropland — consistent with crop-residue burning.,23.93496885106383,79.37676421276596,2173,7.251489361702127,108.45,CROPLAND,74.53398635013414,HIGH,40
27.90_77.45,27.90_77.45;27.90_77.50;28.00_77.50;28.05_77.50;28.00_77.55;28.05_77.55;27.80_77.45;28.05_77.70;27.75_77.65;27.85_77.55;27.75_77.50;27.85_77.60;27.85_77.70;27.80_77.75;27.75_77.80;27.80_77.50;28.00_77.70;28.05_77.75;28.00_77.45;27.80_77.65;28.05_77.65;27.90_77.55;27.90_77.65;27.75_77.75;27.85_77.75;27.80_77.80;27.75_77.60;27.75_77.70;27.80_77.70;27.90_77.80,30,AGRICULTURAL_BURNING,,On cropland — consistent with crop-residue burning.,27.92223114035088,77.47848403508772,2157,6.305219298245614,133.5,CROPLAND,78.0855654286988,HIGH,40
23.70_79.80,23.70_79.80;23.65_79.80;23.60_79.95;23.75_79.80;23.50_79.75;23.55_79.65,6,FOREST_FIRE,,On Tree Cover — consistent with a forest/wildland fire.,23.72142588917525,79.82489645618557,2144,10.657925257731955,135.22,TREE_COVER,77.72207234539917,HIGH,40
24.00_84.35,24.00_84.35;23.95_84.55;23.95_84.60;23.95_84.35;23.85_84.50;23.95_84.40;23.95_84.50;24.10_84.40;24.10_84.35;23.90_84.50;24.00_84.60;23.90_84.45;24.00_84.65;24.00_84.55;24.05_84.65;24.00_84.40;23.95_84.65;24.10_84.50;23.90_84.60;23.95_84.30;24.05_84.60;23.85_84.65;24.05_84.35;24.10_84.55;24.00_84.30;23.85_84.55;23.85_84.60;23.80_84.65;23.90_84.30;23.80_84.45;23.90_84.65;23.85_84.35;23.90_84.40;23.80_84.35;23.80_84.40;23.85_84.40,36,FOREST_FIRE,,On Tree Cover — consistent with a forest/wildland fire.,24.02917323943662,84.373709342723,2131,5.848403755868545,44.01,TREE_COVER,71.40365249255898,HIGH,40
25.20_84.35,25.20_84.35;25.10_84.40;25.20_84.30;25.10_84.30;25.15_84.45;25.15_84.40;25.05_84.35;25.05_84.40;25.10_84.35;24.85_84.30;24.85_84.45;25.20_84.45;24.90_84.50;25.05_84.65;24.85_84.40;24.85_84.35;24.95_84.35;24.95_84.50;25.10_84.60;25.00_84.60;24.95_84.40;24.95_84.55;25.05_84.45;24.90_84.35;24.90_84.45;25.15_84.50;25.00_84.65;24.90_84.55;25.05_84.50;25.05_84.60;25.05_84.55;25.00_84.55;24.85_84.50;24.95_84.60;24.95_84.45;25.10_84.55;24.85_84.55;25.00_84.45;24.85_84.65;25.15_84.55,40,AGRICULTURAL_BURNING,,On cropland — consistent with crop-residue burning.,25.224750581113803,84.37534082324456,2110,6.238280871670701,87.48,CROPLAND,79.2384442771611,CRITICAL,40
24.05_81.40,24.05_81.40;24.05_81.15;24.00_81.20;24.05_81.20;23.90_81.10;24.05_81.25;23.95_81.35;24.00_81.15;23.95_81.15;24.05_81.35;23.80_81.25;23.90_81.25;24.00_81.25;23.75_81.25;23.85_81.40;23.85_81.10;23.90_81.30;23.75_81.35;24.05_81.30;23.80_81.20;23.90_81.35,21,FOREST_FIRE,,On Tree Cover — consistent with a forest/wildland fire.,24.06926979695432,81.41952538071067,2109,6.266903553299492,84.54,TREE_COVER,70.38796812752389,HIGH,40
25.40_84.00,25.40_84.00;25.35_84.05;25.35_84.00;25.30_84.20;25.50_84.25;25.45_84.20;25.40_84.20,7,FOREST_FIRE,,On Tree Cover — consistent with a forest/wildland fire.,25.42343091439689,84.02466038910505,2107,6.4895719844357975,81.84,TREE_COVER,77.71860853635367,CRITICAL,40
28.15_83.80,28.15_83.80;28.25_83.60;28.10_83.85;28.10_83.65;28.10_83.70;28.10_83.80;28.10_83.75;28.20_83.60;28.10_83.90;28.40_83.90;28.15_83.85;28.20_83.75;28.40_83.60;28.15_83.90;28.30_83.75;28.15_83.60;28.15_83.70;28.20_83.85;28.30_83.80;28.40_83.95;28.40_83.75;28.30_83.65;28.20_83.80;28.35_83.60;28.35_83.80;28.40_83.80,26,FOREST_FIRE,Rice Mill,On Tree Cover — consistent with a forest/wildland fire.,28.17224371428572,83.8276120952381,2092,3.887190476190476,70.53,TREE_COVER,63.68464789404337,HIGH,40
29.95_78.35,29.95_78.35;29.95_78.50;29.90_78.40;29.95_78.45;29.95_78.40;29.90_78.45;29.90_78.50;29.90_78.35;29.90_78.30;29.95_78.30;29.90_78.25;29.90_78.20;29.95_78.25,13,FOREST_FIRE,,On Tree Cover — consistent with a forest/wildland fire.,29.973951291390726,78.37310168874173,2082,3.3345364238410595,58.24,TREE_COVER,75.02607478099428,HIGH,40
29.95_78.55,29.95_78.55;29.90_78.60;29.95_78.70;29.90_78.85;29.90_78.65;29.95_78.60;29.90_78.55;29.90_78.70;29.95_78.65,9,FOREST_FIRE,,On Tree Cover — consistent with a forest/wildland fire.,29.9793511965812,78.57203484330485,2069,2.737749287749288,63.24,TREE_COVER,77.87166168570292,HIGH,40
25.15_83.70,25.15_83.70;25.00_83.70;25.00_83.80;24.90_83.60;24.85_83.65,5,FOREST_FIRE,,On Tree Cover — consistent with a forest/wildland fire.,25.17341393465909,83.72717404829545,2060,6.29421875,207.76,TREE_COVER,91.56639212436576,CRITICAL,40
26.30_81.40,26.30_81.40;26.35_81.35;26.40_81.25;26.35_81.10;26.30_81.10;26.40_81.20;26.50_81.40;26.55_81.40;26.35_81.40;26.55_81.35;26.35_81.15;26.35_81.20;26.45_81.35;26.40_81.15;26.45_81.30;26.40_81.35;26.55_81.10;26.30_81.25;26.40_81.30;26.55_81.15;26.40_81.40;26.30_81.15;26.45_81.25;26.45_81.20;26.30_81.05;26.55_81.30;26.60_81.40;26.50_81.30;26.45_81.15;26.60_81.20;26.60_81.25;26.60_81.30;26.50_81.25;26.55_81.20;26.60_81.15;26.50_81.20;26.50_81.10;26.45_81.40;26.60_81.35;26.30_81.30;26.55_81.25,41,AGRICULTURAL_BURNING,,On cropland — consistent with crop-residue burning.,26.330171794871795,81.42592019230769,2051,5.525,33.26,CROPLAND,69.18123508214208,HIGH,40
25.65_83.90,25.65_83.90;25.60_83.85;25.90_83.90;25.85_83.90;25.80_83.75;25.85_83.80;25.90_83.80;25.85_83.65;25.80_83.70;25.90_83.85;25.65_83.85;25.80_83.80;25.75_83.75;25.85_83.85;25.85_83.70;25.80_83.90;25.65_83.75;25.70_83.85;25.75_83.90;25.70_83.80;25.75_83.85;25.80_83.85;25.90_83.65;25.75_83.60;25.70_83.75;25.75_83.80;25.70_83.90;25.65_83.80;25.75_83.65;25.70_83.70;25.60_83.80;25.60_83.70;25.65_83.70;25.65_83.60;25.60_83.75;25.70_83.65;25.65_83.65;25.75_83.70,38,AGRICULTURAL_BURNING,,On cropland — consistent with crop-residue burning.,25.674857207792208,83.92619383116883,2038,3.813506493506493,132.9,CROPLAND,75.36939156410295,HIGH,40
28.35_81.05,28.35_81.05;28.40_80.85;28.40_80.80;28.35_80.85;28.35_80.75;28.40_81.00;28.40_80.75;28.20_80.80;28.35_80.80;28.40_80.70;28.20_80.75;28.15_80.90;28.10_81.00;28.30_80.90;28.20_80.95;28.15_81.00;28.15_80.95;28.15_80.75,18,FOREST_FIRE,,On Tree Cover — consistent with a forest/wildland fire.,28.372755197368424,81.07267180921052,2001,7.485690789473685,233.14,TREE_COVER,82.42157653582264,HIGH,40
24.75_84.05,24.75_84.05;24.75_84.25;24.70_84.10;24.65_84.00;24.70_84.25;24.75_84.00;24.80_84.15;24.75_84.30;24.80_84.30;24.70_84.20;24.75_84.20;24.80_84.25;24.65_84.15;24.80_84.20;24.60_84.15;24.60_84.25;24.60_84.20;24.60_84.05;24.65_84.20;24.50_84.25;24.50_84.05;24.65_84.25;24.55_84.25;24.60_84.10;24.55_84.05;24.55_84.00;24.55_84.10;24.55_84.15;24.55_84.30;24.55_84.20,30,AGRICULTURAL_BURNING,,On cropland — consistent with crop-residue burning.,24.76938652173913,84.08084065217392,1995,7.138405797101449,97.14,CROPLAND,75.49610453536647,HIGH,40
24.10_82.70,24.10_82.70,1,INDUSTRIAL,,On Bare Sparse land cover (ESA WorldCover 10m) with 1978 historical detections — consistent with a real industrial fire source.,24.13753216380182,82.7196961627907,1978,1.6366582406471182,21.27,BARE_SPARSE,81.19787719961033,CRITICAL,8
29.55_74.60,29.55_74.60;29.55_74.70;29.55_74.65;29.55_74.90;29.85_74.90;29.80_74.65;29.55_74.85;29.60_74.60;29.75_74.80;29.85_74.85;29.60_74.65;29.75_74.90;29.85_74.65;29.60_74.70;29.85_74.70;29.80_74.90;29.85_74.75;29.80_74.70;29.80_74.85;29.65_74.90;29.60_74.80;29.80_74.80;29.75_74.60;29.60_74.75;29.70_74.90;29.80_74.75;29.65_74.65;29.75_74.85;29.65_74.85;29.65_74.60;29.75_74.70;29.70_74.80;29.70_74.60;29.70_74.85;29.65_74.75;29.65_74.80;29.70_74.70;29.75_74.75;29.70_74.65;29.70_74.75;29.65_74.70,41,AGRICULTURAL_BURNING,,On cropland — consistent with crop-residue burning.,29.574155228426395,74.62339756345177,1974,7.520355329949239,62.6,CROPLAND,72.72486927727293,HIGH,40
24.45_81.20,24.45_81.20;24.40_81.25;24.30_81.20;24.45_81.10;24.35_81.20;24.40_81.20;24.45_81.40;24.25_81.20;24.45_81.15;24.40_81.35;24.35_81.25;24.25_81.30;24.40_81.10;24.45_81.35;24.40_81.40;24.15_81.25;24.30_81.35;24.20_81.35;24.30_81.40;24.15_81.10;24.20_81.40,21,AGRICULTURAL_BURNING,Bansagar-III,On cropland — consistent with crop-residue burning.,24.47124645614035,81.22465287719298,1973,5.784701754385965,98.91,CROPLAND,75.67110789549032,HIGH,40
24.45_79.40,24.45_79.40;24.45_79.55;24.45_79.35;24.35_79.35;24.40_79.55;24.30_79.35;24.35_79.45;24.15_79.45,8,FOREST_FIRE,,On Tree Cover — consistent with a forest/wildland fire.,24.4724709929078,79.4279298817967,1961,6.117210401891253,104.29,TREE_COVER,72.96457478815441,HIGH,40
29.25_78.05,29.25_78.05;29.50_78.00;29.45_78.00;29.25_78.00;29.30_78.05;29.50_77.95;29.20_78.05;29.20_78.10;29.20_78.00;29.40_78.05;29.20_77.90;29.25_78.10;29.20_77.95;29.15_78.15;29.30_78.10;29.20_78.15;29.35_77.90;29.45_78.15;29.40_78.15;29.30_77.85;29.50_78.15;29.40_77.85;29.30_78.15;29.25_77.90;29.40_77.90;29.25_78.15,26,AGRICULTURAL_BURNING,,On cropland — consistent with crop-residue burning.,29.270701090909093,78.0771969090909,1957,5.902590909090909,60.82,CROPLAND,73.94112701476863,HIGH,40
23.60_80.60,23.60_80.60;23.50_80.60;23.65_80.35;23.60_80.35;23.55_80.55;23.50_80.35;23.65_80.70;23.55_80.50;23.55_80.70;23.75_80.50;23.65_80.40;23.60_80.65;23.70_80.55;23.60_80.55;23.75_80.65;23.50_80.55;23.70_80.70;23.75_80.70,18,AGRICULTURAL_BURNING,,On cropland — consistent with crop-residue burning.,23.62894863874345,80.61851418848168,1929,5.609842931937173,88.12,CROPLAND,76.93651781406092,CRITICAL,40
23.55_76.50,23.55_76.50;23.50_76.50;23.50_76.65;23.55_76.45;23.60_76.55;23.60_76.40;23.50_76.70;23.60_76.60;23.65_76.60;23.65_76.40;23.65_76.55;23.75_76.70;23.50_76.45;23.75_76.65;23.60_76.50;23.55_76.40;23.70_76.60;23.60_76.70;23.50_76.40;23.60_76.45;23.50_76.60;23.55_76.65;23.60_76.65;23.50_76.55;23.65_76.70;23.65_76.45;23.70_76.65;23.75_76.45;23.70_76.40;23.70_76.55,30,AGRICULTURAL_BURNING,,On cropland — consistent with crop-residue burning.,23.57565364161849,76.5173790751445,1911,7.322658959537572,84.2,CROPLAND,73.45821714029252,HIGH,40
25.85_76.75,25.85_76.75;25.90_76.80;25.80_76.75;25.60_77.05;25.60_77.00;25.90_76.75;25.85_76.80;25.65_77.05;25.70_76.90;25.65_77.00;25.60_76.75;25.90_76.85;25.80_76.80;25.70_77.05;25.90_77.00,15,AGRICULTURAL_BURNING,,On cropland — consistent with crop-residue burning.,25.87153945564516,76.7759860483871,1906,6.1471975806451615,64.51,CROPLAND,76.25829658830811,CRITICAL,40
23.70_76.90,23.70_76.90;23.75_76.85;23.60_76.90;23.65_76.90;23.75_76.75;23.65_76.85;23.60_76.85;23.70_76.85;23.70_76.80;23.50_77.00;23.60_77.00;23.55_76.75;23.60_76.75;23.75_76.80;23.50_76.95;23.55_76.85;23.60_76.95;23.50_76.75;23.65_76.75;23.50_77.05;23.55_76.90;23.70_76.75;23.60_77.05;23.55_76.80;23.55_77.00;23.50_76.85;23.55_76.95;23.65_76.80;23.75_77.05;23.65_76.95;23.70_77.05;23.50_76.80;23.55_77.05;23.70_77.00;23.50_76.90,35,AGRICULTURAL_BURNING,,On cropland — consistent with crop-residue burning.,23.7215650955414,76.91964732484077,1905,3.2725477707006365,69.72,CROPLAND,72.20908692298647,HIGH,40
24.85_79.80,24.85_79.80;25.05_79.80;24.85_79.75;25.00_79.90;24.90_79.75;25.05_79.90;25.10_79.75;25.05_79.85;24.90_79.85;25.05_79.75;25.00_79.75;25.00_79.85;24.95_79.75;24.95_79.85;24.85_79.70;24.90_79.80;24.95_79.95;25.10_79.70;25.15_79.85;24.90_79.70;25.15_79.70;25.05_79.95;24.95_79.80;25.05_79.70;25.00_79.70;24.95_79.90;25.15_79.80;24.90_79.95;25.10_79.80;25.10_79.65;25.15_79.65;25.05_79.65;24.95_79.65;25.10_79.95;25.20_79.65;25.10_79.90;25.20_79.80;24.85_79.95;24.95_79.70;25.20_79.70,40,AGRICULTURAL_BURNING,,On cropland — consistent with crop-residue burning.,24.871018529411767,79.82862198529412,1863,6.356764705882353,84.91,CROPLAND,72.20665665874013,HIGH,40
24.85_77.85,24.85_77.85;25.05_77.85;25.00_77.90;25.00_77.85;24.95_78.00;24.90_77.85;24.90_77.95;24.85_77.90;24.90_78.00;25.10_77.85;24.90_78.10;24.90_78.15;24.95_77.95;25.05_77.90;24.85_78.10;24.90_77.90;24.95_78.15;24.85_78.15;24.95_77.90;25.00_78.10;25.05_77.95;25.00_78.05;25.10_77.90;25.05_78.05;25.10_78.05;25.10_78.10;25.20_78.00;25.15_78.05;25.15_78.00;25.05_78.10;25.15_78.10;25.10_78.15;25.15_77.95;25.10_78.00,34,AGRICULTURAL_BURNING,,On cropland — consistent with crop-residue burning.,24.8708305,77.87395465384616,1858,5.849692307692308,153.58,CROPLAND,77.98248481991953,CRITICAL,40
28.30_77.45,28.30_77.45;28.35_77.50;28.10_77.50;28.40_77.50;28.10_77.45;28.35_77.45;28.30_77.50;28.10_77.80;28.25_77.50;28.10_77.75;28.15_77.50;28.15_77.70;28.10_77.55;28.10_77.65;28.30_77.75;28.20_77.70;28.10_77.70;28.30_77.80;28.25_77.75;28.15_77.65;28.30_77.60;28.15_77.55;28.35_77.70;28.25_77.80;28.40_77.55;28.20_77.80;28.30_77.55;28.35_77.80;28.30_77.65;28.15_77.80;28.25_77.65;28.40_77.75;28.40_77.65;28.35_77.60;28.40_77.70,35,AGRICULTURAL_BURNING,,On cropland — consistent with crop-residue burning.,28.33139355555556,77.48529822222223,1855,5.973185185185185,46.76,CROPLAND,71.41058679905434,HIGH,40
28.85_78.05,28.85_78.05;29.00_78.05;29.05_78.05;29.15_78.05;29.10_78.00;29.10_78.05;29.05_78.00;29.15_78.00;28.95_77.90;28.85_78.00;28.85_78.10;28.95_78.10;28.95_77.85;29.15_77.95;29.00_78.10;29.00_77.95;29.05_77.95;29.15_77.90;28.85_77.85;29.10_78.10;28.90_78.15;28.95_78.15;29.00_78.15,23,AGRICULTURAL_BURNING,,On cropland — consistent with crop-residue burning.,28.87945313131313,78.07522186868687,1850,4.776717171717172,51.69,CROPLAND,72.3660954827316,HIGH,40
29.95_79.70,29.95_79.70;29.90_79.65;29.95_79.75;29.90_79.70;29.95_79.90;29.95_79.65;29.95_79.85;29.90_79.80;29.90_79.85;29.90_79.95;29.90_79.90;29.95_79.80,12,FOREST_FIRE,,On Tree Cover — consistent with a forest/wildland fire.,29.973644267782426,79.72667238493723,1848,4.257824267782427,63.95,TREE_COVER,77.91568137002889,HIGH,40
25.80_80.20,25.80_80.20;25.70_80.00;25.85_80.20;25.80_80.25;25.65_80.00;25.85_80.25;25.75_80.05;25.70_80.10;25.65_80.30;25.70_80.05;25.75_80.15;25.75_80.00;25.65_80.05;25.70_80.15;25.60_80.00;25.75_80.20;25.65_80.10;25.90_80.10;25.85_80.05;25.85_80.10;25.90_80.00;25.60_80.05;25.85_80.30;25.65_80.15;25.75_80.30;25.80_80.00;25.60_80.10;25.60_80.30;25.60_80.15;25.85_80.00;25.65_80.25;25.60_80.20;25.90_80.15;25.65_80.20;25.70_80.25;25.75_80.25;25.90_80.30;25.70_80.30;25.70_80.20,39,AGRICULTURAL_BURNING,,On cropland — consistent with crop-residue burning.,25.82867054216868,80.22795033132529,1842,9.077981927710844,103.77,CROPLAND,75.73519958436421,CRITICAL,40
24.50_79.25,24.50_79.25;24.50_79.20;24.50_79.15;24.50_78.95;24.55_79.20;24.55_79.05;24.60_79.20;24.60_79.25;24.60_79.15;24.65_79.25;24.50_78.90;24.65_79.20;24.75_79.20;24.50_79.00;24.50_79.05;24.55_79.10;24.50_79.10;24.55_79.15;24.80_79.25;24.80_79.20;24.75_78.90;24.65_79.15;24.75_79.15;24.65_79.05;24.80_79.00;24.60_78.95;24.60_79.00;24.75_78.95;24.65_78.95;24.75_79.00;24.75_79.10;24.55_78.90;24.70_79.05;24.70_79.10;24.65_79.00;24.65_79.10;24.70_79.15;24.70_79.00;24.60_79.05;24.70_78.90;24.80_79.05,41,AGRICULTURAL_BURNING,,On cropland — consistent with crop-residue burning.,24.512498136200715,79.27572071684588,1841,8.92741935483871,91.13,CROPLAND,72.53496546501475,HIGH,40
29.80_82.05,29.80_82.05;29.70_82.00;29.80_81.85;29.75_82.10;29.70_82.10;29.55_81.80;29.70_81.90;29.80_82.10;29.70_82.05;29.65_82.05;29.65_82.00;29.75_81.80;29.55_82.00;29.60_82.10;29.55_82.05;29.55_81.90;29.85_81.80;29.70_82.15;29.70_81.80;29.80_82.00;29.65_82.10;29.55_81.95,22,FOREST_FIRE,,On Tree Cover — consistent with a forest/wildland fire.,29.82107887387388,82.08157594594594,1826,6.392297297297297,128.8,TREE_COVER,72.44857066050069,HIGH,40
29.90_76.40,29.90_76.40;29.95_76.65;29.95_76.70;29.90_76.45;29.95_76.55;29.90_76.50;29.90_76.55;29.90_76.65;29.90_76.70;29.90_76.60;29.95_76.60,11,AGRICULTURAL_BURNING,,On cropland — consistent with crop-residue burning.,29.927625611814346,76.42517848101265,1818,7.728185654008438,161.94,CROPLAND,81.11147443431985,HIGH,40
24.15_80.45,24.15_80.45;24.45_80.65;24.45_80.55;24.35_80.70;24.40_80.60;24.45_80.70;24.45_80.60;24.45_80.40;24.25_80.50;24.25_80.55;24.45_80.35;24.45_80.45;24.40_80.40;24.35_80.45;24.30_80.40;24.40_80.35;24.35_80.35,17,AGRICULTURAL_BURNING,,On cropland — consistent with crop-residue burning.,24.17017204724409,80.47926456692913,1812,7.867677165354331,66.58,CROPLAND,72.04687918705365,HIGH,40
26.55_82.80,26.55_82.80;26.45_82.60;26.45_82.65;26.40_82.65;26.55_82.85;26.45_82.55;26.60_82.50;26.50_82.55;26.55_82.75;26.45_82.70;26.35_82.60;26.55_82.50;26.50_82.70;26.35_82.50;26.50_82.75;26.35_82.65;26.30_82.60;26.45_82.75;26.40_82.55;26.35_82.75;26.55_82.70;26.60_82.75;26.50_82.80;26.45_82.80;26.65_82.80;26.60_82.85;26.30_82.70;26.40_82.75;26.30_82.75;26.30_82.65;26.35_82.80;26.50_82.65;26.40_82.60;26.30_82.85;26.60_82.80;26.45_82.85,36,AGRICULTURAL_BURNING,,On cropland — consistent with crop-residue burning.,26.57925814814815,82.82909185185186,1798,10.05820105820106,129.08,CROPLAND,74.96580496541662,HIGH,40
24.50_80.30,24.50_80.30;24.50_80.15;24.65_80.10;24.55_80.30;24.50_80.10;24.75_80.30;24.50_80.25;24.50_80.20;24.50_80.05;24.80_80.10;24.55_80.25;24.75_80.00;24.80_80.00;24.80_80.05;24.55_80.20;24.65_80.30;24.85_80.15;24.85_80.10,18,AGRICULTURAL_BURNING,,On cropland — consistent with crop-residue burning.,24.521451861471864,80.3277932034632,1793,6.923116883116883,104.76,CROPLAND,73.60038875290628,HIGH,40
25.55_78.90,25.55_78.90;25.35_78.90;25.35_79.20;25.30_78.90;25.30_79.20;25.30_79.15;25.40_79.25;25.25_79.05;25.50_78.95;25.35_79.15;25.55_79.00;25.30_79.10;25.25_79.00;25.20_79.25;25.55_79.05;25.35_79.05;25.40_78.90;25.55_79.15;25.35_79.25;25.45_78.95;25.40_79.15;25.25_79.15;25.50_79.15;25.20_78.95;25.25_78.90;25.35_79.00;25.50_79.10;25.40_79.10;25.30_78.95;25.35_78.95;25.25_79.10;25.50_79.00;25.40_79.20;25.30_79.00;25.40_79.05;25.30_79.25;25.40_78.95;25.55_79.25;25.45_79.15;25.45_79.20;25.45_79.05;25.50_79.05;25.35_79.10;25.45_78.90;25.45_79.00;25.45_79.10,46,AGRICULTURAL_BURNING,,On cropland — consistent with crop-residue burning.,25.57334136690648,78.93652791366905,1782,9.74956834532374,78.4,CROPLAND,70.80545016789843,HIGH,40
27.25_82.45,27.25_82.45;27.35_82.45;27.20_82.45;27.30_82.45;27.05_82.45;27.15_82.40;27.35_82.35;27.05_82.35;27.20_82.40;27.30_82.40;27.15_82.45;27.25_82.30;27.25_82.35;27.30_82.35;27.35_82.20;27.05_82.30;27.20_82.20;27.30_82.25;27.10_82.30;27.15_82.25;27.10_82.15,21,AGRICULTURAL_BURNING,,On cropland — consistent with crop-residue burning.,27.27201872131148,82.47983662295083,1777,3.617606557377049,62.59,CROPLAND,75.64590865348748,HIGH,40
25.20_84.05,25.20_84.05;25.05_84.15;24.85_84.05;24.95_84.15;24.95_84.30;24.90_84.00,6,FOREST_FIRE,,On Tree Cover — consistent with a forest/wildland fire.,25.21985622881356,84.07491433262712,1769,5.459141949152543,78.11,TREE_COVER,78.59954919260024,CRITICAL,40
26.90_79.05,26.90_79.05;26.90_79.10;26.80_79.20;26.80_79.15;26.90_79.00;26.80_79.25;26.95_79.00;26.95_79.05;26.90_79.20;26.95_78.95;26.75_79.25;26.85_79.10;26.70_79.05;26.95_79.10;26.75_79.15;26.75_79.20;26.90_79.15;26.85_79.25;27.00_79.25;26.90_78.95;26.95_79.15;27.00_79.10;26.70_79.00;26.80_79.10;26.85_79.20;26.90_79.25;27.00_78.90;26.70_78.90;26.95_79.25;26.70_79.10;26.70_79.15;26.70_79.20;26.95_78.90;26.90_78.90,34,AGRICULTURAL_BURNING,,On cropland — consistent with crop-residue burning.,26.92538932835821,79.06765164179104,1769,4.203283582089552,57.82,CROPLAND,70.43668825965702,HIGH,40
29.50_74.55,29.50_74.55;29.50_74.50;29.45_74.50;29.45_74.55;29.40_74.50;29.35_74.50;29.35_74.55;29.30_74.50;29.25_74.50;29.25_74.55;29.40_74.55;29.30_74.55;29.20_74.50;29.20_74.55,14,AGRICULTURAL_BURNING,,On cropland — consistent with crop-residue burning.,29.529391583011584,74.57662335907337,1759,7.895778635778635,76.28,CROPLAND,77.01712118702366,CRITICAL,40
28.15_79.65,28.15_79.65;28.45_79.95;28.15_79.90;28.15_79.95;28.10_79.65;28.10_79.90;28.30_79.90;28.20_79.90;28.15_79.75;28.10_79.70;28.25_79.70;28.25_79.65;28.10_79.75;28.35_79.70;28.35_79.85;28.40_79.80;28.35_79.65;28.40_79.75;28.30_79.65;28.20_79.80;28.20_79.85;28.30_79.85;28.40_79.65;28.20_79.75,24,AGRICULTURAL_BURNING,,On cropland — consistent with crop-residue burning.,28.174373269230767,79.6837466025641,1747,6.368782051282051,101.85,CROPLAND,75.02457029575415,HIGH,40
24.30_84.05,24.30_84.05;24.20_84.20;24.40_83.95;24.20_84.00;24.40_84.00;24.25_84.30;24.25_84.20;24.20_84.30;24.25_84.25;24.20_84.10;24.25_84.15;24.20_84.25;24.20_84.15;24.45_84.15;24.20_83.95;24.25_84.05;24.25_83.95;24.45_84.10;24.15_84.25;24.30_84.15;24.40_84.25;24.40_84.20,22,FOREST_FIRE,,On Tree Cover — consistent with a forest/wildland fire.,24.32701167741936,84.06786070967742,1742,7.81658064516129,89.49,TREE_COVER,69.00143111454726,HIGH,40
24.50_79.65,24.50_79.65;24.50_79.90;24.80_79.65;24.80_79.85;24.50_79.75;24.50_79.95;24.75_79.65;24.80_79.90;24.70_79.85;24.75_79.95;24.80_79.95;24.55_79.75;24.80_79.70;24.80_79.80;24.75_79.90;24.75_79.70;24.65_79.85;24.70_79.75;24.70_79.70;24.70_79.95;24.75_79.85;24.70_79.65;24.65_79.80;24.70_79.80;24.65_79.70,25,AGRICULTURAL_BURNING,,On cropland — consistent with crop-residue burning.,24.526620147783248,79.6698539408867,1739,7.621576354679803,117.98,CROPLAND,72.67288401390597,HIGH,40
26.40_79.60,26.40_79.60;26.45_79.55;26.45_79.50;26.40_79.55;26.45_79.35;26.30_79.35;26.40_79.40;26.60_79.30;26.50_79.35;26.55_79.60;26.50_79.25;26.50_79.55;26.30_79.45;26.35_79.50;26.40_79.45;26.30_79.40;26.45_79.25;26.35_79.35;26.35_79.60;26.30_79.60;26.40_79.50;26.60_79.60;26.45_79.60;26.35_79.40;26.30_79.55;26.35_79.30;26.55_79.55;26.50_79.50;26.40_79.30;26.45_79.30;26.35_79.45;26.35_79.55;26.65_79.55;26.60_79.35,34,AGRICULTURAL_BURNING,,On cropland — consistent with crop-residue burning.,26.418684156626508,79.62095331325301,1728,3.99578313253012,57.34,CROPLAND,71.51100863305606,HIGH,40
29.90_74.95,29.90_74.95,1,INDUSTRIAL,Guru Gobind Singh Refinery,On Built Up land cover (ESA WorldCover 10m) with 1712 historical detections — consistent with a real industrial fire source.,29.9181696,74.9522387,1712,8.68186331775701,131.09,BUILT_UP,82.5742482634646,CRITICAL,8
28.75_76.90,28.75_76.90;28.70_76.95;28.65_76.80;28.75_76.85;28.80_76.75;28.60_76.85;28.60_76.80;28.55_76.80;28.65_76.75;28.60_76.75;28.75_76.95;28.55_76.85;28.50_76.75;28.70_77.05;28.55_76.95;28.55_76.90;28.50_77.10,17,AGRICULTURAL_BURNING,,On cropland — consistent with crop-residue burning.,28.776963179347828,76.93837752717391,1711,2.320516304347826,257.15,CROPLAND,79.60660965743233,HIGH,40
29.55_74.50,29.55_74.50;29.55_74.55;29.60_74.50;29.60_74.55;29.65_74.55;29.65_74.50;29.70_74.55;29.70_74.50;29.75_74.55;29.80_74.50,10,AGRICULTURAL_BURNING,,On cropland — consistent with crop-residue burning.,29.574454899536324,74.52454593508502,1710,10.462797527047917,98.89,CROPLAND,76.3900745521122,CRITICAL,40
25.85_82.70,25.85_82.70;25.90_82.70;25.85_82.80;25.90_82.75;25.85_82.75;25.90_82.60;25.90_82.65;25.90_82.80;25.80_82.85;25.75_82.85;25.85_82.85;25.80_82.75;25.75_82.75;25.70_82.85;25.80_82.70;25.65_82.80;25.60_82.65;25.65_82.75;25.60_82.50;25.75_82.55;25.70_82.55;25.60_82.60;25.60_82.85;25.60_82.70;25.70_82.75;25.90_82.55;25.85_82.50;25.75_82.50;25.65_82.50;25.65_82.65;25.55_82.65;25.85_82.60;25.80_82.60;25.65_82.55;25.65_82.70;25.70_82.70;25.85_82.55;25.70_82.60,38,AGRICULTURAL_BURNING,,On cropland — consistent with crop-residue burning.,25.881625398773004,82.72827006134969,1706,6.676564417177914,64.52,CROPLAND,73.51266698832828,HIGH,40
23.95_82.80,23.95_82.80;23.80_82.60;23.80_82.55;23.80_82.65;23.85_82.85;23.90_82.75;24.00_82.85;23.85_82.80;23.95_82.75;23.90_82.80;23.80_82.70;23.80_82.80;23.95_82.70;24.05_82.60,14,FOREST_FIRE,,On Tree Cover — consistent with a forest/wildland fire.,23.975108181818182,82.82869025974026,1687,7.0851948051948055,92.5,TREE_COVER,70.58246537687428,HIGH,40
28.80_82.40,28.80_82.40;28.80_82.35;28.90_82.40;28.85_82.30;28.80_82.20;28.85_82.35;29.15_82.45;29.00_82.20;29.00_82.15;29.10_82.40;29.05_82.35;28.95_82.15;29.00_82.40;29.05_82.45;29.05_82.40;28.95_82.20;29.15_82.35;29.15_82.40;28.90_82.30;28.90_82.25;29.00_82.25;28.90_82.35;28.85_82.25;28.90_82.20;28.85_82.15;28.90_82.15,26,FOREST_FIRE,,On Tree Cover — consistent with a forest/wildland fire.,28.82992712903226,82.42404583870967,1686,4.942354838709678,408.32,TREE_COVER,87.22173024578831,CRITICAL,40
23.95_77.30,23.95_77.30;24.00_77.30;23.80_77.40;23.95_77.40;24.05_77.20;23.90_77.15;23.85_77.15;23.95_77.45;23.90_77.10,9,FOREST_FIRE,,On Tree Cover — consistent with a forest/wildland fire.,23.9773536097561,77.31876712195123,1669,5.606487804878048,48.7,TREE_COVER,74.28109444003255,HIGH,40
29.10_75.75,29.10_75.75,1,INDUSTRIAL,,On Built Up land cover (ESA WorldCover 10m) with 1668 historical detections — consistent with a real industrial fire source.,29.1261817,75.7771282,1668,1.6547482014388488,25.78,BUILT_UP,83.56855408541814,CRITICAL,8
25.85_84.40,25.85_84.40;25.90_84.40;25.85_84.50;25.80_84.45;25.60_84.60;25.90_84.65;25.90_84.60;25.75_84.65;25.65_84.45;25.80_84.35;25.75_84.60;25.75_84.50;25.90_84.45;25.65_84.40;25.85_84.65;25.80_84.40;25.60_84.40;25.90_84.50;25.65_84.65;25.85_84.35;25.60_84.35;25.60_84.55;25.90_84.55;25.80_84.60;25.70_84.35;25.60_84.45;25.80_84.55;25.60_84.50;25.80_84.30;25.85_84.60;25.65_84.60;25.70_84.55;25.70_84.50;25.85_84.55,34,AGRICULTURAL_BURNING,,On cropland — consistent with crop-residue burning.,25.884658841059604,84.43408172185431,1667,8.266158940397352,116.9,CROPLAND,74.80041442261455,HIGH,40
23.80_80.95,23.80_80.95;23.90_80.70;23.90_81.05;23.95_80.70;24.10_80.85;24.05_80.75;23.95_80.85;24.05_80.70;24.10_80.80;23.95_80.75;23.95_80.90;23.85_80.75;23.90_81.00;23.90_80.85;23.90_80.90;23.80_80.75;23.85_80.90;24.00_80.80;24.00_81.00;24.00_80.90;24.00_80.95;24.00_80.85;24.05_81.05,23,AGRICULTURAL_BURNING,,On cropland — consistent with crop-residue burning.,23.82292593023256,80.9808257364341,1666,7.328527131782946,101.42,CROPLAND,76.25695430515684,CRITICAL,40
24.50_79.30,24.50_79.30;24.60_79.50;24.65_79.45;24.65_79.50;24.75_79.60;24.75_79.45;24.65_79.30;24.55_79.55;24.70_79.30;24.70_79.25;24.80_79.55;24.65_79.55;24.55_79.45;24.80_79.50;24.70_79.35;24.80_79.30;24.70_79.40;24.70_79.55;24.80_79.45;24.80_79.40;24.75_79.40;24.75_79.35;24.80_79.35;24.55_79.50;24.70_79.50;24.75_79.30;24.70_79.45;24.75_79.55,28,AGRICULTURAL_BURNING,,On cropland — consistent with crop-residue burning.,24.52081577272727,79.31798295454546,1664,10.001954545454543,132.14,CROPLAND,75.72251752850227,CRITICAL,40
27.70_82.35,27.70_82.35;27.40_82.45;27.40_82.25;27.60_82.50;27.70_82.25;27.40_82.30;27.60_82.40;27.60_82.35;27.40_82.40;27.55_82.45;27.45_82.30;27.45_82.45;27.50_82.25;27.45_82.20;27.50_82.30;27.45_82.35;27.55_82.20;27.45_82.40;27.60_82.30;27.55_82.30;27.60_82.20;27.60_82.25;27.50_82.45;27.55_82.25;27.60_82.15;27.65_82.15;27.55_82.15,27,AGRICULTURAL_BURNING,,On cropland — consistent with crop-residue burning.,27.728987050691245,82.37678870967741,1660,3.827004608294931,104.67,CROPLAND,76.50008708451102,HIGH,40
24.45_80.50,24.45_80.50;24.20_80.55;24.40_80.70;24.20_80.50;24.35_80.60;24.25_80.35;24.40_80.65;24.15_80.50;24.40_80.45;24.20_80.40;24.25_80.60;24.30_80.35,12,FOREST_FIRE,,On Tree Cover — consistent with a forest/wildland fire.,24.47593218120805,80.52386100671141,1658,5.916778523489933,79.54,TREE_COVER,76.0868256167449,CRITICAL,40
27.40_81.40,27.40_81.40;27.45_81.35;27.45_81.30;27.65_81.25;27.65_81.40;27.70_81.40;27.55_81.15;27.70_81.25;27.60_81.15;27.70_81.20;27.55_81.10;27.55_81.20;27.45_81.10;27.45_81.20;27.50_81.15;27.70_81.15;27.45_81.25;27.60_81.40;27.40_81.30;27.40_81.20;27.50_81.10;27.50_81.20;27.60_81.30;27.45_81.15;27.60_81.20;27.70_81.35;27.40_81.25;27.60_81.35;27.55_81.40;27.55_81.35;27.40_81.10;27.65_81.10;27.50_81.35;27.50_81.25;27.50_81.40;27.65_81.35;27.40_81.15;27.55_81.25;27.45_81.40,39,AGRICULTURAL_BURNING,,On cropland — consistent with crop-residue burning.,27.41819075757576,81.41690181818183,1654,8.62368686868687,204.94,CROPLAND,76.28117118810862,HIGH,40
29.95_74.60,29.95_74.60;29.95_74.80;29.90_74.60;29.95_74.75;29.95_74.70;29.90_74.65;29.90_74.75;29.90_74.80;29.90_74.85,9,AGRICULTURAL_BURNING,Pathrala,On cropland — consistent with crop-residue burning.,29.97706971428571,74.62379228571429,1648,6.255174603174603,87.96,CROPLAND,72.41094392015349,HIGH,40
27.65_81.75,27.65_81.75;27.60_81.75;27.65_81.70;27.65_81.45;27.70_81.65;27.70_81.75;27.55_81.75;27.55_81.70;27.50_81.75;27.70_81.55;27.70_81.60;27.50_81.70;27.40_81.45;27.40_81.70;27.45_81.75;27.45_81.45;27.60_81.50;27.55_81.55;27.40_81.55;27.45_81.60;27.65_81.50;27.55_81.50;27.65_81.55;27.60_81.55;27.40_81.75;27.35_81.70;27.40_81.65;27.50_81.45;27.35_81.60;27.55_81.45,30,AGRICULTURAL_BURNING,,On cropland — consistent with crop-residue burning.,27.6725073877551,81.77158432653061,1641,6.145836734693877,178.03,CROPLAND,85.00552004760493,HIGH,40
28.40_84.85,28.40_84.85;28.30_84.85;28.30_84.90;28.45_84.85;28.25_84.85;28.25_84.70;28.25_84.75;28.30_84.80;28.25_84.90;28.10_84.80;28.25_84.80;28.45_84.80;28.10_84.75;28.10_84.95;28.20_84.90;28.10_84.85;28.15_84.75;28.20_84.75;28.35_84.95;28.15_84.80;28.30_84.75;28.40_84.95;28.10_84.90,23,FOREST_FIRE,,On Tree Cover — consistent with a forest/wildland fire.,28.430663236514523,84.87696489626556,1636,9.781120331950207,152.09,TREE_COVER,74.11966169872966,HIGH,40
29.50_75.30,29.50_75.30;29.50_75.50;29.50_75.35;29.50_75.55;29.45_75.55;29.45_75.60;29.40_75.45;29.45_75.45;29.50_75.60;29.40_75.60;29.20_75.35;29.40_75.50;29.40_75.40;29.45_75.30;29.45_75.50;29.30_75.55;29.35_75.30;29.40_75.55;29.45_75.35;29.35_75.40;29.25_75.50;29.40_75.35;29.35_75.55;29.35_75.35;29.30_75.30;29.20_75.50;29.20_75.40;29.40_75.30;29.25_75.35;29.25_75.30;29.20_75.60;29.25_75.45;29.25_75.55;29.35_75.50;29.25_75.40;29.20_75.30;29.35_75.45;29.30_75.40;29.30_75.50;29.30_75.45;29.30_75.35,41,AGRICULTURAL_BURNING,,On cropland — consistent with crop-residue burning.,29.523112190476187,75.3213889047619,1630,6.283142857142857,37.65,CROPLAND,71.00720941841351,HIGH,40
27.50_79.90,27.50_79.90;27.45_79.90;27.55_79.90;27.40_79.90;27.45_79.95;27.55_79.85;27.40_79.95;27.70_79.75;27.70_79.85;27.70_79.70;27.65_79.70;27.60_79.70;27.70_79.95;27.40_79.70;27.60_79.85;27.65_79.65;27.45_79.80;27.50_79.85;27.45_79.70;27.40_79.75;27.40_79.80;27.55_79.70;27.50_79.70;27.70_79.90;27.70_79.80;27.65_79.85;27.60_79.90;27.55_79.75;27.40_79.85;27.55_79.80;27.50_79.80;27.65_79.90;27.40_79.65;27.45_79.85;27.50_79.65;27.55_79.65;27.45_79.65,37,AGRICULTURAL_BURNING,,On cropland — consistent with crop-residue burning.,27.52767704142012,79.91879964497042,1630,5.663905325443787,32.59,CROPLAND,69.65654836483856,HIGH,40
28.90_79.60,28.90_79.60;28.85_79.30;29.10_79.40;29.10_79.55;29.10_79.60;29.00_79.60;28.95_79.60;29.15_79.30;28.80_79.55;29.15_79.60;29.10_79.35;29.15_79.35;29.15_79.25;28.95_79.55;29.05_79.55;29.05_79.40;29.00_79.55;29.05_79.60,18,FOREST_FIRE,,On Tree Cover — consistent with a forest/wildland fire.,28.93189876712329,79.62424123287671,1622,4.170068493150685,114.28,TREE_COVER,71.92306843933834,HIGH,40
25.40_79.35,25.40_79.35;25.30_79.40;25.45_79.40;25.30_79.50;25.35_79.35;25.40_79.45;25.35_79.50;25.30_79.35;25.20_79.40;25.25_79.30;25.40_79.40;25.55_79.60;25.50_79.45;25.25_79.45;25.45_79.25;25.25_79.40;25.30_79.55;25.55_79.45;25.30_79.30;25.35_79.40;25.40_79.60;25.45_79.50;25.25_79.35;25.25_79.50;25.20_79.35;25.55_79.55;25.35_79.30;25.55_79.50;25.30_79.60;25.50_79.55;25.50_79.50;25.40_79.50;25.50_79.30;25.35_79.60;25.45_79.60;25.25_79.25;25.45_79.55;25.35_79.45;25.50_79.25;25.45_79.30;25.20_79.60;25.50_79.35;25.45_79.35;25.40_79.30;25.55_79.35;25.55_79.30,46,AGRICULTURAL_BURNING,,On cropland — consistent with crop-residue burning.,25.419598356807512,79.37740544600939,1613,7.914131455399061,84.69,CROPLAND,71.13399925344896,HIGH,40
27.70_82.90,27.70_82.90;27.70_83.05;27.70_82.95;27.60_83.20;27.70_83.15;27.65_82.90;27.65_82.95;27.70_83.10,8,FOREST_FIRE,,On Tree Cover — consistent with a forest/wildland fire.,27.726264672619045,82.9249644345238,1605,4.281517857142857,84.94,TREE_COVER,71.59344891044206,HIGH,40
28.10_82.65,28.10_82.65;28.10_82.75;28.10_82.70;28.20_82.65;28.20_82.85;28.20_82.70;28.15_82.70;28.20_82.60;28.20_82.55;28.15_82.65;28.15_82.60;28.15_82.80;28.20_82.80;28.30_82.50;28.25_82.85;28.25_82.65;28.25_82.55;28.15_82.75;28.40_82.70;28.10_82.55;28.30_82.75;28.15_82.55;28.30_82.55;28.20_82.75;28.35_82.80;28.30_82.85;28.25_82.70;28.35_82.85;28.30_82.65;28.30_82.80;28.40_82.75;28.10_82.50,32,FOREST_FIRE,Jaadhe,On Tree Cover — consistent with a forest/wildland fire.,28.1520573,82.6496509,1601,4.51352380952381,186.75,TREE_COVER,77.52847940126868,HIGH,40
29.15_77.55,29.15_77.55;29.10_77.45;29.05_77.50;29.10_77.50;29.15_77.50;29.00_77.50;29.10_77.55;29.05_77.55;29.15_77.60;29.10_77.80;28.95_77.55;29.00_77.55;28.90_77.55;28.85_77.80;29.15_77.75;28.85_77.75;28.95_77.45;29.10_77.60;28.85_77.50;28.90_77.50;29.15_77.80;28.90_77.60;29.10_77.75;28.90_77.70,24,AGRICULTURAL_BURNING,,On cropland — consistent with crop-residue burning.,29.17479272151899,77.57419613924051,1599,3.19246835443038,38.12,CROPLAND,70.24627452324756,HIGH,40
25.05_81.95,25.05_81.95;25.00_82.05;25.05_82.05;25.05_81.90;24.95_81.95;24.95_81.85;25.00_82.10;24.95_82.00;25.20_81.80;25.00_81.95;24.90_81.85;24.95_81.90;25.00_81.80;25.00_81.85;25.10_82.05;25.20_81.90;25.20_81.85;25.10_82.00;25.15_81.85;24.90_82.05;24.95_82.10;24.85_81.85;25.10_81.80;25.15_82.00;24.90_82.10;25.15_81.90;25.05_81.80;24.90_81.95;25.15_82.10;25.20_82.10;25.00_81.90;24.90_82.00;24.85_82.00;24.85_81.90,34,AGRICULTURAL_BURNING,,On cropland — consistent with crop-residue burning.,25.07611987341772,81.97594974683544,1592,6.24620253164557,123.64,CROPLAND,80.04064775274595,CRITICAL,40
29.50_75.20,29.50_75.20;29.45_74.95;29.50_74.95;29.50_75.10;29.50_75.15;29.45_75.00;29.35_75.15;29.40_75.10;29.40_74.95;29.40_75.15;29.40_75.25;29.35_75.25;29.45_75.15;29.30_75.20;29.45_75.05;29.35_75.20;29.40_75.20;29.45_75.10;29.35_75.05;29.30_75.10;29.30_75.25;29.30_75.15;29.35_75.00;29.25_75.25;29.40_75.05;29.35_74.95;29.30_75.00;29.40_75.00;29.25_75.10;29.30_74.95;29.25_75.20;29.20_75.20;29.20_75.10;29.25_75.00;29.30_75.05;29.25_75.05;29.25_75.15;29.20_75.15;29.25_74.95,39,AGRICULTURAL_BURNING,,On cropland — consistent with crop-residue burning.,29.52219591928252,75.2274665470852,1584,5.960358744394619,85.96,CROPLAND,75.70468643605273,HIGH,40
26.40_83.70,26.40_83.70;26.50_83.90;26.40_83.65;26.35_83.75;26.50_83.80;26.50_83.85;26.50_83.70;26.60_83.85,8,FOREST_FIRE,,On Tree Cover — consistent with a forest/wildland fire.,26.422768812351546,83.72771384798101,1578,4.84,76.94,TREE_COVER,77.6367067009257,CRITICAL,40
24.15_83.40,24.15_83.40;24.15_83.45;24.25_83.25;24.15_83.50;24.30_83.25;24.30_83.50;24.30_83.55;24.25_83.30;24.25_83.35;24.35_83.25;24.40_83.55;24.30_83.35;24.15_83.30;24.40_83.30;24.45_83.35;24.45_83.45;24.35_83.30;24.40_83.40,18,FOREST_FIRE,,On Tree Cover — consistent with a forest/wildland fire.,24.175569217391303,83.42852330434782,1576,8.647434782608697,67.38,TREE_COVER,70.03779459354253,HIGH,40
24.90_74.60,24.90_74.60,1,INDUSTRIAL,Birla Cement,On Built Up land cover (ESA WorldCover 10m) with 1575 historical detections — consistent with a real industrial fire source.,24.9301267,74.634714,1575,1.2961650793650794,27.69,BUILT_UP,86.57132902428152,CRITICAL,8
23.50_81.20,23.50_81.20;23.60_81.30;23.55_81.20;23.75_81.40;23.50_81.25;23.65_81.30;23.55_81.25;23.65_81.25;23.50_81.10;23.60_81.15;23.55_81.15;23.50_81.30;23.50_81.15;23.70_81.35;23.55_81.30;23.65_81.15;23.60_81.10;23.65_81.05;23.55_81.35;23.55_81.40;23.55_81.10,21,FOREST_FIRE,,On Tree Cover — consistent with a forest/wildland fire.,23.522198837209302,81.22614106976745,1553,7.414790697674419,58.36,TREE_COVER,72.31252187063184,HIGH,40
28.85_79.40,28.85_79.40;29.15_79.40;28.85_79.35;28.85_79.60;28.85_79.55;28.90_79.30;28.95_79.30;28.90_79.55;28.85_79.25,9,AGRICULTURAL_BURNING,,On cropland — consistent with crop-residue burning.,28.88139989010989,79.42851128205129,1553,5.131721611721612,65.57,CROPLAND,75.33506880188799,HIGH,40
26.30_81.50,26.30_81.50;26.30_81.70;26.35_81.60;26.50_81.50;26.50_81.45;26.30_81.55;26.35_81.50;26.35_81.45;26.55_81.45;26.60_81.70;26.55_81.50;26.60_81.55;26.30_81.65;26.55_81.55;26.60_81.50;26.55_81.65;26.50_81.70;26.45_81.45;26.35_81.65;26.55_81.75;26.50_81.65;26.50_81.75;26.45_81.65;26.40_81.60;26.35_81.75;26.40_81.55;26.45_81.70,27,AGRICULTURAL_BURNING,,On cropland — consistent with crop-residue burning.,26.33139053097345,81.52146097345133,1550,4.997964601769912,69.3,CROPLAND,72.41505501658682,HIGH,40
28.15_84.20,28.15_84.20;28.10_83.95;28.10_84.25;28.15_84.25;28.10_84.15;28.15_84.15;28.20_84.05;28.10_84.20;28.20_84.25;28.20_84.15;28.25_84.15;28.20_84.10;28.20_84.20;28.25_84.20;28.25_84.25;28.25_84.05;28.35_84.00;28.30_84.10;28.25_84.10;28.35_84.10;28.40_84.15;28.30_84.20;28.30_84.25;28.30_84.15;28.30_84.00;28.35_84.20,26,FOREST_FIRE,,On Tree Cover — consistent with a forest/wildland fire.,28.18569394366197,84.22620802816901,1541,2.965281690140845,36.28,TREE_COVER,73.14088946414668,HIGH,40
24.25_74.50,24.25_74.50;24.20_74.55;24.15_74.55;24.20_74.50;24.45_74.50,5,FOREST_FIRE,,On Tree Cover — consistent with a forest/wildland fire.,24.27444634660421,74.52500168618266,1536,4.504402810304449,38.54,TREE_COVER,74.61848209395309,HIGH,40
28.65_79.95,28.65_79.95;28.60_79.90;28.50_79.95;28.70_79.75;28.70_79.95;28.65_79.90;28.80_79.95;28.75_79.95;28.50_79.70;28.65_79.85;28.45_79.70;28.55_79.85;28.55_79.80,13,FOREST_FIRE,,On Tree Cover — consistent with a forest/wildland fire.,28.67028031976744,79.97888889534883,1528,13.248662790697674,151.17,TREE_COVER,83.3319319864798,HIGH,40
23.85_81.05,23.85_81.05;23.80_81.00;23.85_80.95;23.80_81.05;23.80_80.80;23.85_81.00;23.80_80.90;24.10_80.90;24.05_80.90;23.85_80.80;23.80_80.85;24.05_80.95;24.10_81.05,13,FOREST_FIRE,,On Tree Cover — consistent with a forest/wildland fire.,23.877699070904644,81.07258185819072,1526,7.669095354523227,105.23,TREE_COVER,77.2877284891411,CRITICAL,40
24.95_79.35,24.95_79.35;24.95_79.30;24.85_79.30;25.05_79.60;24.90_79.35;25.05_79.35;24.95_79.40;25.05_79.55;24.90_79.30;24.90_79.40;25.15_79.60;25.15_79.30;25.00_79.55;24.85_79.40;25.00_79.60;25.00_79.30;25.00_79.45;25.00_79.35;25.10_79.60;25.05_79.45;24.85_79.50;25.20_79.45;24.90_79.50;25.10_79.50;25.20_79.30;25.10_79.55;25.10_79.45;25.15_79.45;25.10_79.35;24.95_79.60;24.90_79.25;25.15_79.35;25.10_79.30;25.00_79.25;25.15_79.25;24.95_79.45;25.15_79.40;24.95_79.25,38,AGRICULTURAL_BURNING,,On cropland — consistent with crop-residue burning.,24.96900953488372,79.3701534883721,1524,9.743255813953487,46.19,CROPLAND,68.78537315605381,HIGH,40
24.20_78.20,24.20_78.20;24.15_78.40;24.30_78.25;24.15_78.20;24.40_78.25;24.20_78.25;24.15_78.25;24.35_78.25;24.35_78.20;24.25_78.20;24.35_78.35;24.20_78.40;24.45_78.45;24.15_78.45;24.25_78.25;24.15_78.30;24.20_78.45;24.20_78.30;24.15_78.50;24.30_78.30;24.15_78.35;24.25_78.35;24.20_78.35;24.25_78.30;24.40_78.50;24.30_78.40;24.45_78.50;24.25_78.50;24.30_78.35;24.20_78.50;24.25_78.40;24.25_78.45,32,AGRICULTURAL_BURNING,,On cropland — consistent with crop-residue burning.,24.218992589285712,78.2295775,1521,5.3256250000000005,75.78,CROPLAND,72.43242625759817,HIGH,40
29.00_81.85,29.00_81.85;29.05_81.85;28.95_81.95;29.05_82.05;28.90_81.95;29.05_82.10;28.95_81.80;29.00_81.95;29.10_82.00;29.10_81.90;28.95_81.85;29.10_81.95;29.15_81.80;29.05_81.95;29.05_82.00;29.10_82.05;29.00_82.05;28.95_82.10;28.90_82.00;29.00_81.80;29.10_81.80;29.15_81.85;29.00_82.00;29.05_81.80;28.90_81.85;29.15_82.10;29.10_81.85;29.15_82.00;28.90_82.10;28.85_82.00;28.85_81.85;28.90_81.80;29.10_82.10;28.85_81.95;29.15_81.90;28.85_82.10;28.80_82.05,37,FOREST_FIRE,,On Tree Cover — consistent with a forest/wildland fire.,29.040041166666665,81.87841966666666,1511,7.871166666666666,124.82,TREE_COVER,70.78207544898741,HIGH,40
28.00_81.05,28.00_81.05;28.05_80.75;28.05_80.90;28.05_80.95;28.05_80.80;28.05_80.85;28.05_80.70;27.75_80.80;27.90_80.95;27.95_80.85;28.05_81.00;27.75_80.85;27.95_80.90;27.80_80.70;27.80_81.05;27.80_80.80;27.85_80.85;27.80_81.00;27.90_80.85;27.75_80.95;27.85_80.90;27.85_81.05;27.85_80.70;27.95_81.00;27.75_81.00;27.75_81.05;27.80_80.75;27.90_81.00;27.90_80.80;27.95_80.95;27.75_80.75;27.80_80.85;27.85_80.95;28.00_80.95;27.80_80.95;27.85_80.75,36,AGRICULTURAL_BURNING,,On cropland — consistent with crop-residue burning.,28.03054403508772,81.07784087719298,1506,3.5521052631578947,38.04,CROPLAND,69.54907090181104,HIGH,40
23.85_79.80,23.85_79.80;23.95_79.65;23.85_79.95;23.80_79.70;23.90_79.65;23.90_79.90;23.85_79.75;23.95_79.90;23.85_79.65;23.90_79.75;24.10_79.75;24.10_79.80;23.90_79.95;23.95_79.95;23.80_79.65;24.05_79.70;24.05_79.75;24.00_79.70;24.00_79.65;24.10_79.70;24.05_79.65;24.10_79.65,22,AGRICULTURAL_BURNING,,On cropland — consistent with crop-residue burning.,23.8721751744186,79.82183587209302,1499,7.386162790697675,84.27,CROPLAND,72.76203635770676,HIGH,40
26.60_79.20,26.60_79.20;26.30_79.15;26.30_79.00;26.40_79.15;26.30_79.10;26.35_78.95;26.60_79.25;26.35_79.15;26.35_79.25;26.60_79.15;26.30_79.25;26.30_79.20;26.35_79.20;26.65_79.20;26.60_79.00;26.40_79.00;26.35_79.05;26.35_78.90;26.50_78.90;26.60_79.05;26.30_78.95;26.55_78.95;26.45_79.15;26.50_79.15;26.50_79.05;26.55_79.00;26.45_78.90;26.45_78.95,28,AGRICULTURAL_BURNING,,On cropland — consistent with crop-residue burning.,26.62463908571429,79.22114005714286,1488,4.290457142857143,51.16,CROPLAND,69.49100755523008,HIGH,40
26.25_81.60,26.25_81.60;26.15_81.60;26.20_81.60;26.10_81.60;26.25_81.55;26.25_81.65;26.15_81.55;25.95_81.45;26.20_81.55;25.95_81.60;26.20_81.65;26.10_81.50;25.95_81.65;25.95_81.50;26.10_81.45;26.15_81.75;26.05_81.65;26.15_81.45;26.25_81.70;26.10_81.75;26.05_81.75;25.90_81.75;26.05_81.50;26.00_81.45;25.95_81.55;26.05_81.60,26,AGRICULTURAL_BURNING,,On cropland — consistent with crop-residue burning.,26.2707795754717,81.62177886792453,1481,6.496320754716981,78.03,CROPLAND,74.84774552802418,HIGH,40
24.15_79.55,24.15_79.55;24.15_79.50;24.20_79.40;24.25_79.45;24.15_79.25;24.30_79.50;24.20_79.60;24.35_79.60;24.40_79.30;24.15_79.60;24.30_79.45;24.25_79.40;24.20_79.35;24.20_79.30;24.20_79.55;24.25_79.30;24.25_79.25,17,AGRICULTURAL_BURNING,,On cropland — consistent with crop-residue burning.,24.169142448979592,79.5776556632653,1469,8.047806122448979,83.91,CROPLAND,73.61531102734816,HIGH,40
26.40_80.75,26.40_80.75;26.45_80.90;26.55_80.75;26.35_80.95;26.50_80.80;26.30_80.80;26.45_81.05;26.60_80.70;26.35_80.75;26.55_80.80;26.40_80.90;26.40_80.95;26.35_80.70;26.35_80.90;26.50_80.90;26.35_81.05;26.55_80.85;26.35_80.80;26.40_81.05;26.45_80.85;26.60_80.85;26.65_80.85;26.60_80.95;26.35_81.00;26.60_80.90;26.55_80.90;26.30_80.75;26.40_80.80;26.35_80.85;26.30_80.90;26.30_80.95;26.45_80.95;26.60_80.75;26.40_81.00;26.55_80.95;26.55_81.00;26.45_80.80;26.30_80.85;26.50_80.95;26.50_81.00,40,AGRICULTURAL_BURNING,,On cropland — consistent with crop-residue burning.,26.42066323529412,80.77153845588235,1459,5.751176470588235,71.71,CROPLAND,70.92560566007221,HIGH,40
28.15_84.35,28.15_84.35;28.15_84.40;28.20_84.30;28.40_84.50;28.10_84.60;28.10_84.55;28.15_84.45;28.10_84.50;28.20_84.40;28.30_84.45;28.25_84.45;28.35_84.50;28.35_84.40;28.35_84.35;28.30_84.30;28.30_84.55;28.15_84.55;28.40_84.30;28.20_84.65;28.20_84.45;28.25_84.35;28.15_84.50;28.20_84.55;28.35_84.30;28.20_84.50;28.25_84.40;28.40_84.55,27,FOREST_FIRE,Middle Marsyandgi HEP,On Tree Cover — consistent with a forest/wildland fire.,28.174963846153847,84.37928223776223,1458,3.246783216783217,168.12,TREE_COVER,74.87966307343214,HIGH,40
26.25_83.55,26.25_83.55;26.25_83.45;26.15_83.30;26.25_83.40;26.20_83.55;26.20_83.40;25.95_83.40;25.95_83.25;26.25_83.35;25.95_83.30;26.10_83.35;26.20_83.30;26.05_83.40;26.00_83.40;26.20_83.35;26.25_83.30;26.10_83.30;25.95_83.45;26.05_83.35;26.10_83.25;26.25_83.25;26.05_83.25;26.00_83.25;26.00_83.45;26.00_83.35;25.95_83.50;26.05_83.30;26.00_83.30;26.05_83.50,29,AGRICULTURAL_BURNING,Sarai Sadi,On cropland — consistent with crop-residue burning.,26.27843714953271,83.57553210280373,1432,15.379859813084112,111.94,CROPLAND,71.8801740761886,HIGH,40
23.70_76.10,23.70_76.10;23.65_76.20;23.50_76.25;23.65_76.35;23.65_76.25;23.65_76.15;23.70_76.35;23.60_76.20;23.60_76.15;23.55_76.20;23.75_76.20;23.60_76.35;23.50_76.30;23.75_76.25;23.50_76.05;23.70_76.25;23.55_76.15;23.60_76.30;23.65_76.30;23.55_76.25;23.60_76.05;23.50_76.35;23.55_76.30;23.55_76.35;23.55_76.05;23.70_76.30;23.75_76.05,27,AGRICULTURAL_BURNING,,On cropland — consistent with crop-residue burning.,23.7360808,76.1083781,1427,5.676666666666667,73.16,CROPLAND,72.71620230705938,HIGH,40
24.80_80.15,24.80_80.15;24.75_80.20;24.80_80.25;24.65_80.20;24.65_80.00;24.70_80.25;24.70_80.05;24.60_80.20;24.70_80.00;24.60_80.30,10,FOREST_FIRE,,On Tree Cover — consistent with a forest/wildland fire.,24.82160842948718,80.17131778846154,1424,7.49125,119.03,TREE_COVER,75.1870837541272,HIGH,40
28.85_82.85,28.85_82.85;28.90_82.50;28.95_82.65;28.90_82.55;28.90_82.60;29.05_82.55;28.90_82.70;28.80_82.55;28.80_82.65;28.90_82.85;29.05_82.60;29.00_82.50;28.85_82.75;28.95_82.85;29.00_82.80;28.85_82.80;28.95_82.80;29.10_82.85,18,FOREST_FIRE,,On Tree Cover — consistent with a forest/wildland fire.,28.87637782786885,82.88030155737705,1424,6.900204918032787,483.57,TREE_COVER,90.36508964031376,HIGH,40
29.65_81.30,29.65_81.30;29.65_81.20;29.70_81.30;29.65_81.35;29.70_81.15;29.75_81.25;29.55_81.15;29.55_81.20;29.70_81.35;29.60_81.20;29.55_81.40;29.60_81.15;29.60_81.35;29.70_81.40;29.80_81.25;29.55_81.10;29.55_81.35;29.65_81.40;29.55_81.05,19,FOREST_FIRE,,On Tree Cover — consistent with a forest/wildland fire.,29.679028,81.32384822727272,1412,6.369681818181818,69.26,TREE_COVER,73.89586869437059,HIGH,40
23.55_84.85,23.55_84.85;23.55_84.90;23.70_84.80;23.55_84.80;23.70_84.85;23.60_84.85;23.70_84.70;23.75_84.80;23.60_84.70;23.75_84.70;23.50_84.95;23.60_84.75;23.50_84.85,13,FOREST_FIRE,,On Tree Cover — consistent with a forest/wildland fire.,23.56895110047847,84.87217358851674,1387,4.8732535885167465,42.64,TREE_COVER,69.44586328972284,HIGH,40
26.35_82.20,26.35_82.20;26.60_82.35;26.50_82.45;26.55_82.40;26.30_82.35;26.50_82.50;26.55_82.45;26.45_82.15;26.50_82.35;26.60_82.25;26.30_82.20;26.45_82.25;26.45_82.45;26.55_82.25;26.35_82.45;26.40_82.25;26.35_82.40;26.30_82.50;26.30_82.30;26.40_82.40;26.50_82.40;26.30_82.45;26.60_82.45;26.35_82.35;26.30_82.40;26.30_82.25;26.45_82.30;26.60_82.40;26.50_82.25;26.40_82.20;26.60_82.20;26.35_82.30;26.30_82.15;26.35_82.25;26.55_82.20;26.55_82.30;26.60_82.15,37,AGRICULTURAL_BURNING,,On cropland — consistent with crop-residue burning.,26.37207494117647,82.22635117647059,1385,4.689058823529412,67.33,CROPLAND,70.36163403734507,HIGH,40
28.50_80.85,28.50_80.85;28.50_80.90;28.45_80.85;28.45_80.90;28.45_81.00;28.55_81.00;28.60_81.00;28.60_80.90;28.55_80.90;28.65_81.05;28.65_81.00;28.65_80.95,12,AGRICULTURAL_BURNING,,On cropland — consistent with crop-residue burning.,28.52731171314741,80.8757415936255,1383,6.722868525896415,117.3,CROPLAND,78.30999704293397,HIGH,40
29.95_80.10,29.95_80.10;29.90_80.10;29.90_80.30;29.95_80.05;29.90_80.05;29.90_80.15;29.90_80.25;29.95_80.15;29.95_80.20;29.90_80.00;29.95_80.00,11,FOREST_FIRE,,On Tree Cover — consistent with a forest/wildland fire.,29.970282054054056,80.12362216216216,1362,3.567783783783784,27.31,TREE_COVER,71.21219435803184,HIGH,40
26.50_79.75,26.50_79.75;26.30_79.90;26.30_79.85;26.40_79.80;26.55_79.90;26.35_79.65;26.50_79.65;26.40_79.95;26.55_79.65;26.30_79.75;26.35_79.90;26.40_79.85;26.60_79.95;26.40_79.90;26.55_79.70;26.40_79.70;26.40_79.75;26.50_79.70;26.55_79.95;26.30_79.65;26.60_79.90;26.30_79.80;26.35_79.70;26.60_79.80;26.55_79.75;26.30_79.70;26.45_79.70;26.60_79.65;26.45_79.80;26.55_79.85;26.60_79.70;26.50_79.90;26.50_79.95;26.35_79.75;26.50_79.85;26.45_79.65;26.45_79.95;26.45_79.85;26.55_79.80,39,AGRICULTURAL_BURNING,,On cropland — consistent with crop-residue burning.,26.525143217391303,79.77063139130435,1362,4.489478260869565,47.98,CROPLAND,69.86376476242854,HIGH,40
27.65_80.15,27.65_80.15;27.65_80.10;27.70_80.05;27.45_80.00;27.45_80.25;27.55_80.00;27.40_80.25;27.45_80.30;27.70_80.10;27.60_80.05;27.65_80.30;27.70_80.30;27.70_80.15;27.55_80.05;27.55_80.15;27.70_80.20;27.45_80.20;27.70_80.25;27.40_80.20;27.50_80.30;27.40_80.30;27.50_80.25;27.55_80.25;27.65_80.25;27.50_80.10;27.50_80.00;27.60_80.25,27,AGRICULTURAL_BURNING,,On cropland — consistent with crop-residue burning.,27.6725753,80.1744997,1351,5.4376,44.88,CROPLAND,70.96054696213444,HIGH,40
28.35_81.10,28.35_81.10;28.20_81.40;28.10_81.40;28.40_81.10;28.40_81.15;28.45_81.10;28.40_81.30;28.35_81.15;28.10_81.35;28.10_81.20;28.20_81.10;28.10_81.30,12,AGRICULTURAL_BURNING,Rajapur Food Storage - Supported by Japan Government,On cropland — consistent with crop-residue burning.,28.36807987730061,81.12105904907976,1351,8.490368098159509,98.0,CROPLAND,75.74359251662847,CRITICAL,40
28.45_80.50,28.45_80.50;28.45_80.55;28.45_80.35;28.45_80.45;28.55_80.40;28.65_80.65;28.50_80.35;28.70_80.65;28.75_80.65,9,AGRICULTURAL_BURNING,Icchya Rice Mill,On cropland — consistent with crop-residue burning.,28.47330352173913,80.52195573913043,1348,4.543869565217391,160.02,CROPLAND,73.68867154864755,HIGH,40
24.20_82.35,24.20_82.35;24.25_82.40;24.20_82.30;24.15_82.45;24.30_82.45;24.25_82.45;24.35_82.30;24.30_82.35;24.20_82.20;24.45_82.45;24.20_82.25;24.35_82.25;24.20_82.15;24.40_82.35;24.35_82.35;24.40_82.25;24.40_82.20;24.50_82.15;24.40_82.30;24.35_82.40;24.10_82.20;24.15_82.25;24.15_82.15,23,FOREST_FIRE,,On Tree Cover — consistent with a forest/wildland fire.,24.23323657458564,82.36987712707183,1346,11.260220994475135,128.16,TREE_COVER,70.86452012331132,HIGH,40
23.55_78.20,23.55_78.20;23.70_78.30;23.75_78.35;23.75_78.30;23.75_78.45;23.70_78.45;23.55_78.45;23.50_78.45,8,FOREST_FIRE,,On Tree Cover — consistent with a forest/wildland fire.,23.57609186335404,78.22640074534162,1344,5.251428571428572,63.4,TREE_COVER,74.6935572124061,HIGH,40
26.95_84.20,26.95_84.20;27.00_84.15;26.80_84.00;26.95_84.15;26.80_84.30;26.90_84.25;27.00_84.20;26.80_84.05;26.95_84.10;26.95_84.30;27.00_84.30;26.95_84.05;27.00_83.95;26.90_84.10;26.85_84.05;26.90_84.05;26.95_84.25;26.90_84.15;26.85_84.15;26.90_84.30;26.90_84.00;26.80_84.15;26.80_84.10,23,AGRICULTURAL_BURNING,,On cropland — consistent with crop-residue burning.,26.97559175732217,84.22003418410041,1341,3.874518828451883,46.48,CROPLAND,70.66032462378365,HIGH,40
24.05_75.30,24.05_75.30;23.90_75.60;23.80_75.55;24.10_75.40;23.95_75.60;23.85_75.60;24.05_75.40;23.85_75.55;23.95_75.50;23.95_75.45;24.00_75.50;23.90_75.65;24.05_75.55;24.00_75.55;24.10_75.50;23.80_75.45;23.95_75.55;23.85_75.50;23.90_75.40;24.00_75.60;23.80_75.60;23.95_75.40;24.10_75.30;24.10_75.35;23.85_75.40;24.00_75.45;24.10_75.45;24.10_75.55;24.05_75.60;23.90_75.45;23.90_75.30;23.80_75.40;23.80_75.30;24.05_75.45;24.05_75.35;23.95_75.35;23.85_75.35;24.00_75.35;23.85_75.45,39,AGRICULTURAL_BURNING,,On cropland — consistent with crop-residue burning.,24.06490627218935,75.34356757396449,1340,4.287514792899408,87.86,CROPLAND,72.43617988334417,HIGH,40
23.75_80.15,23.75_80.15;23.60_80.10;23.75_80.05;23.55_80.05;23.75_80.20;23.70_80.20;23.55_80.30;23.50_80.30,8,FOREST_FIRE,,On Tree Cover — consistent with a forest/wildland fire.,23.771586666666668,80.17034866666667,1340,8.255176470588236,93.45,TREE_COVER,78.72249859502575,HIGH,40
25.90_83.25,25.90_83.25;25.90_83.30;25.65_83.40;25.85_83.40;25.90_83.45;25.80_83.25;25.85_83.35;25.60_83.30;25.80_83.50;25.90_83.35;25.85_83.50;25.90_83.40;25.85_83.25;25.85_83.45;25.90_83.50;25.75_83.30;25.85_83.55;25.65_83.30;25.75_83.55;25.60_83.25;25.80_83.45;25.80_83.55;25.75_83.45;25.80_83.35;25.80_83.30;25.65_83.45;25.60_83.35;25.75_83.35;25.65_83.25;25.75_83.50;25.70_83.30;25.85_83.30;25.70_83.25;25.70_83.45;25.60_83.40;25.80_83.40;25.65_83.50;25.70_83.55;25.60_83.45;25.55_83.25;25.75_83.25;25.70_83.40;25.65_83.55;25.60_83.55;25.55_83.35,45,AGRICULTURAL_BURNING,,On cropland — consistent with crop-residue burning.,25.92647380952381,83.26447238095238,1338,6.483412698412698,51.89,CROPLAND,70.85726494283287,HIGH,40
26.10_82.50,26.10_82.50;25.95_82.85;25.95_82.80;26.10_82.55;26.15_82.55;25.95_82.70;26.15_82.60;26.05_82.55;26.20_82.55;26.00_82.85;26.00_82.60;26.15_82.65;25.95_82.75;26.10_82.60;26.20_82.60;26.10_82.70;26.15_82.70;26.25_82.85;26.05_82.70;26.10_82.65;26.20_82.85;26.00_82.80;26.00_82.75;26.10_82.80;26.05_82.75;26.25_82.75;26.15_82.75;26.00_82.55;26.25_82.60;26.10_82.85;26.20_82.70;26.05_82.80;26.20_82.80;26.25_82.70;26.15_82.85;26.25_82.65;26.20_82.75;26.15_82.80,38,AGRICULTURAL_BURNING,,On cropland — consistent with crop-residue burning.,26.12757701492537,82.52368059701492,1331,4.240970149253731,86.41,CROPLAND,72.9231589579292,HIGH,40
24.25_81.15,24.25_81.15;24.30_81.15;24.40_81.15;24.20_81.20;24.35_81.15;24.40_81.30;24.15_81.30;24.35_81.10;24.25_81.40;24.25_81.35;24.15_81.15,11,FOREST_FIRE,,On Tree Cover — consistent with a forest/wildland fire.,24.27973821086262,81.17128581469649,1330,4.986805111821086,53.83,TREE_COVER,72.8622962530921,HIGH,40
28.80_76.30,28.80_76.30;28.75_76.35;28.60_76.35;28.60_76.30;28.75_76.25;28.60_76.20;28.80_76.35;28.75_76.30;28.60_76.25;28.70_76.35;28.55_76.20;28.65_76.30;28.70_76.20;28.70_76.25;28.80_76.25;28.65_76.35;28.55_76.30;28.60_76.15;28.70_76.05;28.70_76.30;28.65_76.10;28.55_76.25;28.55_76.15;28.70_76.10;28.65_76.20;28.55_76.10;28.70_76.15;28.65_76.25;28.50_76.15;28.50_76.05;28.65_76.00;28.50_76.30;28.50_76.20;28.65_76.15;28.60_76.10;28.60_76.05;28.50_76.25;28.50_76.10;28.45_76.15;28.55_76.05,40,AGRICULTURAL_BURNING,,On cropland — consistent with crop-residue burning.,28.821145265957448,76.3284650531915,1321,7.905212765957447,66.54,CROPLAND,71.12943367833941,HIGH,40
24.00_76.15,24.00_76.15;23.80_76.15;23.80_76.30;23.90_76.05;24.00_76.05;23.80_76.25;23.95_76.10;23.80_76.20;23.90_76.10;23.75_76.15;23.95_76.15;23.80_76.10;24.00_76.25;23.85_76.30;23.75_76.30;23.90_76.25;24.05_76.30;23.85_76.25;23.85_76.20;23.85_76.05;24.00_76.35;23.80_76.35;24.05_76.05;23.90_76.15;24.00_76.30;23.95_76.30;23.85_76.10;23.90_76.35;23.90_76.20;24.00_76.20;24.05_76.20;23.95_76.25;23.95_76.20;24.10_76.20;24.05_76.25;24.10_76.25;24.10_76.05;24.10_76.30;24.05_76.35;24.10_76.35;23.95_76.35,41,AGRICULTURAL_BURNING,Amla Nankar-Susner,On cropland — consistent with crop-residue burning.,24.019663365384613,76.17568432692308,1311,5.214230769230769,83.6,CROPLAND,69.1358475235939,HIGH,40
24.35_79.65,24.35_79.65;24.25_79.75;24.40_79.75;24.25_79.70;24.40_79.95;24.20_79.75;24.20_79.70;24.20_79.80;24.40_79.70;24.30_79.80;24.25_79.80;24.35_79.85;24.25_79.95;24.40_79.90;24.30_79.85;24.25_79.85;24.15_79.90;24.15_79.75;24.20_79.85;24.15_79.65;24.15_79.80;24.30_79.75;24.25_79.65;24.15_79.70;24.35_79.95;24.25_79.90;24.15_79.85;24.20_79.95;24.20_79.90;24.30_79.70,30,AGRICULTURAL_BURNING,,On cropland — consistent with crop-residue burning.,24.37043927272727,79.67818478787879,1305,7.846606060606061,148.97,CROPLAND,72.18394971628248,HIGH,40
29.95_74.55,29.95_74.55;29.95_74.50;29.90_74.55;29.90_74.50,4,AGRICULTURAL_BURNING,Bheeti Wala,On cropland — consistent with crop-residue burning.,29.976233714902808,74.57482187904967,1304,8.304470842332613,85.8,CROPLAND,75.99930877821393,CRITICAL,40
27.40_80.35,27.40_80.35;27.70_80.35;27.70_80.55;27.70_80.60;27.65_80.60;27.55_80.45;27.65_80.55;27.70_80.40;27.65_80.40;27.50_80.55;27.60_80.45;27.65_80.35;27.60_80.60;27.45_80.55;27.50_80.35;27.60_80.35;27.50_80.60;27.60_80.55;27.60_80.50;27.45_80.60;27.55_80.55;27.65_80.45;27.55_80.35;27.60_80.40;27.45_80.35;27.65_80.65;27.40_80.60;27.60_80.65;27.50_80.45;27.40_80.45;27.50_80.50;27.40_80.65;27.55_80.40;27.50_80.70,34,AGRICULTURAL_BURNING,,On cropland — consistent with crop-residue burning.,27.426081604938275,80.3786687654321,1304,3.695925925925926,19.66,CROPLAND,67.73396800794751,HIGH,40
25.30_75.55,25.30_75.55;25.30_75.60;25.30_75.65;25.35_75.50;25.35_75.55;25.40_75.55;25.30_75.50;25.40_75.50;25.30_75.45;25.55_75.65;25.50_75.55;25.55_75.55;25.50_75.60;25.20_75.65;25.50_75.50;25.55_75.50;25.45_75.60;25.50_75.45;25.55_75.45;25.45_75.35;25.45_75.50;25.25_75.30;25.50_75.40,23,AGRICULTURAL_BURNING,,On cropland — consistent with crop-residue burning.,25.32707392344497,75.57548272727273,1299,8.459377990430623,105.01,CROPLAND,74.7923850729229,HIGH,40
28.55_82.05,28.55_82.05;28.55_81.95;28.50_82.00;28.75_81.85,4,AGRICULTURAL_BURNING,,On cropland — consistent with crop-residue burning.,28.57611849909584,82.0747732368897,1297,3.7261121157323687,87.04,CROPLAND,77.54842435301192,HIGH,40
27.90_77.40,27.90_77.40;27.85_77.45;27.75_77.35;27.95_77.40;28.05_77.35;27.75_77.30;28.00_77.40;27.95_77.25;28.05_77.40;28.05_77.25;27.75_77.25;27.80_77.30;28.00_77.15;27.95_77.20;28.05_77.20;27.90_77.25;27.80_77.25;27.90_77.20;27.90_77.15;28.05_77.15;27.80_77.20;27.85_77.10;27.85_77.15;27.95_77.10;27.85_77.25;27.75_77.10;27.80_77.10;27.80_77.15,28,AGRICULTURAL_BURNING,,On cropland — consistent with crop-residue burning.,27.92906947368421,77.43033956937799,1295,5.544019138755981,60.21,CROPLAND,71.81439281576273,HIGH,40
26.00_82.15,26.00_82.15;26.05_82.50;26.05_82.45;26.00_82.20;25.95_82.20;25.95_82.25;26.25_82.40;26.25_82.25;26.25_82.30;26.15_82.50;26.25_82.35;26.20_82.45;26.20_82.35;26.10_82.45;26.15_82.40;26.10_82.15;26.15_82.45;26.15_82.25;26.10_82.40;26.25_82.45;26.05_82.15;26.25_82.20;26.00_82.45;26.15_82.15;26.15_82.30;26.20_82.30;26.00_82.50;26.05_82.30;26.10_82.35;26.00_82.30;26.20_82.20;26.10_82.20;26.05_82.25;26.00_82.40;26.10_82.30;26.00_82.35;25.95_82.40,37,AGRICULTURAL_BURNING,,On cropland — consistent with crop-residue burning.,26.0176785945946,82.17237427027027,1295,8.558216216216216,64.21,CROPLAND,70.39737968467061,HIGH,40
26.30_77.65,26.30_77.65;26.35_77.70;26.30_77.50;26.35_77.65;26.40_77.70;26.30_77.70;26.30_77.60;26.35_77.55;26.40_77.80;26.35_77.50;26.30_77.55;26.35_77.80;26.30_77.45;26.40_77.55;26.40_77.60;26.45_77.75;26.50_77.80;26.35_77.75;26.40_77.75;26.30_77.75;26.35_77.45;26.50_77.55;26.40_77.65;26.45_77.80;26.60_77.60;26.55_77.70;26.55_77.65;26.65_77.70;26.60_77.55;26.45_77.65,30,AGRICULTURAL_BURNING,,On cropland — consistent with crop-residue burning.,26.328754340425533,77.67488838297872,1293,7.816978723404255,64.44,CROPLAND,70.8863450572772,HIGH,40
26.85_79.40,26.85_79.40;26.75_79.30;26.80_79.35;26.80_79.30;26.70_79.60;26.70_79.30;26.75_79.60;26.75_79.40;26.70_79.25;26.85_79.35;26.80_79.45;26.85_79.55;26.65_79.40;26.90_79.50;26.80_79.55;26.95_79.45;26.95_79.30;26.90_79.40;26.70_79.55;26.90_79.30;27.00_79.35;26.70_79.40;26.95_79.40;26.80_79.60;26.90_79.35;26.95_79.50;26.90_79.45;27.00_79.45;26.90_79.60;26.85_79.50;26.85_79.30;26.70_79.45;26.80_79.50;26.95_79.35;26.70_79.50;26.95_79.60;27.00_79.40;26.95_79.55;27.00_79.55;27.00_79.50;27.00_79.60,41,AGRICULTURAL_BURNING,,On cropland — consistent with crop-residue burning.,26.866207528089888,79.42225303370788,1278,3.798988764044944,75.96,CROPLAND,70.4157744095331,HIGH,40
27.00_80.15,27.00_80.15;27.05_80.15;27.10_80.20;27.10_80.15;27.05_80.05;27.10_80.05;27.10_80.25;27.30_80.00;27.05_80.20;27.10_80.10;27.35_80.00;27.35_80.30;27.05_80.10;27.05_80.00;27.15_80.20;27.15_80.10;27.15_80.05;27.20_80.00;27.05_80.25;27.20_80.10;27.10_80.00;27.20_80.15;27.25_80.30;27.25_80.15;27.30_80.30;27.25_80.05;27.05_80.30;27.35_80.05;27.20_80.05,29,AGRICULTURAL_BURNING,,On cropland — consistent with crop-residue burning.,27.03370942446044,80.18218561151079,1278,6.010215827338129,47.63,CROPLAND,68.69376369852057,HIGH,40
28.35_79.95,28.35_79.95;28.30_79.95;28.40_79.95;28.20_79.65;28.40_79.90;28.35_79.90;28.25_79.90;28.35_79.80;28.40_79.70;28.40_79.85,10,FOREST_FIRE,,On Tree Cover — consistent with a forest/wildland fire.,28.374749310344825,79.97559810344828,1269,4.6786896551724135,57.07,TREE_COVER,77.73004049942074,HIGH,40
24.15_82.70,24.15_82.70;24.20_82.85;24.25_82.80;24.25_82.60;24.25_82.65;24.45_82.50;24.45_82.70;24.45_82.75;24.30_82.60;24.45_82.55;24.40_82.45;24.30_82.80;24.40_82.85;24.45_82.60;24.40_82.60;24.40_82.50;24.40_82.55,17,FOREST_FIRE,,On Tree Cover — consistent with a forest/wildland fire.,24.1680343,82.7040481,1244,2.001142061281337,93.37,TREE_COVER,73.9719918720921,HIGH,40
25.15_80.95,25.15_80.95;25.05_80.70;24.90_80.85;24.85_81.00;24.85_80.95;25.10_80.70;24.85_81.05;25.10_80.75;24.95_80.80;25.20_81.00;25.15_80.80,11,AGRICULTURAL_BURNING,,On cropland — consistent with crop-residue burning.,25.1737925950783,80.97044771812081,1229,7.371700223713646,57.88,CROPLAND,76.2715364848566,HIGH,40
28.75_79.25,28.75_79.25;28.80_79.25;28.80_79.20;28.55_79.15;28.75_79.20;28.70_79.15;28.65_79.20;28.50_79.10;28.80_79.15;28.75_79.10;28.45_79.00;28.70_79.20;28.60_79.15;28.55_79.10;28.70_79.25;28.60_79.10;28.45_79.05;28.60_79.20;28.80_79.10;28.45_79.20;28.55_79.00;28.65_79.05;28.50_78.95;28.50_79.00;28.45_78.95;28.60_78.90;28.45_79.25;28.55_79.25;28.70_79.10;28.45_79.15;28.60_78.95;28.55_78.95;28.65_78.90;28.65_79.00;28.65_78.95;28.55_79.05;28.60_79.00,37,AGRICULTURAL_BURNING,,On cropland — consistent with crop-residue burning.,28.778315762711863,79.27715245762712,1229,4.844745762711864,54.78,CROPLAND,72.75130945191616,HIGH,40
26.15_80.05,26.15_80.05;26.20_80.00;26.15_80.00;26.25_80.00;26.05_80.00;26.15_80.10;26.20_80.05;26.25_80.10;26.10_80.00;26.25_80.30;26.05_80.15;26.25_80.05;26.10_80.10;26.10_80.20;26.20_80.10;25.95_80.10;26.25_80.25;26.20_80.25;26.15_80.20;26.00_80.00;26.25_80.20;26.05_80.25;25.95_80.30;26.05_80.10;26.00_80.10;26.25_80.15;26.00_80.30;26.20_80.30;26.00_80.20;26.10_80.25;26.20_80.15;26.00_80.15;26.15_80.15;26.10_80.05;26.00_80.05;26.05_80.20;26.15_80.25;25.95_80.00;25.95_80.25;26.20_80.20;25.95_80.05,41,AGRICULTURAL_BURNING,,On cropland — consistent with crop-residue burning.,26.17620774647888,80.06779345070423,1226,8.844154929577464,47.37,CROPLAND,69.0178048110675,HIGH,40
26.75_79.95,26.75_79.95;26.70_79.75;26.70_79.95;26.70_79.85;26.65_79.65;26.65_79.95;26.65_79.85;26.70_79.80;26.70_79.70;26.70_79.65;26.80_79.70;26.65_79.80;26.65_79.70;26.75_79.80;26.65_79.90;26.85_79.65;26.75_79.65;26.80_79.80;26.80_79.95;26.80_79.90;26.85_79.85;26.75_79.85;26.80_79.75;26.75_79.90;26.85_79.70;27.00_79.65;26.85_79.90;26.90_79.95;26.85_79.80;26.90_79.65;27.00_79.85;26.95_79.90;26.95_79.85;26.85_79.75;26.90_79.70;26.85_79.95;26.90_79.75;26.90_79.90;26.90_79.80;26.95_79.70;26.95_79.75;27.00_79.90;26.95_79.65;26.95_79.80,44,AGRICULTURAL_BURNING,,On cropland — consistent with crop-residue burning.,26.772351782178216,79.96644118811881,1224,4.809009900990099,36.38,CROPLAND,67.89906233386664,HIGH,40
26.45_83.50,26.45_83.50;26.50_83.55;26.50_83.45;26.50_83.25;26.60_83.50,5,FOREST_FIRE,,On Tree Cover — consistent with a forest/wildland fire.,26.474660517241382,83.52703478927202,1222,7.503544061302682,144.74,TREE_COVER,77.96097208469381,CRITICAL,40
26.30_80.60,26.30_80.60;26.35_80.55;26.50_80.65;26.35_80.65;26.50_80.60;26.40_80.65;26.30_80.55;26.45_80.65;26.50_80.55;26.30_80.65;26.60_80.55;26.45_80.60;26.65_80.65;26.55_80.35;26.50_80.50;26.60_80.50;26.45_80.70;26.55_80.65;26.60_80.45;26.30_80.35;26.50_80.70;26.40_80.50;26.55_80.60;26.55_80.45;26.55_80.70;26.45_80.55;26.35_80.45;26.60_80.40;26.55_80.40;26.35_80.40;26.30_80.40;26.45_80.50;26.65_80.40;26.40_80.45;26.60_80.35,35,AGRICULTURAL_BURNING,,On cropland — consistent with crop-residue burning.,26.324138695652177,80.61941776397515,1220,6.48888198757764,45.66,CROPLAND,69.50843144139809,HIGH,40
28.65_82.55,28.65_82.55;28.60_82.75;28.65_82.60;28.75_82.50;28.70_82.60;28.70_82.75;28.80_82.50;28.60_82.80;28.70_82.55;28.75_82.70;28.70_82.80;28.75_82.65;28.60_82.60;28.60_82.50;28.50_82.75;28.50_82.65;28.60_82.85;28.55_82.70;28.55_82.85;28.50_82.70,20,FOREST_FIRE,,On Tree Cover — consistent with a forest/wildland fire.,28.67831119047619,82.56916019047618,1218,6.224380952380952,124.89,TREE_COVER,73.77207810981807,HIGH,40
27.85_78.90,27.85_78.90;27.75_79.15;28.10_79.05;27.90_78.90;28.05_79.05;28.00_79.20;28.00_79.15;27.85_78.95;27.80_79.00;28.05_79.20;28.10_79.10;28.05_79.10;28.05_79.00;28.05_79.15;27.75_79.20;27.85_79.05;27.85_79.00;28.05_79.25;27.90_79.10;28.00_79.00;28.10_79.00;27.95_79.15;28.05_78.95;28.00_79.25;27.80_79.05;27.95_79.20;27.90_79.05;27.90_79.25;27.90_79.20;27.90_78.95;27.75_79.05;27.90_79.15;28.05_78.90;27.90_79.00;27.75_78.90;27.75_79.00;27.80_79.15;28.00_78.95;27.85_79.10;27.95_79.00;27.95_78.95,41,AGRICULTURAL_BURNING,Kheda solar farm,On cropland — consistent with crop-residue burning.,27.882184624277457,78.92655410404625,1217,6.428843930635838,116.85,CROPLAND,72.02114075392983,HIGH,40
24.25_84.85,24.25_84.85;24.25_84.70;24.35_84.90;24.30_84.85;24.25_84.80;24.20_84.75;24.40_84.95;24.20_84.70;24.15_84.75;24.25_84.75;24.25_84.90;24.20_84.80;24.15_84.70;24.30_84.95;24.45_84.95;24.35_84.85;24.20_84.90;24.35_84.75;24.15_84.80;24.45_84.70;24.20_84.95;24.30_84.80;24.40_84.90,23,FOREST_FIRE,,On Tree Cover — consistent with a forest/wildland fire.,24.27908735449736,84.87245978835979,1205,4.2822751322751325,25.62,TREE_COVER,63.3207731658696,HIGH,40
25.90_77.15,25.90_77.15;25.70_77.15;25.70_77.10;25.70_77.20;25.75_77.10;25.65_77.20;25.90_77.10;25.85_77.10;25.90_77.20;25.65_77.30;25.75_77.20;25.60_77.30;25.80_77.15;25.70_77.25;25.80_77.20;25.90_77.35;25.60_77.20;25.65_77.45;25.80_77.35,19,FOREST_FIRE,,On Tree Cover — consistent with a forest/wildland fire.,25.932293461538464,77.18562892307692,1203,5.631076923076923,58.38,TREE_COVER,68.3393235977754,HIGH,40
26.90_82.90,26.90_82.90;27.00_82.95;26.95_83.05;26.75_82.95;26.75_83.00,5,FOREST_FIRE,,On Tree Cover — consistent with a forest/wildland fire.,26.92014938432836,82.9214121641791,1194,5.47714552238806,149.88,TREE_COVER,84.80668255322712,CRITICAL,40
28.05_81.10,28.05_81.10;28.05_81.05;28.00_81.10;27.90_81.10;27.95_81.10;27.85_81.25;27.85_81.30;27.85_81.15;27.75_81.40;27.90_81.15;28.00_81.40;27.95_81.30;27.85_81.10;28.00_81.15;27.85_81.35;27.95_81.40;27.80_81.30;27.90_81.30;27.85_81.20;27.80_81.15;27.95_81.15;27.75_81.30;27.75_81.15;27.75_81.10;27.80_81.20;27.75_81.25;27.95_81.25;27.90_81.40;27.90_81.20;27.85_81.40;27.75_81.35;27.90_81.25;27.80_81.40,33,AGRICULTURAL_BURNING,,On cropland — consistent with crop-residue burning.,28.072602014925373,81.12274074626866,1192,5.159776119402985,42.87,CROPLAND,70.88069124186556,HIGH,40
24.50_83.40,24.50_83.40;24.50_83.35;24.80_83.30;24.50_83.25;24.75_83.25;24.50_83.50;24.55_83.45;24.60_83.55;24.50_83.55;24.70_83.25;24.55_83.55;24.70_83.30,12,FOREST_FIRE,,On Tree Cover — consistent with a forest/wildland fire.,24.53236795774648,83.42164285211267,1192,6.245739436619719,49.2,TREE_COVER,71.70635812220614,HIGH,40
24.30_81.30,24.30_81.30,1,INDUSTRIAL,Kariajhar power station,On Built Up land cover (ESA WorldCover 10m) with 1188 historical detections — consistent with a real industrial fire source.,24.3295374,81.3285274,1188,2.4220791245791244,24.26,BUILT_UP,78.60823087913461,CRITICAL,8
28.20_77.90,28.20_77.90;28.35_77.95;28.30_78.00;28.15_78.00;28.35_78.00;28.30_77.90;28.40_78.15;28.30_78.05;28.35_78.15;28.25_77.90;28.30_77.95;28.35_77.90;28.25_78.10;28.25_78.05;28.10_78.00;28.40_78.05;28.25_78.15;28.30_78.10;28.20_77.95;28.15_77.95;28.35_78.05;28.10_77.95;28.30_78.15;28.25_77.95;28.40_78.00;28.45_77.95;28.30_77.85;28.25_78.00;28.45_78.05;28.20_78.10;28.20_78.05;28.20_78.00;28.40_77.95;28.10_78.10;28.25_77.85;28.15_78.05;28.15_78.15;28.15_78.10;28.20_78.15;28.20_77.85,40,AGRICULTURAL_BURNING,,On cropland — consistent with crop-residue burning.,28.22828337837837,77.92539905405405,1187,3.7377027027027023,27.53,CROPLAND,67.60539088756336,HIGH,40
27.10_79.15,27.10_79.15;27.00_79.20;27.10_78.95;27.05_79.00;27.20_78.90;27.05_79.20;27.05_78.95;27.00_79.00;27.10_79.20;27.10_78.90;27.10_79.00;27.05_79.05;27.15_79.10;27.00_78.95;27.00_79.05;27.10_79.10;27.05_79.10;27.30_78.90;27.15_79.15;27.15_79.05;27.30_79.05;27.15_78.90;27.35_79.05;27.05_78.90;27.35_78.90;27.20_79.25;27.25_79.05;27.25_79.15;27.20_79.20;27.30_79.15;27.20_79.15;27.30_79.10;27.35_79.10;27.25_79.00;27.30_78.95;27.30_79.00;27.25_78.95;27.30_79.20;27.30_79.25;27.20_79.05,40,AGRICULTURAL_BURNING,,On cropland — consistent with crop-residue burning.,27.11521212962964,79.18243509259258,1184,8.43601851851852,59.05,CROPLAND,71.67661882400883,HIGH,40
27.30_79.65,27.30_79.65;27.35_79.90;27.30_79.85;27.25_79.85;27.35_79.95;27.35_79.85;27.35_79.80;27.25_79.65;27.15_79.85;27.20_79.95;27.30_79.80;27.15_79.95;27.15_79.90;27.15_79.75;27.35_79.75;27.10_79.90;27.30_79.90;27.35_79.65;27.30_79.70;27.25_79.70;27.20_79.90;27.05_79.95;27.20_79.75;27.25_79.90;27.10_79.95;27.25_79.95;27.00_79.95;27.20_79.80;27.30_79.95;27.00_79.75;27.00_79.80;27.10_79.85;27.10_79.70;27.05_79.85;27.20_79.65;27.10_79.80;27.30_79.75;27.15_79.70,38,AGRICULTURAL_BURNING,,On cropland — consistent with crop-residue burning.,27.31712765060241,79.6679780120482,1180,8.553975903614457,93.83,CROPLAND,75.83685547075748,HIGH,40
24.85_83.50,24.85_83.50;24.85_83.25;24.90_83.50;24.85_83.30;24.90_83.55;25.00_83.45;24.95_83.45;24.95_83.35;24.95_83.40,9,FOREST_FIRE,,On Tree Cover — consistent with a forest/wildland fire.,24.87409279475983,83.53155995633188,1180,6.7970305676855896,60.06,TREE_COVER,73.03636108149209,HIGH,40
24.00_80.55,24.00_80.55;23.95_80.55;23.95_80.65;23.85_80.45;23.85_80.55;23.90_80.65;23.85_80.50;23.95_80.50;23.95_80.40;23.80_80.65;23.80_80.60;24.10_80.60;24.05_80.35;23.80_80.70;23.90_80.60;23.95_80.60;23.90_80.50;23.85_80.65,18,AGRICULTURAL_BURNING,,On cropland — consistent with crop-residue burning.,24.024937631578947,80.57519072368422,1165,9.848223684210527,113.36,CROPLAND,73.62387029496006,HIGH,40
26.25_81.85,26.25_81.85;26.25_81.80;25.95_81.80;25.95_81.85;26.00_82.10;26.20_81.85;25.95_82.10;26.25_81.90;26.05_82.05;26.05_81.95;26.20_81.90;26.10_82.05;26.05_81.90;26.15_81.90;26.10_82.10;26.15_82.05;26.20_81.95;26.25_82.00;26.00_82.05;26.15_81.95;26.20_82.00;26.15_82.10;26.05_82.10;26.05_82.00;26.10_82.00;26.15_81.85;26.10_81.90;25.95_82.05;26.25_81.95;26.20_82.05;26.05_81.80;26.10_81.80;26.15_82.00;26.00_81.90;26.10_81.85,35,AGRICULTURAL_BURNING,,On cropland — consistent with crop-residue burning.,26.281444161073825,81.86702798657717,1145,5.960402684563759,73.87,CROPLAND,69.72702820430155,HIGH,40
23.95_77.00,23.95_77.00;23.80_76.85;23.80_76.90;24.05_76.90;23.95_77.05;23.95_76.95;23.95_76.85;24.00_77.00;24.10_77.00;23.95_76.90;24.00_76.85;23.80_76.75;24.05_76.85;23.90_76.85;23.80_77.00;24.05_77.05;23.90_76.90;23.90_77.00;24.10_76.80;23.85_76.90;23.85_76.75;23.85_77.00;24.10_76.75;24.05_77.00;24.10_76.90;23.90_77.05;23.80_76.95;24.05_76.80;23.95_76.75;24.00_76.75;23.90_76.95;24.10_76.95;24.05_76.95;24.05_76.75;23.85_76.95,35,AGRICULTURAL_BURNING,,On cropland — consistent with crop-residue burning.,23.981215423728816,77.01967906779662,1143,5.777118644067797,74.46,CROPLAND,68.54810543974537,HIGH,40
26.90_83.60,26.90_83.60;26.95_83.65;26.65_83.75;26.95_83.80;26.85_83.75;26.95_83.75;26.85_83.90;26.90_83.75;26.80_83.90,9,FOREST_FIRE,,On Tree Cover — consistent with a forest/wildland fire.,26.922109134615383,83.62332173076923,1142,5.437067307692308,119.55,TREE_COVER,79.73159347833638,CRITICAL,40
25.45_84.80,25.45_84.80;25.40_84.95;25.45_84.85;25.35_84.95;25.25_84.95;25.45_84.75;25.25_84.90;25.50_84.80;25.40_84.85;25.40_84.80;25.50_84.90;25.20_84.80;25.30_84.80;25.55_84.95;25.25_84.80;25.55_84.90;25.30_84.95;25.40_84.75;25.35_84.75;25.20_84.90;25.25_84.70;25.25_84.85;25.30_84.90;25.45_84.90;25.35_84.80;25.40_84.70;25.35_84.85;25.50_84.70;25.30_84.75;25.25_84.75;25.30_84.85,31,AGRICULTURAL_BURNING,,On cropland — consistent with crop-residue burning.,25.47748799019608,84.82450132352942,1139,4.553823529411765,65.71,CROPLAND,72.73426836120811,HIGH,40
27.10_81.25,27.10_81.25;27.25_81.40;27.20_81.15;27.25_81.35;27.35_81.40;27.20_81.40;27.30_81.25;27.15_81.25;27.20_81.35;27.15_81.40;27.10_81.35;27.20_81.20;27.35_81.30;27.35_81.20;27.25_81.20;27.10_81.30;27.05_81.30;27.35_81.25;27.30_81.20;27.30_81.30;27.10_81.20;27.15_81.15;27.25_81.30;27.10_81.40;27.15_81.35;27.05_81.40;27.00_81.30;27.20_81.25;27.15_81.30;27.05_81.35;27.05_81.25;27.30_81.15;27.35_81.15;27.05_81.15;27.25_81.25;27.10_81.10;27.15_81.10;27.25_81.05;27.20_81.10;27.05_81.05;27.10_81.05;27.05_81.20,42,AGRICULTURAL_BURNING,,On cropland — consistent with crop-residue burning.,27.119161666666667,81.27232430555556,1101,4.050972222222223,35.77,CROPLAND,66.75171126269446,HIGH,40
24.55_74.80,24.55_74.80,1,INDUSTRIAL,,On Built Up land cover (ESA WorldCover 10m) with 1092 historical detections — consistent with a real industrial fire source.,24.5794494,74.8035833,1092,1.1966300366300366,16.51,BUILT_UP,80.67037413930065,CRITICAL,8
28.90_78.05,28.90_78.05;29.15_78.10;28.95_78.00;29.00_78.00;28.90_77.95;28.90_77.90;28.90_77.85;28.90_78.10;28.95_77.95;29.15_77.85;29.10_77.95;29.05_78.10;28.85_77.90;28.85_77.95;28.85_78.15;29.05_78.15,16,FOREST_FIRE,,On Tree Cover — consistent with a forest/wildland fire.,28.92390661585366,78.07333283536585,1088,5.47280487804878,43.95,TREE_COVER,72.55522196167266,HIGH,40
26.20_80.60,26.20_80.60;26.25_80.60;25.95_80.55;25.95_80.60;26.25_80.55;25.95_80.65;26.20_80.35;26.00_80.65;26.10_80.65;26.20_80.55;26.25_80.70;26.10_80.50;26.15_80.60;26.25_80.65;26.10_80.45;26.00_80.55;26.15_80.45;26.15_80.65;26.00_80.50;26.20_80.50;26.15_80.40;26.00_80.60;26.00_80.45;26.25_80.35;26.10_80.40;26.05_80.45;26.00_80.40;25.95_80.40;26.20_80.40;26.10_80.55;26.25_80.40;26.05_80.50;26.25_80.50;26.05_80.35;26.20_80.45,35,AGRICULTURAL_BURNING,,On cropland — consistent with crop-residue burning.,26.23030175675676,80.63464601351352,1085,10.792094594594596,111.4,CROPLAND,71.29188800811573,HIGH,40
24.70_74.65,24.70_74.65;24.65_74.65,2,INDUSTRIAL,JK Cement,On Built Up land cover (ESA WorldCover 10m) with 598 historical detections — consistent with a real industrial fire source.,24.7155454,74.6688312,1080,1.1416889632107023,27.65,BUILT_UP,85.34617603574833,CRITICAL,8
24.30_77.45,24.30_77.45;24.35_77.25;24.15_77.30;24.45_77.30;24.40_77.30;24.20_77.20;24.35_77.10,7,FOREST_FIRE,,On Tree Cover — consistent with a forest/wildland fire.,24.320882748414373,77.474153615222,1076,6.194524312896405,48.22,TREE_COVER,74.34546549692193,HIGH,40
29.45_81.45,29.45_81.45;29.20_81.65;29.30_81.45;29.25_81.50;29.50_81.65;29.40_81.65;29.40_81.45;29.50_81.50;29.45_81.50;29.25_81.55;29.35_81.65;29.20_81.55;29.35_81.45;29.20_81.75;29.45_81.55;29.45_81.75;29.45_81.60;29.20_81.45;29.40_81.50;29.35_81.60;29.35_81.75;29.40_81.60;29.30_81.60;29.40_81.55,24,FOREST_FIRE,,On Tree Cover — consistent with a forest/wildland fire.,29.476368109756105,81.46435274390244,1073,6.227926829268292,71.64,TREE_COVER,71.74447033287959,HIGH,40
23.95_78.45,23.95_78.45;23.90_78.20;23.95_78.40;23.85_78.35;24.10_78.20;23.90_78.35;23.80_78.35,7,FOREST_FIRE,,On Tree Cover — consistent with a forest/wildland fire.,23.97844431111111,78.46667204444444,1072,5.552577777777778,82.29,TREE_COVER,76.82607454771505,HIGH,40
28.05_79.90,28.05_79.90;28.00_79.90;27.95_79.85;28.00_79.95;27.75_79.95;28.05_79.75;27.90_79.75;27.95_79.80;28.00_79.65;27.95_79.90;27.90_79.90;28.05_79.70;28.05_79.65;27.95_79.95;28.00_79.80;28.00_79.75;27.75_79.90;28.05_79.80;27.75_79.65,19,AGRICULTURAL_BURNING,,On cropland — consistent with crop-residue burning.,28.069698761061947,79.92786884955753,1069,4.930973451327434,41.39,CROPLAND,68.74260089744274,HIGH,40
25.95_82.90,25.95_82.90;26.15_83.20;25.95_82.95;25.95_83.15;25.95_83.05;25.95_83.20;26.20_83.00;26.20_82.95;26.00_83.20;26.15_82.95;26.20_83.10;26.15_83.15;25.95_83.10;25.95_83.00;26.15_83.00;26.20_83.15;26.00_82.90;26.10_82.95;26.10_83.05;26.25_83.15;26.05_83.05;26.25_82.95;26.10_82.90;26.30_83.05;26.00_83.10;26.20_82.90;26.25_83.00;26.15_83.10;26.20_83.05;26.25_83.20;26.10_83.00;26.25_83.05;26.05_83.20;26.00_83.00;26.25_83.10;26.00_83.15;26.10_83.15;26.00_83.05;26.10_83.10,39,AGRICULTURAL_BURNING,,On cropland — consistent with crop-residue burning.,25.9714725,82.91806130434783,1067,6.366086956521738,48.78,CROPLAND,69.51440073153087,HIGH,40
25.25_81.20,25.25_81.20;25.25_81.25;25.45_81.30;25.35_81.35;25.20_81.25;25.55_81.20;25.20_81.30;25.50_81.15;25.55_81.15;25.50_81.30;25.55_81.25;25.55_81.10;25.30_81.10;25.30_81.40;25.40_81.10;25.35_81.40;25.55_81.40;25.35_81.20;25.25_81.10;25.25_81.30;25.25_81.40;25.45_81.10;25.45_81.40;25.40_81.15;25.50_81.40;25.30_81.30;25.30_81.05;25.35_81.05;25.25_81.35;25.55_81.30;25.30_81.35;25.35_81.15,32,AGRICULTURAL_BURNING,,On cropland — consistent with crop-residue burning.,25.2721609,81.2072807,1058,4.218385093167702,35.95,CROPLAND,69.37155250298581,HIGH,40
25.70_79.95,25.70_79.95;25.70_79.90;25.65_79.90;25.65_79.95;25.70_79.85;25.65_79.85;25.75_79.65;25.70_79.70;25.75_79.95;25.60_79.90;25.60_79.95;25.75_79.75;25.65_79.80;25.80_79.95;25.75_79.70;25.55_79.65;25.75_79.90;25.90_79.75;25.60_79.65;25.60_79.85;25.70_79.80;25.65_79.65;25.80_79.90;25.70_79.75;25.60_79.80;25.75_79.80;25.90_79.85;25.65_79.70;25.85_79.95;25.90_79.90;25.60_79.75;25.80_79.75;25.80_79.70;25.75_79.85;25.55_79.85;25.90_79.95;25.85_79.80;25.55_79.80;25.85_79.85,39,AGRICULTURAL_BURNING,Bindpuri,On cropland — consistent with crop-residue burning.,25.72479423913044,79.98277760869566,1058,8.030108695652174,39.23,CROPLAND,68.06748188683102,HIGH,40
29.40_78.65,29.40_78.65;29.45_78.60;29.25_78.85;29.45_78.70;29.40_78.70;29.45_78.65;29.35_78.75;29.30_78.60;29.50_78.55;29.35_78.60;29.50_78.65;29.40_78.80;29.40_78.75;29.30_78.80;29.30_78.75;29.30_78.85;29.45_78.75;29.35_78.70;29.20_78.55,19,AGRICULTURAL_BURNING,,On cropland — consistent with crop-residue burning.,29.42794262295082,78.66955278688523,1049,4.90811475409836,106.05,CROPLAND,73.11915221499181,HIGH,40
27.70_80.80,27.70_80.80;27.60_80.80;27.70_80.85;27.65_80.75;27.60_80.90;27.65_80.70;27.55_80.90;27.60_80.75;27.65_80.85;27.70_80.70;27.50_80.90;27.50_81.05;27.55_80.80;27.65_80.80;27.55_81.00;27.55_80.95;27.65_80.90;27.60_80.95;27.40_81.00;27.45_80.90;27.70_80.75;27.65_81.05;27.55_81.05;27.40_80.90;27.45_80.85;27.40_81.05;27.60_81.00;27.55_80.75;27.40_80.70;27.40_80.95;27.50_80.85;27.70_80.90;27.40_80.85;27.40_80.75;27.60_81.05,35,AGRICULTURAL_BURNING,,On cropland — consistent with crop-residue burning.,27.725368985507245,80.82507376811594,1039,3.872753623188405,23.1,CROPLAND,66.14800049932823,HIGH,40
29.25_78.90,29.25_78.90;29.25_79.00;29.30_79.05;29.20_79.15;29.30_78.95;29.20_79.25;29.35_79.25;29.35_79.10,8,AGRICULTURAL_BURNING,,On cropland — consistent with crop-residue burning.,29.27540429864253,78.93337090497737,1036,3.499909502262444,32.58,CROPLAND,70.77088324169696,HIGH,40
25.15_79.00,25.15_79.00;24.85_79.25;25.10_79.00;25.20_79.05;25.00_79.20;24.90_79.00;24.95_79.15;24.85_79.15;24.95_79.05;25.00_79.15;25.10_78.95;25.20_79.10;24.90_79.05;25.05_79.00;25.05_79.25;25.05_79.15;25.15_78.95;24.90_79.15;25.15_79.20;24.85_79.00;25.05_79.05;25.15_79.15;25.20_79.20;24.85_79.05;25.20_79.00;25.15_78.90;25.05_79.20;24.85_79.10;25.10_79.05;25.15_79.05;24.95_79.10;25.15_79.10;24.95_79.00;25.20_79.15;25.10_79.15;25.10_78.90;24.90_78.95;24.85_78.95;24.95_78.95;25.10_79.10;25.05_79.10;24.90_79.10;25.00_78.95;25.00_79.05;25.10_79.25;25.05_78.95;25.20_78.90;25.00_79.00;25.05_78.90;25.10_79.20;24.90_79.20,51,AGRICULTURAL_BURNING,,On cropland — consistent with crop-residue burning.,25.168506607142856,79.02334625,1011,11.814464285714283,55.64,CROPLAND,65.43999587113984,HIGH,40
24.70_75.95,24.70_75.95,1,INDUSTRIAL,Mangalam Cements,On Built Up land cover (ESA WorldCover 10m) with 995 historical detections — consistent with a real industrial fire source.,24.715621,75.9535075,995,1.082753768844221,15.1,BUILT_UP,80.42588513868115,CRITICAL,8
25.95_84.40,25.95_84.40;25.95_84.45;25.95_84.55;26.00_84.40;26.05_84.45;25.95_84.35;25.95_84.50;26.00_84.35;26.00_84.45;26.05_84.35;25.95_84.60;26.25_84.65;26.10_84.40;25.95_84.65;26.20_84.45;26.25_84.40;26.10_84.35;26.00_84.50;26.20_84.40;26.05_84.40;26.05_84.60;26.20_84.50;26.15_84.65;26.25_84.45;26.15_84.45;26.00_84.55;26.00_84.65;26.25_84.60;26.15_84.35;26.05_84.55;26.00_84.60;26.25_84.35;26.15_84.50;26.25_84.50;26.25_84.55;26.20_84.55,36,AGRICULTURAL_BURNING,,On cropland — consistent with crop-residue burning.,25.968523333333334,84.43076111111111,987,8.183055555555555,64.36,CROPLAND,68.76320794811019,HIGH,40
24.15_78.80,24.15_78.80;24.25_78.60;24.15_78.85;24.25_78.65;24.20_78.70;24.40_78.60;24.25_78.85;24.20_78.55,8,FOREST_FIRE,,On Tree Cover — consistent with a forest/wildland fire.,24.17859630979499,78.82423066059225,987,5.811093394077449,37.72,TREE_COVER,71.70561918052914,HIGH,40
23.65_78.15,23.65_78.15;23.50_78.10;23.55_78.00,3,FOREST_FIRE,,On Tree Cover — consistent with a forest/wildland fire.,23.67317838235294,78.17889582352942,985,5.8615,124.18,TREE_COVER,78.72317316016341,CRITICAL,40
29.80_80.80,29.80_80.80;29.80_80.75;29.75_80.75;29.65_80.70;29.70_80.80;29.80_80.85;29.70_80.75;29.65_80.75;29.60_80.75;29.85_80.80;29.80_80.90;29.60_80.70;29.70_81.00;29.65_80.85;29.60_81.05;29.75_80.70;29.75_80.85;29.80_80.70;29.60_80.90;29.80_80.95;29.85_80.70;29.60_80.80;29.85_80.75;29.65_80.95;29.75_80.90;29.75_80.95;29.55_81.00;29.75_81.00,28,FOREST_FIRE,Upper Sanigad Hydroelectric Project,On Tree Cover — consistent with a forest/wildland fire.,29.8126128742515,80.82413431137724,979,6.852934131736527,53.87,TREE_COVER,70.74556448449601,HIGH,40
29.20_77.55,29.20_77.55;29.20_77.45;29.20_77.50;29.30_77.50;29.30_77.70;29.30_77.55;29.50_77.55;29.30_77.65;29.50_77.50;29.25_77.55;29.45_77.50;29.25_77.65;29.20_77.80;29.30_77.75;29.50_77.75;29.25_77.60;29.20_77.75;29.50_77.80;29.30_77.80,19,AGRICULTURAL_BURNING,,On cropland — consistent with crop-residue burning.,29.2259446,77.5762641,978,3.347,25.19,CROPLAND,69.36110114627037,HIGH,40
27.55_83.85,27.55_83.85;27.45_83.60;27.45_83.65;27.40_83.70;27.40_83.75;27.45_83.80;27.45_83.75;27.50_83.75,8,AGRICULTURAL_BURNING,Gandak HEP,On cropland — consistent with crop-residue burning.,27.57779836956522,83.8762245652174,974,2.9871014492753623,101.04,CROPLAND,72.69634150318349,HIGH,40
29.80_75.10,29.80_75.10;29.80_75.20;29.55_75.05;29.80_75.00,4,FOREST_FIRE,,On Tree Cover — consistent with a forest/wildland fire.,29.82937024663677,75.12946795964125,963,6.399573991031391,65.32,TREE_COVER,74.93131248630178,HIGH,40
24.05_80.60,24.05_80.60,1,INDUSTRIAL,,On Built Up land cover (ESA WorldCover 10m) with 960 historical detections — consistent with a real industrial fire source.,24.0535784,80.6107077,960,1.66978125,27.88,BUILT_UP,81.95258424242174,CRITICAL,8
28.75_77.55,28.75_77.55;28.80_77.65;28.55_77.70;28.65_77.70;28.50_77.65;28.80_77.80;28.45_77.75;28.50_77.70;28.80_77.75;28.60_77.70;28.60_77.80;28.75_77.80;28.60_77.65;28.55_77.75;28.65_77.80;28.45_77.70;28.45_77.80,17,AGRICULTURAL_BURNING,,On cropland — consistent with crop-residue burning.,28.77247048780488,77.57211439024391,959,2.0751707317073174,19.75,CROPLAND,70.75679380446462,HIGH,40
28.80_78.10,28.80_78.10;28.80_77.85;28.70_77.95;28.70_78.00;28.75_77.85;28.55_77.90;28.60_77.90;28.65_77.95;28.60_77.85;28.80_77.95;28.70_78.15;28.80_77.90;28.50_77.85;28.75_77.90;28.45_77.85;28.60_77.95;28.50_77.90;28.45_78.15;28.45_78.00;28.45_77.90;28.80_78.15;28.45_78.10;28.75_78.15,23,AGRICULTURAL_BURNING,,On cropland — consistent with crop-residue burning.,28.82737049382716,78.12577592592594,957,4.428888888888889,20.09,CROPLAND,69.57413646838785,HIGH,40
24.30_78.55,24.30_78.55;24.40_78.85;24.45_78.85;24.45_78.80;24.40_78.70;24.35_78.55;24.45_78.75;24.30_78.85;24.35_78.60;24.40_78.55;24.40_78.65;24.40_78.80;24.30_78.80;24.20_78.65;24.45_78.55;24.35_78.80;24.15_78.70;24.20_78.60;24.15_78.60;24.35_78.75;24.35_78.65;24.40_78.75;24.15_78.55;24.30_78.70;24.30_78.75;24.35_78.70;24.30_78.65,27,AGRICULTURAL_BURNING,,On cropland — consistent with crop-residue burning.,24.32713466321244,78.57740813471503,957,6.80958549222798,47.99,CROPLAND,68.68419821018645,HIGH,40
29.55_77.90,29.55_77.90;29.60_77.90;29.65_78.15;29.80_78.05;29.65_78.10;29.65_77.95;29.55_77.95;29.70_78.15;29.65_78.00;29.55_78.05;29.55_78.10;29.60_77.85,12,FOREST_FIRE,,On Tree Cover — consistent with a forest/wildland fire.,29.57871430693069,77.92964905940593,953,10.146782178217824,101.46,TREE_COVER,72.62383542801854,HIGH,40
27.90_79.40,27.90_79.40;27.80_79.60;27.80_79.50;27.95_79.60;27.95_79.50;28.00_79.55;28.05_79.55;27.90_79.60;27.95_79.30;28.05_79.50;27.90_79.55;27.95_79.45;28.00_79.50;27.90_79.45;27.80_79.45;28.05_79.45;27.95_79.55;27.75_79.60;27.85_79.45;27.85_79.50;28.00_79.60;27.75_79.45;28.00_79.40;27.95_79.40;28.05_79.40;28.05_79.30;27.90_79.50;28.05_79.35;28.00_79.30;27.75_79.40;28.00_79.35;27.75_79.55;27.80_79.55,33,AGRICULTURAL_BURNING,,On cropland — consistent with crop-residue burning.,27.91941933333333,79.43332877777779,950,8.807666666666666,128.53,CROPLAND,74.123264852999,HIGH,40
24.85_83.15,24.85_83.15;24.90_83.20;25.10_83.10;24.85_83.10;24.90_82.90;25.00_83.15;24.95_83.20;25.10_83.15;24.90_83.05;24.95_83.05;24.90_82.95;24.95_83.10,12,FOREST_FIRE,,On Tree Cover — consistent with a forest/wildland fire.,24.874901317365268,83.17815377245509,943,7.606646706586826,166.62,TREE_COVER,69.17683256322982,HIGH,40
24.75_83.95,24.75_83.95;24.80_84.00;24.50_84.15;24.85_84.00;24.50_84.20;24.70_84.30,6,FOREST_FIRE,,On Tree Cover — consistent with a forest/wildland fire.,24.777983399014776,83.97416366995074,940,7.594088669950739,71.34,TREE_COVER,71.78278892246412,HIGH,40
24.50_84.50,24.50_84.50;24.50_84.40;24.50_84.35;24.55_84.50;24.55_84.40;24.55_84.45;24.55_84.55;24.50_84.45;24.60_84.55;24.65_84.60;24.70_84.60;24.60_84.50;24.60_84.60;24.65_84.35,14,FOREST_FIRE,,On Tree Cover — consistent with a forest/wildland fire.,24.52559310344828,84.52358879310346,929,5.39867816091954,17.22,TREE_COVER,61.216148366372806,HIGH,40
26.65_80.25,26.65_80.25;26.95_80.20;26.65_80.20;26.70_80.30;27.00_80.20;26.70_80.25;26.95_80.25;26.80_80.30;26.90_80.25;26.65_80.05;26.95_80.10;27.00_80.25;26.90_80.10;26.80_80.20;27.00_80.05;26.95_80.15;26.95_80.05;27.00_80.10;26.90_80.15;26.80_80.10;26.95_80.30;26.80_80.00;26.75_80.10;26.75_80.25;26.75_80.30;26.90_80.30;26.70_80.10;27.00_80.00;26.65_80.10;26.85_80.25;26.75_80.20;27.00_80.30;26.95_80.00;26.75_80.15;26.90_80.00;26.65_80.30,36,AGRICULTURAL_BURNING,,On cropland — consistent with crop-residue burning.,26.67455917525773,80.2714019587629,920,7.948969072164948,114.21,CROPLAND,68.455077947728,HIGH,40
29.45_78.55,29.45_78.55;29.50_78.80;29.50_78.60;29.40_78.85;29.40_78.55;29.40_78.60;29.35_78.85;29.35_78.80;29.25_78.60;29.30_78.70;29.30_78.55;29.20_78.60;29.45_78.80;29.35_78.55;29.50_78.85;29.50_78.70;29.50_78.75;29.45_78.85,18,FOREST_FIRE,,On Tree Cover — consistent with a forest/wildland fire.,29.47158165413534,78.58037187969924,908,3.9593984962406017,60.24,TREE_COVER,71.08892717359443,HIGH,40
26.70_84.30,26.70_84.30;26.75_84.30;26.65_84.35;26.75_84.35;26.90_84.65;26.80_84.35;26.65_84.30;26.75_84.65;27.00_84.40;26.65_84.65;26.80_84.65;26.95_84.55;27.00_84.55;26.70_84.55;26.95_84.45;26.65_84.60;26.65_84.50;26.90_84.35;26.70_84.60;26.75_84.55;26.85_84.35;26.80_84.50;26.75_84.60;26.95_84.60;26.85_84.55;26.90_84.60;26.80_84.60;26.80_84.45;26.80_84.55;26.75_84.45,30,AGRICULTURAL_BURNING,,On cropland — consistent with crop-residue burning.,26.730919943502823,84.33552225988701,907,6.138418079096045,57.38,CROPLAND,72.45042756342556,HIGH,40
29.55_78.00,29.55_78.00;29.85_78.00;29.85_78.05;29.80_78.00;29.85_77.95;29.70_77.90;29.70_78.10;29.65_77.90;29.65_78.05;29.60_78.10;29.65_77.85;29.55_77.85,12,AGRICULTURAL_BURNING,Manglaur,On cropland — consistent with crop-residue burning.,29.574553493975905,78.0262691566265,900,3.504277108433735,19.14,CROPLAND,68.72563710611615,HIGH,40
25.90_81.10,25.90_81.10;25.60_81.15;25.65_81.20;25.60_81.20;25.75_81.20;25.65_81.15;25.60_81.25;25.80_81.25;25.75_81.25;25.80_81.20;25.70_81.10;25.65_81.10;25.85_81.35;25.70_81.25;25.60_81.35;25.75_81.15;25.60_81.10;25.90_81.35;25.65_81.25;25.70_81.15;25.80_81.15;25.80_81.40;25.85_81.40;25.85_81.05;25.55_81.35;25.85_81.10;25.90_81.15;25.60_81.30;25.85_81.15;25.65_81.40;25.75_81.10;25.65_81.30;25.90_81.25,33,AGRICULTURAL_BURNING,Brick Kiln,On cropland — consistent with crop-residue burning.,25.923631325301205,81.11814072289157,897,5.156506024096386,42.85,CROPLAND,68.27489026141296,HIGH,40
27.80_81.70,27.80_81.70;27.85_81.75;27.80_81.65;27.75_81.75;27.80_81.60;27.75_81.65;27.90_81.55;27.90_81.70;27.95_81.55;28.00_81.55;27.80_81.55;27.80_81.45;27.75_81.55;27.95_81.45;27.90_81.60;28.05_81.50;27.85_81.45;27.90_81.45;27.75_81.60;27.85_81.50;27.95_81.70;27.85_81.55,22,AGRICULTURAL_BURNING,,On cropland — consistent with crop-residue burning.,27.826243214285714,81.73047192857143,894,7.1254285714285714,137.36,CROPLAND,78.17212949109769,CRITICAL,40
24.20_82.10,24.20_82.10;24.20_82.05;24.15_82.00;24.15_82.05;24.40_81.80;24.20_81.95;24.20_81.80;24.45_82.10;24.20_81.85;24.40_81.85;24.20_82.00;24.25_81.80;24.15_81.95;24.40_81.90;24.15_81.80;24.45_81.80;24.40_82.10;24.25_81.95;24.45_81.90;24.25_82.10;24.30_82.05;24.30_81.90;24.15_82.10;24.25_82.05,24,FOREST_FIRE,,On Tree Cover — consistent with a forest/wildland fire.,24.229269433962266,82.12518427672956,888,6.750314465408804,133.73,TREE_COVER,61.697909461063794,MODERATE,40
23.60_74.90,23.60_74.90;23.55_74.90;23.55_74.85;23.65_74.90;23.70_74.75;23.65_74.70;23.60_74.85;23.65_74.85;23.50_74.90;23.50_74.70;23.75_74.90;23.65_74.80;23.75_74.95;23.50_74.75;23.60_74.80;23.70_74.85;23.70_74.80,17,AGRICULTURAL_BURNING,,On cropland — consistent with crop-residue burning.,23.621189135135136,74.92271832432432,888,5.494972972972973,54.55,CROPLAND,73.17786698886174,HIGH,40
23.80_75.85,23.80_75.85;23.85_75.90;23.85_75.75;23.80_75.65;23.80_75.80;23.80_75.70;24.10_75.70;23.95_75.90;23.90_75.85;23.90_75.75;24.00_75.65;24.00_75.90;24.00_75.75;24.00_75.70;23.90_75.70;24.05_75.65;23.90_75.95;24.10_76.00;23.85_75.95;23.90_75.80;24.00_75.80;23.80_76.00;24.00_75.85;24.05_75.95;23.95_75.70;24.10_75.95;24.10_75.85;23.95_75.95;23.90_75.90;23.95_75.85;23.95_75.65,31,AGRICULTURAL_BURNING,Khamkhera,On cropland — consistent with crop-residue burning.,23.8275156,75.899465,887,6.8725000000000005,72.47,CROPLAND,69.22629439490002,HIGH,40
29.15_76.00,29.15_76.00;28.95_75.90;29.15_75.95;28.85_76.00;29.05_75.70;29.15_75.85;29.15_75.80;29.00_75.80;29.05_76.00;29.00_75.90;28.80_75.95;28.90_75.95;29.00_76.00;29.00_75.95;28.95_75.70;28.90_76.00;28.95_75.85;29.00_75.70;28.95_75.75;29.00_75.85;28.90_75.70;28.90_75.90;28.80_75.70;29.00_75.65;28.90_75.75;28.90_75.65;28.85_75.75;28.95_75.80;28.80_75.80;28.80_75.75;28.85_75.70;28.95_75.65,32,AGRICULTURAL_BURNING,,On cropland — consistent with crop-residue burning.,29.177035681818182,76.02865446969697,883,4.511515151515152,59.23,CROPLAND,70.49220734407429,HIGH,40
25.55_78.30,25.55_78.30;25.55_78.25;25.50_78.30;25.55_78.40;25.50_78.25;25.50_78.20;25.55_78.45;25.35_78.20;25.45_78.45;25.55_78.35;25.45_78.50;25.40_78.45;25.35_78.25;25.45_78.35;25.25_78.45;25.50_78.40;25.45_78.25;25.40_78.40;25.30_78.20;25.40_78.20;25.25_78.20;25.40_78.35;25.45_78.20;25.45_78.40;25.40_78.25;25.45_78.30;25.40_78.30;25.35_78.40,28,AGRICULTURAL_BURNING,Badanpur,On cropland — consistent with crop-residue burning.,25.57034226315789,78.32057557894737,881,7.213,53.48,CROPLAND,71.63948764325791,HIGH,40
25.40_80.45,25.40_80.45;25.35_80.45;25.40_80.65;25.40_80.50;25.35_80.50;25.35_80.65;25.50_80.60;25.45_80.50;25.60_80.35;25.45_80.45;25.40_80.60;25.35_80.40;25.50_80.40;25.55_80.50;25.35_80.60;25.45_80.65;25.50_80.50;25.50_80.55;25.50_80.65;25.40_80.70;25.20_80.60;25.45_80.60;25.30_80.50;25.45_80.55;25.35_80.55;25.30_80.40;25.30_80.45;25.55_80.35;25.45_80.40;25.40_80.40;25.55_80.60;25.55_80.55;25.25_80.40;25.25_80.50;25.25_80.35;25.30_80.60;25.35_80.35;25.30_80.55;25.30_80.70;25.30_80.65;25.55_80.65;25.25_80.70;25.40_80.55;25.25_80.65;25.20_80.35,45,AGRICULTURAL_BURNING,,On cropland — consistent with crop-residue burning.,25.416675492957747,80.47881676056339,879,6.331690140845071,50.45,CROPLAND,67.79444977252935,HIGH,40
29.80_77.15,29.80_77.15;29.65_77.10;29.75_77.10;29.75_77.15;29.85_77.10;29.80_77.10,6,AGRICULTURAL_BURNING,,On cropland — consistent with crop-residue burning.,29.82613513888889,77.1753273611111,876,4.18412037037037,55.33,CROPLAND,71.33421549127482,HIGH,40
24.90_81.15,24.90_81.15;24.95_81.40;25.05_81.20;25.00_81.15;25.15_81.20;25.00_81.40;25.15_81.10;25.20_81.20;25.05_81.40;25.05_81.35;24.90_81.40;25.00_81.35;25.10_81.40;25.20_81.15;25.20_81.05;25.15_81.15;25.00_81.30;25.20_81.10;25.10_81.35;25.15_81.05,20,AGRICULTURAL_BURNING,,On cropland — consistent with crop-residue burning.,24.93211004464285,81.17591015625,873,11.35046875,97.11,CROPLAND,74.77161612047043,HIGH,40
27.65_82.00,27.65_82.00;27.55_81.80;27.70_81.80;27.45_81.85;27.40_81.85;27.40_81.80;27.60_82.05;27.65_82.05;27.65_81.85;27.60_82.10;27.50_82.00;27.45_81.90;27.70_82.00;27.60_81.90;27.70_82.05;27.60_82.00;27.55_82.05;27.55_81.90;27.55_82.10;27.55_82.00;27.45_82.00;27.60_81.95;27.50_81.90;27.45_82.05;27.70_81.85;27.45_82.10;27.65_81.90;27.55_81.85,28,AGRICULTURAL_BURNING,,On cropland — consistent with crop-residue burning.,27.673475871559635,82.03401532110091,870,5.114862385321101,69.03,CROPLAND,73.08051458509964,HIGH,40
25.55_78.15,25.55_78.15;25.55_78.05;25.55_77.95;25.50_78.15;25.55_78.00;25.50_78.10;25.50_77.95;25.35_78.15;25.35_78.10;25.50_78.00;25.40_78.15;25.30_78.15;25.30_77.95;25.40_78.10;25.30_78.10;25.45_78.05;25.45_78.15;25.50_77.90;25.20_78.05;25.25_78.10;25.25_78.00;25.40_78.00;25.35_78.00;25.30_78.05;25.45_78.00;25.35_78.05,26,AGRICULTURAL_BURNING,,On cropland — consistent with crop-residue burning.,25.579338614457832,78.171298313253,864,5.499698795180724,36.08,CROPLAND,69.82413549639537,HIGH,40
25.95_80.75,25.95_80.75;26.05_80.70;26.10_80.70;26.15_80.70;25.95_81.05;25.95_81.00;26.15_80.75;26.10_80.90;26.20_80.90;26.20_80.80;26.25_80.80;26.10_80.85;26.05_80.90;26.25_80.85;26.20_80.95;26.20_80.85;26.05_80.95;26.15_81.05;26.00_80.90;25.95_80.95;25.95_80.90;26.10_80.75;26.25_80.90;26.00_81.00;26.10_80.80;26.05_80.80;26.25_81.00;26.20_81.00;26.10_80.95;26.00_80.95;26.05_81.05,31,AGRICULTURAL_BURNING,,On cropland — consistent with crop-residue burning.,25.980140979020977,80.78127412587413,862,4.735874125874126,51.91,CROPLAND,69.8495233497561,HIGH,40
24.80_83.40,24.80_83.40;24.80_83.35;24.55_83.35;24.80_83.25;24.75_83.40;24.65_83.40;24.65_83.55;24.75_83.35;24.55_83.40;24.65_83.25,10,AGRICULTURAL_BURNING,,On cropland — consistent with crop-residue burning.,24.82874049261084,83.42792320197044,850,11.276009852216747,64.54,CROPLAND,70.74675489759846,HIGH,40
27.30_80.35,27.30_80.35;27.30_80.40;27.20_80.35;27.25_80.40;27.25_80.35;27.20_80.40;27.35_80.45;27.05_80.40;27.30_80.45;27.20_80.55;27.15_80.40;27.25_80.45;27.15_80.55;27.20_80.65;27.25_80.55;27.25_80.60;27.35_80.60;27.10_80.65;27.15_80.60;27.20_80.60;27.35_80.40;27.25_80.65;27.35_80.65;27.30_80.60;27.20_80.50;27.05_80.65;27.15_80.45;27.00_80.35;27.15_80.70;27.15_80.65;27.05_80.60;27.00_80.50;27.15_80.50,33,AGRICULTURAL_BURNING,,On cropland — consistent with crop-residue burning.,27.321956153846152,80.37545205128205,848,4.9260256410256416,102.03,CROPLAND,72.7409748871562,HIGH,40
23.60_74.95,23.60_74.95;23.65_74.95;23.50_75.05;23.60_75.10;23.55_75.00;23.60_75.00;23.55_75.20;23.50_75.25;23.70_75.20;23.60_75.15;23.55_75.10;23.60_75.05;23.65_75.15;23.65_75.10;23.65_75.25;23.60_75.20;23.55_75.15;23.70_75.05;23.70_75.15;23.50_75.10;23.50_74.95;23.70_74.95;23.75_75.05;23.70_75.00;23.50_75.00;23.65_75.05;23.75_75.30;23.65_75.00;23.70_75.25;23.65_75.30;23.55_75.25;23.75_75.15;23.60_75.25,33,AGRICULTURAL_BURNING,,On cropland — consistent with crop-residue burning.,23.628912173913044,74.97536753623189,847,6.220434782608695,41.74,CROPLAND,70.00840942282623,HIGH,40
25.60_82.30,25.60_82.30;25.80_82.25;25.60_82.25;25.90_82.20;25.55_82.30;25.70_82.40;25.70_82.30;25.65_82.30;25.60_82.45;25.70_82.35;25.65_82.35;25.60_82.35;25.90_82.25;25.60_82.15;25.85_82.20;25.70_82.20;25.80_82.35;25.80_82.30;25.85_82.15;25.60_82.40;25.85_82.25;25.75_82.35;25.75_82.45;25.80_82.40;25.65_82.40;25.70_82.15;25.85_82.30;25.65_82.15;25.75_82.15;25.65_82.45;25.70_82.45;25.85_82.35;25.80_82.45;25.90_82.30;25.90_82.35;25.85_82.40;25.85_82.45,37,AGRICULTURAL_BURNING,,On cropland — consistent with crop-residue burning.,25.621785142857146,82.32636723809524,847,4.234190476190476,35.31,CROPLAND,68.0609476283989,HIGH,40
28.60_78.85,28.60_78.85;28.60_78.80;28.55_78.70;28.55_78.85;28.60_78.70;28.50_78.75;28.50_78.55;28.65_78.65;28.65_78.80;28.55_78.90;28.55_78.80;28.60_78.55;28.55_78.55;28.70_78.75;28.80_78.55;28.70_78.60;28.55_78.75;28.70_78.70;28.80_78.60;28.75_78.75;28.70_78.65;28.65_78.55;28.75_78.60;28.70_78.55;28.45_78.75;28.65_78.70;28.65_78.75;28.75_78.55;28.75_78.80;28.70_78.80;28.75_78.70;28.70_78.85;28.45_78.60;28.45_78.55;28.75_78.90,35,AGRICULTURAL_BURNING,,On cropland — consistent with crop-residue burning.,28.623421153846152,78.86945999999999,846,3.2013461538461536,16.25,CROPLAND,65.58011762775641,HIGH,40
24.95_76.15,24.95_76.15;24.85_76.10;24.85_76.20,3,FOREST_FIRE,,On Tree Cover — consistent with a forest/wildland fire.,24.97848760465116,76.17908753488372,845,7.2407674418604655,105.21,TREE_COVER,76.34894903850731,CRITICAL,40
27.40_83.55,27.40_83.55;27.40_83.50;27.55_83.25;27.40_83.25;27.40_83.30;27.65_83.25;27.60_83.25;27.60_83.30,8,AGRICULTURAL_BURNING,,On cropland — consistent with crop-residue burning.,27.42743520979021,83.57693332167831,843,6.549405594405595,62.28,CROPLAND,73.63199904556333,HIGH,40
23.75_84.95,23.75_84.95;23.95_84.90;24.00_84.90;24.10_84.75;24.05_84.90;23.80_84.70;24.00_84.70;24.00_84.85;24.10_84.70;24.05_84.95;23.80_84.75;24.05_84.80;24.00_84.75;23.85_84.80;23.95_84.70;24.10_84.80;24.10_84.65;23.95_84.80;24.05_84.85;23.85_84.70;23.95_84.95;23.95_84.75;24.10_84.85,23,FOREST_FIRE,,On Tree Cover — consistent with a forest/wildland fire.,23.78461172413793,84.98035396551724,839,2.460862068965517,28.78,TREE_COVER,68.02658083697658,HIGH,40
26.55_84.45,26.55_84.45;26.45_84.50;26.40_84.55;26.60_84.35;26.50_84.60;26.40_84.60;26.60_84.50;26.60_84.65;26.45_84.45;26.30_84.65;26.35_84.45;26.35_84.40;26.55_84.60;26.35_84.55;26.40_84.30;26.40_84.50;26.30_84.40;26.45_84.35;26.55_84.65;26.30_84.45;26.55_84.55;26.45_84.30;26.35_84.35;26.35_84.65;26.50_84.65;26.30_84.35;26.40_84.35;26.30_84.60,28,AGRICULTURAL_BURNING,,On cropland — consistent with crop-residue burning.,26.57989715254237,84.473116,839,5.40793220338983,129.0,CROPLAND,71.75064498471976,HIGH,40
28.85_81.30,28.85_81.30;29.00_81.40;29.15_81.30,3,AGRICULTURAL_BURNING,,On cropland — consistent with crop-residue burning.,28.87191746781116,81.3295564806867,832,2.7937982832618027,44.76,CROPLAND,67.2642903927272,HIGH,40
23.95_81.25,23.95_81.25;23.80_81.30;23.95_81.30;24.10_81.40;23.80_81.35;23.75_81.30;24.10_81.25;24.10_81.35;23.95_81.10;24.00_81.35;23.85_81.30;23.80_81.15;24.00_81.10;24.00_81.40;23.95_81.40,15,AGRICULTURAL_BURNING,,On cropland — consistent with crop-residue burning.,23.973689137055835,81.27852441624366,827,5.852791878172589,77.13,CROPLAND,72.99957743601374,HIGH,40
29.30_78.00,29.30_78.00;29.35_77.95;29.40_77.95;29.45_77.95;29.30_77.95;29.50_77.90;29.45_78.05;29.20_77.85;29.25_77.95;29.45_78.10;29.25_77.85;29.50_78.10;29.40_78.10,13,FOREST_FIRE,,On Tree Cover — consistent with a forest/wildland fire.,29.322951118012423,78.02005819875777,816,4.982608695652174,136.06,TREE_COVER,75.66076975608144,HIGH,40
25.15_83.20,25.15_83.20;25.15_83.10;25.15_83.15;25.05_83.15;25.20_83.15;25.05_83.20;25.05_83.10;25.20_83.10;24.90_83.10;25.00_83.20;25.15_82.90;25.05_82.95;25.05_83.05;24.85_82.90;25.00_82.95;25.00_83.00;25.05_83.00;25.00_83.10;24.85_83.00;25.00_83.05,20,AGRICULTURAL_BURNING,,On cropland — consistent with crop-residue burning.,25.1731875,83.22600187500001,811,6.603636363636364,86.03,CROPLAND,74.41090772590304,HIGH,40
24.75_83.70,24.75_83.70;24.65_83.90;24.50_83.85;24.55_83.65;24.50_83.90;24.70_83.60;24.55_83.80;24.50_83.75;24.55_83.85,9,AGRICULTURAL_BURNING,,On cropland — consistent with crop-residue burning.,24.77908407407408,83.72914534979424,799,5.681481481481481,72.93,CROPLAND,69.79468595894822,HIGH,40
28.00_81.75,28.00_81.75;27.90_81.65;27.95_81.65;27.75_81.70;28.05_81.45;27.85_81.70;27.85_81.65;27.95_81.50;27.90_81.50;27.95_81.75;27.75_81.45;27.80_81.75,12,FOREST_FIRE,,On Tree Cover — consistent with a forest/wildland fire.,28.03224071428572,81.78767944444445,796,2.6873015873015875,72.01,TREE_COVER,71.04122592515793,HIGH,40
25.95_84.20,25.95_84.20;26.00_84.00;26.00_84.25;26.05_84.10;26.10_84.20;26.00_84.05;26.25_84.20;26.25_84.10;25.95_84.15;26.25_84.00;26.20_84.15;26.25_84.15;26.10_84.30,13,FOREST_FIRE,,On Tree Cover — consistent with a forest/wildland fire.,25.98182988950277,84.23573,795,9.805082872928176,72.02,TREE_COVER,69.09777868427761,HIGH,40
24.80_81.85,24.80_81.85;24.80_82.10;24.80_81.80;24.80_81.95;24.80_82.05;24.80_81.90;24.80_82.00;24.70_81.80,8,FOREST_FIRE,,On Tree Cover — consistent with a forest/wildland fire.,24.83369111587983,81.87781115879828,795,8.849656652360514,133.03,TREE_COVER,77.03846876891711,CRITICAL,40
28.45_83.35,28.45_83.35;28.55_83.35;28.55_83.30;28.50_83.35;28.45_83.40;28.50_83.30;28.60_83.30;28.55_83.45;28.45_83.45;28.50_83.50;28.45_83.30;28.50_83.55;28.55_83.25;28.50_83.25;28.55_83.50,15,FOREST_FIRE,,On Tree Cover — consistent with a forest/wildland fire.,28.47350237288136,83.37576745762712,785,5.678587570621469,101.94,TREE_COVER,71.42687665148715,HIGH,40
23.75_79.30,23.75_79.30;23.55_79.55;23.65_79.45;23.60_79.60;23.55_79.30;23.75_79.25;23.70_79.55;23.65_79.55;23.50_79.40;23.75_79.55;23.75_79.35;23.65_79.50;23.70_79.60;23.60_79.55;23.75_79.60,15,AGRICULTURAL_BURNING,,On cropland — consistent with crop-residue burning.,23.77143918918919,79.32362189189189,784,6.163603603603604,139.77,CROPLAND,75.88680306702338,HIGH,40
24.25_74.65,24.25_74.65;24.15_74.65;24.20_74.65;24.20_74.60;24.35_74.60;24.15_74.70;24.45_74.65;24.25_74.90;24.15_74.75;24.30_74.90;24.45_74.75;24.25_74.80;24.30_74.85;24.45_74.60;24.45_74.70;24.50_74.85;24.50_74.90;24.30_74.75;24.40_74.80;24.35_74.70;24.40_74.75;24.15_74.90;24.35_74.80;24.20_74.90;24.15_74.85,25,AGRICULTURAL_BURNING,,On cropland — consistent with crop-residue burning.,24.278697703703703,74.67951814814815,777,5.958296296296297,65.09,CROPLAND,69.95371867180715,HIGH,40
29.75_81.70,29.75_81.70;29.70_81.75;29.70_81.70;29.70_81.65;29.65_81.70;29.65_81.60;29.55_81.65;29.75_81.65;29.70_81.60;29.80_81.65;29.80_81.75;29.65_81.75;29.65_81.55;29.85_81.75,14,FOREST_FIRE,,On Tree Cover — consistent with a forest/wildland fire.,29.77795276315789,81.72377190789473,767,6.662763157894737,136.62,TREE_COVER,76.87245182114559,HIGH,40
24.05_80.05,24.05_80.05;23.80_80.20;23.85_80.00;23.85_80.20;23.95_80.20;24.00_80.25;23.90_80.05;23.90_80.00;23.95_80.25;23.85_80.25;23.95_80.30;23.90_80.20;23.95_80.00;23.90_80.10;24.00_80.30;24.00_80.00;24.05_80.20;23.90_80.15;24.10_80.20;23.95_80.15;24.10_80.25,21,AGRICULTURAL_BURNING,,On cropland — consistent with crop-residue burning.,24.0804325,80.0806028030303,767,12.614772727272728,50.25,CROPLAND,67.99887115314229,HIGH,40
27.45_82.90,27.45_82.90;27.40_82.90;27.45_83.15;27.50_83.00;27.65_83.00;27.55_83.20,6,AGRICULTURAL_BURNING,नमकिन उद्योग,On cropland — consistent with crop-residue burning.,27.4855541,82.9460477,765,5.08995983935743,100.08,CROPLAND,78.46845029907206,HIGH,40
27.70_77.40,27.70_77.40;27.55_77.45;27.60_77.45;27.65_77.40;27.55_77.40;27.70_77.30;27.40_77.35;27.35_77.35;27.45_77.45;27.70_77.25;27.45_77.40;27.60_77.40;27.40_77.40;27.50_77.40;27.45_77.35;27.55_77.35;27.40_77.45;27.70_77.15;27.65_77.25;27.70_77.10;27.60_77.15;27.60_77.20;27.50_77.35;27.55_77.30;27.60_77.35;27.65_77.15;27.65_77.30;27.50_77.25;27.40_77.30;27.50_77.10,30,AGRICULTURAL_BURNING,,On cropland — consistent with crop-residue burning.,27.722359929078014,77.42141680851064,752,6.925744680851063,43.19,CROPLAND,69.60155769675619,HIGH,40
24.40_83.00,24.40_83.00;24.45_83.05,2,INDUSTRIAL,Cement Factory,On Built Up land cover (ESA WorldCover 10m) with 710 historical detections — consistent with a real industrial fire source.,24.4501358,83.0404465,751,1.172549295774648,23.87,BUILT_UP,78.4468158918198,CRITICAL,8
24.60_74.65,24.60_74.65,1,INDUSTRIAL,JK Cement,On Built Up land cover (ESA WorldCover 10m) with 749 historical detections — consistent with a real industrial fire source.,24.6432919,74.6840768,749,1.6754739652870494,28.53,BUILT_UP,81.66473555987737,CRITICAL,8
28.10_77.35,28.10_77.35;28.15_77.45;28.45_77.35;28.10_77.40;28.15_77.10;28.25_77.15;28.10_77.25;28.25_77.35;28.15_77.15;28.15_77.40;28.40_77.35;28.10_77.30;28.10_77.15;28.10_77.10;28.30_77.40;28.25_77.10;28.40_77.10,17,AGRICULTURAL_BURNING,,On cropland — consistent with crop-residue burning.,28.1250505785124,77.37036685950413,746,4.541818181818181,56.2,CROPLAND,69.67242550131932,HIGH,40
24.55_81.05,24.55_81.05;24.70_80.90;24.80_80.75;24.75_80.75,4,FOREST_FIRE,,On Tree Cover — consistent with a forest/wildland fire.,24.57876725806452,81.07358135483871,746,7.116838709677419,51.73,TREE_COVER,72.89253062871349,HIGH,40
24.40_83.90,24.40_83.90;24.35_83.85;24.35_83.90;24.30_83.60;24.45_83.60;24.35_83.65;24.25_83.70;24.40_83.65;24.35_83.75;24.40_83.70;24.30_83.70,11,FOREST_FIRE,,On Tree Cover — consistent with a forest/wildland fire.,24.41442168604652,83.93108372093023,743,7.258081395348836,127.57,TREE_COVER,65.20313235784597,HIGH,40
24.55_83.15,24.55_83.15;24.50_83.20;24.50_83.15;24.60_82.90;24.70_83.00;24.55_82.90;24.65_83.20;24.60_83.15;24.50_82.90;24.80_82.90;24.55_83.05;24.65_82.90;24.75_83.15,13,FOREST_FIRE,,On Tree Cover — consistent with a forest/wildland fire.,24.57194535483871,83.17158348387096,741,7.226709677419356,88.5,TREE_COVER,68.1199784372108,HIGH,40
24.05_83.75,24.05_83.75;24.00_83.65;24.05_83.80;23.85_83.90;23.85_83.65;24.05_83.65;23.85_83.85;23.95_83.80;24.00_83.60,9,AGRICULTURAL_BURNING,,On cropland — consistent with crop-residue burning.,24.075527125,83.7758941875,740,8.364625,56.25,CROPLAND,62.22472362580302,HIGH,40
27.15_84.75,27.15_84.75;27.15_84.80,2,AGRICULTURAL_BURNING,,On cropland — consistent with crop-residue burning.,27.16906296551724,84.77984995402298,737,4.920183908045978,40.04,CROPLAND,73.60192560049425,HIGH,40
23.95_77.75,23.95_77.75;23.95_77.50,2,FOREST_FIRE,,On Tree Cover — consistent with a forest/wildland fire.,23.972966876267748,77.77561204868154,725,7.790831643002028,133.91,TREE_COVER,80.64358212399469,CRITICAL,40
23.75_84.00,23.75_84.00;23.80_84.20;23.95_84.05;23.90_84.05;23.80_83.95;23.80_84.15;23.85_83.95;23.75_84.25;23.85_84.00;23.90_84.20;24.10_84.30;23.85_84.20;23.95_84.10;24.00_84.25;23.85_84.30;24.05_84.05;24.00_84.15;24.10_84.20,18,FOREST_FIRE,,On Tree Cover — consistent with a forest/wildland fire.,23.7907208,84.072562,723,4.274666666666667,51.39,TREE_COVER,58.675204107208,MODERATE,40
28.10_80.30,28.10_80.30;28.40_80.00;28.40_80.10;28.40_80.30,4,FOREST_FIRE,,On Tree Cover — consistent with a forest/wildland fire.,28.12648025380711,80.3189538071066,719,3.787969543147208,35.34,TREE_COVER,71.31905643502864,HIGH,40
27.80_84.90,27.80_84.90;27.75_84.70;27.90_84.95;27.80_84.85;27.90_84.80;27.85_84.80;28.00_84.80,7,AGRICULTURAL_BURNING,,On cropland — consistent with crop-residue burning.,27.82879032051282,84.92577365384616,716,3.891602564102565,45.09,CROPLAND,72.43239677261326,HIGH,40
25.90_81.60,25.90_81.60;25.90_81.55;25.75_81.65;25.65_81.70;25.75_81.45;25.90_81.65;25.80_81.70;25.90_81.50;25.75_81.50;25.85_81.55;25.65_81.65;25.65_81.55;25.85_81.50;25.70_81.60;25.80_81.60;25.70_81.70;25.80_81.55;25.70_81.65;25.75_81.55;25.80_81.45;25.75_81.75;25.65_81.75;25.85_81.75;25.90_81.70;25.55_81.50;25.75_81.60;25.60_81.60;25.60_81.70;25.65_81.60;25.70_81.45,30,AGRICULTURAL_BURNING,,On cropland — consistent with crop-residue burning.,25.92706719178082,81.62532657534247,716,6.201917808219179,47.84,CROPLAND,71.11257684353312,HIGH,40
24.40_74.95,24.40_74.95;24.25_74.95;24.25_75.05;24.30_74.95;24.30_75.15;24.30_75.00;24.40_75.00;24.35_74.95;24.30_75.10;24.30_75.20;24.45_75.15;24.20_75.05;24.15_75.05;24.30_75.05;24.20_74.95;24.40_75.05;24.25_75.10;24.35_75.05;24.35_75.15;24.40_75.15;24.15_75.20;24.45_75.00;24.25_75.00;24.30_75.25;24.35_75.20;24.35_75.25;24.40_75.20;24.25_75.20;24.35_75.10;24.20_75.00;24.40_75.10;24.15_75.15;24.50_75.10;24.45_75.05;24.40_75.25;24.45_75.25;24.45_75.10;24.20_75.25;24.20_75.20;24.20_75.15;24.30_75.30,41,AGRICULTURAL_BURNING,,On cropland — consistent with crop-residue burning.,24.41742593023256,74.98088802325582,708,9.712790697674418,66.58,CROPLAND,67.22991577936718,HIGH,40
29.95_75.55,29.95_75.55,1,INDUSTRIAL,,On Built Up land cover (ESA WorldCover 10m) with 705 historical detections — consistent with a real industrial fire source.,29.97411364539008,75.57308585815602,705,7.673574468085106,74.54,BUILT_UP,76.82347340200154,CRITICAL,8
23.95_81.50,23.95_81.50;23.85_81.45;23.85_81.50;24.10_81.45;23.90_81.50;24.00_81.45;23.90_81.45;24.10_81.75;24.05_81.55;23.85_81.70;24.10_81.55;24.10_81.65,12,AGRICULTURAL_BURNING,,On cropland — consistent with crop-residue burning.,23.969429,81.51726352941176,704,6.845235294117647,57.61,CROPLAND,69.74561024318227,HIGH,40
23.90_82.95,23.90_82.95;24.00_83.20;24.00_83.00;23.95_82.95;24.00_83.15;24.05_82.90;23.80_83.10;23.90_83.05;23.90_83.10;24.05_83.10;23.80_83.20,11,AGRICULTURAL_BURNING,,On cropland — consistent with crop-residue burning.,23.91774159090909,82.98045477272727,704,6.410681818181819,52.26,CROPLAND,66.72037711124375,HIGH,40
29.95_80.60,29.95_80.60;29.95_80.65;29.90_80.40;29.95_80.70;29.90_80.45;29.95_80.45;29.90_80.35;29.90_80.55;29.90_80.65,9,FOREST_FIRE,Dhauliganga power house,On Tree Cover — consistent with a forest/wildland fire.,29.972492424242425,80.62684727272726,701,4.503409090909091,72.58,TREE_COVER,75.95951459197032,CRITICAL,40
28.00_78.60,28.00_78.60;27.95_78.75;27.95_78.80;27.95_78.55;28.00_78.65;27.95_78.65;28.00_78.70;28.05_78.55;28.00_78.55;27.85_78.85;27.75_78.85;28.00_78.75;27.80_78.75;27.90_78.75;28.05_78.70;28.05_78.60;27.95_78.60;27.80_78.85;27.80_78.80;28.05_78.85;28.05_78.75,21,AGRICULTURAL_BURNING,,On cropland — consistent with crop-residue burning.,28.029975901639343,78.62852073770492,701,6.644016393442622,113.29,CROPLAND,71.02577232088075,HIGH,40
26.20_81.40,26.20_81.40;25.95_81.15;25.95_81.40;26.15_81.25;26.05_81.15;26.15_81.40;26.10_81.35;26.15_81.30;26.20_81.15;25.95_81.35;26.20_81.10;26.05_81.35;25.95_81.20;26.05_81.20;26.10_81.25;26.25_81.10;26.10_81.20;26.05_81.25;26.15_81.10;26.20_81.35;26.00_81.15;25.95_81.30;26.10_81.15;26.10_81.40;26.15_81.15;26.20_81.30;26.00_81.25;26.25_81.30;25.95_81.25,29,AGRICULTURAL_BURNING,,On cropland — consistent with crop-residue burning.,26.220523766233764,81.42923571428572,688,4.185714285714286,46.73,CROPLAND,69.63260949659431,HIGH,40
24.10_80.45,24.10_80.45;24.10_80.50;24.00_80.45,3,FOREST_FIRE,,On Tree Cover — consistent with a forest/wildland fire.,24.12466107255521,80.48234936908518,685,8.233217665615141,62.48,TREE_COVER,73.19157408124556,HIGH,40
28.15_82.00,28.15_82.00;28.35_82.10,2,AGRICULTURAL_BURNING,,On cropland — consistent with crop-residue burning.,28.172722125,82.02381185416667,685,3.2950833333333334,55.31,CROPLAND,74.74441056312195,HIGH,40
26.55_78.60,26.55_78.60;26.50_78.70;26.55_78.65;26.45_78.55;26.50_78.60;26.50_78.55;26.35_78.85;26.35_78.65;26.55_78.55;26.50_78.65;26.45_78.60;26.40_78.85;26.40_78.55;26.50_78.80;26.35_78.60;26.60_78.80;26.45_78.65;26.30_78.65;26.40_78.60;26.55_78.70;26.30_78.90;26.60_78.60;26.60_78.55;26.60_78.65;26.50_78.75;26.45_78.85;26.45_78.80;26.40_78.65;26.55_78.80;26.30_78.70;26.40_78.75;26.30_78.80;26.45_78.70;26.35_78.55;26.60_78.85;26.65_78.75;26.30_78.55;26.35_78.70;26.60_78.70;26.50_78.85;26.40_78.70;26.35_78.75,42,AGRICULTURAL_BURNING,,On cropland — consistent with crop-residue burning.,26.57515365079365,78.63049857142857,684,4.625714285714286,56.74,CROPLAND,67.29367144343519,HIGH,40
27.30_83.60,27.30_83.60;27.25_83.75;27.25_83.90;27.25_83.80;27.30_83.90;27.20_83.80;27.30_83.85;27.10_83.80,8,FOREST_FIRE,,On Tree Cover — consistent with a forest/wildland fire.,27.32462518072289,83.62107325301204,680,5.155301204819277,47.25,TREE_COVER,71.04592244886678,HIGH,40
27.70_81.90,27.70_81.90;27.70_81.95;27.50_81.80;27.50_81.85;27.65_81.95;27.45_81.80;27.60_81.85;27.40_82.00;27.50_82.10;27.50_82.05;27.50_81.95;27.45_81.95,12,FOREST_FIRE,,On Tree Cover — consistent with a forest/wildland fire.,27.72959105882353,81.92817711764705,675,8.720882352941176,117.49,TREE_COVER,71.28721284941092,HIGH,40
26.65_80.60,26.65_80.60;26.65_80.50;26.65_80.45;26.80_80.60;26.70_80.45;26.75_80.40;26.85_80.35;26.85_80.55;26.80_80.65;26.85_80.60;26.65_80.55;26.80_80.35;26.95_80.60;26.80_80.40;26.75_80.35;26.90_80.50;26.90_80.40;26.75_80.65;27.00_80.55;26.80_80.55;26.85_80.65;27.00_80.45;26.90_80.60;26.95_80.40;26.70_80.35;26.85_80.50;26.75_80.55;26.85_80.40;26.75_80.60;26.95_80.50;26.90_80.55;26.90_80.65,32,AGRICULTURAL_BURNING,,On cropland — consistent with crop-residue burning.,26.668466307692302,80.63211838461538,675,6.592692307692308,44.57,CROPLAND,70.18147754195955,HIGH,40
24.15_80.10,24.15_80.10;24.20_80.10;24.30_80.30;24.20_80.30;24.20_80.05,5,FOREST_FIRE,,On Tree Cover — consistent with a forest/wildland fire.,24.16723164102564,80.12442456410257,672,9.093179487179489,72.7,TREE_COVER,70.72131973094035,HIGH,40
25.05_82.25,25.05_82.25;25.15_82.45;25.05_82.30;25.15_82.20;24.90_82.30;24.90_82.35;24.90_82.25;24.95_82.35;24.85_82.25;24.90_82.20;24.95_82.30;24.85_82.20;24.95_82.40;24.95_82.45;25.00_82.25;24.95_82.25;25.00_82.30;25.00_82.20;25.10_82.45;25.15_82.15;24.85_82.35;25.00_82.45;24.90_82.40;25.10_82.20;25.15_82.30;25.15_82.35,26,AGRICULTURAL_BURNING,,On cropland — consistent with crop-residue burning.,25.0642237,82.2993645,672,7.223030303030303,73.57,CROPLAND,68.88479549868703,HIGH,40
24.65_80.55,24.65_80.55;24.75_80.40;24.80_80.55,3,FOREST_FIRE,,On Tree Cover — consistent with a forest/wildland fire.,24.669248914728684,80.57204499999999,669,7.543023255813953,52.75,TREE_COVER,72.24299242314427,HIGH,40
26.70_81.10,26.70_81.10;26.70_81.05;26.65_81.05;26.65_81.15;26.65_81.20;26.75_81.10;26.85_81.30;26.70_81.20;26.95_81.10;26.85_81.20;26.85_81.35;26.75_81.30;26.90_81.40;26.65_81.25;26.80_81.40;26.75_81.40;26.95_81.30;27.00_81.15;26.90_81.30;26.70_81.40;26.95_81.40;26.70_81.25;26.65_81.35;26.75_81.25;26.80_81.20;26.95_81.25;26.80_81.35;27.00_81.40;26.65_81.40;27.00_81.10;26.85_81.15;26.75_81.15;26.65_81.30;26.75_81.20;26.70_81.35;26.80_81.10,36,AGRICULTURAL_BURNING,,On cropland — consistent with crop-residue burning.,26.72488747572816,81.12098029126214,668,3.5432038834951456,32.1,CROPLAND,66.81265416731922,HIGH,40
25.75_80.65,25.75_80.65;25.80_80.65;25.85_80.60;25.90_80.60;25.85_80.65;25.60_80.55;25.70_80.45;25.65_80.40;25.55_80.40;25.75_80.60;25.65_80.45;25.80_80.55;25.65_80.35;25.60_80.40;25.70_80.65;25.60_80.50;25.70_80.50;25.65_80.65;25.60_80.45;25.55_80.45;25.90_80.45;25.85_80.35;25.65_80.50;25.70_80.40;25.70_80.35;25.75_80.45;25.70_80.55;25.65_80.55;25.90_80.40;25.60_80.60;25.60_80.65;25.75_80.40,32,AGRICULTURAL_BURNING,,On cropland — consistent with crop-residue burning.,25.784777272727275,80.67801797979799,664,6.928686868686869,67.48,CROPLAND,71.32900263453851,HIGH,40
23.70_77.35,23.70_77.35;23.60_77.25;23.60_77.30;23.55_77.20;23.70_77.15,5,FOREST_FIRE,,On Tree Cover — consistent with a forest/wildland fire.,23.728127281105994,77.36451857142858,664,4.710967741935484,57.79,TREE_COVER,73.21881019214604,HIGH,40
27.25_84.35,27.25_84.35;27.20_84.65;27.15_84.35;27.15_84.55;27.10_84.55;27.25_84.60;27.05_84.55;27.05_84.35;27.00_84.50;27.00_84.45,10,AGRICULTURAL_BURNING,,On cropland — consistent with crop-residue burning.,27.27504552,84.37524968,661,3.6128,66.63,CROPLAND,70.12045359729011,HIGH,40
25.25_77.75,25.25_77.75;25.30_77.60;25.30_77.75;25.25_77.60;25.45_77.60;25.40_77.75;25.20_77.80;25.30_77.55;25.20_77.50;25.50_77.70;25.25_77.55;25.35_77.55;25.45_77.50;25.40_77.60;25.35_77.60;25.55_77.50;25.30_77.45;25.40_77.50;25.55_77.70;25.50_77.55;25.55_77.55;25.55_77.45,22,AGRICULTURAL_BURNING,,On cropland — consistent with crop-residue burning.,25.270019285714284,77.78064303571429,661,5.824375000000001,60.58,CROPLAND,70.40022000010369,HIGH,40
26.65_80.00,26.65_80.00;26.30_80.10;26.45_80.10;26.30_80.20;26.60_80.30;26.50_80.05;26.35_80.20;26.45_80.05;26.50_80.00;26.60_80.10;26.60_80.00;26.45_80.00;26.30_80.05;26.60_80.25;26.55_80.05;26.30_80.25;26.55_80.00;26.40_80.00;26.60_80.05;26.55_80.10;26.50_80.10;26.55_80.15;26.55_80.30,23,AGRICULTURAL_BURNING,,On cropland — consistent with crop-residue burning.,26.66591430107527,80.03099924731183,660,3.793763440860215,19.75,CROPLAND,67.3475608849964,HIGH,40
27.60_77.50,27.60_77.50;27.55_77.50;27.70_77.75;27.45_77.50;27.50_77.55;27.65_77.55;27.50_77.50;27.50_77.45;27.70_77.60;27.45_77.55;27.60_77.55;27.65_77.60;27.65_77.75;27.60_77.75;27.40_77.55;27.55_77.55;27.40_77.50;27.70_77.65;27.65_77.70;27.55_77.70;27.60_77.70;27.50_77.75;27.60_77.60;27.40_77.70;27.45_77.70;27.40_77.80;27.40_77.75;27.35_77.80;27.60_77.80;27.45_77.75;27.55_77.75;27.35_77.75,32,AGRICULTURAL_BURNING,,On cropland — consistent with crop-residue burning.,27.625880288461538,77.52359192307692,659,6.696634615384616,56.87,CROPLAND,70.63914324807442,HIGH,40
26.15_84.90,26.15_84.90;26.05_84.90;26.00_84.95;26.20_84.90;26.10_84.80;26.10_84.90;26.20_84.95;26.25_84.85;26.15_84.70;26.00_84.70;25.95_84.95;25.95_84.75;26.25_84.75;26.00_84.90;25.95_84.80;26.00_84.85;26.20_84.75;26.15_84.80;26.15_84.95;26.10_84.85;26.20_84.70;25.95_84.90;25.95_84.85;26.15_84.85;26.10_84.70;25.95_84.70;26.25_84.90,27,AGRICULTURAL_BURNING,,On cropland — consistent with crop-residue burning.,26.17109661157025,84.91352280991737,650,7.6405785123966945,59.4,CROPLAND,66.1921793823833,HIGH,40
24.05_75.00,24.05_75.00;24.00_74.95;24.05_74.95;24.00_75.05;23.95_75.05;23.95_74.95;23.80_75.25;24.10_75.00;24.05_75.15;23.80_75.10;23.80_75.05;23.80_74.95;24.05_75.05;23.85_75.15;24.10_75.05;23.85_75.05;23.80_75.15;23.85_74.95;24.05_75.10;24.05_75.20;24.10_75.25;23.90_74.95;23.95_75.00;23.90_75.20;23.85_75.20;23.75_75.10;23.90_75.25;23.95_75.15;24.10_74.95;23.85_75.10;23.90_75.10;23.85_75.25;23.90_75.00;23.90_75.05;23.95_75.20;24.10_75.10;23.95_75.25;24.00_75.15;24.00_75.20;24.10_75.15;23.85_75.00,41,AGRICULTURAL_BURNING,,On cropland — consistent with crop-residue burning.,24.068875846153848,75.01542292307693,649,7.265999999999999,47.73,CROPLAND,68.12651800974774,HIGH,40
27.60_79.35,27.60_79.35;27.55_79.50;27.70_79.55;27.60_79.30;27.50_79.50;27.55_79.55;27.65_79.60;27.70_79.35;27.70_79.50;27.45_79.45;27.60_79.60;27.50_79.55;27.60_79.45;27.45_79.40;27.55_79.60;27.65_79.50;27.70_79.60;27.70_79.30;27.40_79.30;27.45_79.50;27.70_79.45;27.40_79.25;27.45_79.35;27.60_79.50;27.50_79.40;27.45_79.30;27.45_79.55;27.40_79.45;27.65_79.55;27.50_79.60;27.50_79.45;27.40_79.35;27.60_79.55;27.55_79.35;27.40_79.50;27.40_79.40,36,AGRICULTURAL_BURNING,,On cropland — consistent with crop-residue burning.,27.634506744186044,79.37638011627907,641,10.356395348837207,93.71,CROPLAND,70.3909398875374,HIGH,40
24.00_74.80,24.00_74.80;24.05_74.80;24.10_74.70;24.10_74.65;23.95_74.65;23.90_74.90;23.85_74.65;23.80_74.70;23.85_74.90;23.85_74.85;23.90_74.80;23.80_74.80;23.80_74.85;24.05_74.90;23.90_74.85;24.05_74.85;24.00_74.65;23.85_74.80;23.95_74.90;24.10_74.85;23.75_74.85;23.95_74.80;23.80_74.90;23.95_74.85;23.85_74.70;24.00_74.90;24.05_74.75;24.00_74.75;24.05_74.70;24.10_74.75;23.95_74.70;24.10_74.80,32,AGRICULTURAL_BURNING,,On cropland — consistent with crop-residue burning.,24.03634013157895,74.8223422368421,641,5.927236842105263,82.13,CROPLAND,73.16267938486017,HIGH,40
24.45_78.95,24.45_78.95;24.40_79.15;24.35_79.25;24.35_79.20;24.30_79.20;24.15_79.10,6,FOREST_FIRE,,On Tree Cover — consistent with a forest/wildland fire.,24.47221653179191,78.97624138728324,641,6.967052023121387,72.77,TREE_COVER,70.95706754728312,HIGH,40
24.25_74.55,24.25_74.55;24.30_74.55;24.35_74.55;24.35_74.50;24.45_74.55;24.40_74.50;24.40_74.55,7,AGRICULTURAL_BURNING,,On cropland — consistent with crop-residue burning.,24.271738449612403,74.56800290697674,637,5.079767441860465,93.4,CROPLAND,76.08435192854513,HIGH,40
26.35_81.55,26.35_81.55;26.30_81.60;26.60_81.45;26.35_81.70;26.65_81.65;26.55_81.70;26.30_81.75;26.40_81.45;26.40_81.50;26.65_81.55;26.60_81.75;26.40_81.70;26.60_81.60;26.40_81.65;26.45_81.60;26.65_81.45,16,FOREST_FIRE,,On Tree Cover — consistent with a forest/wildland fire.,26.37159977272728,81.57533897727272,632,3.720681818181818,37.74,TREE_COVER,68.85222621829269,HIGH,40
23.80_74.60,23.80_74.60;24.00_74.60;23.90_74.65;24.05_74.65;23.75_74.70;23.90_74.75;23.95_74.75,7,FOREST_FIRE,,On Tree Cover — consistent with a forest/wildland fire.,23.824551873015874,74.6171186031746,629,4.443301587301588,33.29,TREE_COVER,73.1224385954781,HIGH,40
28.05_81.30,28.05_81.30;28.05_81.40;28.05_81.35;28.05_81.15;27.80_81.10;28.05_81.25;27.90_81.35;28.05_81.20;27.75_81.20;28.00_81.20,10,FOREST_FIRE,,On Tree Cover — consistent with a forest/wildland fire.,28.076215810276683,81.3254133596838,625,7.69391304347826,86.57,TREE_COVER,74.85985726012105,HIGH,40
29.65_78.45,29.65_78.45;29.65_78.40;29.60_78.45;29.65_78.35;29.65_78.25;29.55_78.45;29.60_78.20;29.55_78.40;29.55_78.20,9,AGRICULTURAL_BURNING,,On cropland — consistent with crop-residue burning.,29.676065,78.46961967532468,625,6.200714285714286,153.34,CROPLAND,82.36837298874207,CRITICAL,40
26.75_82.25,26.75_82.25;26.70_82.30;26.65_82.30;26.80_82.25;26.95_82.40;26.70_82.45;26.80_82.30;26.75_82.30;26.70_82.35;26.70_82.40;26.90_82.40;26.75_82.20;26.65_82.15;26.80_82.35;26.80_82.50;26.70_82.20;27.00_82.40;26.75_82.50;26.80_82.40;26.90_82.35;26.85_82.45;26.85_82.25;26.85_82.40;26.75_82.40;26.85_82.30;26.80_82.45;26.90_82.25;26.85_82.20;26.80_82.15,29,AGRICULTURAL_BURNING,,On cropland — consistent with crop-residue burning.,26.770445272727272,82.26692454545454,623,6.243636363636363,46.29,CROPLAND,67.73726099175414,HIGH,40
24.70_81.45,24.70_81.45;24.75_81.45;24.65_81.55;24.65_81.45;24.50_81.45;24.50_81.55;24.50_81.50;24.60_81.60;24.75_81.50;24.75_81.55;24.70_81.55;24.65_81.65;24.70_81.60;24.70_81.50;24.65_81.50;24.80_81.70;24.60_81.45;24.55_81.55;24.65_81.60;24.55_81.75;24.80_81.65;24.70_81.65;24.80_81.60;24.55_81.45;24.60_81.65;24.80_81.75;24.80_81.55;24.75_81.75;24.70_81.75;24.65_81.75;24.60_81.75;24.75_81.65;24.70_81.70;24.50_81.60;24.75_81.70,35,AGRICULTURAL_BURNING,,On cropland — consistent with crop-residue burning.,24.72521061538461,81.46632876923077,622,6.603076923076923,64.18,CROPLAND,68.11117909492997,HIGH,40
24.55_83.10,24.55_83.10;24.70_82.95;24.75_82.95;24.65_83.10;24.80_83.20;24.70_83.05;24.75_82.90;24.75_83.00;24.65_83.15;24.50_83.10;24.70_82.90;24.70_83.10;24.65_83.00;24.70_83.20;24.65_82.95;24.80_82.95;24.70_82.85;24.75_83.10;24.80_82.85;24.80_83.05;24.70_83.15;24.75_83.05;24.55_83.00;24.80_83.00;24.65_82.85;24.55_82.95,26,AGRICULTURAL_BURNING,,On cropland — consistent with crop-residue burning.,24.573108795180723,83.13258156626506,612,6.735542168674698,50.29,CROPLAND,68.23485278479014,HIGH,40
25.30_83.00,25.30_83.00,1,INDUSTRIAL,,On Built Up land cover (ESA WorldCover 10m) with 604 historical detections — consistent with a real industrial fire source.,25.3018865,82.9975427,604,1.186109271523179,16.67,BUILT_UP,79.11884366764697,CRITICAL,8
24.55_78.60,24.55_78.60;24.60_78.80;24.55_78.70;24.70_78.80;24.80_78.75;24.50_78.80;24.70_78.75;24.55_78.80,8,FOREST_FIRE,,On Tree Cover — consistent with a forest/wildland fire.,24.5721433220339,78.62851538983051,603,11.71857627118644,115.37,TREE_COVER,74.39276745273753,HIGH,40
23.50_84.20,23.50_84.20;23.55_84.10;23.50_83.95;23.50_84.00,4,AGRICULTURAL_BURNING,,On cropland — consistent with crop-residue burning.,23.52425961702128,84.22622919148937,600,2.591063829787234,22.85,CROPLAND,70.65115221288231,HIGH,40
29.35_82.20,29.35_82.20;29.45_82.25;29.50_82.25;29.20_82.40;29.20_82.20;29.50_82.15;29.40_82.20;29.50_82.20;29.40_82.30;29.45_82.20;29.45_82.15;29.35_82.15;29.35_82.35;29.50_82.30;29.35_82.25;29.25_82.30;29.30_82.25;29.30_82.15;29.50_82.40,19,FOREST_FIRE,Jumla Hydro Power Station,On Tree Cover — consistent with a forest/wildland fire.,29.38809088607595,82.21996936708861,599,7.430000000000001,177.32,TREE_COVER,71.56590584300207,HIGH,40
27.75_82.95,27.75_82.95;27.95_83.05;27.90_83.05;27.90_83.10,4,AGRICULTURAL_BURNING,,On cropland — consistent with crop-residue burning.,27.773156970509383,82.97459117962467,598,3.1755764075067026,36.14,CROPLAND,75.89738020821035,CRITICAL,40
25.35_76.20,25.35_76.20;25.40_76.20;25.45_76.25;25.35_76.15;25.50_76.25;25.55_76.15;25.55_76.10,7,FOREST_FIRE,,On Tree Cover — consistent with a forest/wildland fire.,25.3727949375,76.22449675,591,10.3363125,88.19,TREE_COVER,71.86859739373395,HIGH,40
24.50_79.80,24.50_79.80;24.60_79.70;24.60_79.65;24.50_79.70;24.65_79.90;24.70_79.90;24.60_79.75;24.60_79.95;24.60_79.85,9,FOREST_FIRE,,On Tree Cover — consistent with a forest/wildland fire.,24.53348653631285,79.81666620111731,590,23.26072625698324,172.64,TREE_COVER,69.97023952576579,HIGH,40
25.20_81.70,25.20_81.70;25.45_81.70;25.25_81.65;25.20_81.65;25.55_81.60;25.55_81.55;25.35_81.45;25.35_81.65;25.30_81.65;25.35_81.60;25.35_81.75;25.50_81.45;25.50_81.60;25.25_81.75;25.35_81.55;25.55_81.70;25.45_81.45;25.50_81.75;25.30_81.70;25.55_81.75;25.50_81.50;25.55_81.65;25.30_81.75,23,AGRICULTURAL_BURNING,,On cropland — consistent with crop-residue burning.,25.22720698529412,81.72569772058824,590,6.1788235294117655,65.56,CROPLAND,70.24814640503075,HIGH,40
24.10_83.45,24.10_83.45;24.10_83.40;24.10_83.35;24.10_83.50;24.00_83.25;23.80_83.40;23.90_83.50;23.80_83.25;23.80_83.30,9,AGRICULTURAL_BURNING,,On cropland — consistent with crop-residue burning.,24.131959502762435,83.47323359116022,585,9.467127071823205,108.88,CROPLAND,61.79552290014433,HIGH,40
24.85_84.80,24.85_84.80;25.00_84.95;25.00_84.90;24.95_84.75;25.05_84.95;24.85_84.75;24.95_84.95;25.20_84.85;24.95_84.80;25.20_84.70;25.05_84.70;25.05_84.90;24.90_84.80;24.90_84.90;25.10_84.65;24.95_84.90;24.85_84.90;25.15_84.90;24.90_84.75;25.00_84.70;25.10_84.90;25.10_84.85;24.90_84.65;25.20_84.75;25.15_84.85;25.00_84.85;25.15_84.95;25.15_84.80;24.90_84.70;25.00_84.75;25.05_84.80;24.95_84.70;25.10_84.75;25.05_84.85;25.10_84.70;25.10_84.80;25.15_84.70;25.05_84.75,38,AGRICULTURAL_BURNING,brickworks,On cropland — consistent with crop-residue burning.,24.88904612903226,84.81881096774194,581,4.481612903225806,32.75,CROPLAND,69.46567259992844,HIGH,40
24.50_81.15,24.50_81.15,1,INDUSTRIAL,Jaypee Bela Plant,On Built Up land cover (ESA WorldCover 10m) with 580 historical detections — consistent with a real industrial fire source.,24.5303071,81.1682745,580,1.401310344827586,33.72,BUILT_UP,85.18359816800806,CRITICAL,8
25.35_84.40,25.35_84.40;25.45_84.35;25.35_84.35;25.40_84.50;25.55_84.45;25.25_84.65,6,FOREST_FIRE,,On Tree Cover — consistent with a forest/wildland fire.,25.375575805369127,84.42336352348993,578,4.748892617449664,31.6,TREE_COVER,71.29152834298013,HIGH,40
27.00_83.50,27.00_83.50;26.85_83.40;27.00_83.30;26.70_83.45;26.70_83.35,5,FOREST_FIRE,,On Tree Cover — consistent with a forest/wildland fire.,27.0266426005362,83.53230203753351,575,5.961635388739946,100.23,TREE_COVER,73.13840533032699,HIGH,40
24.85_80.65,24.85_80.65;25.00_80.60;24.95_80.45;24.85_80.50;24.90_80.65;25.20_80.50;24.95_80.65;25.20_80.55;24.95_80.35;25.05_80.55;25.20_80.40;25.15_80.50;25.15_80.45;25.10_80.50;25.00_80.40;25.00_80.35;25.05_80.40;25.05_80.45,18,AGRICULTURAL_BURNING,,On cropland — consistent with crop-residue burning.,24.86827211428572,80.67642982857143,575,9.622685714285714,71.7,CROPLAND,71.43767721098934,HIGH,40
29.40_77.60,29.40_77.60;29.35_77.60;29.20_77.60;29.40_77.55;29.50_77.60;29.35_77.50;29.30_77.60;29.45_77.55;29.35_77.75;29.25_77.80;29.35_77.80,11,FOREST_FIRE,,On Tree Cover — consistent with a forest/wildland fire.,29.420022409638555,77.6273221686747,568,3.065421686746988,16.63,TREE_COVER,67.39583046937067,HIGH,40
23.95_74.50,23.95_74.50;24.00_74.55;23.90_74.50,3,FOREST_FIRE,,On Tree Cover — consistent with a forest/wildland fire.,23.975952434210527,74.53677763157896,567,5.640657894736842,64.58,TREE_COVER,75.48166537470863,CRITICAL,40
23.75_81.45,23.75_81.45;23.70_81.50;23.55_81.50;23.70_81.65;23.75_81.70;23.50_81.75;23.60_81.50;23.50_81.70;23.75_81.60,9,AGRICULTURAL_BURNING,,On cropland — consistent with crop-residue burning.,23.779817167832167,81.47269632867132,565,6.295419580419581,37.17,CROPLAND,64.8230413510404,HIGH,40
23.70_77.75,23.70_77.75,1,FOREST_FIRE,,On Tree Cover — consistent with a forest/wildland fire.,23.723168377896613,77.77643515151514,561,8.68030303030303,133.53,TREE_COVER,79.75095508869124,CRITICAL,40
29.60_82.20,29.60_82.20;29.55_82.15;29.55_82.20;29.60_82.30;29.75_82.15;29.55_82.30;29.60_82.25;29.60_82.40;29.55_82.40;29.85_82.15;29.55_82.45;29.80_82.20,12,FOREST_FIRE,,On Tree Cover — consistent with a forest/wildland fire.,29.62873347107438,82.21861776859504,554,7.231570247933885,132.26,TREE_COVER,68.7462318113818,HIGH,40
24.80_78.00,24.80_78.00;24.75_78.05;24.75_78.00;24.80_78.05,4,FOREST_FIRE,,On Tree Cover — consistent with a forest/wildland fire.,24.825258571428574,78.0300945054945,548,10.86532967032967,146.61,TREE_COVER,71.80900635746202,HIGH,40
25.70_78.15,25.70_78.15;25.75_77.85;25.75_77.90;25.60_77.90,4,FOREST_FIRE,,On Tree Cover — consistent with a forest/wildland fire.,25.720562996941894,78.17282201834863,547,5.123792048929664,38.73,TREE_COVER,73.23086695793319,HIGH,40
24.10_80.10,24.10_80.10;23.80_80.15;23.85_80.05;23.90_80.25,4,FOREST_FIRE,,On Tree Cover — consistent with a forest/wildland fire.,24.131089111842105,80.12344289473684,546,12.48595394736842,103.23,TREE_COVER,70.1343146928296,HIGH,40
27.80_81.80,27.80_81.80;27.80_82.05;27.75_81.80;28.05_81.80;28.00_81.90;27.85_81.85;27.80_81.90;27.75_82.00;27.75_82.10;27.75_82.05;27.80_81.95,11,AGRICULTURAL_BURNING,,On cropland — consistent with crop-residue burning.,27.81546,81.82257464285715,545,7.462678571428571,154.38,CROPLAND,71.42523878706436,HIGH,40
25.90_81.85,25.90_81.85;25.80_81.95;25.75_81.90;25.90_82.10;25.80_82.05;25.65_82.10;25.75_81.95;25.70_82.05;25.70_82.00;25.90_81.95;25.65_82.05;25.75_81.80;25.65_81.80;25.75_82.00;25.75_81.85;25.70_81.85;25.75_82.05;25.70_82.10;25.80_82.00;25.60_82.10;25.65_81.85;25.85_81.80;25.70_81.95;25.70_81.80;25.80_81.85;25.60_82.05;25.60_81.95;25.60_81.80,28,AGRICULTURAL_BURNING,,On cropland — consistent with crop-residue burning.,25.92378763888889,81.87832708333333,542,4.775555555555555,17.07,CROPLAND,66.24468342214084,HIGH,40
25.50_81.05,25.50_81.05;25.50_80.80;25.55_80.80;25.50_80.90;25.45_81.05;25.50_80.85;25.55_81.05;25.50_81.00;25.45_81.00;25.50_80.70;25.30_80.90;25.25_81.00;25.50_80.75;25.45_80.70;25.50_80.95;25.35_80.90;25.45_80.90;25.35_80.80;25.45_80.85;25.35_80.75;25.40_80.85;25.55_81.00;25.45_80.75;25.40_80.90;25.55_80.85;25.25_80.90;25.45_80.95;25.25_81.05;25.55_80.90;25.40_80.80;25.25_80.80;25.25_80.95;25.30_80.75;25.40_80.75;25.30_80.95;25.55_80.95;25.35_80.95;25.30_80.80;25.45_80.80;25.25_80.85;25.25_80.75;25.30_81.00,42,AGRICULTURAL_BURNING,,On cropland — consistent with crop-residue burning.,25.50529218181818,81.06241509090908,542,5.003818181818182,46.78,CROPLAND,65.78693678419357,HIGH,40
25.70_77.80,25.70_77.80;25.75_77.80;25.75_77.70;25.55_77.65,4,FOREST_FIRE,,On Tree Cover — consistent with a forest/wildland fire.,25.724549263157893,77.83204221052631,540,10.194578947368422,119.17,TREE_COVER,67.1228733696234,HIGH,40
29.40_78.50,29.40_78.50;29.50_78.45;29.40_78.20;29.50_78.50;29.35_78.20;29.20_78.20;29.20_78.25;29.25_78.25;29.45_78.50;29.35_78.40;29.45_78.45;29.25_78.45;29.20_78.50;29.20_78.30;29.50_78.30;29.25_78.30;29.35_78.25;29.25_78.35;29.40_78.25;29.30_78.45;29.50_78.35;29.40_78.35;29.35_78.45;29.25_78.40;29.45_78.40;29.45_78.25;29.35_78.50;29.30_78.35,28,AGRICULTURAL_BURNING,,On cropland — consistent with crop-residue burning.,29.4244215,78.52675225,540,4.575375,33.53,CROPLAND,68.1951939675352,HIGH,40
28.15_79.40,28.15_79.40;28.10_79.60;28.40_79.60;28.25_79.60;28.35_79.50;28.15_79.60;28.20_79.60;28.40_79.55;28.15_79.45;28.10_79.50;28.40_79.50;28.45_79.60;28.15_79.50;28.10_79.45;28.35_79.30;28.35_79.25;28.25_79.35;28.30_79.30;28.10_79.40;28.30_79.25;28.25_79.30;28.15_79.35;28.15_79.30;28.10_79.35;28.20_79.35;28.10_79.25;28.10_79.30,27,AGRICULTURAL_BURNING,,On cropland — consistent with crop-residue burning.,28.17406441860465,79.4303446511628,535,6.353953488372094,52.51,CROPLAND,66.51890124774059,HIGH,40
28.10_83.15,28.10_83.15;28.10_83.00;28.20_83.20,3,AGRICULTURAL_BURNING,,On cropland — consistent with crop-residue burning.,28.1315233,83.1681561,532,3.403771929824561,53.15,CROPLAND,65.67336454793282,HIGH,40
25.45_79.70,25.45_79.70;25.30_79.65;25.40_79.70;25.30_79.70;25.50_79.75;25.45_79.65;25.25_79.75;25.35_79.70;25.35_79.75;25.40_79.65;25.45_79.95;25.50_79.95;25.30_79.75;25.25_79.65;25.40_79.85;25.45_79.90;25.20_79.85;25.35_79.85;25.25_79.70;25.50_79.70;25.25_79.80;25.55_79.95;25.50_79.80;25.50_79.85;25.55_79.90;25.40_79.80;25.35_79.65;25.40_79.75;25.45_79.75;25.35_79.95;25.50_79.90;25.35_79.90;25.45_79.85;25.50_79.65;25.40_79.95;25.25_79.90,36,AGRICULTURAL_BURNING,Supa,On cropland — consistent with crop-residue burning.,25.4534368,79.7125268,530,4.66530303030303,39.69,CROPLAND,66.58002503799207,HIGH,40
25.60_76.35,25.60_76.35;25.60_76.15;25.65_76.35;25.60_76.10;25.60_76.30;25.60_76.20;25.65_76.30;25.70_76.10;25.60_76.25;25.70_76.35;25.70_76.05;25.65_76.05;25.65_76.10;25.80_76.35;25.70_76.25;25.60_76.05;25.75_76.25;25.75_76.30;25.80_76.20;25.70_76.30;25.80_76.15;25.80_76.00;25.75_76.20;25.85_76.25;25.95_76.30;25.85_76.30;25.85_76.20;25.90_76.30,28,AGRICULTURAL_BURNING,,On cropland — consistent with crop-residue burning.,25.6258990625,76.374063671875,527,7.1420312500000005,99.29,CROPLAND,68.83907335955284,HIGH,40
26.95_78.60,26.95_78.60;26.90_78.65;27.00_78.65;26.90_78.60;26.70_78.60;26.90_78.75;26.95_78.55;26.85_78.80;26.75_78.55;26.70_78.75;26.85_78.75;26.80_78.90;26.65_78.70;26.80_78.85;26.95_78.70;27.00_78.70;26.95_78.65;26.70_78.65;26.80_78.80;27.00_78.85;26.65_78.60;26.70_78.70;27.00_78.75;26.75_78.85;26.80_78.70;26.85_78.70,26,AGRICULTURAL_BURNING,,On cropland — consistent with crop-residue burning.,26.9661288,78.6180028,521,7.501866666666666,60.03,CROPLAND,69.41352426654203,HIGH,40
26.25_77.50,26.25_77.50;26.25_77.45;26.25_77.65;26.25_77.60;26.20_77.55;26.20_77.50;26.20_77.45;25.95_77.75;25.95_77.80;26.25_77.70;26.20_77.60;26.25_77.55;26.20_77.65;26.15_77.55;25.95_77.60;26.15_77.50;26.05_77.80;26.00_77.65;26.25_77.75;26.20_77.70,20,AGRICULTURAL_BURNING,,On cropland — consistent with crop-residue burning.,26.27853345132744,77.52003150442478,521,6.145929203539823,41.36,CROPLAND,68.43308496039539,HIGH,40
24.45_80.90,24.45_80.90;24.35_80.90;24.35_81.00,3,FOREST_FIRE,,On Tree Cover — consistent with a forest/wildland fire.,24.475123537117906,80.92875244541484,519,4.642096069868996,50.38,TREE_COVER,69.99875558251027,HIGH,40
25.95_76.60,25.95_76.60;26.00_76.70;26.00_76.65;25.95_76.55;25.95_76.70;26.20_76.45;26.25_76.60;26.25_76.50;26.05_76.70;26.20_76.40;26.10_76.75;26.10_76.45;26.15_76.60;26.20_76.60;26.20_76.50;26.15_76.45;26.10_76.65;26.15_76.55;26.25_76.55;26.05_76.40;26.05_76.65;26.10_76.55;26.15_76.50,23,AGRICULTURAL_BURNING,,On cropland — consistent with crop-residue burning.,25.96582893162393,76.62229773504274,518,5.544145299145299,46.47,CROPLAND,72.82559002586584,HIGH,40
24.30_78.05,24.30_78.05;24.15_78.00,2,FOREST_FIRE,,On Tree Cover — consistent with a forest/wildland fire.,24.32943034120735,78.07876194225722,516,6.2245144356955375,75.08,TREE_COVER,76.35263897636311,HIGH,40
28.95_79.25,28.95_79.25;29.05_79.00;29.05_79.10;29.05_79.05,4,FOREST_FIRE,,On Tree Cover — consistent with a forest/wildland fire.,28.97843175925926,79.27683305555556,512,4.893194444444445,31.31,TREE_COVER,71.37395755168825,HIGH,40
26.70_81.80,26.70_81.80;26.80_81.90;26.80_82.05;26.80_81.85;26.70_81.85;27.00_82.00;26.85_82.05;26.90_82.10;26.85_82.00;26.85_81.80;26.90_82.05;26.80_82.00;26.80_81.95;26.95_82.00;26.80_82.10;26.75_81.90;26.70_81.90;26.75_81.85;26.65_82.10;26.70_81.95;26.65_82.05;26.65_81.90;26.80_81.80,23,AGRICULTURAL_BURNING,,On cropland — consistent with crop-residue burning.,26.73440559139785,81.81462462365592,507,4.940537634408602,34.77,CROPLAND,69.19547082782428,HIGH,40
29.05_80.35,29.05_80.35;29.10_80.45;28.90_80.40,3,AGRICULTURAL_BURNING,,On cropland — consistent with crop-residue burning.,29.07847076305221,80.37899164658634,507,2.453453815261044,60.97,CROPLAND,68.61720564528149,HIGH,40
24.45_77.05,24.45_77.05;24.40_77.05;24.25_76.95;24.35_76.95;24.25_76.85;24.20_77.05;24.30_76.90;24.40_77.00;24.15_76.90;24.25_77.05;24.45_77.00;24.25_76.80;24.25_77.00;24.30_76.85;24.35_76.75;24.35_77.00;24.40_76.95;24.40_76.90;24.30_76.95;24.35_76.90;24.15_76.75;24.30_77.05;24.30_77.00;24.20_76.85;24.25_76.75;24.45_76.80;24.15_76.85;24.30_76.75;24.20_76.80;24.35_76.85,30,AGRICULTURAL_BURNING,,On cropland — consistent with crop-residue burning.,24.473944285714285,77.07920125714286,507,5.700228571428571,32.02,CROPLAND,70.27248382200442,HIGH,40
26.30_81.80,26.30_81.80;26.45_82.05;26.35_81.90;26.30_81.85;26.35_81.80;26.50_81.80;26.50_82.05;26.45_81.85;26.60_81.80;26.35_82.10;26.40_81.85;26.45_81.80;26.50_82.00;26.30_82.10;26.45_82.10;26.55_82.00;26.40_81.90;26.60_81.85;26.40_82.05;26.45_82.00;26.50_81.95;26.40_82.00;26.30_82.00;26.45_81.95;26.40_81.80;26.55_82.05;26.55_81.80;26.65_81.85;26.60_81.90;26.55_81.95,30,AGRICULTURAL_BURNING,,On cropland — consistent with crop-residue burning.,26.31605903846154,81.82708019230769,505,3.515384615384616,19.82,CROPLAND,64.98146880404055,HIGH,40
29.85_78.60,29.85_78.60;29.55_78.90;29.55_78.55,3,AGRICULTURAL_BURNING,,On cropland — consistent with crop-residue burning.,29.872519528301886,78.6227936163522,504,2.8557861635220125,40.43,CROPLAND,72.683169407693,HIGH,40
27.30_78.70,27.30_78.70;27.30_78.75;27.25_78.85;27.20_78.85;27.25_78.75;27.20_78.70;27.25_78.80;27.25_78.90;27.20_78.80;27.25_78.55;27.20_78.75;27.30_78.55;27.10_78.85;27.25_78.60;27.15_78.85;27.20_78.55;27.00_78.60;27.15_78.70;27.35_78.80;27.25_78.70;27.15_78.60;27.35_78.75;27.30_78.65;27.05_78.70;27.05_78.80;27.10_78.65;27.00_78.55;27.05_78.85;27.35_78.70;27.00_78.80;27.15_78.65;27.35_78.60;27.10_78.70;27.30_78.85,34,AGRICULTURAL_BURNING,,On cropland — consistent with crop-residue burning.,27.3303942,78.7300128,499,3.8754,30.18,CROPLAND,68.87666797066399,HIGH,40
27.00_81.60,27.00_81.60;26.95_81.70;26.65_81.75;26.90_81.70;26.95_81.45;26.65_81.60;26.85_81.55;26.65_81.70;26.70_81.75;26.85_81.75;26.65_81.50;26.95_81.65;26.85_81.60;26.70_81.65;26.70_81.45;26.75_81.60;26.80_81.75;26.75_81.45;26.85_81.45;27.00_81.45;26.90_81.60;26.90_81.45;26.80_81.55;26.85_81.50;26.85_81.65;26.75_81.50;26.75_81.75;26.85_81.70,28,AGRICULTURAL_BURNING,,On cropland — consistent with crop-residue burning.,27.02129186440678,81.61969033898306,495,5.035762711864407,23.89,CROPLAND,66.12503673388824,HIGH,40
27.90_83.25,27.90_83.25;27.90_83.30;27.90_83.50;28.00_83.55;27.85_83.55;27.80_83.55;27.95_83.25;27.95_83.30,8,AGRICULTURAL_BURNING,,On cropland — consistent with crop-residue burning.,27.9480948,83.2814484,495,4.842958579881657,94.27,CROPLAND,65.23173729684206,HIGH,40
29.75_79.60,29.75_79.60;29.65_79.40;29.65_79.55,3,AGRICULTURAL_BURNING,,On cropland — consistent with crop-residue burning.,29.77876685714286,79.62594014285715,493,3.164285714285714,23.75,CROPLAND,71.97720489093827,HIGH,40
25.00_82.00,25.00_82.00;25.05_82.00;25.15_81.80;24.90_81.80;24.85_81.95;25.05_81.85;24.85_82.05;25.15_82.05,8,FOREST_FIRE,,On Tree Cover — consistent with a forest/wildland fire.,25.01942962365592,82.0312235483871,490,11.332795698924732,117.2,TREE_COVER,73.42848616410215,HIGH,40
25.40_77.85,25.40_77.85;25.45_77.85;25.50_77.85;25.40_77.90;25.50_78.05;25.55_77.90;25.45_78.10,7,FOREST_FIRE,,On Tree Cover — consistent with a forest/wildland fire.,25.42561738219895,77.87123670157068,489,12.799738219895287,128.2,TREE_COVER,69.54357497520697,HIGH,40
29.05_78.35,29.05_78.35;29.10_78.45;28.90_78.50;29.15_78.25;28.95_78.50;29.00_78.30;28.90_78.35;29.00_78.45;29.10_78.35;29.15_78.30;29.05_78.40;28.95_78.35;29.15_78.50;29.15_78.35;29.00_78.35;29.15_78.45;28.85_78.30;29.10_78.50;29.00_78.20;28.90_78.25;29.05_78.50;28.90_78.40;29.10_78.40;28.85_78.20;29.10_78.20;29.05_78.20;28.85_78.25;28.95_78.25,28,AGRICULTURAL_BURNING,KP bricks,On cropland — consistent with crop-residue burning.,29.0576324,78.3803135,487,4.229245283018868,12.37,CROPLAND,63.59345032877844,HIGH,40
28.65_81.40,28.65_81.40;28.45_81.15;28.60_81.10;28.50_81.15,4,AGRICULTURAL_BURNING,,On cropland — consistent with crop-residue burning.,28.67710268786127,81.42599846820809,484,3.4241907514450864,30.16,CROPLAND,68.25639407287063,HIGH,40
23.55_83.90,23.55_83.90;23.65_83.90;23.50_83.70;23.55_83.75;23.55_83.60;23.55_83.70;23.60_83.70;23.70_83.75;23.70_83.70;23.60_83.80,10,AGRICULTURAL_BURNING,,On cropland — consistent with crop-residue burning.,23.576074640883977,83.92260121546961,481,2.8523756906077344,49.19,CROPLAND,69.33407694019319,HIGH,40
28.05_80.30,28.05_80.30;28.00_80.25;27.95_80.20;27.75_80.15,4,FOREST_FIRE,,On Tree Cover — consistent with a forest/wildland fire.,28.074332,80.31879165853658,480,7.0163414634146335,66.57,TREE_COVER,73.15271106632758,HIGH,40
25.90_77.05,25.90_77.05;25.80_76.90;25.80_77.10;25.80_76.95;25.85_77.05;25.85_77.00,6,FOREST_FIRE,,On Tree Cover — consistent with a forest/wildland fire.,25.91588556390977,77.0829807518797,475,17.225263157894737,61.52,TREE_COVER,67.6931684187011,MODERATE,40
27.10_83.20,27.10_83.20;27.15_82.90;27.25_83.05;27.00_83.20,4,FOREST_FIRE,,On Tree Cover — consistent with a forest/wildland fire.,27.126305188679247,83.23428952830189,472,6.164811320754717,110.68,TREE_COVER,78.79421743398463,CRITICAL,40
28.60_78.20,28.60_78.20;28.45_78.25;28.75_78.45;28.65_78.50;28.70_78.45;28.60_78.45;28.55_78.25;28.60_78.50;28.80_78.35;28.50_78.25;28.60_78.25;28.75_78.50;28.55_78.30;28.60_78.40;28.45_78.30;28.50_78.30;28.75_78.35;28.70_78.40;28.55_78.45;28.65_78.35;28.80_78.50;28.60_78.30;28.55_78.50;28.65_78.20;28.55_78.40;28.70_78.35;28.45_78.35;28.65_78.25;28.65_78.30;28.50_78.50;28.50_78.40;28.60_78.35;28.50_78.45,33,AGRICULTURAL_BURNING,,On cropland — consistent with crop-residue burning.,28.61828475,78.2218845,471,4.11925,38.47,CROPLAND,64.64067995005605,HIGH,40
29.25_80.85,29.25_80.85;29.30_80.90;29.25_81.05,3,AGRICULTURAL_BURNING,,On cropland — consistent with crop-residue burning.,29.273397559681698,80.87856549071618,467,4.424164456233422,130.78,CROPLAND,81.21856091371977,CRITICAL,40
28.40_78.25,28.40_78.25;28.35_78.25;28.20_78.35;28.40_78.20;28.35_78.30;28.30_78.25;28.30_78.20;28.35_78.20;28.25_78.35;28.10_78.50;28.20_78.40;28.25_78.50;28.30_78.50;28.40_78.30;28.15_78.50;28.10_78.40;28.20_78.50;28.30_78.45;28.15_78.30;28.25_78.55;28.10_78.20;28.25_78.45;28.35_78.40;28.15_78.20;28.15_78.45;28.40_78.45;28.20_78.45;28.40_78.50;28.20_78.30;28.35_78.50;28.15_78.25;28.35_78.45;28.45_78.40,33,AGRICULTURAL_BURNING,,On cropland — consistent with crop-residue burning.,28.4107168627451,78.27850235294117,466,5.611960784313726,26.86,CROPLAND,66.30658879250119,HIGH,40
24.10_82.75,24.10_82.75,1,MINING,,On Bare Sparse land cover with 457 historical detections — consistent with open-pit mining/processing activity.,24.14451868708972,82.76287498905907,457,2.057964989059081,18.93,BARE_SPARSE,75.22414193470408,CRITICAL,8
23.75_74.60,23.75_74.60;23.60_74.70;23.60_74.75;23.65_74.75;23.70_74.70;23.55_74.80;23.70_74.90,7,FOREST_FIRE,,On Tree Cover — consistent with a forest/wildland fire.,23.78219116438356,74.609436369863,454,3.8626712328767128,22.71,TREE_COVER,69.93413965612952,HIGH,40
26.00_76.90,26.00_76.90;26.00_76.95;26.05_76.95;25.95_76.80;25.95_76.90;26.00_76.75;26.15_77.10;26.00_76.85;26.10_77.05;26.05_76.90;26.05_76.80;26.05_77.00;25.95_76.85;26.05_76.75;26.15_76.85,15,AGRICULTURAL_BURNING,,On cropland — consistent with crop-residue burning.,26.02519589928057,76.93379999999999,450,5.6122302158273385,80.44,CROPLAND,69.69049986111555,HIGH,40
29.65_77.60,29.65_77.60;29.55_77.50;29.60_77.65;29.60_77.60;29.80_77.70;29.65_77.70;29.60_77.75;29.65_77.75;29.55_77.80,9,AGRICULTURAL_BURNING,,On cropland — consistent with crop-residue burning.,29.677468,77.62331013333333,446,3.109733333333333,22.13,CROPLAND,68.0191962791784,HIGH,40
24.20_82.40,24.20_82.40;24.25_82.25;24.25_82.35;24.45_82.40;24.45_82.35;24.15_82.30;24.40_82.40;24.35_82.20;24.40_82.15;24.15_82.20;24.35_82.15;24.10_82.15,12,AGRICULTURAL_BURNING,,On cropland — consistent with crop-residue burning.,24.2426357,82.4344217,442,7.732994652406417,99.15,CROPLAND,64.99881250968177,HIGH,40
26.35_84.75,26.35_84.75;26.35_84.70;26.55_84.90;26.50_84.85;26.55_84.75;26.40_84.80;26.60_84.75;26.50_84.90;26.40_84.75;26.60_84.95;26.50_84.95;26.35_84.95;26.45_84.70;26.50_84.75;26.45_84.85;26.45_84.75;26.45_84.95;26.60_84.80;26.40_84.95;26.45_84.80;26.55_84.85;26.60_84.70;26.60_84.85;26.65_84.80;26.50_84.80;26.30_84.90;26.40_84.85;26.35_84.90,28,AGRICULTURAL_BURNING,,On cropland — consistent with crop-residue burning.,26.366902954545456,84.76801022727273,440,3.208181818181818,71.62,CROPLAND,64.43232757529752,HIGH,40
28.75_77.10,28.75_77.10,1,INDUSTRIAL,,On Built Up land cover (ESA WorldCover 10m) with 440 historical detections — consistent with a real industrial fire source.,28.7807781,77.1369627,440,1.5564772727272729,18.01,BUILT_UP,76.6355983977594,CRITICAL,8
23.70_80.80,23.70_80.80;23.70_80.75;23.75_80.85;23.60_80.85;23.60_80.80,5,AGRICULTURAL_BURNING,,On cropland — consistent with crop-residue burning.,23.72391486772487,80.82206423280424,437,5.9652910052910055,36.08,CROPLAND,70.78215695752904,HIGH,40
24.90_81.55,24.90_81.55;24.90_81.50;25.00_81.55;24.85_81.70,4,FOREST_FIRE,,On Tree Cover — consistent with a forest/wildland fire.,24.92229511848341,81.56760436018958,433,5.691658767772512,81.05,TREE_COVER,68.95066869738856,HIGH,40
28.00_82.85,28.00_82.85;27.95_82.65;27.80_82.60,3,AGRICULTURAL_BURNING,,On cropland — consistent with crop-residue burning.,28.0325556147541,82.8790468032787,430,4.451639344262295,31.94,CROPLAND,72.14924064280692,HIGH,40
25.65_84.90,25.65_84.90;25.70_84.65;25.90_84.95;25.60_84.90;25.75_84.90;25.60_84.95;25.65_84.80;25.65_84.70;25.90_84.75;25.85_84.70;25.90_84.90;25.85_84.85;25.90_84.85;25.80_84.90;25.90_84.80;25.85_84.90;25.80_84.85,17,AGRICULTURAL_BURNING,,On cropland — consistent with crop-residue burning.,25.688415562913907,84.91935264900661,430,10.40933774834437,92.16,CROPLAND,71.91238544189704,HIGH,40
24.75_82.15,24.75_82.15;24.80_82.15;24.50_82.50;24.60_82.25;24.60_82.20;24.55_82.30;24.55_82.20;24.50_82.35;24.65_82.45;24.60_82.40;24.80_82.35;24.70_82.30;24.80_82.30;24.50_82.40;24.55_82.15;24.80_82.20;24.60_82.45;24.70_82.40;24.70_82.45;24.75_82.30,20,AGRICULTURAL_BURNING,,On cropland — consistent with crop-residue burning.,24.784772411347515,82.1820780141844,430,9.536028368794328,99.15,CROPLAND,63.65576673085092,HIGH,40
26.75_80.70,26.75_80.70;26.70_80.70;26.70_80.75;26.75_80.75;27.00_81.05;26.70_80.90;27.00_81.00;26.75_81.05;26.65_81.00;26.65_80.80;26.80_80.75;26.95_80.80;27.00_80.95;26.80_80.70;27.00_80.90;26.90_80.85;26.90_80.80;26.70_81.00;26.65_80.70;26.95_80.70,20,AGRICULTURAL_BURNING,,On cropland — consistent with crop-residue burning.,26.770840574712643,80.7307816091954,427,5.829655172413793,63.02,CROPLAND,67.54861440790262,HIGH,40
26.25_77.35,26.25_77.35;26.20_77.30;26.25_77.30;26.00_77.30;26.25_77.40;26.10_77.35;26.15_77.25;26.20_77.35;26.10_77.40;26.15_77.30;26.10_77.30;26.00_77.35;26.05_77.35;26.15_77.15;26.20_77.40;26.10_77.10;26.15_77.45;26.05_77.40;25.95_77.30;25.90_77.25,20,AGRICULTURAL_BURNING,Ladpura,On cropland — consistent with crop-residue burning.,26.272353359375,77.372329453125,425,5.48703125,159.84,CROPLAND,69.3130529343826,HIGH,40
25.30_77.10,25.30_77.10;25.40_77.10;25.30_77.35;25.40_77.30;25.50_77.10;25.25_77.15;25.50_77.30,7,FOREST_FIRE,,On Tree Cover — consistent with a forest/wildland fire.,25.326276439790576,77.1258852356021,425,5.218324607329843,78.45,TREE_COVER,76.53351615823038,CRITICAL,40
24.65_82.55,24.65_82.55;24.80_82.60;24.50_82.65;24.60_82.65;24.50_82.75;24.60_82.60;24.75_82.85;24.70_82.60;24.55_82.80;24.50_82.55;24.70_82.70;24.70_82.80;24.65_82.75;24.75_82.75;24.60_82.50;24.70_82.75;24.65_82.70;24.55_82.70;24.55_82.75;24.75_82.70;24.55_82.65;24.80_82.80;24.65_82.80;24.60_82.80;24.75_82.80,25,AGRICULTURAL_BURNING,,On cropland — consistent with crop-residue burning.,24.68006373913044,82.57898834782608,424,9.875217391304348,105.44,CROPLAND,67.7278033280693,HIGH,40
29.90_77.00,29.90_77.00;29.95_76.75;29.90_77.05;29.95_76.95,4,AGRICULTURAL_BURNING,,On cropland — consistent with crop-residue burning.,29.92526869230769,77.02174653846154,421,4.706615384615385,55.61,CROPLAND,73.42741172457447,HIGH,40
24.50_74.65,24.50_74.65;24.60_74.70;24.70_74.70;24.50_74.70;24.55_74.90;24.55_74.65;24.60_74.90;24.75_74.75;24.60_74.75;24.75_74.65;24.55_74.85;24.55_74.70;24.55_74.75;24.65_74.75;24.50_74.60;24.75_74.80;24.70_74.80;24.60_74.80;24.80_74.90;24.80_74.80,20,AGRICULTURAL_BURNING,Khor Thermal Power Plant,On cropland — consistent with crop-residue burning.,24.52015989583333,74.67852635416666,420,12.7796875,65.1,CROPLAND,68.27357943266729,HIGH,40
27.45_84.95,27.45_84.95;27.40_84.90,2,AGRICULTURAL_BURNING,,On cropland — consistent with crop-residue burning.,27.474317746913577,84.97838580246913,420,2.223271604938272,23.05,CROPLAND,74.97472372209248,HIGH,40
29.85_75.50,29.85_75.50,1,INDUSTRIAL,,On Built Up land cover (ESA WorldCover 10m) with 418 historical detections — consistent with a real industrial fire source.,29.87673495215311,75.52693700956938,418,6.823516746411483,37.85,BUILT_UP,72.6784793800404,HIGH,8
25.55_82.70,25.55_82.70;25.50_82.75;25.55_82.85;25.25_82.55;25.55_82.75;25.45_82.60;25.30_82.65;25.45_82.65;25.50_82.85;25.35_82.70;25.35_82.65;25.45_82.55;25.40_82.65;25.40_82.55;25.50_82.80;25.55_82.80;25.30_82.70;25.50_82.60;25.40_82.60;25.50_82.70;25.45_82.75;25.25_82.60;25.30_82.55;25.55_82.55;25.30_82.60;25.50_82.65;25.35_82.75;25.40_82.50;25.55_82.60;25.30_82.75;25.55_82.50;25.35_82.55;25.25_82.75;25.35_82.80;25.40_82.75;25.45_82.85;25.45_82.80,37,AGRICULTURAL_BURNING,,On cropland — consistent with crop-residue burning.,25.578068965517243,82.7287172413793,418,4.111724137931034,29.55,CROPLAND,68.85795411974006,HIGH,40
24.85_77.15,24.85_77.15;24.90_77.30;25.00_77.40;24.95_77.35;25.10_77.40,5,FOREST_FIRE,,On Tree Cover — consistent with a forest/wildland fire.,24.87368905454545,77.17133134545455,415,7.147963636363636,204.7,TREE_COVER,86.18689918790571,CRITICAL,40
29.95_77.25,29.95_77.25;29.95_77.15;29.95_77.30;29.95_77.40;29.90_77.45,5,AGRICULTURAL_BURNING,,On cropland — consistent with crop-residue burning.,29.977550217391304,77.27169507246377,411,3.7386231884057968,30.62,CROPLAND,69.046569664489,HIGH,40
24.35_84.05,24.35_84.05;24.30_84.00;24.35_84.00;24.20_84.05;24.30_84.10;24.25_84.10;24.45_84.25;24.30_84.20;24.45_84.05;24.50_84.10;24.15_84.10;24.35_84.25;24.35_84.30,13,AGRICULTURAL_BURNING,,On cropland — consistent with crop-residue burning.,24.368354634146343,84.07857792682927,407,7.977682926829268,66.33,CROPLAND,65.73960043003987,HIGH,40
28.80_79.40,28.80_79.40;28.70_79.45;28.70_79.55;28.70_79.35;28.75_79.35;28.50_79.35;28.55_79.45;28.65_79.35;28.60_79.25,9,FOREST_FIRE,,On Tree Cover — consistent with a forest/wildland fire.,28.82721859504132,79.42703107438017,407,3.609752066115702,21.72,TREE_COVER,68.59672494593617,HIGH,40
24.15_75.80,24.15_75.80;24.45_75.75;24.15_75.70;24.35_75.75;24.20_75.75;24.35_75.85;24.15_75.85;24.25_75.85;24.15_75.95;24.15_75.75;24.15_75.90;24.35_75.70;24.40_75.70;24.20_75.95;24.25_75.70;24.35_75.65;24.20_75.80;24.40_75.85;24.20_75.85;24.30_75.90;24.35_76.00;24.45_75.70;24.20_76.00;24.25_75.95;24.45_75.90;24.30_75.95;24.25_76.00;24.25_75.90;24.20_75.70;24.45_75.95;24.40_75.95;24.40_75.75;24.25_75.80;24.45_75.80;24.30_76.00;24.45_76.00,36,AGRICULTURAL_BURNING,,On cropland — consistent with crop-residue burning.,24.17116018181818,75.82492272727272,406,9.016,53.41,CROPLAND,67.21461738860437,HIGH,40
25.35_82.20,25.35_82.20;25.55_82.45;25.55_82.40;25.20_82.40;25.45_82.30;25.50_82.15;25.55_82.20;25.45_82.25;25.35_82.50;25.50_82.35;25.40_82.30;25.25_82.15;25.40_82.25;25.50_82.45;25.55_82.35;25.50_82.40;25.30_82.20;25.35_82.30;25.35_82.45;25.45_82.45;25.25_82.20;25.40_82.15;25.45_82.15;25.45_82.35;25.45_82.20;25.30_82.30;25.35_82.25;25.55_82.15;25.25_82.25;25.35_82.35;25.40_82.20;25.20_82.25;25.25_82.35;25.25_82.45;25.35_82.40,35,AGRICULTURAL_BURNING,,On cropland — consistent with crop-residue burning.,25.364615217391307,82.23690282608696,406,6.237826086956522,40.76,CROPLAND,67.1052181347054,HIGH,40
24.15_83.10,24.15_83.10;24.15_83.20;24.20_83.20;24.30_83.20;24.35_82.95;24.40_83.10,6,AGRICULTURAL_BURNING,,On cropland — consistent with crop-residue burning.,24.1648901980198,83.11884995049505,402,10.137475247524751,66.56,CROPLAND,62.78358241980616,HIGH,40
28.70_77.15,28.70_77.15;28.65_77.15,2,INDUSTRIAL,Rajasthani Udyog Nagar,On Built Up land cover (ESA WorldCover 10m) with 388 historical detections — consistent with a real industrial fire source.,28.7259063,77.1597362,401,1.1050515463917523,11.59,BUILT_UP,75.57572229625457,CRITICAL,8
27.95_81.05,27.95_81.05;28.00_80.90;28.00_80.70;27.90_81.05;28.00_80.85;27.75_80.90;27.90_80.90;27.95_80.75,8,FOREST_FIRE,,On Tree Cover — consistent with a forest/wildland fire.,27.973051282051284,81.07442051282051,396,3.52974358974359,16.63,TREE_COVER,67.13880365162157,HIGH,40
24.85_78.65,24.85_78.65;24.90_78.80;25.00_78.80;25.05_78.70;25.10_78.70;25.10_78.75;24.90_78.70;24.90_78.75;25.00_78.75;24.90_78.85;25.00_78.60;25.05_78.85;24.95_78.85;24.95_78.80;25.10_78.80;25.00_78.55;25.00_78.85;25.15_78.55;25.00_78.65;25.05_78.80;25.05_78.65;25.15_78.60;25.15_78.75;25.15_78.85;24.90_78.60;25.10_78.60;25.00_78.70;25.10_78.65;25.05_78.60;25.05_78.55;25.20_78.80;25.20_78.75,32,AGRICULTURAL_BURNING,,On cropland — consistent with crop-residue burning.,24.879210526315788,78.67375649122808,395,9.187017543859648,78.07,CROPLAND,67.11353029848247,HIGH,40
23.55_82.10,23.55_82.10;23.60_81.85;23.70_81.90;23.65_81.95,4,AGRICULTURAL_BURNING,,On cropland — consistent with crop-residue burning.,23.57653971098266,82.12870213872833,394,4.305375722543353,43.76,CROPLAND,68.98479592324871,HIGH,40
23.65_78.60,23.65_78.60;23.50_78.75;23.55_78.60;23.70_78.75;23.65_78.80,5,FOREST_FIRE,,On Tree Cover — consistent with a forest/wildland fire.,23.68370341614907,78.62191422360249,393,6.990621118012422,106.04,TREE_COVER,74.71818980980495,HIGH,40
26.40_83.95,26.40_83.95;26.30_84.00;26.55_84.30;26.60_84.25;26.35_84.25;26.60_84.30;26.40_84.15;26.65_84.15,8,FOREST_FIRE,,On Tree Cover — consistent with a forest/wildland fire.,26.42775107142857,83.96656967857143,393,7.499071428571428,86.69,TREE_COVER,75.32049261440501,CRITICAL,40
27.10_81.45,27.10_81.45;27.05_81.50;27.30_81.45;27.20_81.60;27.20_81.50;27.35_81.55;27.00_81.50;27.05_81.65;27.30_81.55;27.20_81.45;27.25_81.70;27.25_81.60;27.20_81.65;27.35_81.65;27.05_81.45;27.30_81.60;27.20_81.70;27.25_81.45;27.15_81.50;27.30_81.65,20,AGRICULTURAL_BURNING,,On cropland — consistent with crop-residue burning.,27.12451727272727,81.46511745454546,393,5.665272727272727,28.46,CROPLAND,66.6722665114139,HIGH,40
29.15_78.65,29.15_78.65;29.10_78.65;28.85_78.60;29.05_78.60;28.95_78.65;28.95_78.55;28.85_78.55;29.00_78.65;28.95_78.70;28.80_78.80;29.10_78.55;29.05_78.55,12,AGRICULTURAL_BURNING,JK Exim,On cropland — consistent with crop-residue burning.,29.1844225,78.66526675925925,388,4.986018518518518,23.26,CROPLAND,68.32745907431526,HIGH,40
25.85_78.35,25.85_78.35;25.75_78.25,2,FOREST_FIRE,,On Tree Cover — consistent with a forest/wildland fire.,25.87503069536424,78.37313831125827,379,4.867516556291391,37.85,TREE_COVER,72.1232218957013,HIGH,40
29.30_81.80,29.30_81.80;29.30_81.85;29.35_82.05;29.50_81.95;29.45_81.80;29.40_81.90;29.35_81.90;29.45_81.90;29.20_81.85;29.25_81.80;29.50_82.05;29.40_81.85;29.50_81.90;29.20_81.95;29.35_82.00;29.35_82.10;29.20_82.05;29.40_82.05;29.45_82.00;29.25_81.95;29.30_82.10;29.25_81.90;29.30_82.05;29.45_81.95,24,FOREST_FIRE,,On Tree Cover — consistent with a forest/wildland fire.,29.32392620915033,81.82545562091504,378,4.178692810457517,60.92,TREE_COVER,70.8001756780274,HIGH,40
25.35_82.00,25.35_82.00;25.30_82.00;25.20_81.95;25.25_81.95;25.55_81.95;25.50_81.80;25.45_81.80;25.20_82.05;25.40_81.85;25.25_82.00;25.40_82.05;25.50_82.10;25.55_82.05;25.35_82.05;25.55_82.10;25.25_81.80;25.40_81.95;25.35_82.10;25.55_82.00;25.20_82.15;25.55_81.90;25.45_82.05;25.55_81.80;25.40_82.10,24,AGRICULTURAL_BURNING,,On cropland — consistent with crop-residue burning.,25.354479365079367,82.01797492063491,368,8.806825396825397,99.31,CROPLAND,68.24609525876247,HIGH,40
25.70_78.55,25.70_78.55,1,FOREST_FIRE,,On Tree Cover — consistent with a forest/wildland fire.,25.72881517711172,78.57378269754768,367,6.116948228882834,45.75,TREE_COVER,73.5719507746188,HIGH,40
26.30_78.15,26.30_78.15;26.45_77.95;26.40_77.95;26.40_78.05;26.45_77.90;26.45_77.85;26.35_78.15;26.50_77.85;26.55_78.10;26.50_78.05;26.35_77.85;26.55_77.85;26.40_77.85;26.45_78.00;26.50_78.10;26.40_78.10;26.30_77.85;26.40_78.00;26.55_78.15;26.50_78.00;26.40_77.90;26.45_78.15;26.55_77.95;26.50_77.90;26.55_78.00;26.60_78.15;26.55_77.90,27,AGRICULTURAL_BURNING,,On cropland — consistent with crop-residue burning.,26.31082798657718,78.17932382550336,367,6.336577181208053,59.23,CROPLAND,69.59597976113997,HIGH,40
26.25_81.40,26.25_81.40;26.00_81.20;26.00_81.35;26.05_81.40;26.10_81.10;26.15_81.35;26.00_81.10;26.25_81.15;26.00_81.30;26.10_81.30;26.00_81.40;26.05_81.10;26.15_81.20,13,FOREST_FIRE,,On Tree Cover — consistent with a forest/wildland fire.,26.27886472727273,81.42596836363636,366,3.716363636363636,20.41,TREE_COVER,65.7246061284167,HIGH,40
26.85_84.85,26.85_84.85;26.90_84.70;26.95_84.65;26.95_84.70;26.95_84.75;26.85_84.75;26.70_84.75;26.80_84.85;26.65_84.75;26.85_84.80;26.85_84.70;26.85_84.90;26.80_84.80;26.90_84.90;26.85_84.95;26.65_84.70;26.80_84.70;26.80_84.75;26.75_84.90;26.70_84.70;26.75_84.70;26.75_84.85;26.80_84.95;26.65_84.90;26.70_84.95;26.70_84.85;26.65_84.85;26.75_84.75;26.70_84.80,29,AGRICULTURAL_BURNING,,On cropland — consistent with crop-residue burning.,26.87382333333333,84.88168185185185,366,2.7762962962962963,92.73,CROPLAND,65.3266476319018,HIGH,40
24.30_81.85,24.30_81.85;24.45_82.00;24.25_81.85;24.30_81.80;24.45_82.05;24.35_82.05;24.40_82.00;24.35_82.00;24.35_81.95;24.30_82.00;24.30_82.10;24.30_81.95,12,AGRICULTURAL_BURNING,,On cropland — consistent with crop-residue burning.,24.317899333333333,81.87010438095238,362,7.124857142857143,59.41,CROPLAND,68.7916948984377,HIGH,40
29.25_76.70,29.25_76.70;29.30_76.40,2,FOREST_FIRE,,On Tree Cover — consistent with a forest/wildland fire.,29.27602594736842,76.72560878947368,361,5.929263157894736,33.58,TREE_COVER,70.63292731463783,HIGH,40
23.50_78.95,23.50_78.95;23.55_79.15;23.60_78.90,3,FOREST_FIRE,,On Tree Cover — consistent with a forest/wildland fire.,23.52152367741936,78.9848769032258,355,2.9134838709677418,21.05,TREE_COVER,69.32708708348767,HIGH,40
26.00_77.15,26.00_77.15;25.95_77.10;25.95_77.25;26.00_77.25;26.20_77.20,5,FOREST_FIRE,,On Tree Cover — consistent with a forest/wildland fire.,26.01895819672131,77.17085717213114,351,9.294467213114752,131.42,TREE_COVER,70.18828384525709,HIGH,40
24.45_81.65,24.45_81.65;24.45_81.70;24.45_81.75;24.35_81.45;24.40_81.60;24.40_81.70;24.35_81.70;24.35_81.50;24.20_81.60;24.15_81.55;24.15_81.65;24.30_81.55;24.15_81.45;24.25_81.55;24.15_81.75,15,AGRICULTURAL_BURNING,,On cropland — consistent with crop-residue burning.,24.467292714285712,81.67922285714286,350,8.677285714285714,86.04,CROPLAND,70.40372169034266,HIGH,40
29.55_77.55,29.55_77.55;29.85_77.65;29.85_77.70;29.75_77.70;29.85_77.75;29.70_77.70;29.70_77.75;29.55_77.75;29.60_77.80,9,FOREST_FIRE,Project Haridwar 4,On Tree Cover — consistent with a forest/wildland fire.,29.57718838709677,77.58652483870966,348,2.998548387096774,13.07,TREE_COVER,65.89837624303871,HIGH,40
24.40_81.50,24.40_81.50;24.50_81.70;24.20_81.75;24.30_81.45;24.30_81.65;24.15_81.50;24.35_81.60;24.35_81.75;24.20_81.50;24.25_81.60;24.25_81.75;24.25_81.65;24.20_81.55;24.25_81.50;24.15_81.60;24.30_81.70;24.30_81.75;24.25_81.70,18,FOREST_FIRE,In progress,On Tree Cover — consistent with a forest/wildland fire.,24.4257875,81.51871390625,346,8.44359375,63.33,TREE_COVER,66.17957970446174,HIGH,40
27.85_84.50,27.85_84.50;27.90_84.35;27.95_84.40,3,AGRICULTURAL_BURNING,Marsyangdi Hydro Power,On cropland — consistent with crop-residue burning.,27.8762861,84.5393265,345,2.695679012345679,20.8,CROPLAND,70.91570064504528,HIGH,40
24.35_83.40,24.35_83.40;24.15_83.55;24.15_83.35;24.40_83.25;24.45_83.55;24.35_83.45;24.20_83.55;24.35_83.50;24.45_83.30;24.25_83.40;24.25_83.45;24.20_83.40;24.15_83.25;24.20_83.35;24.35_83.35,15,AGRICULTURAL_BURNING,,On cropland — consistent with crop-residue burning.,24.3599314516129,83.42227516129032,342,6.38758064516129,47.76,CROPLAND,58.93906008059823,HIGH,40
28.90_80.30,28.90_80.30;28.85_80.00;28.85_80.05;28.80_80.05,4,AGRICULTURAL_BURNING,,On cropland — consistent with crop-residue burning.,28.923421352657005,80.31271057971016,341,5.779903381642512,109.6,CROPLAND,79.23072657811544,CRITICAL,40
28.25_77.25,28.25_77.25,1,INDUSTRIAL,,On Built Up land cover (ESA WorldCover 10m) with 340 historical detections — consistent with a real industrial fire source.,28.2743795,77.2726981,340,1.212323529411765,18.56,BUILT_UP,78.23907689205609,CRITICAL,8
24.75_81.20,24.75_81.20;24.70_81.20;24.75_81.30;24.65_81.40,4,FOREST_FIRE,,On Tree Cover — consistent with a forest/wildland fire.,24.76565580882353,81.22297764705883,336,10.790514705882352,94.82,TREE_COVER,71.53180180642421,HIGH,40
23.80_76.70,23.80_76.70;23.85_76.55;23.85_76.40;24.10_76.45;23.90_76.60;23.80_76.55;23.95_76.65;23.85_76.65;23.80_76.40;24.05_76.50;24.00_76.50;23.95_76.40;23.85_76.45;23.85_76.70;23.85_76.60;24.10_76.65;23.85_76.50;23.75_76.50;24.10_76.50;23.80_76.45;23.95_76.50;23.95_76.45;23.90_76.50;24.05_76.40;23.80_76.65;24.05_76.45;24.00_76.45;24.10_76.40;23.90_76.55;23.95_76.60;23.90_76.45,31,AGRICULTURAL_BURNING,,On cropland — consistent with crop-residue burning.,23.82809577777778,76.72488911111111,329,6.390444444444444,31.23,CROPLAND,64.3257510759624,HIGH,40
24.15_74.60,24.15_74.60;24.30_74.65;24.20_74.70,3,FOREST_FIRE,,On Tree Cover — consistent with a forest/wildland fire.,24.17980190045249,74.62315619909502,328,5.896923076923077,30.0,TREE_COVER,70.58224954235412,HIGH,40
27.50_78.40,27.50_78.40;27.55_78.30;27.70_78.25;27.55_78.35;27.45_78.40;27.45_78.45;27.65_78.35;27.40_78.35;27.60_78.35;27.55_78.20;27.45_78.35;27.60_78.40;27.55_78.25;27.65_78.40;27.50_78.35;27.65_78.45;27.65_78.30;27.55_78.40;27.60_78.45;27.70_78.35;27.40_78.40;27.50_78.30;27.35_78.35;27.60_78.50;27.65_78.50;27.50_78.25;27.40_78.20;27.40_78.30;27.35_78.20,29,AGRICULTURAL_BURNING,,On cropland — consistent with crop-residue burning.,27.518596857142857,78.42468642857142,328,4.507571428571429,21.95,CROPLAND,63.32904356599212,HIGH,40
24.90_78.20,24.90_78.20;24.85_78.35;24.95_78.30;25.00_78.20;24.85_78.20;24.95_78.20;24.85_78.50;25.00_78.30;24.95_78.25;24.90_78.25;25.00_78.45;24.90_78.55;25.10_78.45;24.95_78.40;25.00_78.35;25.00_78.50;25.05_78.20;25.10_78.25;24.90_78.40;24.90_78.35;24.95_78.45;24.95_78.35;24.95_78.50;24.90_78.45;25.05_78.50;25.05_78.45;25.05_78.30;25.10_78.30;25.15_78.20;25.20_78.20;25.00_78.40;25.10_78.35;25.15_78.25,33,AGRICULTURAL_BURNING,,On cropland — consistent with crop-residue burning.,24.923024528301887,78.22386754716982,326,9.771698113207549,40.55,CROPLAND,64.50003988400792,HIGH,40
29.85_80.30,29.85_80.30,1,AGRICULTURAL_BURNING,,On cropland — consistent with crop-residue burning.,29.873368680981592,80.32547269938651,326,2.751104294478528,25.19,CROPLAND,74.24943266371925,HIGH,40
29.00_78.60,29.00_78.60;29.15_78.60;29.10_78.60;28.90_78.75;28.95_78.60;29.15_78.55;29.05_78.65;28.85_78.65;29.00_78.55;28.90_78.60;28.90_78.55;28.95_78.85,12,FOREST_FIRE,,On Tree Cover — consistent with a forest/wildland fire.,29.02978125,78.63325729166667,323,2.79,14.36,TREE_COVER,65.16536056867263,HIGH,40
23.90_82.85,23.90_82.85;23.90_82.65;23.80_82.75;23.95_82.65;24.00_82.55;24.05_82.55;23.85_82.55,7,AGRICULTURAL_BURNING,,On cropland — consistent with crop-residue burning.,23.924319927007296,82.86893145985402,322,6.5507299270073,45.12,CROPLAND,60.87199252684037,HIGH,40
26.05_79.55,26.05_79.55;26.20_79.60;26.20_79.45,3,FOREST_FIRE,,On Tree Cover — consistent with a forest/wildland fire.,26.0584136,79.5666548,322,4.2166304347826085,22.69,TREE_COVER,70.20741759019313,HIGH,40
29.10_78.30,29.10_78.30;28.85_78.35;29.00_78.50;29.05_78.30;29.05_78.25;28.90_78.30;29.05_78.45;28.95_78.30;29.00_78.40;29.15_78.20;29.00_78.25;28.95_78.45;28.80_78.30;29.15_78.40;28.85_78.50;28.95_78.40;28.90_78.20;28.95_78.20,18,FOREST_FIRE,,On Tree Cover — consistent with a forest/wildland fire.,29.132134727272724,78.32519745454546,314,1.858,7.14,TREE_COVER,65.40477777562533,HIGH,40
29.70_75.50,29.70_75.50,1,INDUSTRIAL,,On Built Up land cover (ESA WorldCover 10m) with 313 historical detections — consistent with a real industrial fire source.,29.725761821086262,75.52304348242811,313,6.717955271565494,47.0,BUILT_UP,72.76451315535954,HIGH,8
24.10_79.15,24.10_79.15;23.80_79.05;24.05_79.05,3,FOREST_FIRE,,On Tree Cover — consistent with a forest/wildland fire.,24.116877872340424,79.17480319148936,312,8.000170212765957,57.43,TREE_COVER,72.08889375904305,HIGH,40
27.60_80.70,27.60_80.70;27.60_80.85;27.65_80.95;27.50_81.00;27.70_81.05;27.40_80.80;27.45_81.05;27.55_80.70;27.45_80.70;27.50_80.80;27.45_80.80;27.70_81.00;27.65_81.00,13,FOREST_FIRE,,On Tree Cover — consistent with a forest/wildland fire.,27.63203738095238,80.72532976190476,312,4.364047619047619,39.53,TREE_COVER,67.70269125723345,HIGH,40
28.80_78.05,28.80_78.05;28.70_77.90;28.80_78.00;28.65_77.90;28.65_77.85;28.70_77.85,6,FOREST_FIRE,,On Tree Cover — consistent with a forest/wildland fire.,28.82675290322581,78.07977612903225,311,5.348064516129032,30.7,TREE_COVER,67.43200720319678,HIGH,40
26.20_82.50,26.20_82.50;26.20_82.40;26.00_82.25;25.95_82.15;26.05_82.40;26.05_82.20;25.95_82.30;26.10_82.25;25.95_82.35;25.95_82.50,10,FOREST_FIRE,,On Tree Cover — consistent with a forest/wildland fire.,26.223908983050848,82.52063983050847,309,3.2845762711864404,22.86,TREE_COVER,66.7934269289134,HIGH,40
27.30_80.70,27.30_80.70;27.20_80.95;27.35_80.95;27.15_80.90;27.35_81.05;27.20_80.75;27.25_80.80;27.30_80.85;27.35_80.80;27.25_80.70;27.05_80.95;27.30_81.05;27.25_80.85;27.20_80.70;27.15_81.00;27.20_80.90;27.05_81.00;27.30_80.90;27.25_80.90;27.25_81.00;27.20_81.05;27.05_80.85;27.10_81.00;27.15_81.05;27.20_81.00;27.15_80.75;27.10_80.70;27.05_80.75;27.05_80.80,29,AGRICULTURAL_BURNING,,On cropland — consistent with crop-residue burning.,27.326484230769232,80.72870269230769,309,3.7038461538461536,23.93,CROPLAND,63.29031635916395,HIGH,40
26.70_78.80,26.70_78.80;26.70_78.85;26.70_78.55;26.75_78.80;26.90_78.70;26.75_78.75;26.75_78.70;26.65_78.85;26.75_78.90;26.75_78.60;26.85_78.60,11,FOREST_FIRE,,On Tree Cover — consistent with a forest/wildland fire.,26.729406458333333,78.83642875,308,6.411666666666666,88.77,TREE_COVER,65.4083541087833,HIGH,40
24.45_79.65,24.45_79.65;24.45_79.85,2,FOREST_FIRE,,On Tree Cover — consistent with a forest/wildland fire.,24.47399465703971,79.67383335740071,307,9.445451263537906,112.31,TREE_COVER,75.51531413761369,CRITICAL,40
24.60_75.35,24.60_75.35;24.50_75.50;24.80_75.55;24.75_75.45;24.65_75.55,5,FOREST_FIRE,,On Tree Cover — consistent with a forest/wildland fire.,24.621936928838952,75.37199445692885,306,9.779138576779028,88.9,TREE_COVER,66.63408691694372,HIGH,40
28.55_83.65,28.55_83.65;28.55_83.60;28.50_83.60;28.45_83.65;28.60_83.60,5,FOREST_FIRE,Mistri Khola Powerhouse,On Tree Cover — consistent with a forest/wildland fire.,28.56626065420561,83.66817205607477,301,8.876728971962617,134.56,TREE_COVER,73.43684415975886,HIGH,40
26.55_83.10,26.55_83.10;26.30_82.95;26.40_83.10;26.30_83.10,4,FOREST_FIRE,,On Tree Cover — consistent with a forest/wildland fire.,26.572508093385213,83.12073171206227,300,12.28284046692607,142.78,TREE_COVER,75.1337945005469,CRITICAL,40
27.55_78.60,27.55_78.60;27.40_78.80;27.70_78.75;27.45_78.75;27.50_78.75;27.40_78.85;27.40_78.70;27.35_78.85;27.35_78.55;27.65_78.75;27.40_78.60;27.40_78.90;27.45_78.60;27.60_78.60;27.35_78.65;27.60_78.90;27.40_78.65;27.65_78.55;27.45_78.70;27.60_78.85;27.45_78.65;27.70_78.90;27.45_78.85;27.65_78.80;27.70_78.80;27.65_78.85;27.60_78.55;27.40_78.75;27.60_78.70;27.75_78.80;27.50_78.85;27.60_78.80,32,AGRICULTURAL_BURNING,,On cropland — consistent with crop-residue burning.,27.559896888888886,78.60814777777777,300,8.759555555555556,44.88,CROPLAND,65.31435011817943,HIGH,40
27.10_84.85,27.10_84.85,1,INDUSTRIAL,,On Bare Sparse land cover (ESA WorldCover 10m) with 294 historical detections — consistent with a real industrial fire source.,27.1064675,84.8622769,294,4.8143197278911565,43.53,BARE_SPARSE,73.88889126662234,HIGH,8
25.10_82.65,25.10_82.65;24.90_82.75;24.85_82.65;24.85_82.75;24.95_82.75;24.90_82.65;24.90_82.70;24.85_82.85;24.85_82.80;24.85_82.60;24.85_82.70;25.00_82.55;24.85_82.55;25.05_82.65;25.10_82.70;24.85_82.50;25.20_82.85;25.00_82.70;25.05_82.70;24.90_82.50;25.15_82.75;25.05_82.60;25.20_82.80;25.15_82.80;24.90_82.55;25.00_82.75;24.90_82.60,27,AGRICULTURAL_BURNING,,On cropland — consistent with crop-residue burning.,25.12294530612245,82.6771124489796,294,3.971632653061224,104.28,CROPLAND,66.61536765151587,HIGH,40
24.65_82.25,24.65_82.25;24.80_82.45;24.70_82.15;24.50_82.25;24.80_82.25;24.50_82.45;24.50_82.20;24.65_82.35,8,FOREST_FIRE,,On Tree Cover — consistent with a forest/wildland fire.,24.67502552763819,82.2677887437186,293,9.862964824120604,114.66,TREE_COVER,67.30906949061581,HIGH,40
27.70_80.50,27.70_80.50;27.70_80.65;27.45_80.65;27.65_80.50;27.70_80.45;27.45_80.45;27.55_80.60;27.40_80.55;27.50_80.65,9,FOREST_FIRE,,On Tree Cover — consistent with a forest/wildland fire.,27.7259941509434,80.52415490566038,287,3.4181132075471696,19.87,TREE_COVER,64.99121550996958,HIGH,40
25.35_80.05,25.35_80.05;25.55_80.15;25.50_80.20;25.50_80.10;25.55_80.10;25.40_80.30;25.35_80.30;25.30_80.30;25.25_80.30;25.55_80.05;25.55_80.00;25.35_80.00;25.40_80.10;25.45_80.25;25.55_80.20;25.35_80.25;25.40_80.20;25.45_80.10;25.45_80.00;25.25_80.05;25.45_80.15;25.30_80.00;25.50_80.05;25.30_80.10;25.35_80.20;25.40_80.00;25.25_80.00;25.20_80.15;25.45_80.05;25.30_80.20;25.30_80.25;25.40_80.15;25.20_80.25,33,AGRICULTURAL_BURNING,,On cropland — consistent with crop-residue burning.,25.376373666666662,80.07538233333334,287,9.584,48.03,CROPLAND,56.27106522272329,MODERATE,40
23.95_82.60,23.95_82.60,1,INDUSTRIAL,,On Built Up land cover (ESA WorldCover 10m) with 284 historical detections — consistent with a real industrial fire source.,23.9789245,82.6276448,284,4.420774647887324,97.82,BUILT_UP,82.45090588268525,CRITICAL,8
24.55_81.80,24.55_81.80;24.60_82.00;24.55_81.90;24.50_81.90;24.60_82.05;24.65_81.95;24.70_81.90;24.70_81.95;24.65_81.80;24.70_82.05;24.65_82.00;24.70_81.85;24.65_81.90;24.50_82.00;24.50_82.10;24.60_81.80;24.75_82.05;24.65_82.10;24.60_82.10;24.75_81.95;24.75_81.90;24.50_82.05;24.75_82.00;24.75_81.85;24.70_82.00;24.50_81.95;24.70_82.10;24.65_81.85,28,AGRICULTURAL_BURNING,,On cropland — consistent with crop-residue burning.,24.570557721518988,81.82873607594937,284,7.936962025316456,49.14,CROPLAND,66.55255998209738,HIGH,40
29.15_75.65,29.15_75.65;29.15_75.60;29.15_75.55;28.90_75.60;29.05_75.60;29.05_75.65;29.10_75.65;29.10_75.60;29.15_75.50;29.15_75.35;29.10_75.55;28.95_75.60;29.15_75.40;29.10_75.35;29.05_75.55;29.00_75.60;29.10_75.30;29.10_75.50;29.05_75.30;28.80_75.30;29.15_75.45;29.00_75.40;29.15_75.30;28.95_75.40;28.80_75.55;28.85_75.55;29.00_75.50;29.05_75.50;29.10_75.45;29.10_75.40,30,AGRICULTURAL_BURNING,,On cropland — consistent with crop-residue burning.,29.178707346938776,75.67522591836735,281,4.128979591836735,28.91,CROPLAND,65.14009299393587,HIGH,40
24.90_80.25,24.90_80.25;24.90_80.30;24.90_80.00;24.95_80.00;24.85_80.05;24.85_80.00;25.00_80.00;25.05_80.00;25.00_80.30;25.05_80.05;24.95_80.20;25.15_80.10;24.95_80.30;25.00_80.05;25.10_80.30;24.95_80.10;24.90_80.15;24.90_80.05;25.00_80.15;25.15_80.05;25.10_80.10;25.10_80.05;25.05_80.20;25.20_80.00;25.15_80.30;25.00_80.25;25.15_80.20;25.00_80.10,28,AGRICULTURAL_BURNING,,On cropland — consistent with crop-residue burning.,24.928494457831324,80.28336060240964,279,5.660120481927711,56.01,CROPLAND,55.26520144359245,HIGH,40
25.90_77.75,25.90_77.75;25.85_77.75;25.90_77.50;25.75_77.45;25.80_77.55;25.70_77.55;25.80_77.50;25.60_77.50;25.75_77.50;25.70_77.50;25.85_77.55,11,AGRICULTURAL_BURNING,,On cropland — consistent with crop-residue burning.,25.92828847619048,77.77129728571428,278,7.249142857142857,49.17,CROPLAND,71.49684411793194,HIGH,40
28.25_78.80,28.25_78.80;28.25_78.70;28.25_78.75;28.35_78.65;28.30_78.75;28.35_78.70;28.20_78.80;28.35_78.75;28.40_78.75;28.25_78.85;28.20_78.85;28.30_78.80;28.10_78.55;28.20_78.75;28.40_78.80;28.35_78.80;28.40_78.65;28.15_78.60;28.20_78.70;28.10_78.85;28.40_78.55;28.15_78.80;28.25_78.65;28.30_78.55;28.15_78.75;28.20_78.55;28.35_78.85;28.15_78.65,28,AGRICULTURAL_BURNING,,On cropland — consistent with crop-residue burning.,28.275496666666665,78.821660625,277,3.80375,25.59,CROPLAND,64.92922355567103,HIGH,40
23.55_84.95,23.55_84.95;23.70_84.90;23.75_84.90;23.50_84.90,4,AGRICULTURAL_BURNING,,On cropland — consistent with crop-residue burning.,23.57561474137931,84.97167655172414,276,4.32875,17.71,CROPLAND,63.01980642736355,HIGH,40
26.40_82.70,26.40_82.70;26.50_82.60;26.35_82.85;26.35_82.55;26.40_82.80;26.40_82.85;26.30_82.80,7,FOREST_FIRE,,On Tree Cover — consistent with a forest/wildland fire.,26.42561884615385,82.72256876923078,276,3.695,75.02,TREE_COVER,71.43944410659047,HIGH,40
25.95_81.75,25.95_81.75;26.00_81.55;26.20_81.75;26.00_81.70;26.00_81.60;26.10_81.70;26.00_81.75;25.95_81.70,8,FOREST_FIRE,,On Tree Cover — consistent with a forest/wildland fire.,25.978353181818186,81.77298030303031,272,5.364393939393939,21.77,TREE_COVER,66.11760241849093,HIGH,40
28.20_79.10,28.20_79.10;28.25_79.20;28.40_79.10;28.40_79.20;28.25_79.25;28.40_79.25;28.15_79.10;28.15_79.15;28.40_79.15;28.30_79.00;28.15_79.05;28.20_78.90;28.35_78.95;28.35_79.15;28.30_79.05;28.25_78.90;28.15_79.25;28.10_79.20;28.10_79.15;28.35_79.00;28.30_79.15;28.30_78.90;28.20_79.05;28.40_78.95;28.15_78.95;28.30_78.95;28.35_79.05;28.25_79.00;28.15_78.90;28.15_79.20;28.35_79.10;28.40_79.05;28.40_79.00;28.25_78.95;28.35_79.20;28.15_79.00;28.10_78.95,37,AGRICULTURAL_BURNING,,On cropland — consistent with crop-residue burning.,28.22874321428572,79.12136,271,3.746785714285714,11.7,CROPLAND,56.00333410444597,MODERATE,40
29.35_76.80,29.35_76.80,1,INDUSTRIAL,,On Built Up land cover (ESA WorldCover 10m) with 266 historical detections — consistent with a real industrial fire source.,29.3813629,76.8050149,266,6.304060150375939,43.26,BUILT_UP,72.2084596618092,HIGH,8
27.05_79.25,27.05_79.25;27.15_79.30;27.05_79.30;27.10_79.30;27.35_79.30;27.15_79.25;27.05_79.35;27.25_79.45;27.20_79.55;27.10_79.35;27.25_79.40;27.05_79.50;27.30_79.30;27.35_79.45;27.20_79.45;27.25_79.50;27.15_79.35;27.15_79.40;27.25_79.60;27.10_79.60;27.20_79.30;27.05_79.60;27.15_79.45;27.35_79.50;27.10_79.55;27.20_79.50;27.20_79.40;27.10_79.45;27.35_79.35;27.05_79.55;27.05_79.40;27.25_79.55;27.10_79.50;27.30_79.35;27.05_79.45;27.10_79.40;27.15_79.60;27.15_79.55;27.15_79.50;27.20_79.60,40,AGRICULTURAL_BURNING,,On cropland — consistent with crop-residue burning.,27.076225166666667,79.28187249999999,265,5.097666666666667,17.35,CROPLAND,65.91760587132754,HIGH,40
26.75_80.05,26.75_80.05,1,INDUSTRIAL,Bilhaur solar farm,On Built Up land cover (ESA WorldCover 10m) with 262 historical detections — consistent with a real industrial fire source.,26.7552285,80.067088,262,6.197480916030535,44.35,BUILT_UP,65.32285990513222,HIGH,8
24.50_77.20,24.50_77.20;24.65_77.20,2,FOREST_FIRE,,On Tree Cover — consistent with a forest/wildland fire.,24.51569622641509,77.21960408805032,262,6.58308176100629,40.82,TREE_COVER,70.38586043339868,HIGH,40
28.60_82.15,28.60_82.15;28.60_82.30;28.60_82.35,3,AGRICULTURAL_BURNING,,On cropland — consistent with crop-residue burning.,28.6219181,82.1699861,262,2.7215217391304347,25.41,CROPLAND,55.32828411457656,HIGH,40
26.30_81.20,26.30_81.20;26.30_81.35;26.50_81.15;26.50_81.35;26.35_81.30,5,FOREST_FIRE,,On Tree Cover — consistent with a forest/wildland fire.,26.32403177419355,81.22281217741936,261,4.043225806451613,27.77,TREE_COVER,68.22017694561568,HIGH,40
28.50_83.00,28.50_83.00;28.55_82.90;28.65_82.90;28.60_82.90;28.50_82.95;28.45_83.20;28.65_82.85;28.65_82.95;28.75_82.85;28.50_83.15;28.55_83.05,11,FOREST_FIRE,,On Tree Cover — consistent with a forest/wildland fire.,28.536507903225807,83.01718258064516,261,7.29274193548387,35.42,TREE_COVER,66.06695168029636,MODERATE,40
28.60_77.45,28.60_77.45;28.65_77.45,2,INDUSTRIAL,,On Built Up land cover (ESA WorldCover 10m) with 254 historical detections — consistent with a real industrial fire source.,28.6185427,77.4741798,257,0.6553543307086614,9.12,BUILT_UP,76.66721120046446,CRITICAL,8
27.55_84.20,27.55_84.20;27.55_84.15;27.65_84.10,3,AGRICULTURAL_BURNING,,On cropland — consistent with crop-residue burning.,27.559118543689323,84.22211106796117,254,7.180970873786408,72.69,CROPLAND,69.47952882320786,HIGH,40
23.85_84.05,23.85_84.05;23.80_84.25;23.90_83.95;23.80_84.30;23.80_84.00;23.85_84.25;23.95_84.15;24.10_84.00;24.00_84.10;23.95_84.20;24.05_84.25;24.00_84.20;24.10_84.25;24.10_84.15;24.05_84.00;24.05_84.10,16,AGRICULTURAL_BURNING,,On cropland — consistent with crop-residue burning.,23.88346413043478,84.07792304347826,253,5.705217391304347,28.46,CROPLAND,57.96035463109887,HIGH,40
23.90_84.55,23.90_84.55;23.95_84.45;23.75_84.40;23.85_84.45;24.05_84.55;24.00_84.45;23.80_84.60;24.05_84.30;24.05_84.40,9,AGRICULTURAL_BURNING,,On cropland — consistent with crop-residue burning.,23.93650047619048,84.57744321428571,253,4.966547619047619,26.06,CROPLAND,60.9818828882078,HIGH,40
25.85_81.65,25.85_81.65;25.75_81.70;25.65_81.45;25.85_81.60;25.80_81.50;25.85_81.70;25.60_81.55;25.65_81.50;25.70_81.55;25.70_81.50;25.70_81.75,11,FOREST_FIRE,,On Tree Cover — consistent with a forest/wildland fire.,25.87582385964912,81.6677005263158,251,6.633508771929825,32.74,TREE_COVER,66.71097972470899,HIGH,40
27.50_81.30,27.50_81.30;27.70_81.10;27.65_81.15;27.60_81.10;27.70_81.30,5,FOREST_FIRE,,On Tree Cover — consistent with a forest/wildland fire.,27.517676490066226,81.32757781456954,251,9.684304635761588,68.22,TREE_COVER,67.94542333149548,HIGH,40
25.60_75.70,25.60_75.70;25.60_75.80;25.60_75.95;25.65_75.90;25.65_76.00;25.65_75.95;25.60_75.65;25.65_75.65;25.65_75.85;25.60_76.00;25.65_75.80;25.60_75.75;25.65_75.70;25.90_75.75;25.75_75.80;25.90_75.70;25.90_75.80;25.80_75.75;25.70_76.00;25.85_75.75;25.70_75.90;25.90_75.95;25.65_75.75;25.70_75.85;25.80_75.80;25.75_75.90;25.90_75.65;25.75_75.85;25.85_76.00;25.80_75.90;25.70_75.75;25.70_75.65;25.85_75.80;25.85_75.85;25.70_75.95,35,AGRICULTURAL_BURNING,,On cropland — consistent with crop-residue burning.,25.61597702702703,75.72185486486487,246,9.042432432432433,50.69,CROPLAND,56.95251994557971,HIGH,40
23.80_79.90,23.80_79.90;23.80_79.95;24.05_79.80,3,FOREST_FIRE,,On Tree Cover — consistent with a forest/wildland fire.,23.82803033898305,79.91826983050848,244,16.692033898305084,64.49,TREE_COVER,66.51575312296963,HIGH,40
26.30_82.05,26.30_82.05;26.40_81.95;26.45_81.90;26.35_81.95;26.50_81.90;26.60_82.00;26.35_82.05;26.30_81.95;26.40_82.10;26.50_81.85;26.50_82.10;26.55_81.85;26.30_81.90;26.55_81.90;26.60_82.10;26.55_82.10;26.60_82.05;26.35_82.00,18,FOREST_FIRE,,On Tree Cover — consistent with a forest/wildland fire.,26.32383655737705,82.07961688524591,243,6.660655737704918,35.37,TREE_COVER,67.14161008445069,HIGH,40
25.80_80.80,25.80_80.80;25.65_81.05;25.60_81.05;25.75_80.70,4,FOREST_FIRE,,On Tree Cover — consistent with a forest/wildland fire.,25.8202821875,80.82634302083333,241,4.24,19.88,TREE_COVER,66.87278041508569,HIGH,40
24.15_76.70,24.15_76.70;24.15_76.65;24.20_76.60;24.40_76.65;24.45_76.60;24.35_76.65;24.45_76.55;24.30_76.70;24.35_76.55;24.15_76.55;24.35_76.70;24.20_76.70;24.40_76.50;24.30_76.50;24.25_76.60;24.45_76.50;24.20_76.65;24.15_76.45;24.35_76.60;24.45_76.45;24.25_76.65;24.20_76.45;24.45_76.40;24.30_76.65;24.25_76.50;24.45_76.70;24.35_76.40;24.30_76.40;24.30_76.45;24.35_76.45;24.40_76.60,31,AGRICULTURAL_BURNING,,On cropland — consistent with crop-residue burning.,24.17199125,76.729242,241,7.881749999999999,41.09,CROPLAND,55.745895481760925,HIGH,40
27.75_80.65,27.75_80.65;27.80_80.60;27.85_80.65;27.75_80.60;27.80_80.45,5,FOREST_FIRE,,On Tree Cover — consistent with a forest/wildland fire.,27.77676283018868,80.6715254716981,241,3.5290566037735847,20.57,TREE_COVER,67.09431884065933,HIGH,40
28.00_83.85,28.00_83.85;27.80_83.70;28.00_83.75;27.80_83.60,4,AGRICULTURAL_BURNING,Pragati Itta Udhyog Dauwa,On cropland — consistent with crop-residue burning.,28.025983541666665,83.875268125,241,4.764375,127.45,CROPLAND,81.97368708337068,CRITICAL,40
26.35_79.00,26.35_79.00;26.45_79.10;26.40_79.05;26.45_79.00;26.60_78.90;26.55_79.10;26.55_78.90;26.50_79.00;26.55_79.05;26.45_79.20,10,FOREST_FIRE,,On Tree Cover — consistent with a forest/wildland fire.,26.376368045977014,79.02293206896552,240,4.440229885057471,41.58,TREE_COVER,67.9424399181959,HIGH,40
27.10_80.95,27.10_80.95;27.35_80.70;27.00_80.85;27.35_81.00;27.35_80.75;27.35_80.85;27.30_80.80;27.10_80.90;27.25_80.95;27.25_80.75;27.30_81.00;27.15_80.95;27.05_80.90;27.20_80.80;27.10_80.75,15,FOREST_FIRE,,On Tree Cover — consistent with a forest/wildland fire.,27.11793606060606,80.97311484848485,240,4.21060606060606,16.79,TREE_COVER,64.07986374220803,HIGH,40
23.50_83.35,23.50_83.35;23.60_83.40;23.50_83.25;23.50_83.40;23.65_83.35,5,AGRICULTURAL_BURNING,,On cropland — consistent with crop-residue burning.,23.526511785714288,83.37888607142857,239,2.880952380952381,16.78,CROPLAND,61.26543397278976,HIGH,40
26.80_83.50,26.80_83.50,1,INDUSTRIAL,,On Built Up land cover (ESA WorldCover 10m) with 239 historical detections — consistent with a real industrial fire source.,26.8313988,83.5468413,239,4.492635983263599,27.43,BUILT_UP,71.44379754064919,HIGH,8
26.00_78.25,26.00_78.25;26.05_78.40;26.10_78.25,3,FOREST_FIRE,,On Tree Cover — consistent with a forest/wildland fire.,26.019797288135592,78.27394449152543,237,5.968898305084746,103.89,TREE_COVER,68.66855416964894,HIGH,40
25.55_78.95,25.55_78.95;25.50_79.20;25.25_79.20,3,FOREST_FIRE,,On Tree Cover — consistent with a forest/wildland fire.,25.579340246305417,78.97463916256157,236,6.918768472906404,36.51,TREE_COVER,70.46942331830715,HIGH,40
28.15_76.85,28.15_76.85;28.20_76.85;28.20_76.80,3,INDUSTRIAL,,On Built Up land cover (ESA WorldCover 10m) with 118 historical detections — consistent with a real industrial fire source.,28.1804797,76.8725247,236,2.780677966101695,33.57,BUILT_UP,73.23921474172941,HIGH,8
28.90_80.80,28.90_80.80,1,AGRICULTURAL_BURNING,,On cropland — consistent with crop-residue burning.,28.930285574468087,80.82475680851064,235,4.044297872340425,40.94,CROPLAND,67.03168823358237,HIGH,40
28.15_83.75,28.15_83.75;28.20_83.90;28.35_83.85,3,AGRICULTURAL_BURNING,,On cropland — consistent with crop-residue burning.,28.17921107784431,83.77545467065869,232,3.0461676646706586,14.31,CROPLAND,62.55252366500216,HIGH,40
28.40_76.55,28.40_76.55;28.40_76.60;28.30_76.50;28.40_76.45;28.30_76.55;28.30_76.40;28.35_76.60;28.40_76.50;28.35_76.55;28.25_76.45;28.10_76.40;28.20_76.60;28.40_76.40;28.20_76.40;28.25_76.60;28.20_76.50;28.25_76.55;28.35_76.40;28.30_76.45;28.20_76.65;28.10_76.45;28.10_76.50,22,AGRICULTURAL_BURNING,,On cropland — consistent with crop-residue burning.,28.43383155844156,76.58144987012987,229,6.437532467532468,23.27,CROPLAND,66.70048639796929,HIGH,40
28.35_77.25,28.35_77.25;28.35_77.30;28.30_77.30,3,INDUSTRIAL,,On Built Up land cover (ESA WorldCover 10m) with 205 historical detections — consistent with a real industrial fire source.,28.3529908,77.2688185,228,0.9619512195121952,6.74,BUILT_UP,71.73482478103355,HIGH,8
27.35_80.35,27.35_80.35;27.20_80.45;27.30_80.65;27.10_80.60;27.30_80.55;27.35_80.50;27.10_80.55;27.25_80.50;27.05_80.35;27.00_80.40;27.05_80.55,11,FOREST_FIRE,,On Tree Cover — consistent with a forest/wildland fire.,27.36749413793104,80.37820896551725,227,5.152758620689656,21.24,TREE_COVER,68.40546054364489,HIGH,40
25.80_82.80,25.80_82.80;25.85_82.65;25.80_82.65;25.60_82.55;25.75_82.60;25.75_82.70;25.65_82.85,7,FOREST_FIRE,,On Tree Cover — consistent with a forest/wildland fire.,25.82299221518987,82.82859493670885,226,6.137278481012658,35.23,TREE_COVER,70.08818802567575,HIGH,40
25.60_83.90,25.60_83.90;25.85_83.60,2,FOREST_FIRE,,On Tree Cover — consistent with a forest/wildland fire.,25.622436990291263,83.92175310679612,225,4.450242718446602,21.23,TREE_COVER,70.1868169809185,HIGH,40
28.45_77.65,28.45_77.65,1,INDUSTRIAL,,On Built Up land cover (ESA WorldCover 10m) with 221 historical detections — consistent with a real industrial fire source.,28.4677093,77.6646085,221,1.327601809954751,16.49,BUILT_UP,75.22268725752424,CRITICAL,8
26.35_82.15,26.35_82.15;26.50_82.20;26.50_82.15;26.60_82.30;26.40_82.35;26.40_82.30;26.45_82.20;26.55_82.15;26.40_82.15,9,FOREST_FIRE,,On Tree Cover — consistent with a forest/wildland fire.,26.372714193548383,82.18471483870968,221,3.685161290322581,14.53,TREE_COVER,64.33331568647631,HIGH,40
29.40_78.30,29.40_78.30;29.20_78.45;29.25_78.50;29.20_78.35;29.50_78.25;29.25_78.20;29.45_78.30;29.50_78.40;29.30_78.40;29.20_78.40;29.35_78.35;29.45_78.35;29.35_78.30;29.40_78.40,14,FOREST_FIRE,,On Tree Cover — consistent with a forest/wildland fire.,29.42922375,78.31919708333334,218,2.6558333333333333,11.96,TREE_COVER,62.72437285718821,HIGH,40
24.90_75.45,24.90_75.45;24.95_75.40;24.90_75.50;24.95_75.60,4,FOREST_FIRE,,On Tree Cover — consistent with a forest/wildland fire.,24.924833274336283,75.47492840707964,215,10.668053097345132,76.39,TREE_COVER,64.8780902437146,HIGH,40
26.15_78.05,26.15_78.05;26.05_77.95;26.20_78.05,3,FOREST_FIRE,,On Tree Cover — consistent with a forest/wildland fire.,26.16662682926829,78.07152593495934,211,19.523739837398374,245.57,TREE_COVER,73.67096862687366,HIGH,40
29.20_79.00,29.20_79.00,1,INDUSTRIAL,,On Built Up land cover (ESA WorldCover 10m) with 210 historical detections — consistent with a real industrial fire source.,29.228472142857143,79.02332533333333,210,4.341666666666667,23.61,BUILT_UP,70.67292379263942,HIGH,8
29.65_75.55,29.65_75.55,1,INDUSTRIAL,small gaushala,On Built Up land cover (ESA WorldCover 10m) with 210 historical detections — consistent with a real industrial fire source.,29.6779539,75.5772819,210,6.2667142857142855,30.71,BUILT_UP,70.33341321525658,HIGH,8
26.25_83.70,26.25_83.70;26.15_83.60;26.20_83.65,3,FOREST_FIRE,,On Tree Cover — consistent with a forest/wildland fire.,26.28055104651163,83.73369529069767,208,7.635406976744186,58.19,TREE_COVER,71.51004416345639,HIGH,40
26.95_82.20,26.95_82.20;26.95_82.15;26.65_82.40;26.75_82.35;26.95_82.25;26.65_82.20;26.85_82.35;26.75_82.45;26.90_82.30,9,FOREST_FIRE,,On Tree Cover — consistent with a forest/wildland fire.,26.968759836065576,82.22446983606557,208,3.887213114754098,44.99,TREE_COVER,65.95902857665429,HIGH,40
29.35_77.20,29.35_77.20;29.35_77.25;29.40_77.15,3,FOREST_FIRE,,On Tree Cover — consistent with a forest/wildland fire.,29.37147951219512,77.22577219512195,204,2.864878048780488,11.38,TREE_COVER,66.85637990838462,HIGH,40
27.00_78.40,27.00_78.40;27.05_78.40;27.10_78.30;27.30_78.50;27.05_78.30;27.25_78.50;27.35_78.50;27.25_78.45;27.20_78.50;27.35_78.25;27.20_78.45;27.25_78.40;27.35_78.45;27.05_78.25;27.20_78.25;27.15_78.25;27.30_78.40;27.30_78.35;27.25_78.35,19,AGRICULTURAL_BURNING,,On cropland — consistent with crop-residue burning.,27.028277962962964,78.43086425925925,203,6.205740740740741,30.89,CROPLAND,64.63341449285689,HIGH,40
28.90_76.30,28.90_76.30,1,FOREST_FIRE,,On Tree Cover — consistent with a forest/wildland fire.,28.91997024875622,76.3228160199005,201,6.120248756218905,67.86,TREE_COVER,74.12665445661169,HIGH,40
24.75_84.75,24.75_84.75;24.80_84.75;24.80_84.85;24.75_84.70;24.80_84.70;24.80_84.65;24.75_84.85;24.80_84.80;24.75_84.90;24.50_84.70;24.75_84.65;24.50_84.95;24.65_84.70,13,AGRICULTURAL_BURNING,,On cropland — consistent with crop-residue burning.,24.780887659574468,84.7733644680851,200,5.73595744680851,56.55,CROPLAND,68.21971138785351,HIGH,40
23.70_82.55,23.70_82.55;23.75_82.70,2,AGRICULTURAL_BURNING,,On cropland — consistent with crop-residue burning.,23.732824905660376,82.57753528301888,200,2.4698742138364778,13.74,CROPLAND,62.38385447830779,HIGH,40
29.95_76.45,29.95_76.45;29.95_76.40,2,FOREST_FIRE,,On Tree Cover — consistent with a forest/wildland fire.,29.97074176470588,76.47333088235294,199,5.44860294117647,46.57,TREE_COVER,71.40454742718582,HIGH,40
27.35_81.85,27.35_81.85;27.35_81.80;27.10_82.10;27.05_81.85;27.10_82.05;27.00_81.95;27.05_81.80;27.35_82.05;27.10_81.85,9,AGRICULTURAL_BURNING,,On cropland — consistent with crop-residue burning.,27.37654898305085,81.88077915254237,197,3.602542372881356,114.83,CROPLAND,65.51820304813694,HIGH,40
28.85_77.10,28.85_77.10,1,INDUSTRIAL,,On Built Up land cover (ESA WorldCover 10m) with 194 historical detections — consistent with a real industrial fire source.,28.8699577,77.1259424,194,2.045257731958764,17.91,BUILT_UP,72.61693627117003,HIGH,8
26.00_80.85,26.00_80.85;26.05_80.85;26.15_80.90;26.10_81.05;26.15_80.80;26.25_80.95;26.20_81.05,7,FOREST_FIRE,,On Tree Cover — consistent with a forest/wildland fire.,26.023010547945205,80.87305424657535,194,8.499589041095891,192.97,TREE_COVER,79.0011513132223,CRITICAL,40
24.80_78.20,24.80_78.20;24.60_78.40;24.55_78.25;24.65_78.20,4,FOREST_FIRE,,On Tree Cover — consistent with a forest/wildland fire.,24.830456428571427,78.22889325396827,193,6.570079365079366,40.86,TREE_COVER,69.74301110313516,HIGH,40
26.65_81.10,26.65_81.10;26.85_81.25;26.90_81.25;27.00_81.35;26.80_81.30;27.00_81.20;26.80_81.15;26.75_81.35;26.85_81.40;26.90_81.35,10,FOREST_FIRE,,On Tree Cover — consistent with a forest/wildland fire.,26.679427831325302,81.1183569879518,192,3.88,15.51,TREE_COVER,60.16049460361561,HIGH,40
25.55_78.80,25.55_78.80;25.30_78.65;25.20_78.55;25.35_78.55;25.25_78.85,5,FOREST_FIRE,,On Tree Cover — consistent with a forest/wildland fire.,25.57942794520548,78.82259678082193,189,5.068972602739726,64.28,TREE_COVER,74.29081589724021,HIGH,40
24.35_84.95,24.35_84.95;24.15_84.85;24.30_84.75;24.40_84.60;24.45_84.90,5,AGRICULTURAL_BURNING,,On cropland — consistent with crop-residue burning.,24.3804023178808,84.97501483443709,189,3.627615894039735,17.79,CROPLAND,62.42441112111586,HIGH,40
26.10_79.00,26.10_79.00;26.15_79.00;26.20_79.00;25.95_79.20,4,FOREST_FIRE,,On Tree Cover — consistent with a forest/wildland fire.,26.126417727272727,79.01890515151514,189,5.331212121212121,20.11,TREE_COVER,59.38757534775584,HIGH,40
29.50_75.75,29.50_75.75,1,INDUSTRIAL,,On Built Up land cover (ESA WorldCover 10m) with 188 historical detections — consistent with a real industrial fire source.,29.52196191489362,75.77495978723405,188,5.0663829787234045,24.96,BUILT_UP,70.01540067700277,HIGH,8
28.95_77.50,28.95_77.50;29.00_77.60;28.95_77.80,3,FOREST_FIRE,,On Tree Cover — consistent with a forest/wildland fire.,28.97630544117647,77.52896014705883,187,2.818088235294117,8.39,TREE_COVER,65.99753784793559,HIGH,40
29.90_77.20,29.90_77.20;29.95_77.45;29.90_77.40,3,FOREST_FIRE,,On Tree Cover — consistent with a forest/wildland fire.,29.92977541401273,77.21885949044587,185,4.399872611464968,14.23,TREE_COVER,68.43019622517687,HIGH,40
24.05_78.75,24.05_78.75;24.10_78.70;24.00_78.55;24.05_78.60;24.05_78.55,5,FOREST_FIRE,,On Tree Cover — consistent with a forest/wildland fire.,24.07826485714286,78.76824071428571,184,5.423857142857143,25.69,TREE_COVER,65.90860008848375,HIGH,40
28.65_76.95,28.65_76.95;28.65_77.00,2,INDUSTRIAL,,On Bare Sparse land cover (ESA WorldCover 10m) with 136 historical detections — consistent with a real industrial fire source.,28.681379,76.9829522,183,3.709191176470588,44.62,BARE_SPARSE,73.51581752419196,HIGH,8
25.95_82.60,25.95_82.60;26.25_82.80;25.95_82.65;26.00_82.70;26.25_82.50;25.95_82.55,6,FOREST_FIRE,,On Tree Cover — consistent with a forest/wildland fire.,25.974358775510204,82.63130918367347,180,4.482857142857143,18.66,TREE_COVER,63.69150817128632,HIGH,40
28.25_76.75,28.25_76.75;28.35_76.75;28.20_77.10;28.40_76.85;28.10_77.05;28.25_76.95;28.20_76.95;28.10_77.00,8,AGRICULTURAL_BURNING,Sector 12,On cropland — consistent with crop-residue burning.,28.282844,76.77135072727273,176,5.563636363636364,25.7,CROPLAND,65.45576583188382,HIGH,40
26.95_78.40,26.95_78.40;26.80_78.20;26.95_78.45;26.75_78.40;26.95_78.50;26.90_78.50;26.75_78.25;26.90_78.30;26.95_78.30;26.90_78.45;26.70_78.25;26.85_78.50;26.70_78.50;26.65_78.25;26.65_78.45;26.70_78.45;26.70_78.40;26.85_78.45;26.70_78.35;27.00_78.50;26.75_78.30;26.65_78.20;26.85_78.20,23,AGRICULTURAL_BURNING,,On cropland — consistent with crop-residue burning.,26.9811225,78.43624964285713,176,9.616785714285712,54.67,CROPLAND,56.19207911044007,MODERATE,40
26.85_84.25,26.85_84.25;26.95_83.95;26.85_84.10;26.65_84.25;26.75_84.15;26.75_84.10,6,FOREST_FIRE,,On Tree Cover — consistent with a forest/wildland fire.,26.867993620689656,84.2707427586207,175,6.397844827586207,110.5,TREE_COVER,76.41642189148509,CRITICAL,40
24.30_82.50,24.30_82.50;24.30_82.85;24.30_82.55;24.35_82.80;24.35_82.55;24.35_82.75;24.45_82.65;24.40_82.65,8,AGRICULTURAL_BURNING,,On cropland — consistent with crop-residue burning.,24.32727642857143,82.52643142857143,175,5.553095238095238,75.19,CROPLAND,55.24759828123729,HIGH,40
27.55_84.35,27.55_84.35;27.60_84.30;27.65_84.30,3,AGRICULTURAL_BURNING,,On cropland — consistent with crop-residue burning.,27.56165327272727,84.38162775757576,174,8.832727272727274,90.45,CROPLAND,73.0213702152858,HIGH,40
29.25_79.30,29.25_79.30;29.20_79.45,2,AGRICULTURAL_BURNING,Guru Kripa Eeeth (Bricks),On cropland — consistent with crop-residue burning.,29.27506840909091,79.31797143939393,172,4.551363636363636,33.51,CROPLAND,70.13527180687146,HIGH,40
26.40_80.70,26.40_80.70;26.50_80.85;26.40_80.85;26.50_81.05;26.60_80.80;26.45_81.00;26.50_80.75;26.60_81.00,8,FOREST_FIRE,,On Tree Cover — consistent with a forest/wildland fire.,26.41775897959184,80.72910673469389,170,5.706734693877551,16.92,TREE_COVER,64.64881995340382,HIGH,40
27.80_79.65,27.80_79.65;28.00_79.70;27.75_79.85,3,FOREST_FIRE,,On Tree Cover — consistent with a forest/wildland fire.,27.82234988095238,79.67112476190476,170,5.8532142857142855,49.4,TREE_COVER,70.02311756398778,HIGH,40
28.65_79.15,28.65_79.15;28.45_79.10;28.50_79.05;28.65_79.25;28.65_79.10;28.60_79.05;28.80_79.00;28.70_78.90;28.70_78.95,9,FOREST_FIRE,,On Tree Cover — consistent with a forest/wildland fire.,28.67459976190476,79.17861285714287,169,3.5511904761904765,14.15,TREE_COVER,64.6632031999848,HIGH,40
26.10_84.60,26.10_84.60;26.05_84.30;26.05_84.50;26.20_84.35;26.10_84.65;26.15_84.40;26.10_84.50;26.20_84.60;26.15_84.60,9,FOREST_FIRE,,On Tree Cover — consistent with a forest/wildland fire.,26.13399465116279,84.62386534883721,168,5.08906976744186,14.65,TREE_COVER,57.57557833023413,HIGH,40
25.35_75.45,25.35_75.45;25.25_75.60;25.55_75.60;25.40_75.45;25.45_75.45,5,FOREST_FIRE,,On Tree Cover — consistent with a forest/wildland fire.,25.37352072463768,75.48269913043478,166,8.400869565217391,53.77,TREE_COVER,67.41071006459914,HIGH,40
23.65_75.60,23.65_75.60,1,FOREST_FIRE,,On Tree Cover — consistent with a forest/wildland fire.,23.673747454545456,75.62708018181819,165,7.3871515151515155,93.16,TREE_COVER,74.48781000139256,HIGH,40
25.30_83.20,25.30_83.20;25.55_83.00;25.45_83.15;25.30_83.15;25.45_83.05;25.50_83.05;25.45_83.20;25.55_83.20;25.50_82.90;25.50_82.95;25.50_83.15;25.40_82.95;25.40_83.00;25.45_82.90;25.55_83.05;25.40_82.90;25.55_83.10,17,AGRICULTURAL_BURNING,,On cropland — consistent with crop-residue burning.,25.32641153846154,83.23215846153845,164,2.441153846153846,64.02,CROPLAND,63.331144224667895,HIGH,40
28.00_77.95,28.00_77.95;28.05_78.00;27.75_78.15;27.90_77.85;28.05_78.15;27.95_77.90;28.00_77.85;27.85_77.85;27.90_77.90;27.80_77.95;27.85_77.95;27.75_78.10;27.85_77.90,13,AGRICULTURAL_BURNING,,On cropland — consistent with crop-residue burning.,28.019590882352944,77.97046705882353,164,2.4479411764705885,14.39,CROPLAND,58.2335983347487,HIGH,40
28.50_76.80,28.50_76.80;28.45_76.95,2,FOREST_FIRE,,On Tree Cover — consistent with a forest/wildland fire.,28.52545795918368,76.82369156462585,164,7.936462585034014,37.5,TREE_COVER,69.23212127254233,HIGH,40
27.50_76.65,27.50_76.65,1,INDUSTRIAL,,On Built Up land cover (ESA WorldCover 10m) with 160 historical detections — consistent with a real industrial fire source.,27.5164698,76.6727263,160,1.364375,11.08,BUILT_UP,71.61455351861963,HIGH,8
25.10_75.85,25.10_75.85,1,INDUSTRIAL,,On Built Up land cover (ESA WorldCover 10m) with 160 historical detections — consistent with a real industrial fire source.,25.1337871,75.8854249,160,1.1998125,11.65,BUILT_UP,72.60791277406179,HIGH,8
24.20_75.60,24.20_75.60;24.45_75.35;24.15_75.45;24.30_75.60;24.15_75.65;24.15_75.60;24.15_75.30;24.15_75.35;24.25_75.55;24.15_75.40;24.20_75.45;24.20_75.40;24.45_75.30;24.40_75.55;24.40_75.60;24.45_75.60;24.35_75.60;24.45_75.65;24.35_75.50;24.15_75.50;24.30_75.55;24.25_75.60;24.20_75.35;24.40_75.40;24.25_75.40,25,AGRICULTURAL_BURNING,,On cropland — consistent with crop-residue burning.,24.232043333333333,75.64097583333333,159,7.325416666666666,47.87,CROPLAND,62.69486935701551,HIGH,40
24.80_84.45,24.80_84.45;24.80_84.40;24.60_84.35;24.50_84.60;24.50_84.65;24.65_84.30;24.55_84.60;24.85_84.60;24.75_84.55;24.80_84.55;24.55_84.35;24.75_84.40;24.75_84.50;24.75_84.45;24.70_84.40;24.60_84.45;24.75_84.60;24.70_84.45;24.60_84.40;24.65_84.50;24.70_84.50;24.80_84.50,22,AGRICULTURAL_BURNING,Van Vibhag,On cropland — consistent with crop-residue burning.,24.8293353125,84.466480625,159,6.0603125,21.05,CROPLAND,64.21461307437073,HIGH,40
27.05_84.80,27.05_84.80;27.00_84.80,2,INDUSTRIAL,,On Built Up land cover (ESA WorldCover 10m) with 123 historical detections — consistent with a real industrial fire source.,27.0877691,84.812922,158,4.437154471544715,24.55,BUILT_UP,69.25110994315399,HIGH,8
29.00_77.30,29.00_77.30;29.05_77.35;28.80_77.30,3,FOREST_FIRE,,On Tree Cover — consistent with a forest/wildland fire.,29.029208552631577,77.3244455263158,154,3.4200000000000004,16.87,TREE_COVER,66.26031357943228,HIGH,40
24.80_75.25,24.80_75.25;24.60_75.20;24.60_74.95;24.65_75.20;24.75_75.10;24.55_75.00;24.75_75.20;24.50_74.95;24.55_74.95;24.50_75.05;24.50_75.00;24.80_75.10;24.65_75.05;24.60_75.00;24.65_75.00,15,AGRICULTURAL_BURNING,,On cropland — consistent with crop-residue burning.,24.81836875,75.26919625,153,11.5003125,43.36,CROPLAND,56.712896054233546,HIGH,40
27.70_80.00,27.70_80.00;27.60_80.10;27.55_80.10;27.55_80.30,4,FOREST_FIRE,,On Tree Cover — consistent with a forest/wildland fire.,27.724555,80.02559513888889,153,3.1681944444444445,16.09,TREE_COVER,66.62895112032675,HIGH,40
23.60_80.15,23.60_80.15,1,MINING,,On Built Up land cover with 153 historical detections — consistent with open-pit mining/processing activity.,23.62390980392157,80.17468620915032,153,5.854901960784313,57.35,BUILT_UP,72.55988578975625,HIGH,8
27.40_76.05,27.40_76.05;27.55_76.25;27.60_76.25;27.60_76.05;27.50_76.10;27.60_76.10;27.65_76.25;27.70_76.35;27.55_76.20;27.55_76.35;27.45_76.05;27.70_76.10;27.65_76.35;27.40_76.15;27.70_76.30;27.65_76.20;27.50_76.35;27.55_76.30;27.70_76.20;27.50_76.05;27.55_76.00;27.55_76.15;27.50_76.25;27.55_76.10;27.45_76.30;27.70_76.25;27.60_76.30;27.45_76.15,28,AGRICULTURAL_BURNING,,On cropland — consistent with crop-residue burning.,27.446295000000003,76.06046833333333,151,6.989166666666667,22.8,CROPLAND,45.8583994516788,MODERATE,40
25.05_82.35,25.05_82.35;25.05_82.40;24.95_82.20,3,FOREST_FIRE,Dadar Kala,On Tree Cover — consistent with a forest/wildland fire.,25.1009923,82.3599167,151,4.375378787878788,11.27,TREE_COVER,67.57487710365643,HIGH,40
25.80_82.15,25.80_82.15;25.75_82.30;25.75_82.40;25.75_82.25;25.75_82.20;25.90_82.15;25.55_82.25,7,FOREST_FIRE,,On Tree Cover — consistent with a forest/wildland fire.,25.825141428571428,82.17645571428571,151,4.365102040816327,17.67,TREE_COVER,65.08621571776528,HIGH,40
23.60_84.60,23.60_84.60;23.75_84.50;23.70_84.45,3,AGRICULTURAL_BURNING,Jaltā Protected Forest,On cropland — consistent with crop-residue burning.,23.61879717948717,84.6272964957265,151,2.623162393162393,10.49,CROPLAND,67.7437718868934,HIGH,40
28.05_84.05,28.05_84.05,1,INDUSTRIAL,,On Bare Sparse land cover (ESA WorldCover 10m) with 151 historical detections — consistent with a real industrial fire source.,28.0846553,84.0763601,151,1.7739735099337748,9.41,BARE_SPARSE,62.66339327261212,HIGH,8
29.60_76.50,29.60_76.50,1,FOREST_FIRE,,On Tree Cover — consistent with a forest/wildland fire.,29.62131245033113,76.52661079470198,151,5.615629139072848,27.7,TREE_COVER,69.43995305092398,HIGH,40
23.70_74.50,23.70_74.50;23.75_74.55,2,AGRICULTURAL_BURNING,,On cropland — consistent with crop-residue burning.,23.71477789473684,74.52990921052633,148,3.7401315789473686,22.35,CROPLAND,68.14723202692096,HIGH,40
25.20_79.50,25.20_79.50;25.20_79.55;24.95_79.50,3,FOREST_FIRE,,On Tree Cover — consistent with a forest/wildland fire.,25.21701823076923,79.51391346153846,148,9.163076923076924,68.39,TREE_COVER,63.64023282505401,HIGH,40
29.15_76.90,29.15_76.90,1,FOREST_FIRE,,On Tree Cover — consistent with a forest/wildland fire.,29.175530202702703,76.91855804054053,148,4.620743243243243,24.41,TREE_COVER,69.61142401185747,HIGH,40
27.35_77.60,27.35_77.60;27.05_77.70;27.05_77.65;27.35_77.55;27.10_77.65;27.10_77.70;27.25_77.65;27.05_77.75;27.10_77.60;27.15_77.70;27.25_77.70;27.05_77.55;27.20_77.70;27.00_77.70;27.30_77.55;27.20_77.80;27.10_77.75;27.15_77.75;27.10_77.55;27.00_77.50;27.15_77.60;27.20_77.65;27.05_77.45;27.15_77.55;27.25_77.75;27.25_77.60,26,AGRICULTURAL_BURNING,LUV's CROP(PREMO),On cropland — consistent with crop-residue burning.,27.36831347826087,77.62033130434783,146,3.5491304347826085,22.95,CROPLAND,56.67101870703225,HIGH,40
29.90_78.15,29.90_78.15;29.95_78.15;29.95_77.85,3,FOREST_FIRE,,On Tree Cover — consistent with a forest/wildland fire.,29.921622266666667,78.1845376,145,4.356,21.54,TREE_COVER,60.529799497190616,HIGH,40
28.25_81.50,28.25_81.50;28.20_81.45;28.15_81.55;28.15_81.45,4,AGRICULTURAL_BURNING,Banke,On cropland — consistent with crop-residue burning.,28.28660357142857,81.520911,144,4.927142857142857,31.04,CROPLAND,61.17512461483117,HIGH,40
26.00_84.75,26.00_84.75;26.05_84.70;26.20_84.80;26.05_84.80;26.15_84.75;26.25_84.95;26.10_84.75,7,FOREST_FIRE,,On Tree Cover — consistent with a forest/wildland fire.,26.02680447368421,84.78146973684211,144,3.874473684210526,19.25,TREE_COVER,58.36980896331871,HIGH,40
28.75_81.55,28.75_81.55,1,AGRICULTURAL_BURNING,,On cropland — consistent with crop-residue burning.,28.7875939,81.5686433,141,4.01113475177305,17.1,CROPLAND,54.83647710855829,HIGH,40
29.75_79.75,29.75_79.75,1,AGRICULTURAL_BURNING,,On cropland — consistent with crop-residue burning.,29.7716345323741,79.77503158273382,139,2.65179856115108,16.58,CROPLAND,70.03280574166224,HIGH,40
27.10_82.45,27.10_82.45,1,INDUSTRIAL,,On Built Up land cover (ESA WorldCover 10m) with 138 historical detections — consistent with a real industrial fire source.,27.1241952,82.4890771,138,5.52195652173913,40.94,BUILT_UP,70.71556567165634,HIGH,8
29.45_74.70,29.45_74.70,1,FOREST_FIRE,,On Tree Cover — consistent with a forest/wildland fire.,29.475313138686133,74.72771576642336,137,6.807372262773723,82.86,TREE_COVER,73.64083924875389,HIGH,40
24.50_82.80,24.50_82.80;24.50_82.70;24.55_82.60;24.55_82.85;24.50_82.85;24.50_82.60;24.80_82.75,7,FOREST_FIRE,,On Tree Cover — consistent with a forest/wildland fire.,24.51914710526316,82.81734736842105,137,5.771315789473684,64.32,TREE_COVER,62.68741184201688,HIGH,40
23.65_82.40,23.65_82.40,1,AGRICULTURAL_BURNING,,On cropland — consistent with crop-residue burning.,23.66907087591241,82.42173656934307,137,4.181897810218977,39.34,CROPLAND,58.19541381738679,HIGH,40
28.80_77.00,28.80_77.00,1,INDUSTRIAL,Bawana DTC Bus Depot,On Built Up land cover (ESA WorldCover 10m) with 136 historical detections — consistent with a real industrial fire source.,28.8034843,77.0264267,136,5.7984558823529415,33.48,BUILT_UP,69.63727372376313,HIGH,8
28.40_82.20,28.40_82.20;28.10_82.15,2,AGRICULTURAL_BURNING,,On cropland — consistent with crop-residue burning.,28.42530409448819,82.22884543307086,136,7.057952755905512,142.02,CROPLAND,78.33975292434984,CRITICAL,40
26.00_82.95,26.00_82.95;26.20_83.20;26.05_82.90;26.25_82.90;26.05_83.00;26.05_83.10;26.05_83.15;26.15_83.05;26.10_83.20,9,FOREST_FIRE,,On Tree Cover — consistent with a forest/wildland fire.,26.018249310344828,82.97243137931035,136,3.686896551724138,10.93,TREE_COVER,63.53641342064138,HIGH,40
28.80_78.40,28.80_78.40;28.45_78.20;28.65_78.45;28.80_78.45;28.65_78.40;28.70_78.20;28.75_78.30;28.55_78.35;28.70_78.30,9,FOREST_FIRE,,On Tree Cover — consistent with a forest/wildland fire.,28.821585,78.4239828125,135,2.524375,15.92,TREE_COVER,57.10694528645427,HIGH,40
24.60_74.50,24.60_74.50;24.65_74.50;24.55_74.50;24.55_74.55;24.60_74.55,5,AGRICULTURAL_BURNING,,On cropland — consistent with crop-residue burning.,24.63340517857143,74.52033982142858,135,5.910357142857143,82.46,CROPLAND,68.34213802312563,HIGH,40
25.85_82.10,25.85_82.10;25.90_81.80;25.90_82.05;25.80_81.80;25.85_81.85;25.85_81.90;25.65_81.95;25.60_82.00;25.65_82.00;25.65_81.90;25.60_81.85,11,FOREST_FIRE,,On Tree Cover — consistent with a forest/wildland fire.,25.86471734693877,82.11576183673469,134,5.338775510204082,26.39,TREE_COVER,66.31586337149457,HIGH,40
25.35_77.15,25.35_77.15;25.25_77.25;25.20_77.45;25.25_77.45;25.45_77.35;25.45_77.15;25.40_77.15;25.30_77.40;25.50_77.15;25.50_77.40;25.55_77.15;25.30_77.25;25.40_77.45;25.55_77.35,14,AGRICULTURAL_BURNING,,On cropland — consistent with crop-residue burning.,25.37214825396825,77.18258492063492,132,5.896190476190476,47.91,CROPLAND,69.01167366980982,HIGH,40
24.60_76.35,24.60_76.35;24.60_76.15,2,FOREST_FIRE,,On Tree Cover — consistent with a forest/wildland fire.,24.620441153846155,76.37797861538462,132,8.052153846153846,58.79,TREE_COVER,70.50126402652809,HIGH,40
26.90_81.65,26.90_81.65;26.95_81.50;26.80_81.45;26.70_81.50;26.70_81.70;26.80_81.60;26.90_81.55;26.80_81.50;26.75_81.55;26.80_81.70,10,FOREST_FIRE,,On Tree Cover — consistent with a forest/wildland fire.,26.93234567164179,81.68298358208955,130,9.037910447761194,51.58,TREE_COVER,60.66440917145109,HIGH,40
27.90_76.45,27.90_76.45;27.95_76.50;28.05_76.50;28.00_76.60;27.95_76.55;27.95_76.45;27.90_76.40;27.80_76.55;27.95_76.60;27.95_76.65;27.85_76.45;28.00_76.50;27.85_76.70;27.80_76.45;27.80_76.65;27.90_76.70;27.95_76.70;27.75_76.55;27.80_76.40;28.00_76.65;28.00_76.70;27.75_76.50;27.85_76.50;27.80_76.70;28.00_76.55;27.90_76.50;28.05_76.65;27.75_76.45;27.85_76.40;27.90_76.60;27.90_76.65;27.90_76.55,32,AGRICULTURAL_BURNING,,On cropland — consistent with crop-residue burning.,27.9387305,76.4712,130,5.095000000000001,28.06,CROPLAND,48.833497515420845,MODERATE,40
25.75_79.20,25.75_79.20;25.80_79.10,2,FOREST_FIRE,,On Tree Cover — consistent with a forest/wildland fire.,25.772191466666666,79.21789506666667,127,5.979733333333334,30.71,TREE_COVER,67.59681145567642,HIGH,40
26.65_78.95,26.65_78.95;26.70_78.95;26.75_78.95;26.65_79.00;26.65_79.05;26.65_78.90,6,FOREST_FIRE,,On Tree Cover — consistent with a forest/wildland fire.,26.68484421052632,78.9768247368421,127,6.175263157894737,42.19,TREE_COVER,63.9462429054513,HIGH,40
23.55_76.60,23.55_76.60;23.70_76.70;23.75_76.40,3,FOREST_FIRE,,On Tree Cover — consistent with a forest/wildland fire.,23.582335308641973,76.62184716049383,126,6.388765432098766,48.9,TREE_COVER,65.65803330926465,HIGH,40
27.70_81.45,27.70_81.45;27.40_81.50;27.40_81.60;27.60_81.45;27.50_81.55,5,FOREST_FIRE,,On Tree Cover — consistent with a forest/wildland fire.,27.72039953846154,81.47056061538461,126,5.6904615384615385,44.25,TREE_COVER,68.89221931152412,HIGH,40
26.40_80.20,26.40_80.20;26.45_80.25,2,INDUSTRIAL,,On Bare Sparse land cover (ESA WorldCover 10m) with 97 historical detections — consistent with a real industrial fire source.,26.4555094,80.2396519,126,3.1944329896907218,15.36,BARE_SPARSE,68.12360064275784,HIGH,8
24.85_80.30,24.85_80.30,1,FOREST_FIRE,,On Tree Cover — consistent with a forest/wildland fire.,24.865462222222224,80.32513896825397,126,4.166587301587302,14.46,TREE_COVER,67.98157350194062,HIGH,40
25.95_83.75,25.95_83.75,1,INDUSTRIAL,,On Built Up land cover (ESA WorldCover 10m) with 123 historical detections — consistent with a real industrial fire source.,25.972207154471544,83.77753577235772,123,7.80910569105691,71.91,BUILT_UP,71.58447152490714,HIGH,8
29.95_81.85,29.95_81.85;29.90_81.95;29.90_81.90;29.90_81.80;29.90_82.00,5,FOREST_FIRE,forest area,On Tree Cover — consistent with a forest/wildland fire.,29.9794315625,81.8640121875,123,17.698125,72.37,TREE_COVER,58.01723321215951,HIGH,40
25.35_84.90,25.35_84.90;25.40_84.90;25.35_84.70,3,FOREST_FIRE,,On Tree Cover — consistent with a forest/wildland fire.,25.385895357142857,84.93780857142858,122,3.872321428571429,18.31,TREE_COVER,63.47658657432735,HIGH,40
24.10_75.80,24.10_75.80;23.85_75.80;23.85_75.70;23.95_75.80;23.80_75.95;24.05_75.85,6,FOREST_FIRE,,On Tree Cover — consistent with a forest/wildland fire.,24.1316845,75.8236565,121,5.7355,22.17,TREE_COVER,58.04501816390847,HIGH,40
26.00_81.95,26.00_81.95;25.95_81.95;26.00_81.85;26.25_82.05;26.00_82.00;26.05_81.85;25.95_82.00,7,FOREST_FIRE,,On Tree Cover — consistent with a forest/wildland fire.,26.023614390243903,81.96846268292683,121,4.491463414634146,17.8,TREE_COVER,64.60295443044588,HIGH,40
25.25_81.70,25.25_81.70;25.25_81.55;25.35_81.70;25.30_81.45;25.55_81.45,5,FOREST_FIRE,,On Tree Cover — consistent with a forest/wildland fire.,25.27849385714286,81.72967528571428,119,2.8205714285714287,16.68,TREE_COVER,67.70472059084109,HIGH,40
25.05_84.30,25.05_84.30;24.90_84.40;24.90_84.60;24.95_84.65;25.00_84.50,5,FOREST_FIRE,,On Tree Cover — consistent with a forest/wildland fire.,25.07978423529412,84.32685211764706,119,7.310470588235294,581.16,TREE_COVER,67.62742696635527,HIGH,40
28.00_77.05,28.00_77.05;28.00_77.10;28.05_77.05;28.00_76.90;28.00_76.85;28.05_76.85;27.85_76.95;28.05_76.90;27.85_76.80;27.90_77.10;27.80_76.80;27.90_76.85;27.95_76.80;28.00_76.95;27.90_76.75;28.00_76.75;27.95_76.75;27.75_77.05;27.80_76.95;27.80_77.00;27.95_76.95;27.85_77.05,22,AGRICULTURAL_BURNING,,On cropland — consistent with crop-residue burning.,28.02957783783784,77.07671702702703,118,5.901621621621622,23.62,CROPLAND,64.18310689467489,HIGH,40
27.85_75.65,27.85_75.65;27.90_75.95;27.90_75.90;27.85_75.90;27.80_75.65;27.90_75.65;27.80_75.80;27.75_75.75;28.00_76.00;27.95_75.65;27.95_75.95;27.75_75.65;28.05_75.85;27.75_75.70;27.85_75.70;27.95_75.90;27.80_75.75;28.00_75.85;28.00_75.70,19,AGRICULTURAL_BURNING,saini stone cutting udhyog padewa,On cropland — consistent with crop-residue burning.,27.8599089,75.6853154,117,14.375925925925925,39.68,CROPLAND,61.460560960358414,MODERATE,40
29.40_77.70,29.40_77.70,1,INDUSTRIAL,,On Built Up land cover (ESA WorldCover 10m) with 116 historical detections — consistent with a real industrial fire source.,29.4198353,77.7018196,116,1.3804310344827586,15.64,BUILT_UP,72.64419261352948,HIGH,8
29.00_76.20,29.00_76.20,1,INDUSTRIAL,,On Built Up land cover (ESA WorldCover 10m) with 116 historical detections — consistent with a real industrial fire source.,28.9988648,76.241287,116,5.552758620689655,55.38,BUILT_UP,71.88289193772643,HIGH,8
23.90_84.85,23.90_84.85;23.90_84.75;23.75_84.85;23.90_84.80;24.00_84.80;23.90_84.70;23.85_84.75;24.05_84.75,8,AGRICULTURAL_BURNING,,On cropland — consistent with crop-residue burning.,23.92449741935484,84.87416548387097,115,3.583870967741935,12.95,CROPLAND,56.02375575444484,MODERATE,40
23.65_77.00,23.65_77.00;23.65_77.05;23.60_76.80;23.75_77.00,4,FOREST_FIRE,,On Tree Cover — consistent with a forest/wildland fire.,23.67297381818182,77.02449236363637,115,7.424181818181818,63.21,TREE_COVER,61.84925041699885,HIGH,40
26.95_80.35,26.95_80.35;26.70_80.50;26.70_80.60;26.90_80.35;26.70_80.40;26.75_80.45;26.85_80.45;26.70_80.65;26.80_80.50;26.80_80.45,10,FOREST_FIRE,,On Tree Cover — consistent with a forest/wildland fire.,26.962125517241383,80.3630648275862,114,11.43896551724138,64.36,TREE_COVER,58.4262122364001,HIGH,40
24.15_76.95,24.15_76.95;24.40_77.10;24.20_76.90;24.45_76.90;24.40_76.80,5,FOREST_FIRE,,On Tree Cover — consistent with a forest/wildland fire.,24.1726237,76.9812656,114,4.9258139534883725,27.08,TREE_COVER,58.7709983053875,MODERATE,40
26.75_79.55,26.75_79.55;26.80_79.40;27.00_79.30,3,FOREST_FIRE,,On Tree Cover — consistent with a forest/wildland fire.,26.77684915254237,79.57657999999999,113,4.296271186440678,25.54,TREE_COVER,67.47359101541866,HIGH,40
26.90_84.45,26.90_84.45;26.70_84.65;26.85_84.65;26.70_84.50;26.90_84.40;26.70_84.45;26.80_84.40;26.65_84.55;26.75_84.50;26.65_84.45,10,FOREST_FIRE,,On Tree Cover — consistent with a forest/wildland fire.,26.926019,84.47549699999999,113,2.4866666666666664,7.39,TREE_COVER,66.65315886135542,MODERATE,40
24.25_84.50,24.25_84.50;24.35_84.50;24.30_84.50;24.35_84.35;24.40_84.55;24.35_84.55;24.40_84.30;24.40_84.50;24.40_84.45;24.40_84.35,10,AGRICULTURAL_BURNING,,On cropland — consistent with crop-residue burning.,24.26239757142857,84.53441342857143,113,6.565857142857143,26.77,CROPLAND,66.73431465146074,HIGH,40
29.95_79.50,29.95_79.50,1,AGRICULTURAL_BURNING,,On cropland — consistent with crop-residue burning.,29.976132142857143,79.52538901785714,112,2.5511607142857144,15.04,CROPLAND,69.20673853228146,HIGH,40
26.00_83.70,26.00_83.70,1,INDUSTRIAL,,On Built Up land cover (ESA WorldCover 10m) with 111 historical detections — consistent with a real industrial fire source.,26.02820054054054,83.72366738738738,111,4.555315315315315,27.24,BUILT_UP,69.23532352179883,HIGH,8
24.15_76.15,24.15_76.15;24.30_76.15;24.25_76.05;24.25_76.15;24.35_76.15;24.25_76.10;24.20_76.15;24.30_76.05;24.45_76.20;24.15_76.35;24.20_76.20;24.20_76.25;24.40_76.10;24.40_76.20;24.45_76.10;24.35_76.05;24.35_76.20;24.40_76.15;24.30_76.10;24.35_76.10;24.40_76.35;24.20_76.35;24.45_76.15;24.25_76.30;24.40_76.25;24.25_76.20,26,AGRICULTURAL_BURNING,,On cropland — consistent with crop-residue burning.,24.18479153846154,76.1739453846154,111,2.689230769230769,39.51,CROPLAND,55.79849046366247,HIGH,40
23.55_83.05,23.55_83.05;23.60_83.15,2,AGRICULTURAL_BURNING,,On cropland — consistent with crop-residue burning.,23.57928226190476,83.07212880952382,110,4.921190476190477,16.43,CROPLAND,59.76847614901151,HIGH,40
24.20_83.90,24.20_83.90;24.15_83.90;24.15_83.70;24.45_83.65;24.25_83.90;24.45_83.70;24.25_83.60;24.20_83.60;24.30_83.85;24.45_83.80;24.35_83.70;24.35_83.80;24.40_83.75,13,AGRICULTURAL_BURNING,,On cropland — consistent with crop-residue burning.,24.22067678571429,83.92953142857142,109,5.8925,18.81,CROPLAND,55.632493134120544,MODERATE,40
25.85_79.50,25.85_79.50;25.80_79.50;25.80_79.45;25.90_79.60;25.75_79.35;25.60_79.35,6,FOREST_FIRE,,On Tree Cover — consistent with a forest/wildland fire.,25.8525375,79.5299059,109,5.450952380952382,26.5,TREE_COVER,52.79705156138039,HIGH,40
26.50_79.30,26.50_79.30;26.50_79.45;26.30_79.50;26.55_79.35,4,FOREST_FIRE,,On Tree Cover — consistent with a forest/wildland fire.,26.524927424242424,79.3198596969697,107,6.442878787878788,79.61,TREE_COVER,71.96022796142208,HIGH,40
25.15_75.50,25.15_75.50;25.00_75.30;24.90_75.35;24.95_75.30;25.20_75.35;24.95_75.35;25.10_75.55;25.20_75.40;24.95_75.55,9,AGRICULTURAL_BURNING,,On cropland — consistent with crop-residue burning.,25.180507045454544,75.51684954545455,107,9.68090909090909,42.14,CROPLAND,57.26207616564884,MODERATE,40
24.80_74.95,24.80_74.95;24.55_75.10;24.80_75.15;24.75_75.15;24.70_75.25,5,FOREST_FIRE,,On Tree Cover — consistent with a forest/wildland fire.,24.83987047619048,74.9868488095238,106,7.854999999999999,47.34,TREE_COVER,60.68011900802203,MODERATE,40
29.95_77.10,29.95_77.10,1,INDUSTRIAL,,On Built Up land cover (ESA WorldCover 10m) with 106 historical detections — consistent with a real industrial fire source.,29.97663179245283,77.1240541509434,106,4.108679245283018,18.86,BUILT_UP,68.2140884405634,HIGH,8
28.90_81.55,28.90_81.55,1,AGRICULTURAL_BURNING,,On cropland — consistent with crop-residue burning.,28.9177020754717,81.58486971698113,106,3.938962264150943,32.28,CROPLAND,63.45127629939723,HIGH,40
25.55_75.90,25.55_75.90;25.50_75.75,2,FOREST_FIRE,,On Tree Cover — consistent with a forest/wildland fire.,25.57113222222222,75.91780929292929,105,7.1189898989898985,23.8,TREE_COVER,53.40958085277323,HIGH,40
27.60_79.05,27.60_79.05;27.60_79.25;27.65_79.25;27.60_79.15;27.65_79.00;27.55_78.90;27.45_79.05;27.50_78.95;27.40_78.95;27.65_78.90;27.55_79.00;27.65_79.15;27.35_79.20;27.70_79.25;27.70_79.00;27.55_79.05;27.65_79.10;27.60_79.00;27.40_79.05;27.45_79.00;27.65_79.05;27.50_79.00,22,AGRICULTURAL_BURNING,,On cropland — consistent with crop-residue burning.,27.62829555555556,79.08625277777777,105,4.385555555555555,18.87,CROPLAND,54.87768097590487,HIGH,40
28.15_76.05,28.15_76.05;28.10_76.05;28.25_76.35;28.40_76.30;28.45_76.30;28.15_76.30;28.40_76.25;28.45_76.25;28.35_76.35;28.30_76.20;28.20_76.30;28.40_76.35;28.10_76.35;28.30_76.35;28.25_76.25;28.30_76.25;28.20_76.25;28.45_76.20;28.20_76.35;28.25_76.30;28.15_76.20;28.30_76.30,22,AGRICULTURAL_BURNING,,On cropland — consistent with crop-residue burning.,28.155215625,76.07130125,105,4.8925,18.57,CROPLAND,54.56513787589614,HIGH,40
24.80_78.65,24.80_78.65,1,INDUSTRIAL,,On Bare Sparse land cover (ESA WorldCover 10m) with 103 historical detections — consistent with a real industrial fire source.,24.8254627184466,78.67102718446601,103,6.195048543689321,40.51,BARE_SPARSE,69.34772469553297,HIGH,8
24.50_75.40,24.50_75.40;24.75_75.35;24.70_75.40;24.70_75.45,4,AGRICULTURAL_BURNING,,On cropland — consistent with crop-residue burning.,24.528062,75.41508185714285,103,7.704285714285714,29.86,CROPLAND,59.60382178737777,HIGH,40
28.85_76.85,28.85_76.85,1,INDUSTRIAL,,On Built Up land cover (ESA WorldCover 10m) with 102 historical detections — consistent with a real industrial fire source.,28.87560705882353,76.87705196078431,102,4.864901960784313,25.11,BUILT_UP,68.48055721546727,HIGH,8
28.70_77.30,28.70_77.30;28.70_77.25,2,INDUSTRIAL,,On Built Up land cover (ESA WorldCover 10m) with 73 historical detections — consistent with a real industrial fire source.,28.7222435,77.3290703,102,1.6391780821917807,11.72,BUILT_UP,66.95316834095242,HIGH,8
25.85_83.00,25.85_83.00;25.70_83.15;25.60_82.95,3,FOREST_FIRE,,On Tree Cover — consistent with a forest/wildland fire.,25.875718297872343,83.02692212765957,101,4.42,21.1,TREE_COVER,66.10195180959695,HIGH,40
29.85_74.80,29.85_74.80;29.60_74.85,2,FOREST_FIRE,,On Tree Cover — consistent with a forest/wildland fire.,29.8786986440678,74.82558949152542,100,6.237796610169491,18.66,TREE_COVER,65.58100069582343,HIGH,40
25.45_78.70,25.45_78.70,1,INDUSTRIAL,,On Built Up land cover (ESA WorldCover 10m) with 99 historical detections — consistent with a real industrial fire source.,25.4989702,78.7109887,99,7.289494949494949,39.82,BUILT_UP,68.57466591180055,HIGH,8
28.05_80.45,28.05_80.45,1,INDUSTRIAL,,On Built Up land cover (ESA WorldCover 10m) with 99 historical detections — consistent with a real industrial fire source.,28.0828522,80.4840482,99,4.161111111111111,25.8,BUILT_UP,69.07734344576076,HIGH,8
25.70_76.45,25.70_76.45;25.90_76.45,2,FOREST_FIRE,,On Tree Cover — consistent with a forest/wildland fire.,25.72673179775281,76.4775393258427,97,7.190898876404495,36.91,TREE_COVER,68.07039814467626,HIGH,40
25.90_80.65,25.90_80.65;25.90_80.50;25.75_80.50,3,FOREST_FIRE,,On Tree Cover — consistent with a forest/wildland fire.,25.9274412,80.67757933333333,96,4.462266666666667,21.16,TREE_COVER,67.37182540956981,HIGH,40
29.15_78.85,29.15_78.85,1,INDUSTRIAL,,On Built Up land cover (ESA WorldCover 10m) with 94 historical detections — consistent with a real industrial fire source.,29.1893046,78.8918178,94,1.807872340425532,9.04,BUILT_UP,68.13056998073395,HIGH,8
28.50_77.80,28.50_77.80;28.55_77.60;28.45_77.55;28.55_77.80,4,FOREST_FIRE,Dadri,On Tree Cover — consistent with a forest/wildland fire.,28.530008157894738,77.82213105263158,94,3.6102631578947366,9.0,TREE_COVER,64.06092118318892,HIGH,40
28.05_80.50,28.05_80.50,1,INDUSTRIAL,,On Built Up land cover (ESA WorldCover 10m) with 93 historical detections — consistent with a real industrial fire source.,28.08264784946237,80.52789311827958,93,3.5239784946236563,23.34,BUILT_UP,69.13357500452912,HIGH,8
25.95_77.05,25.95_77.05;26.00_77.05;26.15_76.90;26.15_76.95,4,FOREST_FIRE,,On Tree Cover — consistent with a forest/wildland fire.,25.98858625,77.09184354166666,93,5.324791666666667,19.96,TREE_COVER,58.46725501334891,HIGH,40
25.70_81.20,25.70_81.20;25.70_81.30;25.80_81.35;25.80_81.10;25.60_81.40,5,FOREST_FIRE,,On Tree Cover — consistent with a forest/wildland fire.,25.73005282051282,81.22599564102565,91,3.6766666666666654,18.55,TREE_COVER,64.20906837042395,HIGH,40
28.10_77.60,28.10_77.60,1,INDUSTRIAL,,On Built Up land cover (ESA WorldCover 10m) with 91 historical detections — consistent with a real industrial fire source.,28.12044813186813,77.61889505494506,91,3.994835164835164,14.34,BUILT_UP,67.17040863749776,HIGH,8
29.25_77.50,29.25_77.50,1,INDUSTRIAL,,On Built Up land cover (ESA WorldCover 10m) with 91 historical detections — consistent with a real industrial fire source.,29.272665604395605,77.52647285714285,91,2.8567032967032966,8.35,BUILT_UP,66.76758223527898,HIGH,8
24.00_81.85,24.00_81.85;23.95_81.90;24.05_82.00;24.10_82.00;24.00_82.05;24.00_81.95;24.10_81.95,7,AGRICULTURAL_BURNING,,On cropland — consistent with crop-residue burning.,24.02902806451613,81.87799838709678,91,3.6009677419354835,15.5,CROPLAND,47.09517207493271,MODERATE,40
27.45_82.95,27.45_82.95,1,INDUSTRIAL,नमकिन उद्योग,On Built Up land cover (ESA WorldCover 10m) with 91 historical detections — consistent with a real industrial fire source.,27.4855541,82.9460477,91,5.382967032967033,50.89,BUILT_UP,70.93044294312263,HIGH,8
26.45_81.55,26.45_81.55,1,INDUSTRIAL,,On Built Up land cover (ESA WorldCover 10m) with 90 historical detections — consistent with a real industrial fire source.,26.475712,81.5611546,90,2.157555555555556,8.43,BUILT_UP,67.34996188788901,HIGH,8
26.10_83.40,26.10_83.40;26.15_83.25;26.05_83.45,3,FOREST_FIRE,,On Tree Cover — consistent with a forest/wildland fire.,26.12240196428571,83.42002624999999,90,8.781785714285714,49.19,TREE_COVER,60.513567402002366,HIGH,40
27.80_79.25,27.80_79.25,1,INDUSTRIAL,,On Built Up land cover (ESA WorldCover 10m) with 89 historical detections — consistent with a real industrial fire source.,27.8038321,79.2777866,89,5.397415730337078,12.71,BUILT_UP,66.45677803892137,HIGH,8
28.25_78.40,28.25_78.40,1,INDUSTRIAL,TATA Chemicals,On Built Up land cover (ESA WorldCover 10m) with 89 historical detections — consistent with a real industrial fire source.,28.2897295,78.4249673,89,1.966853932584269,9.11,BUILT_UP,67.7680717246008,HIGH,8
27.60_84.20,27.60_84.20,1,INDUSTRIAL,,On Bare Sparse land cover (ESA WorldCover 10m) with 88 historical detections — consistent with a real industrial fire source.,27.627593863636363,84.22268727272727,88,4.938977272727272,20.65,BARE_SPARSE,67.45719403816595,HIGH,8
27.85_76.35,27.85_76.35;28.00_76.20;27.75_76.20;27.75_76.25;27.90_76.00;28.00_76.25;27.95_76.15;27.80_76.35;27.90_76.25;27.95_76.25;28.00_76.30;27.85_76.30;28.00_76.15;27.90_76.20;27.80_76.30;27.85_76.15,16,AGRICULTURAL_BURNING,,On cropland — consistent with crop-residue burning.,27.85893705882353,76.37845823529412,88,4.184117647058823,57.15,CROPLAND,54.97692741160659,HIGH,40
25.70_83.95,25.70_83.95;25.60_84.05,2,FOREST_FIRE,,On Tree Cover — consistent with a forest/wildland fire.,25.71752132352941,83.97226279411765,88,8.081323529411764,122.14,TREE_COVER,73.85906459559646,HIGH,40
26.35_79.80,26.35_79.80;26.60_79.75,2,FOREST_FIRE,,On Tree Cover — consistent with a forest/wildland fire.,26.380973387096773,79.83892790322581,88,4.427903225806452,16.52,TREE_COVER,66.19592327849317,HIGH,40
27.40_75.95,27.40_75.95;27.60_75.70;27.45_75.95;27.40_76.00;27.65_75.75;27.50_75.85;27.50_75.90;27.55_75.85;27.45_75.90;27.45_75.70;27.55_75.70;27.70_75.80;27.50_75.70,13,AGRICULTURAL_BURNING,,On cropland — consistent with crop-residue burning.,27.43372,75.96162071428571,88,3.968571428571429,67.0,CROPLAND,59.66924941088268,MODERATE,40
28.10_75.50,28.10_75.50;28.15_75.50;28.25_75.40;28.20_75.45;28.20_75.50;28.30_75.35;28.35_75.55;28.30_75.50;28.25_75.60;28.45_75.50;28.15_75.65;28.35_75.60;28.30_75.65;28.30_75.60;28.30_75.45;28.10_75.65;28.30_75.30;28.10_75.45;28.45_75.45;28.10_75.40;28.25_75.50;28.20_75.60;28.20_75.55;28.40_75.35,24,AGRICULTURAL_BURNING,,On cropland — consistent with crop-residue burning.,28.11319,75.541522,85,7.491,17.14,CROPLAND,36.49846327365262,MODERATE,40
24.50_75.80,24.50_75.80;24.75_75.80;24.50_75.90;24.50_75.85;24.55_75.80;24.55_75.85;24.50_75.65;24.60_75.80;24.75_75.75;24.60_75.85;24.60_75.70;24.60_76.00;24.65_75.90;24.80_75.75;24.75_76.00;24.80_75.80;24.50_75.95;24.85_75.80;24.65_75.85,19,AGRICULTURAL_BURNING,,On cropland — consistent with crop-residue burning.,24.52888,75.81442,85,4.211538461538462,81.13,CROPLAND,52.57979776515318,MODERATE,40
28.10_79.95,28.10_79.95,1,INDUSTRIAL,,On Built Up land cover (ESA WorldCover 10m) with 85 historical detections — consistent with a real industrial fire source.,28.101453,79.9699344,85,3.781882352941176,12.98,BUILT_UP,66.88915306265295,HIGH,8
25.00_74.70,25.00_74.70;25.05_74.80;25.15_74.70;25.05_74.60;25.10_74.80;25.05_74.65;25.00_74.75;25.05_74.70;24.95_74.70;25.15_74.75;25.15_74.80;25.20_74.90;25.05_74.85;24.95_74.75;24.95_74.80;25.00_74.80;25.15_74.85;25.15_74.95;25.10_74.65,19,AGRICULTURAL_BURNING,,On cropland — consistent with crop-residue burning.,25.02365526315789,74.72130421052631,85,7.824210526315789,84.97,CROPLAND,61.84910502720214,HIGH,40
26.55_84.95,26.55_84.95;26.45_84.90;26.40_84.90;26.55_84.70;26.50_84.70;26.30_84.95;26.55_84.80,7,FOREST_FIRE,,On Tree Cover — consistent with a forest/wildland fire.,26.57460111111111,84.96420074074075,84,3.5518518518518523,11.39,TREE_COVER,56.08479327251025,HIGH,40
24.10_82.40,24.10_82.40,1,MINING,,On Bare Sparse land cover with 84 historical detections — consistent with open-pit mining/processing activity.,24.128440357142857,82.4331119047619,84,4.031190476190476,10.94,BARE_SPARSE,59.38288324288667,HIGH,8
28.80_77.45,28.80_77.45,1,AGRICULTURAL_BURNING,,On cropland — consistent with crop-residue burning.,28.827504939759034,77.47274048192772,83,3.423614457831325,12.01,CROPLAND,66.85514944122811,HIGH,40
25.95_75.50,25.95_75.50;26.25_75.50;26.25_75.30;26.25_75.45;26.10_75.50;26.20_75.45;26.05_75.45;26.15_75.35;26.30_75.30;26.10_75.40;26.10_75.60;26.15_75.40;26.15_75.60;25.95_75.35;26.20_75.55;26.05_75.35;26.20_75.30;26.15_75.50;25.95_75.60;26.00_75.30;26.10_75.30;26.15_75.55;26.05_75.40;26.00_75.55;26.20_75.65;26.25_75.55;26.25_75.60;26.00_75.60;26.10_75.55;25.90_75.35;25.95_75.30;26.00_75.40,32,AGRICULTURAL_BURNING,,On cropland — consistent with crop-residue burning.,25.97995875,75.51740125,82,9.4825,33.45,CROPLAND,44.92836890499645,MODERATE,40
27.90_79.35,27.90_79.35,1,INDUSTRIAL,,On Bare Sparse land cover (ESA WorldCover 10m) with 82 historical detections — consistent with a real industrial fire source.,27.9267883,79.3630385,82,10.936585365853658,105.17,BARE_SPARSE,70.73715150631907,HIGH,8
24.00_75.00,24.00_75.00;23.80_75.00,2,FOREST_FIRE,,On Tree Cover — consistent with a forest/wildland fire.,24.03815487179487,75.01999525641025,81,5.931410256410256,59.57,TREE_COVER,70.74244341531664,HIGH,40
24.80_77.70,24.80_77.70,1,FOREST_FIRE,,On Tree Cover — consistent with a forest/wildland fire.,24.81986037037037,77.72393827160494,81,4.5041975308641975,25.11,TREE_COVER,68.11107544002,HIGH,40
27.15_82.35,27.15_82.35;27.35_82.25;27.15_82.30;27.30_82.20,4,FOREST_FIRE,,On Tree Cover — consistent with a forest/wildland fire.,27.18431925,82.37271799999999,81,4.147,27.95,TREE_COVER,66.91481019550191,HIGH,40
29.70_77.00,29.70_77.00,1,INDUSTRIAL,,On Built Up land cover (ESA WorldCover 10m) with 80 historical detections — consistent with a real industrial fire source.,29.732804625,77.026646375,80,4.49,21.84,BUILT_UP,67.61349825493848,HIGH,8
29.05_79.30,29.05_79.30,1,INDUSTRIAL,,On Built Up land cover (ESA WorldCover 10m) with 80 historical detections — consistent with a real industrial fire source.,29.0760865,79.326253375,80,5.22925,23.85,BUILT_UP,67.42418578380641,HIGH,8
29.10_77.20,29.10_77.20,1,INDUSTRIAL,,On Built Up land cover (ESA WorldCover 10m) with 79 historical detections — consistent with a real industrial fire source.,29.138268,77.2333832,79,3.3606329113924054,14.1,BUILT_UP,67.16933939699831,HIGH,8
27.95_77.75,27.95_77.75,1,INDUSTRIAL,Feed Pro Hatchery Ruppur Aligarh,On Built Up land cover (ESA WorldCover 10m) with 78 historical detections — consistent with a real industrial fire source.,27.9832719,77.7840212,78,4.582051282051282,17.66,BUILT_UP,66.90172212420677,HIGH,8
27.50_79.95,27.50_79.95;27.55_79.95;27.70_79.65,3,FOREST_FIRE,,On Tree Cover — consistent with a forest/wildland fire.,27.52297111111111,79.97030711111111,77,3.3895555555555554,12.24,TREE_COVER,64.98303207732206,HIGH,40
26.75_83.90,26.75_83.90,1,INDUSTRIAL,,On Built Up land cover (ESA WorldCover 10m) with 77 historical detections — consistent with a real industrial fire source.,26.7535197,83.937034,77,6.275194805194805,21.95,BUILT_UP,59.617751646392975,HIGH,8
28.75_75.70,28.75_75.70;28.75_75.75;28.75_75.80;28.60_75.90;28.65_75.95;28.70_75.70;28.55_76.00;28.65_75.75;28.55_75.70;28.45_75.70;28.65_75.70;28.50_75.90;28.55_75.80;28.75_75.65;28.70_75.80;28.70_75.90;28.75_75.85;28.50_76.00;28.50_75.95;28.65_75.85;28.60_75.75;28.60_76.00;28.65_75.90;28.50_75.70,24,AGRICULTURAL_BURNING,,On cropland — consistent with crop-residue burning.,28.78511769230769,75.74174384615384,77,4.592307692307693,25.16,CROPLAND,40.78419060430709,MODERATE,40
27.15_75.60,27.15_75.60;27.35_75.35;27.25_75.60;27.20_75.45;27.10_75.30;27.00_75.40;27.05_75.60;27.25_75.55;27.35_75.40;27.30_75.35;27.05_75.30;27.35_75.30;27.30_75.50;27.00_75.45;27.10_75.55,15,AGRICULTURAL_BURNING,,On cropland — consistent with crop-residue burning.,27.179872222222222,75.61672074074075,77,10.173703703703705,70.01,CROPLAND,52.155267568792745,HIGH,40
25.65_84.85,25.65_84.85;25.60_84.70;25.90_84.70;25.85_84.95,4,FOREST_FIRE,,On Tree Cover — consistent with a forest/wildland fire.,25.684526730769228,84.89029326923077,77,11.057115384615384,103.12,TREE_COVER,69.1978528006726,HIGH,40
28.40_79.40,28.40_79.40,1,INDUSTRIAL,,On Built Up land cover (ESA WorldCover 10m) with 76 historical detections — consistent with a real industrial fire source.,28.4097033,79.4295176,76,3.2740789473684213,12.33,BUILT_UP,66.74472942785798,HIGH,8
26.55_76.70,26.55_76.70;26.55_76.50;26.60_76.50;26.55_76.65;26.60_76.65;26.60_76.55;26.65_76.60;26.60_76.60;26.35_76.40;26.60_76.45;26.35_76.65;26.50_76.45;26.45_76.60;26.50_76.60;26.50_76.65;26.60_76.70;26.35_76.50;26.40_76.55;26.40_76.40;26.40_76.50;26.30_76.55;26.65_76.70;26.45_76.45;26.25_76.45;26.50_76.55;26.40_76.45,26,AGRICULTURAL_BURNING,,On cropland — consistent with crop-residue burning.,26.57601363636364,76.72048727272728,75,7.665454545454545,21.6,CROPLAND,46.93423740863691,MODERATE,40
25.70_75.45,25.70_75.45;25.75_75.50;25.85_75.45;25.85_75.55;25.65_75.60;25.65_75.40;25.70_75.35;25.65_75.30;25.90_75.55;25.90_75.60;25.85_75.50;25.80_75.45;25.85_75.65;25.70_75.50;25.75_75.65;25.80_75.60;25.85_75.30;25.85_75.60,18,AGRICULTURAL_BURNING,,On cropland — consistent with crop-residue burning.,25.724996666666662,75.48101199999999,75,5.742666666666667,60.03,CROPLAND,54.3117287228684,HIGH,40
27.70_78.15,27.70_78.15;27.45_77.80;27.45_77.85;27.65_78.15;27.55_77.80;27.55_78.15;27.55_78.10;27.45_77.90;27.55_78.00;27.50_78.10;27.55_77.90;27.50_77.85;27.45_78.10;27.40_77.90;27.40_77.85;27.40_77.95;27.70_78.10,17,AGRICULTURAL_BURNING,,On cropland — consistent with crop-residue burning.,27.734946,78.17997799999999,75,3.3793333333333333,29.65,CROPLAND,44.65300349859042,MODERATE,40
28.35_79.55,28.35_79.55;28.35_79.60;28.20_79.55,3,FOREST_FIRE,,On Tree Cover — consistent with a forest/wildland fire.,28.374448125,79.576115625,75,3.0928125,11.12,TREE_COVER,63.71179589441829,HIGH,40
25.35_75.15,25.35_75.15;25.30_74.95;25.25_75.00;25.30_75.15;25.30_75.00;25.50_75.05;25.40_75.15;25.55_75.15;25.50_75.00;25.30_75.05;25.45_74.95;25.55_75.25;25.25_74.95;25.25_75.20;25.40_75.10;25.40_75.25;25.20_75.25;25.25_75.15;25.35_75.00,19,AGRICULTURAL_BURNING,,On cropland — consistent with crop-residue burning.,25.37586125,75.17277375,75,2.15625,23.62,CROPLAND,60.67646167053597,HIGH,40
24.85_75.15,24.85_75.15;24.90_75.15;25.05_75.25;25.15_75.25;24.95_75.00;24.95_75.25;25.15_75.10;25.20_75.10;25.20_75.00;25.00_75.05,10,AGRICULTURAL_BURNING,,On cropland — consistent with crop-residue burning.,24.882350344827582,75.17977068965517,75,8.180689655172413,41.5,CROPLAND,61.248463703478045,HIGH,40
28.95_75.55,28.95_75.55,1,INDUSTRIAL,,On Built Up land cover (ESA WorldCover 10m) with 74 historical detections — consistent with a real industrial fire source.,28.9565389,75.5614356,74,3.877567567567568,11.27,BUILT_UP,66.16334997247021,HIGH,8
27.90_79.85,27.90_79.85,1,INDUSTRIAL,,On Built Up land cover (ESA WorldCover 10m) with 74 historical detections — consistent with a real industrial fire source.,27.919837702702704,79.88000878378378,74,4.873243243243243,37.27,BUILT_UP,69.17852392292802,HIGH,8
24.60_77.00,24.60_77.00,1,INDUSTRIAL,Chhabra Thermal Power Station,On Built Up land cover (ESA WorldCover 10m) with 74 historical detections — consistent with a real industrial fire source.,24.6360519,77.0423516,74,7.161756756756757,68.53,BUILT_UP,56.31032984150639,HIGH,8
27.70_77.35,27.70_77.35,1,FOREST_FIRE,,On Tree Cover — consistent with a forest/wildland fire.,27.72368589041096,77.37921356164384,73,6.986301369863014,112.62,TREE_COVER,74.62908789959828,HIGH,40
26.05_75.00,26.05_75.00;25.95_75.15;26.00_75.05;26.05_75.25;26.15_75.00;25.95_75.05;25.95_75.20;26.20_75.25;26.05_74.95;26.00_75.20;26.20_75.20;26.00_75.25;26.15_75.30;26.10_74.95;26.20_75.10;25.95_75.00;26.15_75.10;25.95_74.95;26.15_75.15;26.20_75.15;26.05_75.05;26.05_75.15;26.05_75.10;26.10_75.00;26.20_74.95;26.05_75.30;26.00_74.95,27,AGRICULTURAL_BURNING,,On cropland — consistent with crop-residue burning.,26.07343,75.01807833333334,73,6.078333333333333,22.28,CROPLAND,44.82863643321847,MODERATE,40
29.90_77.75,29.90_77.75;29.95_77.70;29.90_77.50,3,FOREST_FIRE,,On Tree Cover — consistent with a forest/wildland fire.,29.9312452,77.7685194,73,2.980769230769231,6.12,TREE_COVER,57.74133675005629,HIGH,40
25.90_75.00,25.90_75.00;25.85_75.20;25.65_75.15;25.65_75.10;25.60_75.20;25.85_74.95;25.90_75.15;25.85_75.10;25.80_75.15;25.60_75.10;25.70_75.20;25.90_74.95;25.60_75.15;25.75_75.05;25.65_75.20;25.70_75.25;25.80_75.10;25.60_75.05;25.80_75.05;25.70_75.00;25.65_75.00;25.75_74.95;25.90_75.10;25.75_75.30;25.85_75.00;25.70_75.15;25.80_75.30;25.55_75.10,28,AGRICULTURAL_BURNING,,On cropland — consistent with crop-residue burning.,25.927491428571425,75.02390000000001,72,7.795714285714285,24.3,CROPLAND,38.7648527284662,MODERATE,40
23.75_76.35,23.75_76.35;23.70_76.15,2,FOREST_FIRE,,On Tree Cover — consistent with a forest/wildland fire.,23.77247425531915,76.37334085106383,72,5.919148936170212,42.36,TREE_COVER,65.34797076403275,HIGH,40
26.80_78.40,26.80_78.40;26.80_78.25;26.80_78.45;26.65_78.40;26.80_78.35;26.85_78.25;26.95_78.35,7,FOREST_FIRE,,On Tree Cover — consistent with a forest/wildland fire.,26.828419142857143,78.43597028571429,72,3.354,15.7,TREE_COVER,50.43602021422025,HIGH,40
23.70_74.55,23.70_74.55;23.50_74.50,2,FOREST_FIRE,,On Tree Cover — consistent with a forest/wildland fire.,23.73942985294118,74.58067823529412,71,3.275588235294118,20.04,TREE_COVER,60.10797254363712,HIGH,40
24.80_81.50,24.80_81.50;24.55_81.50;24.55_81.70;24.60_81.50;24.65_81.70;24.55_81.65;24.60_81.55,7,FOREST_FIRE,,On Tree Cover — consistent with a forest/wildland fire.,24.8174704,81.52477,70,6.053999999999999,16.29,TREE_COVER,56.05100536947035,HIGH,40
28.25_83.85,28.25_83.85,1,INDUSTRIAL,Coffee Processing Center,On Built Up land cover (ESA WorldCover 10m) with 70 historical detections — consistent with a real industrial fire source.,28.2722059,83.8764538,70,2.8897142857142857,13.47,BUILT_UP,53.10927325642773,HIGH,8
27.90_84.15,27.90_84.15,1,AGRICULTURAL_BURNING,,On cropland — consistent with crop-residue burning.,27.92233144927536,84.1723056521739,69,2.599565217391304,11.55,CROPLAND,59.94825847594781,HIGH,40
24.35_75.90,24.35_75.90;24.30_75.85;24.30_75.80;24.40_76.00;24.20_75.90;24.15_76.00,6,FOREST_FIRE,,On Tree Cover — consistent with a forest/wildland fire.,24.37674309523809,75.91649666666666,69,8.589761904761904,50.46,TREE_COVER,59.49104459755258,HIGH,40
26.30_80.00,26.30_80.00,1,INDUSTRIAL,,On Built Up land cover (ESA WorldCover 10m) with 69 historical detections — consistent with a real industrial fire source.,26.315817536231883,80.01716260869566,69,4.256231884057971,18.07,BUILT_UP,66.80999461932015,HIGH,8
29.70_77.20,29.70_77.20,1,INDUSTRIAL,,On Built Up land cover (ESA WorldCover 10m) with 69 historical detections — consistent with a real industrial fire source.,29.7255305,77.2262937,69,3.640869565217392,11.01,BUILT_UP,66.0589712021574,HIGH,8
29.55_80.50,29.55_80.50;29.85_80.55,2,AGRICULTURAL_BURNING,,On cropland — consistent with crop-residue burning.,29.57142657894737,80.52274815789474,69,2.8926315789473684,15.72,CROPLAND,57.70621518931524,HIGH,40
29.15_79.50,29.15_79.50,1,INDUSTRIAL,Mahavir Flour Mill,On Built Up land cover (ESA WorldCover 10m) with 69 historical detections — consistent with a real industrial fire source.,29.1703351,79.5199916,69,4.43231884057971,23.76,BUILT_UP,67.52185012943914,HIGH,8
26.40_80.25,26.40_80.25;26.35_80.25,2,INDUSTRIAL,,On Built Up land cover (ESA WorldCover 10m) with 43 historical detections — consistent with a real industrial fire source.,26.4479217,80.2743373,68,3.4453488372093024,8.86,BUILT_UP,62.9468335454443,HIGH,8
27.10_77.10,27.10_77.10;27.05_77.20;27.30_77.25;27.25_77.40;27.05_77.30;27.20_77.40;27.35_77.40;27.05_77.35;27.35_77.45;27.20_77.25;27.30_77.30;27.10_77.40;27.25_77.20;27.20_77.15;27.30_77.45;27.10_77.15;27.10_77.45;27.00_77.20;27.20_77.10;27.15_77.15;27.10_77.20;27.35_77.30;27.20_77.35;27.10_77.30;27.10_77.35;27.25_77.35;27.30_77.10;27.05_77.25;27.00_77.45;27.15_77.35;27.05_77.10;27.20_77.30,32,AGRICULTURAL_BURNING,,On cropland — consistent with crop-residue burning.,27.109261,77.131932,67,5.737,16.07,CROPLAND,43.15672734008107,MODERATE,40
23.80_78.65,23.80_78.65,1,INDUSTRIAL,Dyoday Gousala,On Built Up land cover (ESA WorldCover 10m) with 67 historical detections — consistent with a real industrial fire source.,23.8245637,78.6850051,67,6.293283582089552,26.84,BUILT_UP,66.7454078794703,HIGH,8
26.75_80.95,26.75_80.95;26.80_81.05;26.80_80.80;26.95_80.95;26.90_80.70;26.85_80.75,6,FOREST_FIRE,,On Tree Cover — consistent with a forest/wildland fire.,26.777522857142856,80.97888928571429,67,4.238928571428572,14.46,TREE_COVER,56.90434660209413,HIGH,40
26.90_77.65,26.90_77.65;26.75_77.65;27.00_77.75;26.80_77.60;26.85_77.65;26.80_77.70;26.70_77.45;26.65_77.55;26.85_77.60;26.70_77.65;26.80_77.65;26.90_77.60;26.95_77.60;26.80_77.75;26.90_77.45;26.95_77.50;26.85_77.55;26.70_77.50;27.00_77.80;26.85_77.50;26.95_77.80;26.90_77.80;26.80_77.55,23,AGRICULTURAL_BURNING,,On cropland — consistent with crop-residue burning.,26.936838181818185,77.65616454545454,66,7.164545454545455,29.85,CROPLAND,46.83742938793953,MODERATE,40
24.45_82.95,24.45_82.95,1,INDUSTRIAL,Obra Thermal Power Station,On Bare Sparse land cover (ESA WorldCover 10m) with 65 historical detections — consistent with a real industrial fire source.,24.450833,82.9815099,65,7.114,23.2,BARE_SPARSE,66.14548293005397,HIGH,8
29.95_77.95,29.95_77.95;29.95_77.90,2,AGRICULTURAL_BURNING,,On cropland — consistent with crop-residue burning.,29.98791735294117,77.97293911764706,65,3.622647058823529,9.9,CROPLAND,63.9188782389152,HIGH,40
29.40_76.95,29.40_76.95,1,INDUSTRIAL,,On Built Up land cover (ESA WorldCover 10m) with 65 historical detections — consistent with a real industrial fire source.,29.4341093,76.9686109,65,3.144461538461538,17.41,BUILT_UP,67.47665571594302,HIGH,8
25.50_82.00,25.50_82.00,1,INDUSTRIAL,,On Built Up land cover (ESA WorldCover 10m) with 65 historical detections — consistent with a real industrial fire source.,25.5402863,82.0462874,65,2.046153846153846,8.46,BUILT_UP,59.60111344729748,HIGH,8
26.85_77.20,26.85_77.20;26.90_77.35;26.90_77.30;26.80_77.20;26.85_77.15;26.95_77.30;26.95_77.35;26.75_77.10;26.85_77.25;26.70_77.10;26.75_77.40;26.95_77.45;26.85_77.40;26.70_77.20;26.80_77.15;27.00_77.40;26.95_77.20;26.70_77.05;26.95_77.25,19,AGRICULTURAL_BURNING,,On cropland — consistent with crop-residue burning.,26.861065294117648,77.23497,65,9.175882352941176,25.61,CROPLAND,55.10278970546715,HIGH,40
26.75_79.70,26.75_79.70,1,FOREST_FIRE,,On Tree Cover — consistent with a forest/wildland fire.,26.77670953125,79.725449375,64,3.41421875,15.5,TREE_COVER,66.81411861219682,HIGH,40
25.80_77.30,25.80_77.30;25.60_77.15;25.85_77.30;25.85_77.45;25.60_77.40;25.60_77.35;25.55_77.40;25.65_77.35,8,AGRICULTURAL_BURNING,,On cropland — consistent with crop-residue burning.,25.81725870967741,77.32769322580644,64,8.365483870967742,28.81,CROPLAND,44.526460610918015,MODERATE,40
28.15_84.70,28.15_84.70,1,AGRICULTURAL_BURNING,,On cropland — consistent with crop-residue burning.,28.17802125,84.71146953125,64,3.6884375,15.33,CROPLAND,52.572367649968704,HIGH,40
25.25_74.60,25.25_74.60;25.40_74.75;25.30_74.65;25.45_74.60;25.55_74.80;25.50_74.90;25.40_74.80;25.30_74.85;25.40_74.90;25.40_74.65;25.25_74.75;25.40_74.85;25.35_74.90;25.55_74.70;25.50_74.70;25.35_74.85,16,AGRICULTURAL_BURNING,,On cropland — consistent with crop-residue burning.,25.282623636363635,74.62052727272727,63,4.128181818181818,23.65,CROPLAND,46.810391018020105,MODERATE,40
28.10_84.30,28.10_84.30,1,AGRICULTURAL_BURNING,,On cropland — consistent with crop-residue burning.,28.12403507936508,84.32035904761904,63,2.996190476190476,11.72,CROPLAND,59.35233816047789,HIGH,40
27.25_80.00,27.25_80.00;27.10_80.30;27.25_80.25;27.15_80.00,4,FOREST_FIRE,,On Tree Cover — consistent with a forest/wildland fire.,27.273470454545453,80.02537045454545,62,2.8027272727272727,7.89,TREE_COVER,62.33608919860469,HIGH,40
29.05_79.35,29.05_79.35,1,INDUSTRIAL,,On Built Up land cover (ESA WorldCover 10m) with 62 historical detections — consistent with a real industrial fire source.,29.07021741935484,79.36475790322581,62,4.503870967741936,16.3,BUILT_UP,66.1295033052495,HIGH,8
27.10_77.05,27.10_77.05;27.00_76.75;27.05_76.90;27.05_76.85;27.20_77.00;27.10_77.00;27.05_77.05;27.25_76.75;27.05_76.95,9,AGRICULTURAL_BURNING,,On cropland — consistent with crop-residue burning.,27.1134975,77.0780435,62,8.7245,29.0,CROPLAND,54.320635003645634,MODERATE,40
24.95_78.10,24.95_78.10,1,FOREST_FIRE,,On Tree Cover — consistent with a forest/wildland fire.,24.979540967741936,78.1360320967742,62,6.310483870967742,33.62,TREE_COVER,60.16855179539994,HIGH,40
29.30_76.25,29.30_76.25,1,INDUSTRIAL,,On Bare Sparse land cover (ESA WorldCover 10m) with 62 historical detections — consistent with a real industrial fire source.,29.3152284,76.2918356,62,4.717096774193548,13.51,BARE_SPARSE,65.61470886135535,HIGH,8
27.25_75.75,27.25_75.75;27.35_75.90;27.30_75.95;27.35_76.00;27.10_75.95;27.35_75.95;27.10_75.80;27.15_75.85;27.35_75.80;27.25_75.90;27.20_75.90;27.05_75.80;27.30_75.65;27.25_75.80;27.35_75.75;27.25_75.70;27.30_75.75,17,AGRICULTURAL_BURNING,Neem Forest,On cropland — consistent with crop-residue burning.,27.276343333333333,75.76923866666667,61,2.8553333333333333,23.71,CROPLAND,39.577821406807246,MODERATE,40
25.55_79.75,25.55_79.75;25.35_79.80,2,FOREST_FIRE,,On Tree Cover — consistent with a forest/wildland fire.,25.57533228571429,79.77321542857142,61,9.96342857142857,89.04,TREE_COVER,57.3304769872869,HIGH,40
24.70_75.75,24.70_75.75;24.50_75.70;24.65_75.80,3,FOREST_FIRE,,On Tree Cover — consistent with a forest/wildland fire.,24.716346923076923,75.78279307692307,61,8.706410256410257,38.93,TREE_COVER,47.24037063358753,MODERATE,40
26.60_75.10,26.60_75.10;26.30_75.25;26.55_75.20;26.55_75.25;26.40_75.25;26.45_75.05;26.40_75.15;26.55_75.00;26.50_75.10;26.30_75.10;26.50_74.95;26.50_75.30;26.50_75.25;26.50_75.20;26.60_75.20;26.45_75.25;26.40_75.00;26.30_75.20;26.60_75.15;26.55_75.15;26.40_75.05;26.40_74.95;26.45_75.00;26.45_75.10;26.60_75.05;26.35_75.20;26.50_75.00,27,AGRICULTURAL_BURNING,,On cropland — consistent with crop-residue burning.,26.62902833333333,75.13178666666666,61,3.3666666666666667,25.04,CROPLAND,30.8484145306231,MODERATE,40
25.00_74.55,25.00_74.55;25.10_74.50;25.00_74.50;24.85_74.50;25.05_74.55;25.05_74.50;24.95_74.50;25.15_74.50,8,AGRICULTURAL_BURNING,,On cropland — consistent with crop-residue burning.,25.03251111111111,74.58166888888888,61,5.953888888888889,25.36,CROPLAND,48.21018707224077,MODERATE,40
26.85_77.10,26.85_77.10;26.85_77.05;26.90_77.05;27.00_76.90;27.00_76.95;26.65_76.75;26.90_76.85;26.80_76.85;26.80_76.75;26.95_76.75;26.80_76.90;26.70_76.90;27.00_76.85;26.95_77.00;26.75_76.80;26.80_76.95;26.90_76.95;26.90_76.90;26.65_76.80;26.70_76.75;26.75_76.85;26.85_76.80;26.75_76.75,23,AGRICULTURAL_BURNING,,On cropland — consistent with crop-residue burning.,26.868728181818184,77.11058090909091,60,6.233636363636364,15.31,CROPLAND,37.91077155720959,MODERATE,40
25.25_78.25,25.25_78.25;25.35_78.50;25.30_78.40,3,FOREST_FIRE,,On Tree Cover — consistent with a forest/wildland fire.,25.280225,78.2854128125,59,7.75375,21.83,TREE_COVER,41.57105351020615,MODERATE,40
24.50_74.50,24.50_74.50,1,FOREST_FIRE,,On Tree Cover — consistent with a forest/wildland fire.,24.53158474576271,74.52273135593221,59,11.510169491525424,47.93,TREE_COVER,66.35319538645425,HIGH,40
29.45_77.75,29.45_77.75,1,INDUSTRIAL,,On Built Up land cover (ESA WorldCover 10m) with 58 historical detections — consistent with a real industrial fire source.,29.4724508,77.785163,58,16.74948275862069,167.26,BUILT_UP,70.0838744959459,HIGH,8
25.40_77.70,25.40_77.70;25.20_77.70;25.40_77.55,3,FOREST_FIRE,,On Tree Cover — consistent with a forest/wildland fire.,25.42471891891892,77.73153162162163,58,9.963513513513517,80.26,TREE_COVER,67.46784904416441,HIGH,40
23.80_75.50,23.80_75.50,1,FOREST_FIRE,,On Tree Cover — consistent with a forest/wildland fire.,23.822700517241376,75.53225862068966,58,5.483448275862069,41.24,TREE_COVER,68.4413582788247,HIGH,40
23.60_81.35,23.60_81.35;23.60_81.40;23.65_81.10;23.70_81.10;23.75_81.20;23.75_81.15,6,AGRICULTURAL_BURNING,,On cropland — consistent with crop-residue burning.,23.636207,81.3790025,58,5.1555,24.3,CROPLAND,62.92855246386976,HIGH,40
27.45_83.30,27.45_83.30,1,INDUSTRIAL,,On Built Up land cover (ESA WorldCover 10m) with 58 historical detections — consistent with a real industrial fire source.,27.4896704,83.3214613,58,6.568793103448276,75.22,BUILT_UP,71.0608882875732,HIGH,8
28.05_75.50,28.05_75.50;28.05_75.45;27.85_75.55;27.90_75.45;27.85_75.60;27.80_75.40;27.95_75.40;27.85_75.40;27.80_75.45;28.05_75.60;27.75_75.30;27.95_75.45;27.75_75.35;28.00_75.40;27.90_75.50;27.85_75.35;28.00_75.60;27.80_75.50;27.75_75.45;27.75_75.50;28.00_75.65,21,AGRICULTURAL_BURNING,,On cropland — consistent with crop-residue burning.,28.081283181818183,75.53968636363636,58,5.5613636363636365,17.27,CROPLAND,41.96419695086155,MODERATE,40
26.60_76.15,26.60_76.15;26.65_76.15;26.35_76.35;26.45_76.15;26.40_76.30;26.30_76.15;26.35_76.15;26.45_76.25;26.55_76.35;26.55_76.15;26.45_76.30;26.40_76.25;26.45_76.20;26.45_76.35;26.35_76.20;26.30_76.10;26.35_76.25,17,AGRICULTURAL_BURNING,,On cropland — consistent with crop-residue burning.,26.63881307692308,76.17031384615385,57,4.727692307692307,403.03,CROPLAND,47.07968027106561,MODERATE,40
25.00_79.80,25.00_79.80;25.10_79.85,2,FOREST_FIRE,,On Tree Cover — consistent with a forest/wildland fire.,25.03451,79.82440657142857,56,7.487999999999999,35.1,TREE_COVER,63.85893120309979,HIGH,40
28.05_77.45,28.05_77.45,1,FOREST_FIRE,,On Tree Cover — consistent with a forest/wildland fire.,28.073866428571428,77.48529517857142,56,5.277857142857143,23.33,TREE_COVER,66.35984296678272,HIGH,40
26.40_75.30,26.40_75.30;26.40_75.50;26.50_75.40;26.60_75.60;26.50_75.60;26.55_75.40;26.35_75.35;26.35_75.55;26.60_75.40;26.40_75.65;26.50_75.45;26.40_75.45;26.50_75.50;26.55_75.60;26.30_75.40;26.45_75.45;26.30_75.60;26.35_75.65;26.35_75.30;26.30_75.35;26.60_75.35,21,AGRICULTURAL_BURNING,,On cropland — consistent with crop-residue burning.,26.41691142857143,75.31779714285715,55,4.897142857142858,29.05,CROPLAND,39.0877300092416,MODERATE,40
28.80_77.55,28.80_77.55,1,INDUSTRIAL,,On Built Up land cover (ESA WorldCover 10m) with 55 historical detections — consistent with a real industrial fire source.,28.8228243,77.5650472,55,3.969454545454545,12.51,BUILT_UP,65.50105739085294,HIGH,8
27.20_79.85,27.20_79.85;27.25_79.80;27.05_79.80;27.05_79.75;27.00_79.70,5,FOREST_FIRE,,On Tree Cover — consistent with a forest/wildland fire.,27.2334028,79.87165399999999,55,3.4360000000000004,18.35,TREE_COVER,57.66881875604373,HIGH,40
28.05_78.50,28.05_78.50;27.75_78.35;28.00_78.30;27.75_78.40;27.75_78.45;28.05_78.25;27.85_78.40,7,AGRICULTURAL_BURNING,,On cropland — consistent with crop-residue burning.,28.08228193548387,78.54228129032258,55,2.8406451612903227,9.99,CROPLAND,63.3633960300393,HIGH,40
28.85_76.60,28.85_76.60,1,FOREST_FIRE,,On Tree Cover — consistent with a forest/wildland fire.,28.860804444444444,76.62516870370371,54,6.2662962962962965,35.62,TREE_COVER,67.03774245812944,HIGH,40
26.80_78.15,26.80_78.15;26.75_78.15;26.90_77.85;26.65_78.00;26.70_78.10;26.65_78.15;26.95_77.85;26.70_78.05;26.85_78.15;26.95_78.05;26.85_78.10;27.00_78.05;26.95_77.90;26.90_77.95;26.85_78.05;26.80_78.05,16,AGRICULTURAL_BURNING,,On cropland — consistent with crop-residue burning.,26.832396842105265,78.16887263157895,54,5.157894736842105,18.48,CROPLAND,53.551811278156926,MODERATE,40
25.70_84.75,25.70_84.75,1,INDUSTRIAL,,On Bare Sparse land cover (ESA WorldCover 10m) with 54 historical detections — consistent with a real industrial fire source.,25.730074629629627,84.778315,54,7.010185185185185,37.99,BARE_SPARSE,66.89165359932669,HIGH,8
29.65_77.25,29.65_77.25,1,INDUSTRIAL,,On Bare Sparse land cover (ESA WorldCover 10m) with 53 historical detections — consistent with a real industrial fire source.,29.6696514,77.2674922,53,3.2041509433962263,7.61,BARE_SPARSE,64.89745270009904,HIGH,8
27.95_79.75,27.95_79.75,1,INDUSTRIAL,,On Built Up land cover (ESA WorldCover 10m) with 52 historical detections — consistent with a real industrial fire source.,27.9673014,79.7473848,52,3.372884615384616,15.46,BUILT_UP,66.26140634582694,HIGH,8
25.95_80.35,25.95_80.35;26.00_80.35;26.25_80.45,3,FOREST_FIRE,,On Tree Cover — consistent with a forest/wildland fire.,25.97473,80.37507387096774,52,3.5038709677419355,10.8,TREE_COVER,62.3539511247161,HIGH,40
26.70_84.05,26.70_84.05,1,INDUSTRIAL,Brick yards,On Built Up land cover (ESA WorldCover 10m) with 51 historical detections — consistent with a real industrial fire source.,26.7329936,84.0602253,51,3.1549019607843136,9.51,BUILT_UP,65.21187171874038,HIGH,8
25.55_82.95,25.55_82.95;25.50_83.00;25.55_83.15;25.45_82.95;25.45_83.00,5,FOREST_FIRE,,On Tree Cover — consistent with a forest/wildland fire.,25.57582774193548,82.9743293548387,50,4.642258064516129,28.33,TREE_COVER,57.7324615385102,HIGH,40
25.50_80.45,25.50_80.45;25.20_80.45,2,FOREST_FIRE,,On Tree Cover — consistent with a forest/wildland fire.,25.52752282051282,80.48014,50,6.439230769230769,37.47,TREE_COVER,66.35165284829442,HIGH,40
23.85_77.05,23.85_77.05;23.80_77.05,2,FOREST_FIRE,,On Tree Cover — consistent with a forest/wildland fire.,23.877571081081083,77.07462945945946,50,4.418378378378378,19.47,TREE_COVER,58.22890523475879,HIGH,40
25.80_74.75,25.80_74.75,1,MINING,Agucha Mine,On Bare Sparse land cover with 49 historical detections — consistent with open-pit mining/processing activity.,25.8457335,74.7556312,49,4.488775510204081,11.77,BARE_SPARSE,64.86470691044703,HIGH,8
28.00_77.65,28.00_77.65,1,INDUSTRIAL,,On Built Up land cover (ESA WorldCover 10m) with 49 historical detections — consistent with a real industrial fire source.,28.041124,77.6539367,49,4.35061224489796,17.19,BUILT_UP,51.69578001837424,HIGH,8
25.50_82.50,25.50_82.50;25.45_82.70;25.45_82.50;25.40_82.80;25.30_82.80;25.40_82.70,6,FOREST_FIRE,,On Tree Cover — consistent with a forest/wildland fire.,25.524895217391304,82.52546652173913,48,3.241304347826087,26.43,TREE_COVER,56.27387031949959,HIGH,40
28.50_77.55,28.50_77.55,1,INDUSTRIAL,R.P. Foam Home Pvt. Ltd.,On Built Up land cover (ESA WorldCover 10m) with 48 historical detections — consistent with a real industrial fire source.,28.527496,77.5825713,48,2.9614583333333333,7.84,BUILT_UP,64.8230168506315,HIGH,8
26.40_80.30,26.40_80.30,1,INDUSTRIAL,,On Built Up land cover (ESA WorldCover 10m) with 48 historical detections — consistent with a real industrial fire source.,26.429364375,80.31868354166666,48,2.6060416666666666,6.9,BUILT_UP,57.79102794679342,HIGH,8
28.00_77.60,28.00_77.60,1,INDUSTRIAL,,On Built Up land cover (ESA WorldCover 10m) with 48 historical detections — consistent with a real industrial fire source.,28.02725645833333,77.62067145833333,48,3.8545833333333337,23.65,BUILT_UP,67.00058159163875,HIGH,8
26.40_80.15,26.40_80.15,1,INDUSTRIAL,,On Bare Sparse land cover (ESA WorldCover 10m) with 48 historical detections — consistent with a real industrial fire source.,26.4369737,80.1829062,48,3.552083333333333,18.64,BARE_SPARSE,66.44402144909763,HIGH,8
26.60_84.60,26.60_84.60;26.60_84.55;26.55_84.35;26.50_84.40,4,FOREST_FIRE,,On Tree Cover — consistent with a forest/wildland fire.,26.6228865,84.6192995,48,2.897,8.68,TREE_COVER,61.96631937122697,HIGH,40
26.10_80.30,26.10_80.30;26.00_80.25;26.05_80.30,3,FOREST_FIRE,,On Tree Cover — consistent with a forest/wildland fire.,26.123827777777777,80.32258,47,3.69074074074074,11.13,TREE_COVER,60.92528818600988,HIGH,40
24.45_75.40,24.45_75.40;24.35_75.55;24.45_75.45;24.30_75.50;24.35_75.45,5,FOREST_FIRE,,On Tree Cover — consistent with a forest/wildland fire.,24.4906062,75.4288995,47,4.083913043478261,27.15,TREE_COVER,38.98659723103473,MODERATE,40
28.70_77.20,28.70_77.20;28.65_77.25,2,INDUSTRIAL,Delhi Jal Board,On Built Up land cover (ESA WorldCover 10m) with 24 historical detections — consistent with a real industrial fire source.,28.7110716,77.2297433,47,3.6566666666666654,16.57,BUILT_UP,63.75105443727042,HIGH,8
29.35_80.25,29.35_80.25,1,AGRICULTURAL_BURNING,,On cropland — consistent with crop-residue burning.,29.37666195652174,80.26476239130434,46,3.523913043478261,12.6,CROPLAND,51.29211139863223,HIGH,40
25.25_82.95,25.25_82.95;25.25_82.90,2,INDUSTRIAL,Samar Jeet Scrap Shop,On Built Up land cover (ESA WorldCover 10m) with 35 historical detections — consistent with a real industrial fire source.,25.2809375,82.9862242,46,2.125142857142857,7.56,BUILT_UP,57.5372280241334,HIGH,8
25.65_82.25,25.65_82.25,1,INDUSTRIAL,,On Built Up land cover (ESA WorldCover 10m) with 46 historical detections — consistent with a real industrial fire source.,25.67649282608696,82.27547760869565,46,4.856086956521739,15.12,BUILT_UP,64.9913711268771,HIGH,8
26.70_84.90,26.70_84.90;26.65_84.95;26.80_84.90;26.75_84.95,4,FOREST_FIRE,,On Tree Cover — consistent with a forest/wildland fire.,26.73772681818182,84.92269499999999,46,3.805454545454545,14.88,TREE_COVER,55.40828099406292,MODERATE,40
25.50_82.30,25.50_82.30;25.30_82.15;25.25_82.40;25.45_82.40;25.25_82.30;25.25_82.50,6,FOREST_FIRE,,On Tree Cover — consistent with a forest/wildland fire.,25.523668,82.32553733333333,46,3.9133333333333336,19.9,TREE_COVER,49.167646728881294,MODERATE,40
27.15_81.20,27.15_81.20;27.20_81.30;27.00_81.25;27.05_81.10,4,FOREST_FIRE,,On Tree Cover — consistent with a forest/wildland fire.,27.17945055555556,81.22237555555556,44,3.051111111111111,26.39,TREE_COVER,55.78763579250591,HIGH,40
27.05_81.90,27.05_81.90;27.35_82.10,2,FOREST_FIRE,,On Tree Cover — consistent with a forest/wildland fire.,27.071683870967743,81.92526967741935,44,7.962580645161291,15.78,TREE_COVER,63.17670453137757,HIGH,40
28.55_77.30,28.55_77.30;28.55_77.25,2,INDUSTRIAL,AMPM Fashions Private Limited,On Built Up land cover (ESA WorldCover 10m) with 38 historical detections — consistent with a real industrial fire source.,28.5903783,77.3322077,44,2.857368421052632,12.83,BUILT_UP,64.68123053742129,HIGH,8
23.60_79.45,23.60_79.45,1,FOREST_FIRE,,On Tree Cover — consistent with a forest/wildland fire.,23.622325227272725,79.474845,44,3.126590909090909,15.75,TREE_COVER,66.10858005448024,HIGH,40
26.15_74.80,26.15_74.80;26.05_74.85;26.15_74.75;25.95_74.90;26.30_74.70;25.95_74.65;26.20_74.75;26.15_74.70;26.05_74.80;26.20_74.60;26.25_74.75;26.10_74.80;26.10_74.75;26.20_74.80;26.05_74.70;25.95_74.80;26.00_74.65;26.15_74.90;26.20_74.85;26.05_74.55,20,AGRICULTURAL_BURNING,,On cropland — consistent with crop-residue burning.,26.174304,74.823686,43,2.3080000000000003,22.32,CROPLAND,44.10058667116089,MODERATE,40
28.20_75.65,28.20_75.65;28.15_75.90;28.45_76.05;28.45_76.00;28.25_75.70;28.40_75.75;28.45_75.90;28.35_75.85;28.40_75.85;28.25_75.90;28.15_75.75;28.20_75.90;28.15_75.70;28.10_75.75;28.50_75.85;28.40_75.90;28.15_75.85;28.35_75.70;28.45_75.85;28.20_75.85;28.25_75.75;28.25_75.85,22,AGRICULTURAL_BURNING,,On cropland — consistent with crop-residue burning.,28.218495,75.6802625,43,3.5250000000000004,11.29,CROPLAND,35.38388402200665,MODERATE,40
27.20_78.05,27.20_78.05,1,INDUSTRIAL,,On Built Up land cover (ESA WorldCover 10m) with 43 historical detections — consistent with a real industrial fire source.,27.2105282,78.0961238,43,1.8262790697674416,5.59,BUILT_UP,57.78747926244608,HIGH,8
26.85_79.05,26.85_79.05,1,INDUSTRIAL,,On Built Up land cover (ESA WorldCover 10m) with 43 historical detections — consistent with a real industrial fire source.,26.856426,79.0687151,43,3.8704651162790698,8.67,BUILT_UP,64.25093112497204,HIGH,8
28.10_76.80,28.10_76.80,1,INDUSTRIAL,,On Built Up land cover (ESA WorldCover 10m) with 42 historical detections — consistent with a real industrial fire source.,28.1229043,76.8095706,42,2.4023809523809527,10.79,BUILT_UP,58.675722280626566,HIGH,8
26.15_76.25,26.15_76.25;26.20_76.35;26.10_76.25;26.05_76.25;26.15_76.30;26.20_76.30;26.05_76.10;26.25_76.05;26.25_76.35;25.95_76.20;25.95_76.10;26.10_76.00;25.95_76.15;26.20_76.05;26.00_76.10;26.05_76.05;26.00_76.00,17,AGRICULTURAL_BURNING,,On cropland — consistent with crop-residue burning.,26.167742222222223,76.27836777777777,41,4.096666666666667,9.68,CROPLAND,46.1226186263841,MODERATE,40
28.65_75.55,28.65_75.55;28.55_75.50;28.50_75.35;28.60_75.40;28.50_75.60;28.65_75.50;28.75_75.45;28.45_75.55;28.75_75.30;28.80_75.50;28.65_75.30;28.45_75.35;28.55_75.60;28.50_75.30;28.70_75.60;28.70_75.55,16,AGRICULTURAL_BURNING,Mithi,On cropland — consistent with crop-residue burning.,28.6966909,75.5819249,41,2.501333333333333,14.58,CROPLAND,54.05183368499037,HIGH,40
27.70_75.40,27.70_75.40;27.50_75.65;27.50_75.55;27.40_75.55;27.55_75.60;27.50_75.35;27.60_75.65;27.65_75.65;27.55_75.55;27.45_75.60;27.55_75.45;27.55_75.40;27.55_75.50;27.35_75.50;27.40_75.60;27.40_75.35,16,AGRICULTURAL_BURNING,,On cropland — consistent with crop-residue burning.,27.72085,75.43609571428571,40,4.081428571428572,12.51,CROPLAND,37.22917393090921,MODERATE,40
28.60_77.10,28.60_77.10;28.65_77.10,2,INDUSTRIAL,Ware Housing Scheme Block 1,On Built Up land cover (ESA WorldCover 10m) with 28 historical detections — consistent with a real industrial fire source.,28.6350575,77.1336651,40,2.0064285714285712,11.89,BUILT_UP,58.60800360443038,HIGH,8
25.90_79.80,25.90_79.80;25.85_79.90;25.80_79.85,3,FOREST_FIRE,,On Tree Cover — consistent with a forest/wildland fire.,25.93578277777777,79.81584388888888,40,4.3694444444444445,14.27,TREE_COVER,55.53750682538053,HIGH,40
26.90_75.80,26.90_75.80,1,INDUSTRIAL,,On Built Up land cover (ESA WorldCover 10m) with 39 historical detections — consistent with a real industrial fire source.,26.9496097,75.8250672,39,1.6653846153846157,4.02,BUILT_UP,35.53300293458808,MODERATE,8
25.50_76.95,25.50_76.95,1,FOREST_FIRE,,On Tree Cover — consistent with a forest/wildland fire.,25.5301117948718,76.98757692307693,39,16.351794871794873,81.59,TREE_COVER,44.69587158810527,MODERATE,40
28.85_82.90,28.85_82.90,1,FOREST_FIRE,,On Tree Cover — consistent with a forest/wildland fire.,28.87455871794872,82.91540307692307,39,7.526410256410256,35.78,TREE_COVER,58.50897498765522,HIGH,40
28.65_78.60,28.65_78.60,1,FOREST_FIRE,,On Tree Cover — consistent with a forest/wildland fire.,28.669429487179485,78.62594666666666,39,2.797948717948718,8.94,TREE_COVER,57.555874983225216,HIGH,40
26.80_82.75,26.80_82.75,1,INDUSTRIAL,Brick fabrication,On Bare Sparse land cover (ESA WorldCover 10m) with 39 historical detections — consistent with a real industrial fire source.,26.8209748,82.7896923,39,4.206153846153846,13.86,BARE_SPARSE,64.62362038845345,HIGH,8
26.75_83.85,26.75_83.85,1,INDUSTRIAL,Brick yards,On Built Up land cover (ESA WorldCover 10m) with 37 historical detections — consistent with a real industrial fire source.,26.7605896,83.8585974,37,3.795135135135135,24.1,BUILT_UP,66.46510873901411,HIGH,8
29.95_77.80,29.95_77.80,1,INDUSTRIAL,,On Built Up land cover (ESA WorldCover 10m) with 37 historical detections — consistent with a real industrial fire source.,29.9557967,77.8001373,37,3.758648648648649,23.34,BUILT_UP,59.56594849725381,HIGH,8
25.40_74.60,25.40_74.60;25.25_74.85;25.20_74.75;25.30_74.80;25.50_74.85;25.30_74.75;25.45_74.80;25.45_74.90,8,FOREST_FIRE,,On Tree Cover — consistent with a forest/wildland fire.,25.4277825,74.61004875,37,2.5975,21.18,TREE_COVER,52.09839190415868,MODERATE,40
28.65_77.35,28.65_77.35;28.60_77.35,2,INDUSTRIAL,,On Built Up land cover (ESA WorldCover 10m) with 20 historical detections — consistent with a real industrial fire source.,28.673366,77.3837978,37,9.0825,54.31,BUILT_UP,64.73266302458754,HIGH,8
27.45_80.10,27.45_80.10,1,INDUSTRIAL,,On Built Up land cover (ESA WorldCover 10m) with 36 historical detections — consistent with a real industrial fire source.,27.468328,80.1482181,36,3.291111111111112,9.86,BUILT_UP,64.27244650367534,HIGH,8
27.00_74.90,27.00_74.90;26.90_74.85;26.85_74.90;26.65_74.90;26.65_74.75;26.70_74.70;26.80_74.65;26.85_74.75;26.75_74.80;26.85_74.65;26.65_74.85;26.75_74.90;26.85_74.60;27.00_74.85;26.75_74.75;26.95_74.85;26.75_74.65;26.90_74.70;26.85_74.85;27.00_74.60,20,AGRICULTURAL_BURNING,,On cropland — consistent with crop-residue burning.,27.020828571428574,74.92495285714287,36,5.26,18.52,CROPLAND,31.11628995157473,MODERATE,40
24.45_78.40,24.45_78.40;24.30_78.20,2,FOREST_FIRE,,On Tree Cover — consistent with a forest/wildland fire.,24.4801945,78.4342995,36,5.316,25.86,TREE_COVER,48.00184943134665,MODERATE,40
27.25_77.80,27.25_77.80;27.35_78.15;27.00_77.95;27.30_78.15;27.25_77.90;27.10_78.15;27.10_78.05;27.25_78.00;27.05_78.05;27.05_78.10;27.05_77.95;27.30_78.00;27.05_78.00;27.00_77.85;27.15_77.85,15,AGRICULTURAL_BURNING,keetham park,On cropland — consistent with crop-residue burning.,27.2527312,77.8412304,35,5.346,15.32,CROPLAND,37.04455769476554,MODERATE,40
29.35_81.40,29.35_81.40;29.35_81.20,2,AGRICULTURAL_BURNING,,On cropland — consistent with crop-residue burning.,29.3796368,81.4233684,35,3.1710344827586203,17.47,CROPLAND,44.13727401714094,MODERATE,40
26.80_75.45,26.80_75.45;26.75_75.40;26.95_75.60;26.85_75.30;26.85_75.65;26.90_75.45;26.65_75.35;26.65_75.40;26.70_75.65;26.90_75.55;26.65_75.45;26.95_75.50;26.95_75.40;26.70_75.55,14,AGRICULTURAL_BURNING,,On cropland — consistent with crop-residue burning.,26.81257,75.46815799999999,35,1.546,13.86,CROPLAND,43.57963893884383,MODERATE,40
28.15_83.30,28.15_83.30,1,AGRICULTURAL_BURNING,,On cropland — consistent with crop-residue burning.,28.17147485714285,83.32607,35,2.7808571428571427,10.21,CROPLAND,50.61734999122194,HIGH,40
23.80_82.30,23.80_82.30;24.00_82.50,2,AGRICULTURAL_BURNING,,On cropland — consistent with crop-residue burning.,23.816770303030303,82.33931090909091,35,3.171818181818182,10.68,CROPLAND,57.24324342665741,HIGH,40
25.25_81.85,25.25_81.85;25.30_82.10;25.55_81.85;25.25_81.90,4,FOREST_FIRE,,On Tree Cover — consistent with a forest/wildland fire.,25.268005384615385,81.87791769230769,35,3.0715384615384616,7.07,TREE_COVER,54.10686265775706,HIGH,40
25.35_79.55,25.35_79.55;25.50_79.40,2,FOREST_FIRE,,On Tree Cover — consistent with a forest/wildland fire.,25.36399,79.5689737037037,35,10.37851851851852,28.75,TREE_COVER,49.28756775821847,MODERATE,40
29.05_74.95,29.05_74.95;28.95_75.20;28.90_75.15;29.15_75.15;28.95_75.10;28.95_75.25;28.85_74.95;29.15_75.10;29.10_75.20;29.15_75.20;29.15_74.95;29.05_75.20;29.00_75.25;28.85_75.00;29.00_75.10;28.90_74.95,16,AGRICULTURAL_BURNING,,On cropland — consistent with crop-residue burning.,29.07148,74.95517600000001,35,6.516000000000001,12.14,CROPLAND,29.746896317328183,MODERATE,40
26.30_77.40,26.30_77.40;26.35_77.20;26.50_77.30;26.50_77.15;26.35_77.15;26.55_77.10;26.65_77.25,7,AGRICULTURAL_BURNING,,On cropland — consistent with crop-residue burning.,26.32121892857143,77.42943892857143,35,7.818214285714285,23.12,CROPLAND,56.5160733895868,HIGH,40
25.25_76.55,25.25_76.55,1,FOREST_FIRE,,On Tree Cover — consistent with a forest/wildland fire.,25.283893529411763,76.58344176470588,34,9.166470588235295,40.53,TREE_COVER,58.009776131640265,HIGH,40
25.55_80.70,25.55_80.70;25.35_80.70;25.35_80.85,3,FOREST_FIRE,,On Tree Cover — consistent with a forest/wildland fire.,25.578495,80.73327055555555,34,2.448888888888889,10.25,TREE_COVER,54.86902378544907,HIGH,40
26.30_77.15,26.30_77.15;26.40_77.15;26.45_77.35;26.40_77.40;26.35_77.30;26.45_77.40;26.40_77.35,7,FOREST_FIRE,,On Tree Cover — consistent with a forest/wildland fire.,26.321556363636365,77.1906109090909,34,3.070909090909091,12.22,TREE_COVER,32.43570580430851,MODERATE,40
26.75_75.10,26.75_75.10;26.70_75.20;26.70_75.10;26.90_75.10;26.75_75.00;26.75_75.15;26.80_75.10;26.65_74.95;26.70_75.05;26.70_75.15;26.70_74.95;26.90_75.20;26.80_75.15;26.75_75.25;26.95_75.20;26.80_75.20,16,AGRICULTURAL_BURNING,,On cropland — consistent with crop-residue burning.,26.7629175,75.1192425,34,3.2275,29.87,CROPLAND,36.57447666561664,LOW,40
28.05_78.05,28.05_78.05,1,INDUSTRIAL,,On Bare Sparse land cover (ESA WorldCover 10m) with 34 historical detections — consistent with a real industrial fire source.,28.0977567,78.0748632,34,4.224705882352941,11.04,BARE_SPARSE,63.83730768922266,HIGH,8
26.20_75.90,26.20_75.90;26.00_75.75;25.95_75.90;26.15_75.90;26.10_75.75;26.25_76.00;26.05_75.85;26.25_75.95;26.05_75.75;25.95_75.80;26.05_75.95;26.30_75.65;26.05_75.80;26.05_76.00,14,AGRICULTURAL_BURNING,,On cropland — consistent with crop-residue burning.,26.21253625,75.91057,33,14.48125,43.4,CROPLAND,35.58554785290865,MODERATE,40
27.35_76.50,27.35_76.50;27.35_76.45;27.60_76.45,3,FOREST_FIRE,,On Tree Cover — consistent with a forest/wildland fire.,27.3947284,76.5055489,33,15.795882352941176,31.66,TREE_COVER,26.180434691522663,MODERATE,40
28.35_76.85,28.35_76.85,1,INDUSTRIAL,Sector 11,On Built Up land cover (ESA WorldCover 10m) with 33 historical detections — consistent with a real industrial fire source.,28.37738,76.8746228,33,2.035757575757576,7.56,BUILT_UP,57.60271964183664,HIGH,8
26.50_77.75,26.50_77.75;26.50_77.70;26.45_77.70;26.60_77.80;26.65_77.60;26.45_77.55,6,FOREST_FIRE,,On Tree Cover — consistent with a forest/wildland fire.,26.5133624,77.7633073,33,5.953333333333333,12.65,TREE_COVER,39.74154268506469,MODERATE,40
27.25_76.45,27.25_76.45;27.30_76.50;27.10_76.45;27.15_76.45;27.30_76.45;27.25_76.60,6,FOREST_FIRE,,On Tree Cover — consistent with a forest/wildland fire.,27.29335,76.46647214285714,32,3.1292857142857144,8.0,TREE_COVER,26.35528749381368,MODERATE,40
29.25_78.80,29.25_78.80,1,INDUSTRIAL,,On Built Up land cover (ESA WorldCover 10m) with 32 historical detections — consistent with a real industrial fire source.,29.2471669,78.8179122,32,4.6484375,15.1,BUILT_UP,57.134270801981046,HIGH,8
28.20_81.35,28.20_81.35,1,INDUSTRIAL,Tundi Construction camp,On Bare Sparse land cover (ESA WorldCover 10m) with 32 historical detections — consistent with a real industrial fire source.,28.2120881,81.360685,32,4.4078125,10.18,BARE_SPARSE,49.42488090460843,MODERATE,8
28.65_77.05,28.65_77.05,1,INDUSTRIAL,Jwalapuri PVC Market,On Built Up land cover (ESA WorldCover 10m) with 31 historical detections — consistent with a real industrial fire source.,28.6715747,77.0788232,31,1.9103225806451607,8.65,BUILT_UP,64.7971341478445,HIGH,8
28.10_76.85,28.10_76.85,1,INDUSTRIAL,,On Built Up land cover (ESA WorldCover 10m) with 31 historical detections — consistent with a real industrial fire source.,28.1402558,76.8827581,31,1.5758064516129031,8.85,BUILT_UP,59.3730379513672,HIGH,8
28.95_77.05,28.95_77.05,1,INDUSTRIAL,,On Built Up land cover (ESA WorldCover 10m) with 31 historical detections — consistent with a real industrial fire source.,28.971669,77.0854157,31,8.201290322580645,131.13,BUILT_UP,72.44572994598293,HIGH,8
23.80_76.50,23.80_76.50;24.00_76.65;24.00_76.70,3,FOREST_FIRE,,On Tree Cover — consistent with a forest/wildland fire.,23.813454375,76.5277725,31,4.00125,17.06,TREE_COVER,48.78555690768953,MODERATE,40
28.45_77.30,28.45_77.30,1,INDUSTRIAL,Sector 35,On Built Up land cover (ESA WorldCover 10m) with 30 historical detections — consistent with a real industrial fire source.,28.4650015,77.3093904,30,3.489,10.57,BUILT_UP,49.7364071190915,MODERATE,8
25.75_74.85,25.75_74.85;25.70_74.75;25.85_74.75;25.65_74.70;25.90_74.85;25.75_74.80;25.80_74.60;25.90_74.90;25.95_74.60;25.75_74.65;25.70_74.70;25.75_74.90,12,AGRICULTURAL_BURNING,,On cropland — consistent with crop-residue burning.,25.781405454545453,74.88644727272727,30,7.515454545454546,16.21,CROPLAND,45.62722310397573,MODERATE,40
27.50_77.00,27.50_77.00;27.40_77.05;27.65_76.80;27.40_77.10;27.60_77.00;27.55_76.95;27.65_76.95;27.55_77.00;27.40_77.00;27.70_76.80;27.65_77.00;27.60_76.95;27.40_76.95;27.50_76.85;27.60_76.75;27.45_77.05,16,AGRICULTURAL_BURNING,,On cropland — consistent with crop-residue burning.,27.521775,77.0277025,29,4.11,38.49,CROPLAND,36.559178707609206,LOW,40
28.60_76.90,28.60_76.90,1,INDUSTRIAL,Kair Depot,On Built Up land cover (ESA WorldCover 10m) with 29 historical detections — consistent with a real industrial fire source.,28.6201931,76.9300966,29,6.375172413793103,59.87,BUILT_UP,60.89574698756995,HIGH,8
25.10_84.95,25.10_84.95;24.85_84.70;25.00_84.80;25.15_84.65,4,FOREST_FIRE,,On Tree Cover — consistent with a forest/wildland fire.,25.10830384615385,84.97081384615385,29,3.317692307692308,8.2,TREE_COVER,47.17090041553122,MODERATE,40
26.75_82.60,26.75_82.60;26.70_82.55;26.75_82.55,3,FOREST_FIRE,,On Tree Cover — consistent with a forest/wildland fire.,26.780188666666668,82.623168,28,3.998,11.0,TREE_COVER,61.68662969636405,HIGH,40
28.80_78.75,28.80_78.75,1,INDUSTRIAL,,On Built Up land cover (ESA WorldCover 10m) with 28 historical detections — consistent with a real industrial fire source.,28.820979285714287,78.78284821428572,28,1.5171428571428571,4.92,BUILT_UP,57.61819518947696,HIGH,8
26.85_78.30,26.85_78.30,1,INDUSTRIAL,,On Bare Sparse land cover (ESA WorldCover 10m) with 28 historical detections — consistent with a real industrial fire source.,26.865823214285715,78.33754499999999,28,9.284285714285714,32.11,BARE_SPARSE,49.83649351929563,MODERATE,8
27.05_82.05,27.05_82.05,1,INDUSTRIAL,,On Built Up land cover (ESA WorldCover 10m) with 28 historical detections — consistent with a real industrial fire source.,27.0771034,82.0515506,28,7.000714285714286,20.7,BUILT_UP,56.51534749510308,HIGH,8
29.70_77.40,29.70_77.40,1,INDUSTRIAL,,On Built Up land cover (ESA WorldCover 10m) with 27 historical detections — consistent with a real industrial fire source.,29.7157168,77.4093619,27,2.491481481481481,8.63,BUILT_UP,63.748428073794486,HIGH,8
26.05_76.60,26.05_76.60;26.05_76.45;26.10_76.60;26.00_76.55;26.20_76.55;26.00_76.60,6,FOREST_FIRE,,On Tree Cover — consistent with a forest/wildland fire.,26.05791272727273,76.61881818181818,27,5.471818181818183,14.63,TREE_COVER,46.8537948877399,MODERATE,40
28.35_74.95,28.35_74.95;28.40_75.30;28.25_75.00;28.40_75.20;28.10_75.00;28.30_75.15;28.20_75.30;28.30_75.10;28.10_75.25;28.25_75.10;28.40_75.10;28.40_75.25;28.25_74.95;28.45_75.30;28.40_75.05;28.30_75.05;28.40_75.15,17,AGRICULTURAL_BURNING,,On cropland — consistent with crop-residue burning.,28.38465,74.97443,27,6.43,14.36,CROPLAND,28.45484234148116,LOW,40
28.35_76.90,28.35_76.90,1,INDUSTRIAL,,On Built Up land cover (ESA WorldCover 10m) with 27 historical detections — consistent with a real industrial fire source.,28.3711596,76.922737,27,3.615555555555556,14.51,BUILT_UP,64.07224029325745,HIGH,8
26.35_76.75,26.35_76.75;26.60_76.80;26.60_76.90;26.30_76.80;26.45_76.85;26.55_77.05;26.60_76.85;26.55_76.85;26.60_76.75;26.65_76.85;26.30_76.85;26.40_76.85;26.40_76.75;26.50_76.80,14,AGRICULTURAL_BURNING,SAJJAN MAHER FARM-2,On cropland — consistent with crop-residue burning.,26.3577175,76.764745,27,2.95,17.8,CROPLAND,35.432452877344666,LOW,40
26.75_82.85,26.75_82.85,1,INDUSTRIAL,,On Built Up land cover (ESA WorldCover 10m) with 26 historical detections — consistent with a real industrial fire source.,26.7817946,82.8697652,26,3.019230769230769,7.99,BUILT_UP,63.124208869005216,HIGH,8
26.90_84.75,26.90_84.75,1,INDUSTRIAL,,On Built Up land cover (ESA WorldCover 10m) with 26 historical detections — consistent with a real industrial fire source.,26.928345,84.7771073076923,26,3.005,6.73,BUILT_UP,55.87733722118211,HIGH,8
27.85_82.40,27.85_82.40;28.05_82.20,2,AGRICULTURAL_BURNING,,On cropland — consistent with crop-residue burning.,27.8792185,82.42537949999999,26,3.6265,7.73,CROPLAND,55.06795882237247,HIGH,40
27.55_79.45,27.55_79.45;27.65_79.45;27.50_79.35,3,FOREST_FIRE,,On Tree Cover — consistent with a forest/wildland fire.,27.57727285714285,79.48357142857142,26,3.2328571428571427,11.68,TREE_COVER,62.049685934896914,HIGH,40
29.15_82.05,29.15_82.05,1,AGRICULTURAL_BURNING,,On cropland — consistent with crop-residue burning.,29.16985807692308,82.06636115384616,26,5.851538461538461,14.25,CROPLAND,48.97973037877278,MODERATE,40
28.55_77.50,28.55_77.50,1,INDUSTRIAL,,On Built Up land cover (ESA WorldCover 10m) with 25 historical detections — consistent with a real industrial fire source.,28.568255,77.5411132,25,5.718,23.88,BUILT_UP,63.989715333535536,HIGH,8
28.65_77.30,28.65_77.30,1,INDUSTRIAL,,On Built Up land cover (ESA WorldCover 10m) with 25 historical detections — consistent with a real industrial fire source.,28.6750676,77.3305742,25,3.0584,12.04,BUILT_UP,56.81037491626189,HIGH,8
28.50_77.05,28.50_77.05;28.45_77.05,2,INDUSTRIAL,,On Built Up land cover (ESA WorldCover 10m) with 14 historical detections — consistent with a real industrial fire source.,28.5246616,77.0910535,25,1.497142857142857,8.25,BUILT_UP,47.08708259604518,MODERATE,8
26.75_80.85,26.75_80.85;26.75_80.90,2,INDUSTRIAL,Transport Nagar,On Built Up land cover (ESA WorldCover 10m) with 13 historical detections — consistent with a real industrial fire source.,26.770448,80.8722925,25,3.5007692307692304,10.07,BUILT_UP,46.90555004921261,MODERATE,8
28.00_77.90,28.00_77.90,1,INDUSTRIAL,,On Built Up land cover (ESA WorldCover 10m) with 25 historical detections — consistent with a real industrial fire source.,28.0036472,77.9612925,25,2.2012,11.1,BUILT_UP,50.50426588141974,HIGH,8
27.40_75.30,27.40_75.30;27.50_75.20;27.65_75.20;27.65_75.15;27.40_75.25;27.60_75.00;27.40_75.00;27.70_75.20;27.50_75.05;27.70_75.15;27.65_75.10;27.60_74.95;27.65_75.05;27.40_75.05;27.50_75.00;27.70_75.10;27.65_75.00,17,AGRICULTURAL_BURNING,,On cropland — consistent with crop-residue burning.,27.4252998,75.295642,24,7.413333333333334,24.56,CROPLAND,28.359653722578937,MODERATE,40
25.40_78.50,25.40_78.50,1,INDUSTRIAL,"Coach Mid-life Rehabilitation Workshop, Jhansi",On Built Up land cover (ESA WorldCover 10m) with 24 historical detections — consistent with a real industrial fire source.,25.434232,78.5460489,24,3.610833333333333,24.05,BUILT_UP,58.386941655813125,HIGH,8
24.85_78.25,24.85_78.25;25.10_78.20,2,FOREST_FIRE,,On Tree Cover — consistent with a forest/wildland fire.,24.87517318181818,78.26745454545454,24,5.689545454545455,17.66,TREE_COVER,55.96825552672531,HIGH,40
26.90_83.80,26.90_83.80,1,INDUSTRIAL,,On Built Up land cover (ESA WorldCover 10m) with 24 historical detections — consistent with a real industrial fire source.,26.9089496,83.8361512,24,2.395,8.38,BUILT_UP,49.4685368367529,MODERATE,8
26.95_75.70,26.95_75.70;26.90_75.75,2,INDUSTRIAL,,On Built Up land cover (ESA WorldCover 10m) with 13 historical detections — consistent with a real industrial fire source.,26.9500266,75.7588032,24,0.9638461538461538,9.08,BUILT_UP,56.21910260820017,HIGH,8
27.95_76.05,27.95_76.05,1,MINING,,On Bare Sparse land cover with 24 historical detections — consistent with open-pit mining/processing activity.,27.975086666666662,76.06403666666667,24,5.884166666666666,24.64,BARE_SPARSE,42.904776121286325,MODERATE,8
26.45_80.30,26.45_80.30,1,INDUSTRIAL,,On Built Up land cover (ESA WorldCover 10m) with 23 historical detections — consistent with a real industrial fire source.,26.4591037,80.3094622,23,2.6969565217391307,8.78,BUILT_UP,42.15330049550123,MODERATE,8
23.80_76.05,23.80_76.05,1,FOREST_FIRE,,On Tree Cover — consistent with a forest/wildland fire.,23.82693304347826,76.06057869565217,23,4.705217391304347,13.93,TREE_COVER,41.99362733758073,MODERATE,40
25.25_83.15,25.25_83.15,1,INDUSTRIAL,,On Bare Sparse land cover (ESA WorldCover 10m) with 23 historical detections — consistent with a real industrial fire source.,25.28526652173913,83.1864647826087,23,3.235217391304348,7.35,BARE_SPARSE,62.58360998113839,HIGH,8
26.85_76.75,26.85_76.75;26.80_76.80,2,FOREST_FIRE,,On Tree Cover — consistent with a forest/wildland fire.,26.869995000000003,76.77189318181819,23,4.459545454545455,24.64,TREE_COVER,50.47593692491622,HIGH,40
26.45_75.80,26.45_75.80;26.40_75.75;26.35_76.00;26.30_75.95;26.55_75.70;26.55_75.80;26.30_75.70;26.65_76.00;26.50_75.80;26.40_75.80;26.45_75.85;26.35_75.95,12,AGRICULTURAL_BURNING,,On cropland — consistent with crop-residue burning.,26.4939925,75.8259625,23,3.555,10.42,CROPLAND,36.08943148354599,MODERATE,40
27.05_79.15,27.05_79.15,1,FOREST_FIRE,,On Tree Cover — consistent with a forest/wildland fire.,27.06594136363636,79.174075,22,3.5504545454545453,13.79,TREE_COVER,56.48099808911179,HIGH,40
28.20_77.60,28.20_77.60,1,INDUSTRIAL,,On Built Up land cover (ESA WorldCover 10m) with 22 historical detections — consistent with a real industrial fire source.,28.2236264,77.6005453,22,5.100909090909091,14.24,BUILT_UP,62.7760190584059,HIGH,8
26.50_74.80,26.50_74.80;26.45_74.75;26.40_74.80;26.40_74.70;26.45_74.70;26.65_74.65;26.60_74.65;26.60_74.60;26.45_74.90;26.40_74.85;26.45_74.85,11,AGRICULTURAL_BURNING,,On cropland — consistent with crop-residue burning.,26.531661666666665,74.81734333333334,22,1.7716666666666665,7.86,CROPLAND,37.835347248058895,MODERATE,40
28.45_77.15,28.45_77.15,1,INDUSTRIAL,,On Built Up land cover (ESA WorldCover 10m) with 22 historical detections — consistent with a real industrial fire source.,28.4590755,77.1919316,22,3.012272727272727,12.51,BUILT_UP,56.64420236128604,HIGH,8
28.50_84.80,28.50_84.80;28.60_84.80,2,FOREST_FIRE,,On Tree Cover — consistent with a forest/wildland fire.,28.5339937,84.8062996,22,4.005714285714285,11.41,TREE_COVER,30.721816196376487,LOW,40
25.55_80.25,25.55_80.25;25.40_80.05,2,FOREST_FIRE,,On Tree Cover — consistent with a forest/wildland fire.,25.56999133333333,80.25789666666667,22,6.634,23.23,TREE_COVER,48.29118749671616,MODERATE,40
26.95_76.50,26.95_76.50;26.90_76.40;27.00_76.70;26.90_76.45;27.00_76.50;26.80_76.40;26.70_76.70;26.85_76.40,8,AGRICULTURAL_BURNING,,On cropland — consistent with crop-residue burning.,26.956114000000003,76.520324,21,4.518,14.36,CROPLAND,28.58933452877367,LOW,40
26.20_81.20,26.20_81.20,1,INDUSTRIAL,,On Built Up land cover (ESA WorldCover 10m) with 21 historical detections — consistent with a real industrial fire source.,26.2270129,81.2489891,21,3.1780952380952376,7.64,BUILT_UP,55.40516906537111,HIGH,8
28.30_76.70,28.30_76.70,1,INDUSTRIAL,,On Built Up land cover (ESA WorldCover 10m) with 21 historical detections — consistent with a real industrial fire source.,28.32719285714285,76.7213919047619,21,9.50952380952381,91.87,BUILT_UP,53.12387544086253,HIGH,8
29.90_77.90,29.90_77.90,1,INDUSTRIAL,,On Built Up land cover (ESA WorldCover 10m) with 21 historical detections — consistent with a real industrial fire source.,29.9162338,77.9326397,21,3.0657142857142854,14.09,BUILT_UP,56.73901820490747,HIGH,8
27.35_74.70,27.35_74.70;27.05_74.90;27.25_74.60;27.25_74.70;27.05_74.65;27.30_74.80;27.25_74.85;27.30_74.75;27.35_74.80;27.10_74.70;27.30_74.65;27.30_74.70;27.15_74.80,13,AGRICULTURAL_BURNING,,On cropland — consistent with crop-residue burning.,27.37275,74.73206,21,3.0875,5.81,CROPLAND,35.30041101095661,MODERATE,40
27.95_75.20,27.95_75.20;27.80_75.25;27.90_75.15;28.00_75.20;28.00_75.10;27.80_75.15;27.85_75.00;27.95_75.15;27.85_74.95;27.95_75.00;27.75_74.95;27.80_75.00,12,AGRICULTURAL_BURNING,,On cropland — consistent with crop-residue burning.,27.97479333333333,75.22811833333333,21,7.008333333333334,14.38,CROPLAND,50.54472168721799,HIGH,40
24.45_74.85,24.45_74.85,1,INDUSTRIAL,,On Built Up land cover (ESA WorldCover 10m) with 21 historical detections — consistent with a real industrial fire source.,24.4798282,74.8675464,21,2.478095238095238,12.29,BUILT_UP,57.04509936462505,HIGH,8
25.60_74.85,25.60_74.85,1,INDUSTRIAL,Nimbera,On Built Up land cover (ESA WorldCover 10m) with 20 historical detections — consistent with a real industrial fire source.,25.650468,74.8699781,20,3.6515,11.71,BUILT_UP,55.75178407900857,HIGH,8
25.95_83.65,25.95_83.65,1,INDUSTRIAL,,On Built Up land cover (ESA WorldCover 10m) with 20 historical detections — consistent with a real industrial fire source.,25.9847949,83.6607425,20,3.6985,10.07,BUILT_UP,62.43968272751588,HIGH,8
25.70_83.50,25.70_83.50;25.75_83.40,2,FOREST_FIRE,,On Tree Cover — consistent with a forest/wildland fire.,25.72160615384616,83.51933153846153,20,2.1215384615384614,15.52,TREE_COVER,53.612092662480336,HIGH,40
28.00_81.60,28.00_81.60,1,INDUSTRIAL,,On Built Up land cover (ESA WorldCover 10m) with 20 historical detections — consistent with a real industrial fire source.,28.0219438,81.6293474,20,3.4615,9.51,BUILT_UP,55.4876215766859,HIGH,8
25.50_83.55,25.50_83.55,1,FOREST_FIRE,,On Tree Cover — consistent with a forest/wildland fire.,25.516606,83.587075,20,3.6625,7.78,TREE_COVER,48.103658053022464,MODERATE,40
26.45_80.35,26.45_80.35,1,INDUSTRIAL,Ordinance Equipment Factory,On Bare Sparse land cover (ESA WorldCover 10m) with 20 historical detections — consistent with a real industrial fire source.,26.4709381,80.3654629,20,2.8975,6.8,BARE_SPARSE,48.2169307180258,MODERATE,8
29.85_77.85,29.85_77.85,1,INDUSTRIAL,,On Built Up land cover (ESA WorldCover 10m) with 19 historical detections — consistent with a real industrial fire source.,29.875982,77.8916583,19,3.2884210526315787,9.36,BUILT_UP,62.41294405392393,HIGH,8
26.40_78.90,26.40_78.90,1,FOREST_FIRE,,On Tree Cover — consistent with a forest/wildland fire.,26.42672315789473,78.91383894736842,19,6.415263157894737,12.56,TREE_COVER,47.83351159717299,MODERATE,40
23.85_74.50,23.85_74.50,1,AGRICULTURAL_BURNING,,On cropland — consistent with crop-residue burning.,23.88025052631579,74.53406421052632,19,9.486315789473684,38.55,CROPLAND,56.15508069294125,HIGH,40
24.95_74.85,24.95_74.85;25.10_74.90,2,FOREST_FIRE,,On Tree Cover — consistent with a forest/wildland fire.,24.987998,74.85956200000001,19,11.036666666666669,26.59,TREE_COVER,29.93851594343204,LOW,40
28.45_77.10,28.45_77.10,1,FOREST_FIRE,,On Tree Cover — consistent with a forest/wildland fire.,28.46304421052632,77.13943894736842,19,2.4915789473684207,7.35,TREE_COVER,48.46932791674306,MODERATE,40
28.25_76.85,28.25_76.85,1,INDUSTRIAL,,On Built Up land cover (ESA WorldCover 10m) with 19 historical detections — consistent with a real industrial fire source.,28.2749192,76.8686614,19,5.526315789473684,34.79,BUILT_UP,57.789022169396326,HIGH,8
28.00_78.10,28.00_78.10,1,INDUSTRIAL,H'duaganj,On Built Up land cover (ESA WorldCover 10m) with 19 historical detections — consistent with a real industrial fire source.,28.0127554,78.1328049,19,3.114210526315789,7.29,BUILT_UP,48.09577919184294,MODERATE,8
28.70_79.00,28.70_79.00,1,INDUSTRIAL,,On Built Up land cover (ESA WorldCover 10m) with 19 historical detections — consistent with a real industrial fire source.,28.733563684210527,79.01923052631578,19,2.736842105263158,8.14,BUILT_UP,55.51483179178294,HIGH,8
24.05_82.70,24.05_82.70,1,INDUSTRIAL,,On Bare Sparse land cover (ESA WorldCover 10m) with 19 historical detections — consistent with a real industrial fire source.,24.05886631578948,82.70849473684211,19,5.776315789473684,20.07,BARE_SPARSE,48.79712322209794,MODERATE,8
28.50_84.25,28.50_84.25;28.60_84.00,2,FOREST_FIRE,,On Tree Cover — consistent with a forest/wildland fire.,28.532980666666667,84.29354133333332,18,9.564,26.49,TREE_COVER,26.73191549935821,MODERATE,40
29.15_74.55,29.15_74.55;29.05_74.50;28.90_74.50;29.15_74.50;28.95_74.55;28.85_74.50;29.10_74.55;29.00_74.50;28.90_74.55,9,AGRICULTURAL_BURNING,,On cropland — consistent with crop-residue burning.,29.1691525,74.5695375,18,4.765,13.95,CROPLAND,36.6259168839555,MODERATE,40
27.10_75.25,27.10_75.25;27.30_75.05;27.30_75.30;27.20_74.95;27.10_75.15;27.00_75.25;27.15_75.25;27.10_74.95;27.05_75.20;27.30_75.25,10,AGRICULTURAL_BURNING,,On cropland — consistent with crop-residue burning.,27.129628000000004,75.284774,18,8.432,28.75,CROPLAND,38.37058021426034,MODERATE,40
27.40_79.60,27.40_79.60,1,INDUSTRIAL,,On Bare Sparse land cover (ESA WorldCover 10m) with 18 historical detections — consistent with a real industrial fire source.,27.433028333333333,79.61586055555556,18,8.883888888888889,53.46,BARE_SPARSE,57.3365793782308,HIGH,8
26.15_83.50,26.15_83.50,1,INDUSTRIAL,,On Built Up land cover (ESA WorldCover 10m) with 18 historical detections — consistent with a real industrial fire source.,26.1458209,83.5191125,18,2.7411111111111115,8.74,BUILT_UP,62.41665483849801,HIGH,8
26.70_76.35,26.70_76.35;26.65_76.25;26.75_76.25;26.80_76.15;26.70_76.05;26.90_76.20;26.85_76.10;26.65_76.35;26.80_76.25;26.85_76.05,10,AGRICULTURAL_BURNING,,On cropland — consistent with crop-residue burning.,26.713232,76.38235,18,1.192,13.24,CROPLAND,29.88361933900563,MODERATE,40
27.05_76.00,27.05_76.00;27.20_76.10;27.30_76.05;27.05_76.05;27.05_76.20;27.15_76.10,6,AGRICULTURAL_BURNING,,On cropland — consistent with crop-residue burning.,27.06951375,76.04010124999999,18,4.2250000000000005,9.58,CROPLAND,38.69533465297208,MODERATE,40
29.65_77.30,29.65_77.30;29.85_77.40,2,FOREST_FIRE,,On Tree Cover — consistent with a forest/wildland fire.,29.681097,77.326274,18,3.009,9.51,TREE_COVER,45.98840513816247,MODERATE,40
25.45_75.55,25.45_75.55,1,MINING,,On Built Up land cover with 18 historical detections — consistent with open-pit mining/processing activity.,25.48743888888889,75.57584166666668,18,4.985,15.47,BUILT_UP,62.379830381581,HIGH,8
26.65_78.10,26.65_78.10;26.75_78.10,2,FOREST_FIRE,,On Tree Cover — consistent with a forest/wildland fire.,26.69148357142857,78.13404,17,4.559285714285714,19.53,TREE_COVER,47.15357457253975,MODERATE,40
28.35_77.65,28.35_77.65,1,FOREST_FIRE,,On Tree Cover — consistent with a forest/wildland fire.,28.38293823529412,77.67418705882353,17,3.918235294117647,7.64,TREE_COVER,47.52857639550036,MODERATE,40
27.80_78.90,27.80_78.90;27.80_79.10,2,FOREST_FIRE,,On Tree Cover — consistent with a forest/wildland fire.,27.83475444444444,78.92570666666667,17,3.612222222222223,6.27,TREE_COVER,38.57062871311993,MODERATE,40
28.95_74.70,28.95_74.70;28.95_74.65;29.10_74.85;29.15_74.90;28.90_74.60;28.95_74.90;29.00_74.90,7,AGRICULTURAL_BURNING,,On cropland — consistent with crop-residue burning.,28.97040285714285,74.70609,17,5.9071428571428575,13.98,CROPLAND,30.78697347885756,MODERATE,40
26.20_84.30,26.20_84.30,1,INDUSTRIAL,,On Built Up land cover (ESA WorldCover 10m) with 17 historical detections — consistent with a real industrial fire source.,26.2258595,84.3280082,17,3.054705882352941,7.82,BUILT_UP,47.91357462747904,MODERATE,8
28.90_77.75,28.90_77.75,1,INDUSTRIAL,,On Built Up land cover (ESA WorldCover 10m) with 17 historical detections — consistent with a real industrial fire source.,28.91914294117647,77.78371647058825,17,2.8694117647058826,7.6,BUILT_UP,55.00427934581968,HIGH,8
28.35_76.80,28.35_76.80,1,INDUSTRIAL,,On Built Up land cover (ESA WorldCover 10m) with 16 historical detections — consistent with a real industrial fire source.,28.3680966,76.8223899,16,10.25625,39.46,BUILT_UP,48.617913965834525,MODERATE,8
26.75_75.70,26.75_75.70;26.95_75.95,2,FOREST_FIRE,,On Tree Cover — consistent with a forest/wildland fire.,26.79523777777778,75.72493444444444,16,2.768888888888889,8.5,TREE_COVER,46.58786969572128,MODERATE,40
28.60_75.25,28.60_75.25;28.70_75.10;28.65_75.00;28.50_75.25;28.70_75.00;28.55_75.25;28.60_75.00;28.60_75.20;28.75_75.00,9,AGRICULTURAL_BURNING,,On cropland — consistent with crop-residue burning.,28.6223875,75.26491,16,3.24,6.56,CROPLAND,29.980180834931176,MODERATE,40
28.60_78.10,28.60_78.10,1,INDUSTRIAL,,On Built Up land cover (ESA WorldCover 10m) with 15 historical detections — consistent with a real industrial fire source.,28.632588,78.11953333333334,15,2.801333333333333,6.43,BUILT_UP,40.43047670344718,MODERATE,8
28.80_75.60,28.80_75.60,1,INDUSTRIAL,,On Bare Sparse land cover (ESA WorldCover 10m) with 15 historical detections — consistent with a real industrial fire source.,28.8475586,75.6392963,15,3.158,6.06,BARE_SPARSE,67.68270043205483,HIGH,8
28.05_81.60,28.05_81.60,1,INDUSTRIAL,Man Kamna Footwear Industries,On Built Up land cover (ESA WorldCover 10m) with 15 historical detections — consistent with a real industrial fire source.,28.0838106,81.6235819,15,2.188,7.03,BUILT_UP,47.995492331165416,MODERATE,8
27.50_78.55,27.50_78.55,1,INDUSTRIAL,,On Bare Sparse land cover (ESA WorldCover 10m) with 15 historical detections — consistent with a real industrial fire source.,27.5059909,78.5970874,15,3.3433333333333333,10.28,BARE_SPARSE,33.850623424166734,MODERATE,8
24.95_74.55,24.95_74.55;24.90_74.50,2,FOREST_FIRE,,On Tree Cover — consistent with a forest/wildland fire.,24.98616,74.5787725,15,7.07,13.31,TREE_COVER,31.525858651213884,MODERATE,40
27.85_79.30,27.85_79.30,1,INDUSTRIAL,,On Built Up land cover (ESA WorldCover 10m) with 15 historical detections — consistent with a real industrial fire source.,27.8772787,79.3233235,15,4.354,10.8,BUILT_UP,54.58889206848897,HIGH,8
26.95_81.75,26.95_81.75,1,INDUSTRIAL,,On Built Up land cover (ESA WorldCover 10m) with 15 historical detections — consistent with a real industrial fire source.,26.9533215,81.7768568,15,5.278666666666667,21.65,BUILT_UP,48.54825443003505,MODERATE,8
29.45_77.85,29.45_77.85,1,INDUSTRIAL,,On Built Up land cover (ESA WorldCover 10m) with 15 historical detections — consistent with a real industrial fire source.,29.47890933333333,77.87630066666667,15,2.857333333333333,5.58,BUILT_UP,53.5516270402664,HIGH,8
25.25_83.10,25.25_83.10,1,INDUSTRIAL,,On Built Up land cover (ESA WorldCover 10m) with 15 historical detections — consistent with a real industrial fire source.,25.2798455,83.106209,15,2.0733333333333333,4.59,BUILT_UP,47.36612483105623,MODERATE,8
23.75_75.25,23.75_75.25,1,FOREST_FIRE,,On Tree Cover — consistent with a forest/wildland fire.,23.77262,75.27419466666667,15,6.602,15.16,TREE_COVER,54.76355033257292,HIGH,40
25.00_79.10,25.00_79.10,1,FOREST_FIRE,,On Tree Cover — consistent with a forest/wildland fire.,25.014404285714285,79.13323357142858,14,8.357142857142858,14.84,TREE_COVER,46.921522064301065,MODERATE,40
26.95_75.65,26.95_75.65;26.75_75.90;26.65_75.90;26.70_75.90;26.70_75.80,5,AGRICULTURAL_BURNING,,On cropland — consistent with crop-residue burning.,26.990831666666665,75.68276666666667,14,1.7633333333333334,8.39,CROPLAND,44.06618274560511,LOW,40
27.75_74.65,27.75_74.65;27.75_74.70;28.00_74.90;28.00_74.85;27.80_74.85;27.75_74.80;27.90_74.70;28.10_74.60,8,AGRICULTURAL_BURNING,,On cropland — consistent with crop-residue burning.,27.76145,74.68316666666666,14,2.0166666666666666,11.43,CROPLAND,21.908727641559057,LOW,40
26.80_80.05,26.80_80.05,1,FOREST_FIRE,,On Tree Cover — consistent with a forest/wildland fire.,26.82042428571429,80.07076714285714,14,3.264285714285714,9.45,TREE_COVER,61.660011187602,HIGH,40
25.10_81.90,25.10_81.90,1,INDUSTRIAL,Meja Thermal Power Station,On Bare Sparse land cover (ESA WorldCover 10m) with 14 historical detections — consistent with a real industrial fire source.,25.143354,81.952578,14,4.056428571428572,9.89,BARE_SPARSE,47.33540944768978,MODERATE,8
29.25_82.90,29.25_82.90;29.25_82.85,2,FOREST_FIRE,,On Tree Cover — consistent with a forest/wildland fire.,29.27066615384616,82.90722615384615,14,10.106153846153846,33.01,TREE_COVER,26.04451901133549,MODERATE,40
25.60_84.65,25.60_84.65;25.75_84.45,2,FOREST_FIRE,,On Tree Cover — consistent with a forest/wildland fire.,25.631640833333336,84.67219416666667,14,8.320833333333333,21.89,TREE_COVER,47.05559789277173,MODERATE,40
26.60_80.60,26.60_80.60,1,FOREST_FIRE,,On Tree Cover — consistent with a forest/wildland fire.,26.632429285714288,80.62536785714285,14,3.1142857142857143,6.82,TREE_COVER,40.16141621814246,MODERATE,40
27.60_75.10,27.60_75.10,1,INDUSTRIAL,Balaji Steel And Furniture Workshop,On Built Up land cover (ESA WorldCover 10m) with 14 historical detections — consistent with a real industrial fire source.,27.6080452,75.1156919,14,1.2064285714285714,5.2,BUILT_UP,48.52775803113804,MODERATE,8
24.40_76.45,24.40_76.45,1,FOREST_FIRE,,On Tree Cover — consistent with a forest/wildland fire.,24.424100000000003,76.48353071428572,14,5.840714285714285,12.49,TREE_COVER,40.1447240634972,MODERATE,40
28.40_77.00,28.40_77.00,1,INDUSTRIAL,Infocity,On Bare Sparse land cover (ESA WorldCover 10m) with 14 historical detections — consistent with a real industrial fire source.,28.4301406,77.0150336,14,3.332142857142857,11.43,BARE_SPARSE,47.96884290457117,MODERATE,8
29.95_77.65,29.95_77.65,1,AGRICULTURAL_BURNING,,On cropland — consistent with crop-residue burning.,29.964579285714283,77.68171,14,2.495,4.77,CROPLAND,54.00437729721906,HIGH,40
25.65_82.20,25.65_82.20,1,INDUSTRIAL,,On Built Up land cover (ESA WorldCover 10m) with 13 historical detections — consistent with a real industrial fire source.,25.6639904,82.2328699,13,1.4715384615384617,4.0,BUILT_UP,46.65866687427461,MODERATE,8
27.15_82.05,27.15_82.05,1,INDUSTRIAL,,On Built Up land cover (ESA WorldCover 10m) with 13 historical detections — consistent with a real industrial fire source.,27.1960001,82.1059468,13,3.6876923076923074,16.02,BUILT_UP,41.2464924337928,MODERATE,8
27.25_81.65,27.25_81.65,1,FOREST_FIRE,,On Tree Cover — consistent with a forest/wildland fire.,27.28486307692308,81.67598846153845,13,3.26076923076923,4.28,TREE_COVER,46.529031175529845,MODERATE,40
27.50_76.75,27.50_76.75;27.70_76.90,2,FOREST_FIRE,,On Tree Cover — consistent with a forest/wildland fire.,27.522011666666668,76.75698416666667,13,5.6825,16.41,TREE_COVER,40.17823724090538,MODERATE,40
28.40_78.70,28.40_78.70,1,FOREST_FIRE,,On Tree Cover — consistent with a forest/wildland fire.,28.41312,78.72483230769231,13,4.86,13.0,TREE_COVER,47.292512412819335,MODERATE,40
24.70_84.90,24.70_84.90,1,FOREST_FIRE,,On Tree Cover — consistent with a forest/wildland fire.,24.729215384615387,84.92332,13,4.544615384615384,16.38,TREE_COVER,40.867889860191056,MODERATE,40
29.00_77.65,29.00_77.65,1,INDUSTRIAL,,On Built Up land cover (ESA WorldCover 10m) with 13 historical detections — consistent with a real industrial fire source.,29.0141757,77.6840023,13,2.5338461538461536,5.39,BUILT_UP,46.93072379351365,MODERATE,8
29.65_82.55,29.65_82.55,1,FOREST_FIRE,,On Tree Cover — consistent with a forest/wildland fire.,29.65875307692308,82.57737153846155,13,11.933076923076923,43.74,TREE_COVER,26.50397626318522,MODERATE,40
26.50_80.25,26.50_80.25,1,FOREST_FIRE,,On Tree Cover — consistent with a forest/wildland fire.,26.51581615384616,80.26258076923077,13,4.794615384615384,11.14,TREE_COVER,54.08178463818821,HIGH,40
28.55_84.40,28.55_84.40,1,FOREST_FIRE,,On Tree Cover — consistent with a forest/wildland fire.,28.568421666666666,84.40858250000001,12,36.47166666666667,119.33,TREE_COVER,25.756219498390283,MODERATE,40
27.40_76.60,27.40_76.60;27.70_76.60;27.40_76.65;27.40_76.50;27.50_76.40;27.70_76.50;27.60_76.70;27.60_76.60;27.45_76.70;27.65_76.40,10,AGRICULTURAL_BURNING,,On cropland — consistent with crop-residue burning.,27.43428,76.629025,12,1.06,10.09,CROPLAND,27.451520815634623,MODERATE,40
26.50_76.85,26.50_76.85;26.55_76.90,2,FOREST_FIRE,,On Tree Cover — consistent with a forest/wildland fire.,26.5139225,76.8765575,12,10.2425,17.88,TREE_COVER,38.45858898184593,MODERATE,40
26.75_81.80,26.75_81.80,1,FOREST_FIRE,,On Tree Cover — consistent with a forest/wildland fire.,26.78444333333333,81.81584916666667,12,3.356666666666667,7.92,TREE_COVER,39.88388376954388,MODERATE,40
26.05_76.15,26.05_76.15;26.10_76.20;26.05_76.30;26.15_76.35,4,FOREST_FIRE,,On Tree Cover — consistent with a forest/wildland fire.,26.05841,76.16263666666667,12,3.033333333333333,4.9,TREE_COVER,37.01982834952954,MODERATE,40
28.65_77.40,28.65_77.40,1,INDUSTRIAL,Meerut Road Industrial Area,On Built Up land cover (ESA WorldCover 10m) with 12 historical detections — consistent with a real industrial fire source.,28.686214,77.4350285,12,2.589166666666667,13.14,BUILT_UP,63.4889956004284,HIGH,8
27.65_75.50,27.65_75.50;27.65_75.40,2,FOREST_FIRE,,On Tree Cover — consistent with a forest/wildland fire.,27.664134,75.53920500000001,12,3.863,7.05,TREE_COVER,39.078077683197954,MODERATE,40
24.90_84.85,24.90_84.85,1,INDUSTRIAL,Brick yards,On Built Up land cover (ESA WorldCover 10m) with 12 historical detections — consistent with a real industrial fire source.,24.90665,84.8720737,12,2.641666666666667,8.81,BUILT_UP,47.50160764666082,MODERATE,8
29.20_75.45,29.20_75.45,1,FOREST_FIRE,,On Tree Cover — consistent with a forest/wildland fire.,29.235008333333337,75.47658916666667,12,3.6983333333333337,6.3,TREE_COVER,39.45974020377432,MODERATE,40
28.80_74.65,28.80_74.65;28.60_74.80;28.60_74.60;28.50_74.80;28.60_74.70;28.60_74.75;28.75_74.85;28.70_74.85;28.75_74.90,9,AGRICULTURAL_BURNING,,On cropland — consistent with crop-residue burning.,28.807755,74.68002,11,6.63,12.78,CROPLAND,20.81956916206697,LOW,40
26.70_80.85,26.70_80.85,1,INDUSTRIAL,,On Bare Sparse land cover (ESA WorldCover 10m) with 11 historical detections — consistent with a real industrial fire source.,26.721424545454543,80.87847363636364,11,3.403636363636364,11.63,BARE_SPARSE,54.30552413474273,HIGH,8
24.80_84.95,24.80_84.95,1,INDUSTRIAL,,On Built Up land cover (ESA WorldCover 10m) with 11 historical detections — consistent with a real industrial fire source.,24.7997265,84.9721417,11,3.64090909090909,13.84,BUILT_UP,40.60629941610402,MODERATE,8
24.85_78.80,24.85_78.80;25.15_78.80,2,FOREST_FIRE,,On Tree Cover — consistent with a forest/wildland fire.,24.881018,78.83461700000001,11,1.318,8.44,TREE_COVER,45.88630505815432,MODERATE,40
25.90_80.20,25.90_80.20;25.90_80.05,2,FOREST_FIRE,,On Tree Cover — consistent with a forest/wildland fire.,25.914337142857143,80.2191057142857,11,3.807142857142857,13.27,TREE_COVER,30.9373419475099,MODERATE,40
26.75_83.35,26.75_83.35,1,INDUSTRIAL,,On Built Up land cover (ESA WorldCover 10m) with 11 historical detections — consistent with a real industrial fire source.,26.76067181818182,83.38374181818182,11,1.76,3.01,BUILT_UP,39.23870026708138,MODERATE,8
26.70_83.40,26.70_83.40,1,INDUSTRIAL,,On Built Up land cover (ESA WorldCover 10m) with 11 historical detections — consistent with a real industrial fire source.,26.7449301,83.4314579,11,4.712727272727273,17.67,BUILT_UP,54.6304797170917,HIGH,8
27.30_76.20,27.30_76.20;27.10_76.25,2,FOREST_FIRE,,On Tree Cover — consistent with a forest/wildland fire.,27.31872285714286,76.22788857142857,11,2.4714285714285715,12.87,TREE_COVER,37.77280842583204,MODERATE,40
25.65_76.20,25.65_76.20,1,INDUSTRIAL,,On Bare Sparse land cover (ESA WorldCover 10m) with 11 historical detections — consistent with a real industrial fire source.,25.6865795,76.266371,11,4.816363636363636,8.44,BARE_SPARSE,45.665467383746055,MODERATE,8
27.60_74.80,27.60_74.80;27.45_74.85;27.55_74.60;27.65_74.90;27.60_74.75;27.65_74.70,6,AGRICULTURAL_BURNING,,On cropland — consistent with crop-residue burning.,27.642098,74.838348,11,7.590000000000001,10.31,CROPLAND,20.40966458974355,LOW,40
25.90_74.50,25.90_74.50;25.75_74.50;25.85_74.55;25.55_74.50;25.85_74.50;25.90_74.55;25.80_74.50,7,AGRICULTURAL_BURNING,,On cropland — consistent with crop-residue burning.,25.926205,74.5314225,11,4.075,9.06,CROPLAND,43.44817887957248,MODERATE,40
24.50_76.15,24.50_76.15,1,INDUSTRIAL,,On Built Up land cover (ESA WorldCover 10m) with 11 historical detections — consistent with a real industrial fire source.,24.5418333,76.2030386,11,15.823636363636364,44.58,BUILT_UP,39.91183712089373,MODERATE,8
28.60_77.00,28.60_77.00,1,INDUSTRIAL,,On Built Up land cover (ESA WorldCover 10m) with 11 historical detections — consistent with a real industrial fire source.,28.6080575,77.0052736,11,2.367272727272727,4.21,BUILT_UP,46.2956039603344,MODERATE,8
28.75_76.05,28.75_76.05,1,INDUSTRIAL,,On Built Up land cover (ESA WorldCover 10m) with 11 historical detections — consistent with a real industrial fire source.,28.76930090909091,76.08015363636365,11,4.010909090909092,16.72,BUILT_UP,40.822024871238256,MODERATE,8
25.55_75.85,25.55_75.85;25.60_75.90,2,FOREST_FIRE,,On Tree Cover — consistent with a forest/wildland fire.,25.5869059,75.8978497,10,4.832,7.8,TREE_COVER,43.549794549443696,MODERATE,40
27.45_77.65,27.45_77.65,1,INDUSTRIAL,,On Built Up land cover (ESA WorldCover 10m) with 10 historical detections — consistent with a real industrial fire source.,27.4771311,77.6594004,10,1.936,5.73,BUILT_UP,32.74144778458676,MODERATE,8
27.25_78.65,27.25_78.65,1,INDUSTRIAL,,On Built Up land cover (ESA WorldCover 10m) with 10 historical detections — consistent with a real industrial fire source.,27.257192,78.67542,10,3.872,9.96,BUILT_UP,39.554974991953046,MODERATE,8
28.85_78.70,28.85_78.70,1,INDUSTRIAL,,On Built Up land cover (ESA WorldCover 10m) with 10 historical detections — consistent with a real industrial fire source.,28.877495,78.736944,10,3.105,6.72,BUILT_UP,46.290514230670574,MODERATE,8
28.45_77.50,28.45_77.50,1,INDUSTRIAL,Wipro,On Built Up land cover (ESA WorldCover 10m) with 10 historical detections — consistent with a real industrial fire source.,28.4854431,77.5331921,10,2.1,4.42,BUILT_UP,46.2495820311505,MODERATE,8
27.20_78.20,27.20_78.20,1,INDUSTRIAL,,On Built Up land cover (ESA WorldCover 10m) with 9 historical detections — consistent with a real industrial fire source.,27.223215,78.2023262,9,1.1188888888888888,1.78,BUILT_UP,38.61650785037615,MODERATE,8
28.95_77.65,28.95_77.65,1,INDUSTRIAL,,On Built Up land cover (ESA WorldCover 10m) with 9 historical detections — consistent with a real industrial fire source.,28.9680745,77.6701855,9,2.373333333333333,4.77,BUILT_UP,45.92527538155963,MODERATE,8
24.55_80.80,24.55_80.80,1,INDUSTRIAL,,On Built Up land cover (ESA WorldCover 10m) with 9 historical detections — consistent with a real industrial fire source.,24.5724328,80.8270765,9,6.275555555555555,38.48,BUILT_UP,55.5164774163722,HIGH,8
29.95_81.60,29.95_81.60;29.90_81.75,2,FOREST_FIRE,,On Tree Cover — consistent with a forest/wildland fire.,29.978285,81.6386225,9,5.577500000000001,16.64,TREE_COVER,32.24485588279138,MODERATE,40
27.80_76.25,27.80_76.25,1,INDUSTRIAL,,On Built Up land cover (ESA WorldCover 10m) with 9 historical detections — consistent with a real industrial fire source.,27.8319509,76.2640321,9,3.082222222222222,6.28,BUILT_UP,31.936426692861783,MODERATE,8
28.40_77.90,28.40_77.90,1,FOREST_FIRE,,On Tree Cover — consistent with a forest/wildland fire.,28.41471,77.92654777777778,9,3.045555555555555,5.55,TREE_COVER,52.8299142717793,HIGH,40
29.50_80.50,29.50_80.50,1,AGRICULTURAL_BURNING,,On cropland — consistent with crop-residue burning.,29.531684444444448,80.52507888888888,9,3.061111111111112,4.48,CROPLAND,51.99499336523926,HIGH,40
28.00_78.45,28.00_78.45,1,INDUSTRIAL,,On Built Up land cover (ESA WorldCover 10m) with 9 historical detections — consistent with a real industrial fire source.,28.0306243,78.5132481,9,2.6722222222222225,3.87,BUILT_UP,38.56631868004612,MODERATE,8
26.20_78.15,26.20_78.15,1,INDUSTRIAL,,On Built Up land cover (ESA WorldCover 10m) with 9 historical detections — consistent with a real industrial fire source.,26.222445,78.1801003,9,1.5922222222222222,7.75,BUILT_UP,40.62023244234404,MODERATE,8
28.20_79.15,28.20_79.15,1,FOREST_FIRE,,On Tree Cover — consistent with a forest/wildland fire.,28.23180375,79.1729075,8,3.64875,6.54,TREE_COVER,45.48438426026934,MODERATE,40
27.65_84.35,27.65_84.35,1,INDUSTRIAL,Everest Color Factory,On Built Up land cover (ESA WorldCover 10m) with 8 historical detections — consistent with a real industrial fire source.,27.6781276,84.3797078,8,3.13125,5.11,BUILT_UP,44.76090324833228,MODERATE,8
26.95_75.85,26.95_75.85;26.85_75.95,2,INDUSTRIAL,,On Built Up land cover (ESA WorldCover 10m) with 5 historical detections — consistent with a real industrial fire source.,26.9504322,75.8925838,8,6.903999999999999,15.9,BUILT_UP,37.02918177310756,MODERATE,8
27.50_75.15,27.50_75.15,1,FOREST_FIRE,,On Tree Cover — consistent with a forest/wildland fire.,27.5370674,75.1814926,8,5.5875,9.98,TREE_COVER,30.874837679202653,MODERATE,40
25.70_84.80,25.70_84.80,1,INDUSTRIAL,,On Bare Sparse land cover (ESA WorldCover 10m) with 8 historical detections — consistent with a real industrial fire source.,25.71767875,84.82363624999999,8,5.21125,9.11,BARE_SPARSE,38.46240217232943,MODERATE,8
28.80_75.90,28.80_75.90,1,FOREST_FIRE,,On Tree Cover — consistent with a forest/wildland fire.,28.83071625,75.9303525,8,3.3625,5.45,TREE_COVER,45.39380763466111,MODERATE,40
26.55_74.85,26.55_74.85,1,INDUSTRIAL,,On Built Up land cover (ESA WorldCover 10m) with 8 historical detections — consistent with a real industrial fire source.,26.5880834,74.8617249,8,4.98875,8.91,BUILT_UP,45.48018088296504,MODERATE,8
26.40_74.60,26.40_74.60,1,INDUSTRIAL,,On Built Up land cover (ESA WorldCover 10m) with 8 historical detections — consistent with a real industrial fire source.,26.4412162,74.6434129,8,2.6625,4.05,BUILT_UP,44.68645254155192,MODERATE,8
27.10_81.70,27.10_81.70,1,INDUSTRIAL,,On Built Up land cover (ESA WorldCover 10m) with 8 historical detections — consistent with a real industrial fire source.,27.1161625,81.738065,8,3.93,5.8,BUILT_UP,38.302115677024446,MODERATE,8
24.90_79.55,24.90_79.55,1,INDUSTRIAL,,On Built Up land cover (ESA WorldCover 10m) with 8 historical detections — consistent with a real industrial fire source.,24.9345961,79.5981601,8,2.93,13.52,BUILT_UP,47.31482655853405,MODERATE,8
27.75_79.30,27.75_79.30,1,FOREST_FIRE,,On Tree Cover — consistent with a forest/wildland fire.,27.76805428571428,79.32836857142857,7,4.935714285714285,16.37,TREE_COVER,38.509493043496086,MODERATE,40
26.85_76.30,26.85_76.30,1,INDUSTRIAL,,On Built Up land cover (ESA WorldCover 10m) with 7 historical detections — consistent with a real industrial fire source.,26.8909431,76.310106,7,3.23,5.24,BUILT_UP,42.64685779789552,MODERATE,8
27.45_76.20,27.45_76.20,1,FOREST_FIRE,,On Tree Cover — consistent with a forest/wildland fire.,27.497977142857145,76.23126571428573,7,4.75,7.43,TREE_COVER,23.99119768935136,LOW,40
28.20_74.75,28.20_74.75;28.20_74.60;28.25_74.60;28.15_74.60;28.35_74.85;28.25_74.65,6,AGRICULTURAL_BURNING,,On cropland — consistent with crop-residue burning.,28.215275,74.76424499999999,7,11.16,16.84,CROPLAND,1.465848254116007,LOW,40
28.70_77.75,28.70_77.75,1,INDUSTRIAL,FCI,On Built Up land cover (ESA WorldCover 10m) with 7 historical detections — consistent with a real industrial fire source.,28.7399156,77.7707813,7,2.2942857142857145,4.57,BUILT_UP,45.28081442175556,MODERATE,8
29.30_81.70,29.30_81.70,1,AGRICULTURAL_BURNING,,On cropland — consistent with crop-residue burning.,29.31496857142857,81.73493571428571,7,5.095714285714286,11.94,CROPLAND,45.5059365199154,MODERATE,40
27.15_77.95,27.15_77.95,1,INDUSTRIAL,Doctor Soap Factory,On Built Up land cover (ESA WorldCover 10m) with 7 historical detections — consistent with a real industrial fire source.,27.1894282,77.983671,7,1.6957142857142855,3.96,BUILT_UP,38.499398795917536,MODERATE,8
26.90_80.90,26.90_80.90,1,INDUSTRIAL,,On Built Up land cover (ESA WorldCover 10m) with 7 historical detections — consistent with a real industrial fire source.,26.93485571428572,80.92262857142858,7,2.904285714285714,7.35,BUILT_UP,38.609721729972485,MODERATE,8
28.55_77.05,28.55_77.05,1,INDUSTRIAL,Delhi Airport Bus Depot,On Built Up land cover (ESA WorldCover 10m) with 6 historical detections — consistent with a real industrial fire source.,28.5640436,77.086373,6,1.87,3.62,BUILT_UP,44.26489712379477,MODERATE,8
28.20_77.20,28.20_77.20,1,INDUSTRIAL,,On Built Up land cover (ESA WorldCover 10m) with 6 historical detections — consistent with a real industrial fire source.,28.238946666666667,77.2349,6,4.586666666666667,9.46,BUILT_UP,51.27943033272208,HIGH,8
27.20_77.95,27.20_77.95,1,INDUSTRIAL,,On Built Up land cover (ESA WorldCover 10m) with 6 historical detections — consistent with a real industrial fire source.,27.219491666666663,77.973655,6,1.35,2.71,BUILT_UP,30.90609911164454,MODERATE,8
27.05_80.45,27.05_80.45,1,INDUSTRIAL,,On Built Up land cover (ESA WorldCover 10m) with 6 historical detections — consistent with a real industrial fire source.,27.083265,80.45942666666666,6,2.525,3.95,BUILT_UP,51.890976540474526,HIGH,8
28.50_74.50,28.50_74.50;28.75_74.50;28.80_74.55,3,AGRICULTURAL_BURNING,,On cropland — consistent with crop-residue burning.,28.5067825,74.54807,6,2.64,9.3,CROPLAND,22.63921388942423,LOW,40
27.55_77.60,27.55_77.60,1,FOREST_FIRE,,On Tree Cover — consistent with a forest/wildland fire.,27.586536666666664,77.60395666666666,6,10.18,17.05,TREE_COVER,30.063898100602252,MODERATE,40
24.20_83.85,24.20_83.85,1,INDUSTRIAL,,On Bare Sparse land cover (ESA WorldCover 10m) with 6 historical detections — consistent with a real industrial fire source.,24.2274606,83.8830613,6,9.195,23.59,BARE_SPARSE,38.26058545962891,MODERATE,8
27.70_75.65,27.70_75.65,1,MINING,,On Built Up land cover with 6 historical detections — consistent with open-pit mining/processing activity.,27.725953333333333,75.67549333333334,6,4.1883333333333335,12.12,BUILT_UP,38.45535401144255,MODERATE,8
27.50_76.60,27.50_76.60,1,INDUSTRIAL,,On Built Up land cover (ESA WorldCover 10m) with 6 historical detections — consistent with a real industrial fire source.,27.524209,76.596126,6,1.89,4.31,BUILT_UP,37.44899569064246,MODERATE,8
25.70_75.40,25.70_75.40,1,FOREST_FIRE,,On Tree Cover — consistent with a forest/wildland fire.,25.714916666666667,75.43105833333334,6,5.451666666666667,19.0,TREE_COVER,31.16833459056777,MODERATE,40
27.90_75.80,27.90_75.80,1,MINING,,On Built Up land cover with 6 historical detections — consistent with open-pit mining/processing activity.,27.92374,75.829365,6,1.71,6.42,BUILT_UP,31.96193943793536,MODERATE,8
25.05_82.50,25.05_82.50,1,INDUSTRIAL,,On Bare Sparse land cover (ESA WorldCover 10m) with 5 historical detections — consistent with a real industrial fire source.,25.0924981,82.5106258,5,2.068,4.46,BARE_SPARSE,30.580506708878502,MODERATE,8
25.10_82.55,25.10_82.55,1,INDUSTRIAL,,On Built Up land cover (ESA WorldCover 10m) with 5 historical detections — consistent with a real industrial fire source.,25.114985,82.5687482,5,1.754,2.53,BUILT_UP,23.10747280481354,LOW,8
26.55_74.65,26.55_74.65;26.35_74.60,2,FOREST_FIRE,,On Tree Cover — consistent with a forest/wildland fire.,26.5869,74.6836175,5,1.7975,2.52,TREE_COVER,28.94418126790617,MODERATE,40
26.05_75.60,26.05_75.60;25.95_75.45,2,FOREST_FIRE,,On Tree Cover — consistent with a forest/wildland fire.,26.06880666666667,75.61936,5,5.9,14.3,TREE_COVER,22.57193841105,LOW,40
27.50_77.70,27.50_77.70,1,INDUSTRIAL,,On Built Up land cover (ESA WorldCover 10m) with 5 historical detections — consistent with a real industrial fire source.,27.5090815,77.7092983,5,4.286,11.19,BUILT_UP,30.18439740258132,MODERATE,8
27.40_74.55,27.40_74.55;27.65_74.50;27.50_74.55,3,AGRICULTURAL_BURNING,,On cropland — consistent with crop-residue burning.,27.41298,74.562545,5,2.355,4.43,CROPLAND,20.343542425395608,LOW,40
27.35_79.25,27.35_79.25,1,FOREST_FIRE,,On Tree Cover — consistent with a forest/wildland fire.,27.3428585,79.3022278,5,4.196,5.76,TREE_COVER,37.08175152417597,MODERATE,40
25.35_81.10,25.35_81.10,1,FOREST_FIRE,,On Tree Cover — consistent with a forest/wildland fire.,25.3459127,81.1011717,5,7.728,22.26,TREE_COVER,37.45389948932775,MODERATE,40
26.75_74.95,26.75_74.95,1,FOREST_FIRE,,On Tree Cover — consistent with a forest/wildland fire.,26.772082,74.963434,5,6.602000000000001,22.17,TREE_COVER,23.281212333416825,LOW,40
27.55_78.70,27.55_78.70,1,INDUSTRIAL,,On Bare Sparse land cover (ESA WorldCover 10m) with 5 historical detections — consistent with a real industrial fire source.,27.565348,78.728898,5,2.616,5.72,BARE_SPARSE,36.95438098825488,MODERATE,8
26.75_76.65,26.75_76.65;26.70_76.40;26.75_76.50;26.85_76.60,4,FOREST_FIRE,,On Tree Cover — consistent with a forest/wildland fire.,26.780295,76.676845,5,1.945,3.78,TREE_COVER,8.37380900711819,LOW,40
25.65_76.25,25.65_76.25;25.90_76.35,2,FOREST_FIRE,,On Tree Cover — consistent with a forest/wildland fire.,25.6865795,76.266371,5,10.786666666666669,13.67,TREE_COVER,21.2287713701516,LOW,40
27.50_78.20,27.50_78.20,1,FOREST_FIRE,,On Tree Cover — consistent with a forest/wildland fire.,27.525264,78.226474,5,1.5619999999999998,2.19,TREE_COVER,30.095113316367065,MODERATE,40
28.20_79.50,28.20_79.50,1,INDUSTRIAL,,On Built Up land cover (ESA WorldCover 10m) with 5 historical detections — consistent with a real industrial fire source.,28.2334585,79.5206481,5,3.554,6.07,BUILT_UP,29.6480339181968,MODERATE,8
26.65_74.55,26.65_74.55;26.80_74.55,2,AGRICULTURAL_BURNING,,On cropland — consistent with crop-residue burning.,26.68361,74.56817,5,0.9533333333333333,4.04,CROPLAND,20.276356026914176,LOW,40
27.95_76.85,27.95_76.85,1,FOREST_FIRE,,On Tree Cover — consistent with a forest/wildland fire.,27.969826,76.89837800000001,5,5.782,8.94,TREE_COVER,23.178287034871936,LOW,40
27.85_76.10,27.85_76.10,1,INDUSTRIAL,,On Built Up land cover (ESA WorldCover 10m) with 5 historical detections — consistent with a real industrial fire source.,27.883964,76.113674,5,5.956,14.22,BUILT_UP,37.08643629054117,MODERATE,8
28.50_76.40,28.50_76.40,1,FOREST_FIRE,,On Tree Cover — consistent with a forest/wildland fire.,28.51703,76.429784,5,5.79,10.57,TREE_COVER,37.369798860839786,MODERATE,40
27.10_78.55,27.10_78.55,1,INDUSTRIAL,,On Built Up land cover (ESA WorldCover 10m) with 4 historical detections — consistent with a real industrial fire source.,27.1245625,78.590555,4,2.115,4.16,BUILT_UP,36.30902834264126,MODERATE,8
28.30_78.40,28.30_78.40,1,FOREST_FIRE,,On Tree Cover — consistent with a forest/wildland fire.,28.3356825,78.42585749999999,4,3.78,5.33,TREE_COVER,29.584804690908697,MODERATE,40
26.15_75.75,26.15_75.75,1,FOREST_FIRE,,On Tree Cover — consistent with a forest/wildland fire.,26.1756525,75.7847525,4,3.4675,4.88,TREE_COVER,35.95226285824035,MODERATE,40
26.95_77.10,26.95_77.10;26.90_77.15,2,FOREST_FIRE,,On Tree Cover — consistent with a forest/wildland fire.,26.98168,77.11876000000001,4,3.5700000000000003,7.21,TREE_COVER,9.23523905985554,LOW,40
24.40_76.55,24.40_76.55,1,MINING,,On Built Up land cover with 4 historical detections — consistent with open-pit mining/processing activity.,24.41477,76.56795749999999,4,4.0725,8.06,BUILT_UP,29.30900017555635,MODERATE,8
25.50_83.20,25.50_83.20,1,INDUSTRIAL,,On Built Up land cover (ESA WorldCover 10m) with 4 historical detections — consistent with a real industrial fire source.,25.5370905,83.2168023,4,0.8500000000000001,1.12,BUILT_UP,42.91930284755548,MODERATE,8
26.00_74.55,26.00_74.55;26.10_74.55,2,AGRICULTURAL_BURNING,,On cropland — consistent with crop-residue burning.,26.03987,74.57781,4,0.76,2.22,CROPLAND,27.47103861357091,MODERATE,40
26.85_82.65,26.85_82.65,1,INDUSTRIAL,,On Built Up land cover (ESA WorldCover 10m) with 4 historical detections — consistent with a real industrial fire source.,26.8712425,82.6963125,4,6.51,10.76,BUILT_UP,29.736869267170363,MODERATE,8
28.35_79.40,28.35_79.40,1,INDUSTRIAL,,On Built Up land cover (ESA WorldCover 10m) with 4 historical detections — consistent with a real industrial fire source.,28.3955275,79.43131,4,2.45,3.93,BUILT_UP,36.71803802423405,MODERATE,8
28.10_75.35,28.10_75.35,1,INDUSTRIAL,,On Built Up land cover (ESA WorldCover 10m) with 4 historical detections — consistent with a real industrial fire source.,28.111045,75.37717,4,3.135,6.01,BUILT_UP,36.27446745622829,MODERATE,8
27.85_78.10,27.85_78.10,1,INDUSTRIAL,,On Built Up land cover (ESA WorldCover 10m) with 4 historical detections — consistent with a real industrial fire source.,27.8630725,78.13149250000001,4,3.945,8.94,BUILT_UP,23.151663810903983,LOW,8
25.10_75.05,25.10_75.05,1,FOREST_FIRE,,On Tree Cover — consistent with a forest/wildland fire.,25.1135475,75.087625,4,3.745,11.61,TREE_COVER,29.998257855606926,MODERATE,40
27.65_84.40,27.65_84.40,1,INDUSTRIAL,,On Built Up land cover (ESA WorldCover 10m) with 4 historical detections — consistent with a real industrial fire source.,27.6747575,84.412955,4,1.7625,3.82,BUILT_UP,36.43251614206945,MODERATE,8
28.00_74.50,28.00_74.50;27.75_74.50,2,AGRICULTURAL_BURNING,,On cropland — consistent with crop-residue burning.,28.011725,74.509895,3,0.875,2.08,CROPLAND,1.3011272157022251,LOW,40
26.80_74.80,26.80_74.80,1,FOREST_FIRE,,On Tree Cover — consistent with a forest/wildland fire.,26.81731333333333,74.81912666666666,3,8.713333333333333,15.71,TREE_COVER,28.56991136925196,MODERATE,40
26.10_77.75,26.10_77.75,1,FOREST_FIRE,,On Tree Cover — consistent with a forest/wildland fire.,26.1091099,77.7924306,3,2.146666666666667,3.99,TREE_COVER,21.60082379832483,LOW,40
27.35_74.50,27.35_74.50;27.15_74.50;27.25_74.50,3,AGRICULTURAL_BURNING,,On cropland — consistent with crop-residue burning.,27.35469,74.51846,3,2.61,2.61,CROPLAND,0.0,LOW,40
25.10_75.15,25.10_75.15,1,MINING,,On Bare Sparse land cover with 3 historical detections — consistent with open-pit mining/processing activity.,25.126656666666666,75.18981000000001,3,9.393333333333333,13.13,BARE_SPARSE,21.93306366636679,LOW,8
27.00_77.60,27.00_77.60;27.20_77.75,2,FOREST_FIRE,,On Tree Cover — consistent with a forest/wildland fire.,27.0498756,77.596738,3,9.415,16.36,TREE_COVER,8.61262168237466,LOW,40
28.20_74.50,28.20_74.50,1,AGRICULTURAL_BURNING,,On cropland — consistent with crop-residue burning.,28.21202,74.50486666666666,3,2.09,3.77,CROPLAND,28.57005912106603,MODERATE,40
27.55_78.05,27.55_78.05,1,INDUSTRIAL,,On Built Up land cover (ESA WorldCover 10m) with 3 historical detections — consistent with a real industrial fire source.,27.593616666666662,78.05361,3,1.47,2.15,BUILT_UP,2.2360424693755943,LOW,8
28.50_77.20,28.50_77.20,1,INDUSTRIAL,,On Built Up land cover (ESA WorldCover 10m) with 3 historical detections — consistent with a real industrial fire source.,28.510726666666667,77.21415333333333,3,7.643333333333333,14.51,BUILT_UP,28.633232439602278,MODERATE,8
28.55_77.20,28.55_77.20,1,INDUSTRIAL,,On Built Up land cover (ESA WorldCover 10m) with 3 historical detections — consistent with a real industrial fire source.,28.5880413,77.1984079,3,0.7433333333333333,0.93,BUILT_UP,28.221597803199785,MODERATE,8
28.30_74.95,28.30_74.95,1,INDUSTRIAL,,On Built Up land cover (ESA WorldCover 10m) with 3 historical detections — consistent with a real industrial fire source.,28.31404333333333,74.96772,3,1.596666666666667,2.6,BUILT_UP,9.348597641761131,LOW,8
26.60_74.50,26.60_74.50,1,AGRICULTURAL_BURNING,,On cropland — consistent with crop-residue burning.,26.611976666666664,74.5118,3,3.6366666666666654,4.69,CROPLAND,9.134595447367143,LOW,40
25.40_75.05,25.40_75.05,1,INDUSTRIAL,,On Bare Sparse land cover (ESA WorldCover 10m) with 3 historical detections — consistent with a real industrial fire source.,25.421306666666663,75.07316666666667,3,5.493333333333333,8.86,BARE_SPARSE,9.34038285042497,LOW,8
26.85_80.80,26.85_80.80,1,INDUSTRIAL,,On Built Up land cover (ESA WorldCover 10m) with 3 historical detections — consistent with a real industrial fire source.,26.880846666666667,80.84733999999999,3,3.72,4.68,BUILT_UP,21.22483046954525,LOW,8
28.85_78.45,28.85_78.45,1,INDUSTRIAL,,On Built Up land cover (ESA WorldCover 10m) with 3 historical detections — consistent with a real industrial fire source.,28.893573333333336,78.46907,3,0.81,1.02,BUILT_UP,28.226868479376343,MODERATE,8
28.05_75.80,28.05_75.80,1,INDUSTRIAL,,On Built Up land cover (ESA WorldCover 10m) with 3 historical detections — consistent with a real industrial fire source.,28.0951,75.82414666666666,3,1.8233333333333333,3.24,BUILT_UP,16.46448243748173,LOW,8
28.75_76.15,28.75_76.15,1,INDUSTRIAL,,On Built Up land cover (ESA WorldCover 10m) with 3 historical detections — consistent with a real industrial fire source.,28.79571333333333,76.15132666666666,3,2.2,3.06,BUILT_UP,14.931888759798,LOW,8
27.50_78.15,27.50_78.15,1,FOREST_FIRE,,On Tree Cover — consistent with a forest/wildland fire.,27.53474,78.17123666666667,3,2.36,3.92,TREE_COVER,35.485631237379906,MODERATE,40
27.95_75.85,27.95_75.85,1,FOREST_FIRE,,On Tree Cover — consistent with a forest/wildland fire.,27.971676666666667,75.87759666666666,3,1.2266666666666668,1.6,TREE_COVER,28.25507650598675,MODERATE,40
27.60_84.50,27.60_84.50,1,INDUSTRIAL,,On Built Up land cover (ESA WorldCover 10m) with 3 historical detections — consistent with a real industrial fire source.,27.6324399,84.5387073,3,2.9766666666666666,3.49,BUILT_UP,35.17714422988472,MODERATE,8
24.80_74.70,24.80_74.70,1,FOREST_FIRE,,On Tree Cover — consistent with a forest/wildland fire.,24.818863333333336,74.71502,3,6.886666666666667,8.98,TREE_COVER,9.144834987223456,LOW,40
27.65_77.95,27.65_77.95,1,INDUSTRIAL,,On Built Up land cover (ESA WorldCover 10m) with 3 historical detections — consistent with a real industrial fire source.,27.68375333333333,77.97546,3,3.143333333333333,4.6,BUILT_UP,35.36281640844407,MODERATE,8
27.90_78.00,27.90_78.00,1,INDUSTRIAL,,On Built Up land cover (ESA WorldCover 10m) with 3 historical detections — consistent with a real industrial fire source.,27.928003333333333,78.02632666666666,3,1.653333333333333,2.07,BUILT_UP,28.222191252399774,MODERATE,8
25.75_75.25,25.75_75.25;25.60_75.25,2,FOREST_FIRE,,On Tree Cover — consistent with a forest/wildland fire.,25.78855,75.290555,3,3.34,4.65,TREE_COVER,27.50340650289456,MODERATE,40
25.30_75.10,25.30_75.10,1,FOREST_FIRE,,On Tree Cover — consistent with a forest/wildland fire.,25.341695,75.13212,2,12.24,14.55,TREE_COVER,27.37400029970498,MODERATE,40
26.35_76.45,26.35_76.45,1,FOREST_FIRE,,On Tree Cover — consistent with a forest/wildland fire.,26.376435,76.473735,2,4.91,5.11,TREE_COVER,8.170322815966248,LOW,40
26.30_76.05,26.30_76.05,1,FOREST_FIRE,,On Tree Cover — consistent with a forest/wildland fire.,26.33405,76.096585,2,4.31,6.3,TREE_COVER,8.437864962436828,LOW,40
27.25_77.10,27.25_77.10;27.30_76.80,2,FOREST_FIRE,,On Tree Cover — consistent with a forest/wildland fire.,27.2926,77.11649,2,6.52,6.52,TREE_COVER,0.0,LOW,40
29.90_80.75,29.90_80.75,1,FOREST_FIRE,,On Tree Cover — consistent with a forest/wildland fire.,29.91691,80.75902500000001,2,6.245,6.71,TREE_COVER,8.191601601272431,LOW,40
27.35_76.60,27.35_76.60;27.00_76.65,2,AGRICULTURAL_BURNING,,On cropland — consistent with crop-residue burning.,27.37821,76.64494,2,3.16,3.16,CROPLAND,0.0,LOW,40
28.35_76.30,28.35_76.30,1,FOREST_FIRE,,On Tree Cover — consistent with a forest/wildland fire.,28.380815,76.33668499999999,2,1.61,1.68,TREE_COVER,27.28137474392588,MODERATE,40
27.70_78.70,27.70_78.70,1,FOREST_FIRE,,On Tree Cover — consistent with a forest/wildland fire.,27.728887,78.736592,2,2.1,2.67,TREE_COVER,8.315077666775586,LOW,40
25.40_74.55,25.40_74.55,1,AGRICULTURAL_BURNING,,On cropland — consistent with crop-residue burning.,25.40744,74.55750499999999,2,2.61,4.22,CROPLAND,27.645023138802895,MODERATE,40
25.15_82.50,25.15_82.50,1,FOREST_FIRE,,On Tree Cover — consistent with a forest/wildland fire.,25.1653606,82.5288574,2,4.08,4.35,TREE_COVER,1.1800498772144106,LOW,40
24.75_79.05,24.75_79.05,1,FOREST_FIRE,,On Tree Cover — consistent with a forest/wildland fire.,24.7813,79.07760999999999,2,33.0,58.5,TREE_COVER,27.74297305639918,MODERATE,40
26.60_78.00,26.60_78.00,1,FOREST_FIRE,,On Tree Cover — consistent with a forest/wildland fire.,26.60044,78.0047,1,2.96,2.96,TREE_COVER,0.9797645379248444,LOW,40
25.05_75.65,25.05_75.65,1,FOREST_FIRE,,On Tree Cover — consistent with a forest/wildland fire.,25.05155,75.68965,1,6.97,6.97,TREE_COVER,0.0,LOW,40
25.50_74.50,25.50_74.50,1,FOREST_FIRE,,On Tree Cover — consistent with a forest/wildland fire.,25.54288,74.54706,1,3.72,3.72,TREE_COVER,0.0,LOW,40
27.75_75.00,27.75_75.00,1,FOREST_FIRE,,On Tree Cover — consistent with a forest/wildland fire.,27.78777,75.01912,1,1.48,1.48,TREE_COVER,0.0,LOW,40
24.20_75.30,24.20_75.30,1,FOREST_FIRE,,On Tree Cover — consistent with a forest/wildland fire.,24.20015,75.31028,1,0.58,0.58,TREE_COVER,0.0,LOW,40
